match_id,team,passer,recipient,weight
3857254,Denmark,Andreas Christensen,Christian Dannemann Eriksen,10
3857254,Denmark,Andreas Christensen,Joachim Andersen,9
3857254,Denmark,Andreas Christensen,Joakim Mæhle,9
3857254,Denmark,Andreas Christensen,Kasper Dolberg,1
3857254,Denmark,Andreas Christensen,Kasper Schmeichel,3
3857254,Denmark,Andreas Christensen,Mathias Jensen,11
3857254,Denmark,Andreas Christensen,Mikkel Damsgaard,2
3857254,Denmark,Andreas Christensen,Pierre-Emile Højbjerg,11
3857254,Denmark,Andreas Christensen,Simon Thorup Kjær,15
3857254,Denmark,Andreas Christensen,Thomas Delaney,7
3857254,Denmark,Christian Dannemann Eriksen,Andreas Christensen,10
3857254,Denmark,Christian Dannemann Eriksen,Andreas Evald Cornelius,4
3857254,Denmark,Christian Dannemann Eriksen,Andreas Skov Olsen,1
3857254,Denmark,Christian Dannemann Eriksen,Jesper Lindstrøm,2
3857254,Denmark,Christian Dannemann Eriksen,Joachim Andersen,7
3857254,Denmark,Christian Dannemann Eriksen,Joakim Mæhle,5
3857254,Denmark,Christian Dannemann Eriksen,Kasper Dolberg,1
3857254,Denmark,Christian Dannemann Eriksen,Mathias Jensen,1
3857254,Denmark,Christian Dannemann Eriksen,Mikkel Damsgaard,2
3857254,Denmark,Christian Dannemann Eriksen,Pierre-Emile Højbjerg,16
3857254,Denmark,Christian Dannemann Eriksen,Rasmus Nissen Kristensen,8
3857254,Denmark,Christian Dannemann Eriksen,Simon Thorup Kjær,8
3857254,Denmark,Christian Dannemann Eriksen,Thomas Delaney,1
3857254,Denmark,Joachim Andersen,Andreas Christensen,15
3857254,Denmark,Joachim Andersen,Andreas Evald Cornelius,1
3857254,Denmark,Joachim Andersen,Andreas Skov Olsen,1
3857254,Denmark,Joachim Andersen,Christian Dannemann Eriksen,7
3857254,Denmark,Joachim Andersen,Jesper Lindstrøm,1
3857254,Denmark,Joachim Andersen,Joakim Mæhle,1
3857254,Denmark,Joachim Andersen,Kasper Schmeichel,6
3857254,Denmark,Joachim Andersen,Mathias Jensen,2
3857254,Denmark,Joachim Andersen,Mikkel Damsgaard,1
3857254,Denmark,Joachim Andersen,Pierre-Emile Højbjerg,8
3857254,Denmark,Joachim Andersen,Rasmus Nissen Kristensen,11
3857254,Denmark,Joachim Andersen,Simon Thorup Kjær,7
3857254,Denmark,Joachim Andersen,Thomas Delaney,1
3857254,Denmark,Joakim Mæhle,Andreas Christensen,12
3857254,Denmark,Joakim Mæhle,Andreas Evald Cornelius,1
3857254,Denmark,Joakim Mæhle,Andreas Skov Olsen,1
3857254,Denmark,Joakim Mæhle,Christian Dannemann Eriksen,6
3857254,Denmark,Joakim Mæhle,Kasper Dolberg,3
3857254,Denmark,Joakim Mæhle,Mathias Jensen,5
3857254,Denmark,Joakim Mæhle,Mikkel Damsgaard,6
3857254,Denmark,Joakim Mæhle,Pierre-Emile Højbjerg,3
3857254,Denmark,Joakim Mæhle,Rasmus Nissen Kristensen,1
3857254,Denmark,Joakim Mæhle,Thomas Delaney,5
3857254,Denmark,Kasper Dolberg,Andreas Skov Olsen,2
3857254,Denmark,Kasper Dolberg,Christian Dannemann Eriksen,5
3857254,Denmark,Kasper Dolberg,Joachim Andersen,1
3857254,Denmark,Kasper Dolberg,Rasmus Nissen Kristensen,1
3857254,Denmark,Kasper Dolberg,Thomas Delaney,1
3857254,Denmark,Kasper Schmeichel,Andreas Christensen,5
3857254,Denmark,Kasper Schmeichel,Andreas Evald Cornelius,3
3857254,Denmark,Kasper Schmeichel,Andreas Skov Olsen,1
3857254,Denmark,Kasper Schmeichel,Christian Dannemann Eriksen,2
3857254,Denmark,Kasper Schmeichel,Joachim Andersen,4
3857254,Denmark,Kasper Schmeichel,Joakim Mæhle,1
3857254,Denmark,Kasper Schmeichel,Mathias Jensen,1
3857254,Denmark,Kasper Schmeichel,Pierre-Emile Højbjerg,3
3857254,Denmark,Kasper Schmeichel,Simon Thorup Kjær,2
3857254,Denmark,Mathias Jensen,Andreas Christensen,4
3857254,Denmark,Mathias Jensen,Andreas Evald Cornelius,2
3857254,Denmark,Mathias Jensen,Christian Dannemann Eriksen,2
3857254,Denmark,Mathias Jensen,Joachim Andersen,3
3857254,Denmark,Mathias Jensen,Joakim Mæhle,6
3857254,Denmark,Mathias Jensen,Kasper Schmeichel,2
3857254,Denmark,Mathias Jensen,Mikkel Damsgaard,5
3857254,Denmark,Mathias Jensen,Pierre-Emile Højbjerg,4
3857254,Denmark,Mikkel Damsgaard,Andreas Evald Cornelius,1
3857254,Denmark,Mikkel Damsgaard,Andreas Skov Olsen,1
3857254,Denmark,Mikkel Damsgaard,Christian Dannemann Eriksen,3
3857254,Denmark,Mikkel Damsgaard,Joachim Andersen,1
3857254,Denmark,Mikkel Damsgaard,Joakim Mæhle,9
3857254,Denmark,Mikkel Damsgaard,Kasper Dolberg,2
3857254,Denmark,Mikkel Damsgaard,Mathias Jensen,4
3857254,Denmark,Mikkel Damsgaard,Simon Thorup Kjær,1
3857254,Denmark,Pierre-Emile Højbjerg,Andreas Christensen,11
3857254,Denmark,Pierre-Emile Højbjerg,Andreas Skov Olsen,6
3857254,Denmark,Pierre-Emile Højbjerg,Christian Dannemann Eriksen,14
3857254,Denmark,Pierre-Emile Højbjerg,Jesper Lindstrøm,1
3857254,Denmark,Pierre-Emile Højbjerg,Joachim Andersen,8
3857254,Denmark,Pierre-Emile Højbjerg,Joakim Mæhle,2
3857254,Denmark,Pierre-Emile Højbjerg,Kasper Dolberg,3
3857254,Denmark,Pierre-Emile Højbjerg,Kasper Schmeichel,1
3857254,Denmark,Pierre-Emile Højbjerg,Mathias Jensen,5
3857254,Denmark,Pierre-Emile Højbjerg,Mikkel Damsgaard,1
3857254,Denmark,Pierre-Emile Højbjerg,Rasmus Nissen Kristensen,6
3857254,Denmark,Pierre-Emile Højbjerg,Simon Thorup Kjær,7
3857254,Denmark,Pierre-Emile Højbjerg,Thomas Delaney,3
3857254,Denmark,Simon Thorup Kjær,Andreas Christensen,11
3857254,Denmark,Simon Thorup Kjær,Andreas Skov Olsen,1
3857254,Denmark,Simon Thorup Kjær,Christian Dannemann Eriksen,10
3857254,Denmark,Simon Thorup Kjær,Joachim Andersen,7
3857254,Denmark,Simon Thorup Kjær,Joakim Mæhle,1
3857254,Denmark,Simon Thorup Kjær,Kasper Schmeichel,1
3857254,Denmark,Simon Thorup Kjær,Mikkel Damsgaard,4
3857254,Denmark,Simon Thorup Kjær,Pierre-Emile Højbjerg,9
3857254,Denmark,Simon Thorup Kjær,Rasmus Nissen Kristensen,1
3857254,Denmark,Simon Thorup Kjær,Thomas Delaney,5
3857254,Denmark,Thomas Delaney,Andreas Christensen,5
3857254,Denmark,Thomas Delaney,Christian Dannemann Eriksen,3
3857254,Denmark,Thomas Delaney,Joachim Andersen,2
3857254,Denmark,Thomas Delaney,Joakim Mæhle,5
3857254,Denmark,Thomas Delaney,Kasper Dolberg,2
3857254,Denmark,Thomas Delaney,Pierre-Emile Højbjerg,2
3857254,Denmark,Thomas Delaney,Rasmus Nissen Kristensen,2
3857254,Denmark,Thomas Delaney,Simon Thorup Kjær,5
3857254,Denmark,Andreas Evald Cornelius,Joakim Mæhle,1
3857254,Denmark,Andreas Evald Cornelius,Mikkel Damsgaard,2
3857254,Denmark,Andreas Skov Olsen,Christian Dannemann Eriksen,1
3857254,Denmark,Andreas Skov Olsen,Joachim Andersen,1
3857254,Denmark,Andreas Skov Olsen,Kasper Dolberg,2
3857254,Denmark,Andreas Skov Olsen,Pierre-Emile Højbjerg,5
3857254,Denmark,Andreas Skov Olsen,Rasmus Nissen Kristensen,9
3857254,Denmark,Andreas Skov Olsen,Thomas Delaney,1
3857254,Denmark,Rasmus Nissen Kristensen,Andreas Skov Olsen,16
3857254,Denmark,Rasmus Nissen Kristensen,Christian Dannemann Eriksen,2
3857254,Denmark,Rasmus Nissen Kristensen,Jesper Lindstrøm,1
3857254,Denmark,Rasmus Nissen Kristensen,Joachim Andersen,14
3857254,Denmark,Rasmus Nissen Kristensen,Kasper Dolberg,2
3857254,Denmark,Rasmus Nissen Kristensen,Pierre-Emile Højbjerg,7
3857254,Denmark,Rasmus Nissen Kristensen,Thomas Delaney,2
3857254,Denmark,Jesper Lindstrøm,Christian Dannemann Eriksen,2
3857254,Denmark,Jesper Lindstrøm,Joachim Andersen,1
3857254,Tunisia,Ali Abdi,Anis Ben Slimane,3
3857254,Tunisia,Ali Abdi,Aymen Dahmen,1
3857254,Tunisia,Ali Abdi,Aïssa Bilal Laïdouni,4
3857254,Tunisia,Ali Abdi,Ellyes Joris Skhiri,2
3857254,Tunisia,Ali Abdi,Issam Jebali,2
3857254,Tunisia,Ali Abdi,Montassar Omar Talbi,6
3857254,Tunisia,Ali Abdi,Naïm Sliti,3
3857254,Tunisia,Ali Abdi,Youssef Msakni,6
3857254,Tunisia,Anis Ben Slimane,Aïssa Bilal Laïdouni,4
3857254,Tunisia,Anis Ben Slimane,Dylan Daniel Mahmoud Bronn,2
3857254,Tunisia,Anis Ben Slimane,Issam Jebali,1
3857254,Tunisia,Anis Ben Slimane,Mohamed Dräger,3
3857254,Tunisia,Anis Ben Slimane,Montassar Omar Talbi,1
3857254,Tunisia,Anis Ben Slimane,Yassine Meriah,2
3857254,Tunisia,Anis Ben Slimane,Youssef Msakni,4
3857254,Tunisia,Aymen Dahmen,Ali Abdi,4
3857254,Tunisia,Aymen Dahmen,Anis Ben Slimane,1
3857254,Tunisia,Aymen Dahmen,Aïssa Bilal Laïdouni,1
3857254,Tunisia,Aymen Dahmen,Dylan Daniel Mahmoud Bronn,2
3857254,Tunisia,Aymen Dahmen,Mohamed Dräger,2
3857254,Tunisia,Aymen Dahmen,Montassar Omar Talbi,3
3857254,Tunisia,Aymen Dahmen,Taha Yassine Khenissi,1
3857254,Tunisia,Aymen Dahmen,Yassine Meriah,11
3857254,Tunisia,Aïssa Bilal Laïdouni,Ali Abdi,7
3857254,Tunisia,Aïssa Bilal Laïdouni,Anis Ben Slimane,2
3857254,Tunisia,Aïssa Bilal Laïdouni,Dylan Daniel Mahmoud Bronn,3
3857254,Tunisia,Aïssa Bilal Laïdouni,Ellyes Joris Skhiri,6
3857254,Tunisia,Aïssa Bilal Laïdouni,Hannibal Mejbri,1
3857254,Tunisia,Aïssa Bilal Laïdouni,Issam Jebali,1
3857254,Tunisia,Aïssa Bilal Laïdouni,Mohamed Dräger,3
3857254,Tunisia,Aïssa Bilal Laïdouni,Montassar Omar Talbi,5
3857254,Tunisia,Aïssa Bilal Laïdouni,Yassine Meriah,4
3857254,Tunisia,Aïssa Bilal Laïdouni,Youssef Msakni,4
3857254,Tunisia,Ellyes Joris Skhiri,Ali Abdi,3
3857254,Tunisia,Ellyes Joris Skhiri,Aïssa Bilal Laïdouni,7
3857254,Tunisia,Ellyes Joris Skhiri,Dylan Daniel Mahmoud Bronn,1
3857254,Tunisia,Ellyes Joris Skhiri,Issam Jebali,4
3857254,Tunisia,Ellyes Joris Skhiri,Mohamed Dräger,3
3857254,Tunisia,Ellyes Joris Skhiri,Montassar Omar Talbi,6
3857254,Tunisia,Ellyes Joris Skhiri,Yassine Meriah,2
3857254,Tunisia,Ellyes Joris Skhiri,Youssef Msakni,4
3857254,Tunisia,Issam Jebali,Ali Abdi,1
3857254,Tunisia,Issam Jebali,Anis Ben Slimane,4
3857254,Tunisia,Issam Jebali,Aïssa Bilal Laïdouni,1
3857254,Tunisia,Issam Jebali,Naïm Sliti,3
3857254,Tunisia,Issam Jebali,Yassine Meriah,1
3857254,Tunisia,Issam Jebali,Youssef Msakni,5
3857254,Tunisia,Montassar Omar Talbi,Ali Abdi,10
3857254,Tunisia,Montassar Omar Talbi,Anis Ben Slimane,1
3857254,Tunisia,Montassar Omar Talbi,Aymen Dahmen,7
3857254,Tunisia,Montassar Omar Talbi,Aïssa Bilal Laïdouni,3
3857254,Tunisia,Montassar Omar Talbi,Dylan Daniel Mahmoud Bronn,2
3857254,Tunisia,Montassar Omar Talbi,Ellyes Joris Skhiri,4
3857254,Tunisia,Montassar Omar Talbi,Mohamed Dräger,1
3857254,Tunisia,Montassar Omar Talbi,Taha Yassine Khenissi,1
3857254,Tunisia,Montassar Omar Talbi,Yassine Meriah,9
3857254,Tunisia,Naïm Sliti,Ali Abdi,1
3857254,Tunisia,Naïm Sliti,Aïssa Bilal Laïdouni,2
3857254,Tunisia,Naïm Sliti,Ferjani Sassi,1
3857254,Tunisia,Naïm Sliti,Mohamed Dräger,1
3857254,Tunisia,Naïm Sliti,Montassar Omar Talbi,1
3857254,Tunisia,Youssef Msakni,Ali Abdi,2
3857254,Tunisia,Youssef Msakni,Anis Ben Slimane,5
3857254,Tunisia,Youssef Msakni,Ellyes Joris Skhiri,4
3857254,Tunisia,Youssef Msakni,Issam Jebali,4
3857254,Tunisia,Youssef Msakni,Mohamed Dräger,2
3857254,Tunisia,Youssef Msakni,Montassar Omar Talbi,1
3857254,Tunisia,Youssef Msakni,Yassine Meriah,1
3857254,Tunisia,Dylan Daniel Mahmoud Bronn,Aymen Dahmen,3
3857254,Tunisia,Dylan Daniel Mahmoud Bronn,Aïssa Bilal Laïdouni,1
3857254,Tunisia,Dylan Daniel Mahmoud Bronn,Ellyes Joris Skhiri,1
3857254,Tunisia,Dylan Daniel Mahmoud Bronn,Issam Jebali,2
3857254,Tunisia,Dylan Daniel Mahmoud Bronn,Mohamed Dräger,7
3857254,Tunisia,Dylan Daniel Mahmoud Bronn,Yassine Meriah,15
3857254,Tunisia,Dylan Daniel Mahmoud Bronn,Youssef Msakni,1
3857254,Tunisia,Mohamed Dräger,Anis Ben Slimane,1
3857254,Tunisia,Mohamed Dräger,Aymen Dahmen,1
3857254,Tunisia,Mohamed Dräger,Aïssa Bilal Laïdouni,4
3857254,Tunisia,Mohamed Dräger,Dylan Daniel Mahmoud Bronn,7
3857254,Tunisia,Mohamed Dräger,Ellyes Joris Skhiri,3
3857254,Tunisia,Mohamed Dräger,Issam Jebali,5
3857254,Tunisia,Mohamed Dräger,Yassine Meriah,1
3857254,Tunisia,Mohamed Dräger,Youssef Msakni,1
3857254,Tunisia,Yassine Meriah,Ali Abdi,1
3857254,Tunisia,Yassine Meriah,Anis Ben Slimane,1
3857254,Tunisia,Yassine Meriah,Aymen Dahmen,7
3857254,Tunisia,Yassine Meriah,Aïssa Bilal Laïdouni,5
3857254,Tunisia,Yassine Meriah,Dylan Daniel Mahmoud Bronn,13
3857254,Tunisia,Yassine Meriah,Ellyes Joris Skhiri,4
3857254,Tunisia,Yassine Meriah,Issam Jebali,1
3857254,Tunisia,Yassine Meriah,Mohamed Dräger,2
3857254,Tunisia,Yassine Meriah,Montassar Omar Talbi,10
3857254,Tunisia,Taha Yassine Khenissi,Naïm Sliti,1
3857254,Tunisia,Hannibal Mejbri,Dylan Daniel Mahmoud Bronn,1
3857254,Tunisia,Hannibal Mejbri,Yassine Meriah,1
3857254,Tunisia,Ferjani Sassi,Naïm Sliti,1
3857254,Tunisia,Wajdi Kechrida,Ferjani Sassi,1
3857255,Japan,Ao Tanaka,Daichi Kamada,1
3857255,Japan,Ao Tanaka,Daizen Maeda,1
3857255,Japan,Ao Tanaka,Hidemasa Morita,2
3857255,Japan,Ao Tanaka,Junya Ito,6
3857255,Japan,Ao Tanaka,Kaoru Mitoma,1
3857255,Japan,Ao Tanaka,Ko Itakura,1
3857255,Japan,Ao Tanaka,Maya Yoshida,1
3857255,Japan,Ao Tanaka,Ritsu Doan,2
3857255,Japan,Ao Tanaka,Shogo Taniguchi,2
3857255,Japan,Ao Tanaka,Takuma Asano,3
3857255,Japan,Daichi Kamada,Ao Tanaka,2
3857255,Japan,Daichi Kamada,Junya Ito,1
3857255,Japan,Daichi Kamada,Shogo Taniguchi,4
3857255,Japan,Daichi Kamada,Takefusa Kubo,1
3857255,Japan,Daichi Kamada,Yuto Nagatomo,2
3857255,Japan,Daizen Maeda,Ko Itakura,1
3857255,Japan,Daizen Maeda,Takefusa Kubo,2
3857255,Japan,Hidemasa Morita,Ao Tanaka,6
3857255,Japan,Hidemasa Morita,Daichi Kamada,1
3857255,Japan,Hidemasa Morita,Junya Ito,3
3857255,Japan,Hidemasa Morita,Kaoru Mitoma,1
3857255,Japan,Hidemasa Morita,Ko Itakura,2
3857255,Japan,Hidemasa Morita,Maya Yoshida,3
3857255,Japan,Hidemasa Morita,Ritsu Doan,1
3857255,Japan,Hidemasa Morita,Shogo Taniguchi,6
3857255,Japan,Hidemasa Morita,Takefusa Kubo,1
3857255,Japan,Hidemasa Morita,Takuma Asano,2
3857255,Japan,Junya Ito,Ao Tanaka,5
3857255,Japan,Junya Ito,Daizen Maeda,1
3857255,Japan,Junya Ito,Hidemasa Morita,1
3857255,Japan,Junya Ito,Kaoru Mitoma,2
3857255,Japan,Junya Ito,Ko Itakura,3
3857255,Japan,Junya Ito,Maya Yoshida,2
3857255,Japan,Junya Ito,Ritsu Doan,2
3857255,Japan,Junya Ito,Takefusa Kubo,4
3857255,Japan,Kaoru Mitoma,Ao Tanaka,1
3857255,Japan,Kaoru Mitoma,Hidemasa Morita,1
3857255,Japan,Kaoru Mitoma,Junya Ito,1
3857255,Japan,Kaoru Mitoma,Ritsu Doan,1
3857255,Japan,Kaoru Mitoma,Shogo Taniguchi,3
3857255,Japan,Kaoru Mitoma,Takuma Asano,1
3857255,Japan,Ko Itakura,Ao Tanaka,1
3857255,Japan,Ko Itakura,Daichi Kamada,1
3857255,Japan,Ko Itakura,Hidemasa Morita,3
3857255,Japan,Ko Itakura,Junya Ito,4
3857255,Japan,Ko Itakura,Maya Yoshida,3
3857255,Japan,Ko Itakura,Shūichi Gonda,3
3857255,Japan,Ko Itakura,Takehiro Tomiyasu,1
3857255,Japan,Maya Yoshida,Ao Tanaka,1
3857255,Japan,Maya Yoshida,Daichi Kamada,4
3857255,Japan,Maya Yoshida,Hidemasa Morita,3
3857255,Japan,Maya Yoshida,Junya Ito,1
3857255,Japan,Maya Yoshida,Ko Itakura,1
3857255,Japan,Maya Yoshida,Shogo Taniguchi,1
3857255,Japan,Maya Yoshida,Shūichi Gonda,4
3857255,Japan,Maya Yoshida,Yuto Nagatomo,2
3857255,Japan,Ritsu Doan,Kaoru Mitoma,1
3857255,Japan,Ritsu Doan,Ko Itakura,1
3857255,Japan,Shogo Taniguchi,Ao Tanaka,1
3857255,Japan,Shogo Taniguchi,Daichi Kamada,4
3857255,Japan,Shogo Taniguchi,Daizen Maeda,1
3857255,Japan,Shogo Taniguchi,Hidemasa Morita,9
3857255,Japan,Shogo Taniguchi,Junya Ito,1
3857255,Japan,Shogo Taniguchi,Kaoru Mitoma,4
3857255,Japan,Shogo Taniguchi,Ko Itakura,1
3857255,Japan,Shogo Taniguchi,Maya Yoshida,1
3857255,Japan,Shogo Taniguchi,Shūichi Gonda,2
3857255,Japan,Shogo Taniguchi,Yuto Nagatomo,2
3857255,Japan,Takuma Asano,Ao Tanaka,1
3857255,Japan,Takuma Asano,Daichi Kamada,1
3857255,Japan,Takuma Asano,Hidemasa Morita,1
3857255,Japan,Takuma Asano,Kaoru Mitoma,1
3857255,Japan,Takefusa Kubo,Ao Tanaka,2
3857255,Japan,Takefusa Kubo,Daichi Kamada,1
3857255,Japan,Takefusa Kubo,Hidemasa Morita,1
3857255,Japan,Takefusa Kubo,Yuto Nagatomo,2
3857255,Japan,Yuto Nagatomo,Daichi Kamada,1
3857255,Japan,Yuto Nagatomo,Hidemasa Morita,2
3857255,Japan,Yuto Nagatomo,Shogo Taniguchi,2
3857255,Japan,Yuto Nagatomo,Takefusa Kubo,2
3857255,Japan,Shūichi Gonda,Ao Tanaka,1
3857255,Japan,Shūichi Gonda,Hidemasa Morita,1
3857255,Japan,Shūichi Gonda,Junya Ito,1
3857255,Japan,Shūichi Gonda,Ko Itakura,2
3857255,Japan,Shūichi Gonda,Maya Yoshida,2
3857255,Japan,Shūichi Gonda,Ritsu Doan,1
3857255,Japan,Shūichi Gonda,Takuma Asano,1
3857255,Japan,Shūichi Gonda,Yuto Nagatomo,2
3857255,Japan,Takehiro Tomiyasu,Hidemasa Morita,1
3857255,Spain,Alejandro Balde Martínez,Daniel Olmo Carvajal,9
3857255,Spain,Alejandro Balde Martínez,Pau Francisco Torres,30
3857255,Spain,Alejandro Balde Martínez,Pedro González López,15
3857255,Spain,Alejandro Balde Martínez,Rodrigo Hernández Cascante,1
3857255,Spain,Alejandro Balde Martínez,Unai Simón Mendibil,3
3857255,Spain,Daniel Olmo Carvajal,Alejandro Balde Martínez,11
3857255,Spain,Daniel Olmo Carvajal,Daniel Carvajal Ramos,4
3857255,Spain,Daniel Olmo Carvajal,Ferrán Torres García,2
3857255,Spain,Daniel Olmo Carvajal,Marco Asensio Willemsen,6
3857255,Spain,Daniel Olmo Carvajal,Pablo Martín Páez Gavira,1
3857255,Spain,Daniel Olmo Carvajal,Pau Francisco Torres,3
3857255,Spain,Daniel Olmo Carvajal,Pedro González López,5
3857255,Spain,Daniel Olmo Carvajal,Rodrigo Hernández Cascante,2
3857255,Spain,Daniel Olmo Carvajal,Sergio Busquets i Burgos,1
3857255,Spain,Daniel Olmo Carvajal,Álvaro Borja Morata Martín,1
3857255,Spain,Pau Francisco Torres,Alejandro Balde Martínez,25
3857255,Spain,Pau Francisco Torres,Anssumane Fati,1
3857255,Spain,Pau Francisco Torres,César Azpilicueta Tanco,1
3857255,Spain,Pau Francisco Torres,Daniel Carvajal Ramos,1
3857255,Spain,Pau Francisco Torres,Daniel Olmo Carvajal,7
3857255,Spain,Pau Francisco Torres,Jordi Alba Ramos,7
3857255,Spain,Pau Francisco Torres,Pablo Martín Páez Gavira,1
3857255,Spain,Pau Francisco Torres,Pedro González López,31
3857255,Spain,Pau Francisco Torres,Rodrigo Hernández Cascante,67
3857255,Spain,Pau Francisco Torres,Sergio Busquets i Burgos,15
3857255,Spain,Pau Francisco Torres,Unai Simón Mendibil,10
3857255,Spain,Pau Francisco Torres,Álvaro Borja Morata Martín,5
3857255,Spain,Pedro González López,Alejandro Balde Martínez,13
3857255,Spain,Pedro González López,Anssumane Fati,3
3857255,Spain,Pedro González López,César Azpilicueta Tanco,2
3857255,Spain,Pedro González López,Daniel Carvajal Ramos,3
3857255,Spain,Pedro González López,Daniel Olmo Carvajal,10
3857255,Spain,Pedro González López,Jordi Alba Ramos,22
3857255,Spain,Pedro González López,Marco Asensio Willemsen,1
3857255,Spain,Pedro González López,Nicholas Williams Arthuer,1
3857255,Spain,Pedro González López,Pablo Martín Páez Gavira,4
3857255,Spain,Pedro González López,Pau Francisco Torres,13
3857255,Spain,Pedro González López,Rodrigo Hernández Cascante,34
3857255,Spain,Pedro González López,Sergio Busquets i Burgos,8
3857255,Spain,Pedro González López,Álvaro Borja Morata Martín,2
3857255,Spain,Rodrigo Hernández Cascante,Alejandro Balde Martínez,3
3857255,Spain,Rodrigo Hernández Cascante,César Azpilicueta Tanco,32
3857255,Spain,Rodrigo Hernández Cascante,Daniel Carvajal Ramos,22
3857255,Spain,Rodrigo Hernández Cascante,Daniel Olmo Carvajal,8
3857255,Spain,Rodrigo Hernández Cascante,Ferrán Torres García,5
3857255,Spain,Rodrigo Hernández Cascante,Marco Asensio Willemsen,12
3857255,Spain,Rodrigo Hernández Cascante,Nicholas Williams Arthuer,2
3857255,Spain,Rodrigo Hernández Cascante,Pablo Martín Páez Gavira,12
3857255,Spain,Rodrigo Hernández Cascante,Pau Francisco Torres,69
3857255,Spain,Rodrigo Hernández Cascante,Pedro González López,17
3857255,Spain,Rodrigo Hernández Cascante,Sergio Busquets i Burgos,16
3857255,Spain,Rodrigo Hernández Cascante,Unai Simón Mendibil,7
3857255,Spain,Rodrigo Hernández Cascante,Álvaro Borja Morata Martín,1
3857255,Spain,Unai Simón Mendibil,Alejandro Balde Martínez,1
3857255,Spain,Unai Simón Mendibil,César Azpilicueta Tanco,3
3857255,Spain,Unai Simón Mendibil,Jordi Alba Ramos,1
3857255,Spain,Unai Simón Mendibil,Pau Francisco Torres,16
3857255,Spain,Unai Simón Mendibil,Rodrigo Hernández Cascante,16
3857255,Spain,Anssumane Fati,Jordi Alba Ramos,10
3857255,Spain,Anssumane Fati,Marco Asensio Willemsen,1
3857255,Spain,Anssumane Fati,Pedro González López,5
3857255,Spain,Anssumane Fati,Sergio Busquets i Burgos,1
3857255,Spain,Jordi Alba Ramos,Anssumane Fati,9
3857255,Spain,Jordi Alba Ramos,Marco Asensio Willemsen,3
3857255,Spain,Jordi Alba Ramos,Pau Francisco Torres,3
3857255,Spain,Jordi Alba Ramos,Pedro González López,27
3857255,Spain,Jordi Alba Ramos,Rodrigo Hernández Cascante,4
3857255,Spain,Jordi Alba Ramos,Sergio Busquets i Burgos,2
3857255,Spain,Jordi Alba Ramos,Unai Simón Mendibil,1
3857255,Spain,Marco Asensio Willemsen,Anssumane Fati,3
3857255,Spain,Marco Asensio Willemsen,Daniel Carvajal Ramos,6
3857255,Spain,Marco Asensio Willemsen,Daniel Olmo Carvajal,1
3857255,Spain,Marco Asensio Willemsen,Ferrán Torres García,1
3857255,Spain,Marco Asensio Willemsen,Jordi Alba Ramos,3
3857255,Spain,Marco Asensio Willemsen,Pau Francisco Torres,3
3857255,Spain,Marco Asensio Willemsen,Pedro González López,2
3857255,Spain,Marco Asensio Willemsen,Rodrigo Hernández Cascante,1
3857255,Spain,Sergio Busquets i Burgos,Alejandro Balde Martínez,1
3857255,Spain,Sergio Busquets i Burgos,Anssumane Fati,2
3857255,Spain,Sergio Busquets i Burgos,César Azpilicueta Tanco,5
3857255,Spain,Sergio Busquets i Burgos,Daniel Carvajal Ramos,1
3857255,Spain,Sergio Busquets i Burgos,Daniel Olmo Carvajal,5
3857255,Spain,Sergio Busquets i Burgos,Jordi Alba Ramos,3
3857255,Spain,Sergio Busquets i Burgos,Marco Asensio Willemsen,1
3857255,Spain,Sergio Busquets i Burgos,Nicholas Williams Arthuer,1
3857255,Spain,Sergio Busquets i Burgos,Pablo Martín Páez Gavira,3
3857255,Spain,Sergio Busquets i Burgos,Pau Francisco Torres,12
3857255,Spain,Sergio Busquets i Burgos,Pedro González López,14
3857255,Spain,Sergio Busquets i Burgos,Rodrigo Hernández Cascante,15
3857255,Spain,Sergio Busquets i Burgos,Unai Simón Mendibil,2
3857255,Spain,Sergio Busquets i Burgos,Álvaro Borja Morata Martín,4
3857255,Spain,César Azpilicueta Tanco,Nicholas Williams Arthuer,15
3857255,Spain,César Azpilicueta Tanco,Pablo Martín Páez Gavira,12
3857255,Spain,César Azpilicueta Tanco,Pau Francisco Torres,6
3857255,Spain,César Azpilicueta Tanco,Rodrigo Hernández Cascante,23
3857255,Spain,César Azpilicueta Tanco,Sergio Busquets i Burgos,9
3857255,Spain,César Azpilicueta Tanco,Unai Simón Mendibil,3
3857255,Spain,César Azpilicueta Tanco,Álvaro Borja Morata Martín,2
3857255,Spain,Nicholas Williams Arthuer,César Azpilicueta Tanco,12
3857255,Spain,Nicholas Williams Arthuer,Pablo Martín Páez Gavira,6
3857255,Spain,Nicholas Williams Arthuer,Sergio Busquets i Burgos,4
3857255,Spain,Pablo Martín Páez Gavira,César Azpilicueta Tanco,8
3857255,Spain,Pablo Martín Páez Gavira,Daniel Carvajal Ramos,1
3857255,Spain,Pablo Martín Páez Gavira,Nicholas Williams Arthuer,3
3857255,Spain,Pablo Martín Páez Gavira,Pau Francisco Torres,10
3857255,Spain,Pablo Martín Páez Gavira,Pedro González López,2
3857255,Spain,Pablo Martín Páez Gavira,Rodrigo Hernández Cascante,9
3857255,Spain,Pablo Martín Páez Gavira,Sergio Busquets i Burgos,5
3857255,Spain,Pablo Martín Páez Gavira,Unai Simón Mendibil,2
3857255,Spain,Pablo Martín Páez Gavira,Álvaro Borja Morata Martín,1
3857255,Spain,Álvaro Borja Morata Martín,César Azpilicueta Tanco,2
3857255,Spain,Álvaro Borja Morata Martín,Daniel Olmo Carvajal,1
3857255,Spain,Álvaro Borja Morata Martín,Nicholas Williams Arthuer,2
3857255,Spain,Álvaro Borja Morata Martín,Pau Francisco Torres,2
3857255,Spain,Álvaro Borja Morata Martín,Pedro González López,2
3857255,Spain,Álvaro Borja Morata Martín,Rodrigo Hernández Cascante,2
3857255,Spain,Daniel Carvajal Ramos,Daniel Olmo Carvajal,5
3857255,Spain,Daniel Carvajal Ramos,Ferrán Torres García,8
3857255,Spain,Daniel Carvajal Ramos,Marco Asensio Willemsen,9
3857255,Spain,Daniel Carvajal Ramos,Pablo Martín Páez Gavira,2
3857255,Spain,Daniel Carvajal Ramos,Pau Francisco Torres,11
3857255,Spain,Daniel Carvajal Ramos,Rodrigo Hernández Cascante,19
3857255,Spain,Daniel Carvajal Ramos,Sergio Busquets i Burgos,2
3857255,Spain,Daniel Carvajal Ramos,Álvaro Borja Morata Martín,1
3857255,Spain,Ferrán Torres García,Daniel Carvajal Ramos,6
3857255,Spain,Ferrán Torres García,Daniel Olmo Carvajal,5
3857255,Spain,Ferrán Torres García,Jordi Alba Ramos,1
3857255,Spain,Ferrán Torres García,Pedro González López,1
3857256,Serbia,Aleksandar Mitrović,Andrija Živković,3
3857256,Serbia,Aleksandar Mitrović,Dušan Tadić,3
3857256,Serbia,Aleksandar Mitrović,Dušan Vlahović,1
3857256,Serbia,Aleksandar Mitrović,Filip Kostić,4
3857256,Serbia,Aleksandar Mitrović,Saša Lukić,2
3857256,Serbia,Aleksandar Mitrović,Sergej Milinković-Savić,2
3857256,Serbia,Aleksandar Mitrović,Strahinja Pavlović,2
3857256,Serbia,Andrija Živković,Dušan Tadić,1
3857256,Serbia,Andrija Živković,Dušan Vlahović,1
3857256,Serbia,Andrija Živković,Milos Veljkovic,3
3857256,Serbia,Andrija Živković,Nemanja Maksimović,1
3857256,Serbia,Andrija Živković,Nikola Milenković,9
3857256,Serbia,Andrija Živković,Saša Lukić,3
3857256,Serbia,Andrija Živković,Sergej Milinković-Savić,2
3857256,Serbia,Andrija Živković,Vanja Milinković Savić,1
3857256,Serbia,Dušan Tadić,Aleksandar Mitrović,5
3857256,Serbia,Dušan Tadić,Andrija Živković,2
3857256,Serbia,Dušan Tadić,Filip Kostić,6
3857256,Serbia,Dušan Tadić,Nemanja Maksimović,1
3857256,Serbia,Dušan Tadić,Nikola Milenković,2
3857256,Serbia,Dušan Tadić,Saša Lukić,5
3857256,Serbia,Dušan Tadić,Sergej Milinković-Savić,3
3857256,Serbia,Dušan Tadić,Strahinja Pavlović,3
3857256,Serbia,Dušan Tadić,Vanja Milinković Savić,1
3857256,Serbia,Dušan Vlahović,Aleksandar Mitrović,2
3857256,Serbia,Dušan Vlahović,Nikola Milenković,1
3857256,Serbia,Filip Kostić,Dušan Tadić,9
3857256,Serbia,Filip Kostić,Dušan Vlahović,3
3857256,Serbia,Filip Kostić,Luka Jović,2
3857256,Serbia,Filip Kostić,Milos Veljkovic,2
3857256,Serbia,Filip Kostić,Nikola Milenković,1
3857256,Serbia,Filip Kostić,Sergej Milinković-Savić,2
3857256,Serbia,Filip Kostić,Strahinja Pavlović,15
3857256,Serbia,Filip Kostić,Vanja Milinković Savić,1
3857256,Serbia,Saša Lukić,Aleksandar Mitrović,1
3857256,Serbia,Saša Lukić,Andrija Živković,6
3857256,Serbia,Saša Lukić,Dušan Vlahović,1
3857256,Serbia,Saša Lukić,Filip Kostić,3
3857256,Serbia,Saša Lukić,Filip Đuričić,1
3857256,Serbia,Saša Lukić,Luka Jović,1
3857256,Serbia,Saša Lukić,Milos Veljkovic,3
3857256,Serbia,Saša Lukić,Nemanja Gudelj,1
3857256,Serbia,Saša Lukić,Nemanja Maksimović,3
3857256,Serbia,Saša Lukić,Nemanja Radonjić,2
3857256,Serbia,Saša Lukić,Nikola Milenković,12
3857256,Serbia,Saša Lukić,Sergej Milinković-Savić,4
3857256,Serbia,Saša Lukić,Strahinja Pavlović,12
3857256,Serbia,Saša Lukić,Vanja Milinković Savić,3
3857256,Serbia,Sergej Milinković-Savić,Aleksandar Mitrović,1
3857256,Serbia,Sergej Milinković-Savić,Andrija Živković,1
3857256,Serbia,Sergej Milinković-Savić,Dušan Tadić,3
3857256,Serbia,Sergej Milinković-Savić,Dušan Vlahović,2
3857256,Serbia,Sergej Milinković-Savić,Filip Kostić,3
3857256,Serbia,Sergej Milinković-Savić,Luka Jović,2
3857256,Serbia,Sergej Milinković-Savić,Milos Veljkovic,1
3857256,Serbia,Sergej Milinković-Savić,Nemanja Gudelj,1
3857256,Serbia,Sergej Milinković-Savić,Nikola Milenković,1
3857256,Serbia,Sergej Milinković-Savić,Saša Lukić,5
3857256,Serbia,Sergej Milinković-Savić,Strahinja Pavlović,6
3857256,Serbia,Strahinja Pavlović,Aleksandar Mitrović,7
3857256,Serbia,Strahinja Pavlović,Andrija Živković,1
3857256,Serbia,Strahinja Pavlović,Dušan Tadić,10
3857256,Serbia,Strahinja Pavlović,Dušan Vlahović,2
3857256,Serbia,Strahinja Pavlović,Filip Kostić,11
3857256,Serbia,Strahinja Pavlović,Luka Jović,4
3857256,Serbia,Strahinja Pavlović,Milos Veljkovic,7
3857256,Serbia,Strahinja Pavlović,Nemanja Gudelj,2
3857256,Serbia,Strahinja Pavlović,Nemanja Maksimović,1
3857256,Serbia,Strahinja Pavlović,Nikola Milenković,1
3857256,Serbia,Strahinja Pavlović,Saša Lukić,10
3857256,Serbia,Strahinja Pavlović,Sergej Milinković-Savić,5
3857256,Serbia,Strahinja Pavlović,Vanja Milinković Savić,5
3857256,Serbia,Milos Veljkovic,Aleksandar Mitrović,2
3857256,Serbia,Milos Veljkovic,Andrija Živković,1
3857256,Serbia,Milos Veljkovic,Dušan Tadić,1
3857256,Serbia,Milos Veljkovic,Filip Kostić,2
3857256,Serbia,Milos Veljkovic,Nikola Milenković,8
3857256,Serbia,Milos Veljkovic,Saša Lukić,5
3857256,Serbia,Milos Veljkovic,Sergej Milinković-Savić,1
3857256,Serbia,Milos Veljkovic,Strahinja Pavlović,4
3857256,Serbia,Milos Veljkovic,Vanja Milinković Savić,5
3857256,Serbia,Nemanja Maksimović,Andrija Živković,1
3857256,Serbia,Nemanja Maksimović,Dušan Tadić,1
3857256,Serbia,Nemanja Maksimović,Filip Đuričić,1
3857256,Serbia,Nemanja Maksimović,Luka Jović,1
3857256,Serbia,Nemanja Maksimović,Nemanja Gudelj,2
3857256,Serbia,Nemanja Maksimović,Nemanja Radonjić,3
3857256,Serbia,Nemanja Maksimović,Nikola Milenković,6
3857256,Serbia,Nemanja Maksimović,Strahinja Pavlović,2
3857256,Serbia,Nikola Milenković,Aleksandar Mitrović,2
3857256,Serbia,Nikola Milenković,Andrija Živković,9
3857256,Serbia,Nikola Milenković,Dušan Tadić,1
3857256,Serbia,Nikola Milenković,Dušan Vlahović,1
3857256,Serbia,Nikola Milenković,Filip Kostić,1
3857256,Serbia,Nikola Milenković,Luka Jović,1
3857256,Serbia,Nikola Milenković,Milos Veljkovic,2
3857256,Serbia,Nikola Milenković,Nemanja Gudelj,2
3857256,Serbia,Nikola Milenković,Nemanja Maksimović,1
3857256,Serbia,Nikola Milenković,Saša Lukić,17
3857256,Serbia,Nikola Milenković,Sergej Milinković-Savić,2
3857256,Serbia,Nikola Milenković,Strahinja Pavlović,5
3857256,Serbia,Nikola Milenković,Vanja Milinković Savić,7
3857256,Serbia,Vanja Milinković Savić,Aleksandar Mitrović,4
3857256,Serbia,Vanja Milinković Savić,Andrija Živković,2
3857256,Serbia,Vanja Milinković Savić,Milos Veljkovic,8
3857256,Serbia,Vanja Milinković Savić,Nemanja Gudelj,3
3857256,Serbia,Vanja Milinković Savić,Nemanja Radonjić,1
3857256,Serbia,Vanja Milinković Savić,Nikola Milenković,3
3857256,Serbia,Vanja Milinković Savić,Sergej Milinković-Savić,1
3857256,Serbia,Vanja Milinković Savić,Strahinja Pavlović,8
3857256,Serbia,Luka Jović,Dušan Tadić,3
3857256,Serbia,Luka Jović,Nikola Milenković,2
3857256,Serbia,Luka Jović,Strahinja Pavlović,2
3857256,Serbia,Filip Đuričić,Nemanja Gudelj,1
3857256,Serbia,Filip Đuričić,Strahinja Pavlović,1
3857256,Serbia,Nemanja Gudelj,Dušan Tadić,2
3857256,Serbia,Nemanja Gudelj,Nemanja Maksimović,4
3857256,Serbia,Nemanja Gudelj,Nemanja Radonjić,1
3857256,Serbia,Nemanja Gudelj,Nikola Milenković,4
3857256,Serbia,Nemanja Gudelj,Sergej Milinković-Savić,1
3857256,Serbia,Nemanja Gudelj,Strahinja Pavlović,5
3857256,Serbia,Nemanja Radonjić,Filip Đuričić,1
3857256,Serbia,Nemanja Radonjić,Luka Jović,1
3857256,Serbia,Nemanja Radonjić,Nikola Milenković,2
3857256,Serbia,Nemanja Radonjić,Vanja Milinković Savić,1
3857256,Switzerland,Breel-Donald Embolo,Djibril Sow,4
3857256,Switzerland,Breel-Donald Embolo,Edimilson Fernandes,2
3857256,Switzerland,Breel-Donald Embolo,Granit Xhaka,4
3857256,Switzerland,Breel-Donald Embolo,Remo Freuler,1
3857256,Switzerland,Breel-Donald Embolo,Ruben Vargas,1
3857256,Switzerland,Breel-Donald Embolo,Silvan Widmer,1
3857256,Switzerland,Breel-Donald Embolo,Xherdan Shaqiri,1
3857256,Switzerland,Djibril Sow,Breel-Donald Embolo,1
3857256,Switzerland,Djibril Sow,Fabian Lukas Schär,2
3857256,Switzerland,Djibril Sow,Granit Xhaka,4
3857256,Switzerland,Djibril Sow,Ricardo Iván Rodríguez Araya,2
3857256,Switzerland,Djibril Sow,Ruben Vargas,4
3857256,Switzerland,Djibril Sow,Silvan Widmer,4
3857256,Switzerland,Djibril Sow,Xherdan Shaqiri,6
3857256,Switzerland,Edimilson Fernandes,Breel-Donald Embolo,2
3857256,Switzerland,Edimilson Fernandes,Christian Fassnacht,1
3857256,Switzerland,Edimilson Fernandes,Denis Lemi Zakaria Lako Lado,1
3857256,Switzerland,Edimilson Fernandes,Remo Freuler,2
3857256,Switzerland,Edimilson Fernandes,Ricardo Iván Rodríguez Araya,1
3857256,Switzerland,Edimilson Fernandes,Silvan Widmer,6
3857256,Switzerland,Granit Xhaka,Breel-Donald Embolo,4
3857256,Switzerland,Granit Xhaka,Christian Fassnacht,2
3857256,Switzerland,Granit Xhaka,Denis Lemi Zakaria Lako Lado,2
3857256,Switzerland,Granit Xhaka,Djibril Sow,3
3857256,Switzerland,Granit Xhaka,Edimilson Fernandes,1
3857256,Switzerland,Granit Xhaka,Fabian Lukas Schär,2
3857256,Switzerland,Granit Xhaka,Gregor Kobel,1
3857256,Switzerland,Granit Xhaka,Manuel Obafemi Akanji,7
3857256,Switzerland,Granit Xhaka,Noah Okafor,1
3857256,Switzerland,Granit Xhaka,Remo Freuler,1
3857256,Switzerland,Granit Xhaka,Ricardo Iván Rodríguez Araya,11
3857256,Switzerland,Granit Xhaka,Ruben Vargas,10
3857256,Switzerland,Granit Xhaka,Silvan Widmer,5
3857256,Switzerland,Granit Xhaka,Xherdan Shaqiri,2
3857256,Switzerland,Remo Freuler,Breel-Donald Embolo,1
3857256,Switzerland,Remo Freuler,Christian Fassnacht,1
3857256,Switzerland,Remo Freuler,Djibril Sow,1
3857256,Switzerland,Remo Freuler,Granit Xhaka,2
3857256,Switzerland,Remo Freuler,Manuel Obafemi Akanji,1
3857256,Switzerland,Remo Freuler,Ruben Vargas,1
3857256,Switzerland,Remo Freuler,Silvan Widmer,5
3857256,Switzerland,Remo Freuler,Xherdan Shaqiri,2
3857256,Switzerland,Ruben Vargas,Breel-Donald Embolo,2
3857256,Switzerland,Ruben Vargas,Denis Lemi Zakaria Lako Lado,1
3857256,Switzerland,Ruben Vargas,Djibril Sow,1
3857256,Switzerland,Ruben Vargas,Granit Xhaka,3
3857256,Switzerland,Ruben Vargas,Manuel Obafemi Akanji,2
3857256,Switzerland,Ruben Vargas,Remo Freuler,2
3857256,Switzerland,Ruben Vargas,Ricardo Iván Rodríguez Araya,6
3857256,Switzerland,Silvan Widmer,Breel-Donald Embolo,6
3857256,Switzerland,Silvan Widmer,Denis Lemi Zakaria Lako Lado,1
3857256,Switzerland,Silvan Widmer,Djibril Sow,1
3857256,Switzerland,Silvan Widmer,Edimilson Fernandes,6
3857256,Switzerland,Silvan Widmer,Fabian Lukas Schär,12
3857256,Switzerland,Silvan Widmer,Granit Xhaka,3
3857256,Switzerland,Silvan Widmer,Manuel Obafemi Akanji,3
3857256,Switzerland,Silvan Widmer,Remo Freuler,7
3857256,Switzerland,Silvan Widmer,Xherdan Shaqiri,11
3857256,Switzerland,Xherdan Shaqiri,Breel-Donald Embolo,1
3857256,Switzerland,Xherdan Shaqiri,Djibril Sow,3
3857256,Switzerland,Xherdan Shaqiri,Fabian Lukas Schär,2
3857256,Switzerland,Xherdan Shaqiri,Manuel Obafemi Akanji,1
3857256,Switzerland,Xherdan Shaqiri,Remo Freuler,1
3857256,Switzerland,Xherdan Shaqiri,Ruben Vargas,1
3857256,Switzerland,Xherdan Shaqiri,Silvan Widmer,7
3857256,Switzerland,Christian Fassnacht,Edimilson Fernandes,1
3857256,Switzerland,Christian Fassnacht,Granit Xhaka,3
3857256,Switzerland,Christian Fassnacht,Remo Freuler,3
3857256,Switzerland,Christian Fassnacht,Ricardo Iván Rodríguez Araya,1
3857256,Switzerland,Ricardo Iván Rodríguez Araya,Breel-Donald Embolo,2
3857256,Switzerland,Ricardo Iván Rodríguez Araya,Christian Fassnacht,3
3857256,Switzerland,Ricardo Iván Rodríguez Araya,Djibril Sow,2
3857256,Switzerland,Ricardo Iván Rodríguez Araya,Fabian Lukas Schär,1
3857256,Switzerland,Ricardo Iván Rodríguez Araya,Granit Xhaka,5
3857256,Switzerland,Ricardo Iván Rodríguez Araya,Manuel Obafemi Akanji,11
3857256,Switzerland,Ricardo Iván Rodríguez Araya,Remo Freuler,1
3857256,Switzerland,Ricardo Iván Rodríguez Araya,Ruben Vargas,3
3857256,Switzerland,Ricardo Iván Rodríguez Araya,Xherdan Shaqiri,3
3857256,Switzerland,Denis Lemi Zakaria Lako Lado,Breel-Donald Embolo,3
3857256,Switzerland,Denis Lemi Zakaria Lako Lado,Edimilson Fernandes,1
3857256,Switzerland,Denis Lemi Zakaria Lako Lado,Granit Xhaka,1
3857256,Switzerland,Denis Lemi Zakaria Lako Lado,Manuel Obafemi Akanji,1
3857256,Switzerland,Denis Lemi Zakaria Lako Lado,Ricardo Iván Rodríguez Araya,1
3857256,Switzerland,Denis Lemi Zakaria Lako Lado,Ruben Vargas,1
3857256,Switzerland,Manuel Obafemi Akanji,Djibril Sow,3
3857256,Switzerland,Manuel Obafemi Akanji,Fabian Lukas Schär,7
3857256,Switzerland,Manuel Obafemi Akanji,Granit Xhaka,13
3857256,Switzerland,Manuel Obafemi Akanji,Gregor Kobel,3
3857256,Switzerland,Manuel Obafemi Akanji,Remo Freuler,2
3857256,Switzerland,Manuel Obafemi Akanji,Ricardo Iván Rodríguez Araya,8
3857256,Switzerland,Manuel Obafemi Akanji,Ruben Vargas,2
3857256,Switzerland,Manuel Obafemi Akanji,Silvan Widmer,8
3857256,Switzerland,Fabian Lukas Schär,Breel-Donald Embolo,1
3857256,Switzerland,Fabian Lukas Schär,Christian Fassnacht,1
3857256,Switzerland,Fabian Lukas Schär,Djibril Sow,4
3857256,Switzerland,Fabian Lukas Schär,Granit Xhaka,5
3857256,Switzerland,Fabian Lukas Schär,Gregor Kobel,6
3857256,Switzerland,Fabian Lukas Schär,Manuel Obafemi Akanji,6
3857256,Switzerland,Fabian Lukas Schär,Remo Freuler,1
3857256,Switzerland,Fabian Lukas Schär,Ricardo Iván Rodríguez Araya,4
3857256,Switzerland,Fabian Lukas Schär,Silvan Widmer,6
3857256,Switzerland,Fabian Lukas Schär,Xherdan Shaqiri,1
3857256,Switzerland,Gregor Kobel,Djibril Sow,1
3857256,Switzerland,Gregor Kobel,Fabian Lukas Schär,4
3857256,Switzerland,Gregor Kobel,Granit Xhaka,2
3857256,Switzerland,Gregor Kobel,Manuel Obafemi Akanji,9
3857256,Switzerland,Gregor Kobel,Ricardo Iván Rodríguez Araya,2
3857256,Switzerland,Gregor Kobel,Silvan Widmer,1
3857257,Australia,Aaron Mooy,Craig Goodwin,2
3857257,Australia,Aaron Mooy,Jackson Irvine,2
3857257,Australia,Aaron Mooy,Keanu Baccus,2
3857257,Australia,Aaron Mooy,Kye Rowles,4
3857257,Australia,Aaron Mooy,Mathew Leckie,2
3857257,Australia,Aaron Mooy,Mathew Ryan,1
3857257,Australia,Aaron Mooy,Miloš Degenek,5
3857257,Australia,Aaron Mooy,Mitchell Thomas Duke,1
3857257,Australia,Aaron Mooy,Riley McGree,4
3857257,Australia,Craig Goodwin,Aziz Eraltay Behich,8
3857257,Australia,Craig Goodwin,Jackson Irvine,1
3857257,Australia,Craig Goodwin,Mitchell Thomas Duke,2
3857257,Australia,Craig Goodwin,Riley McGree,1
3857257,Australia,Jackson Irvine,Aaron Mooy,2
3857257,Australia,Jackson Irvine,Aziz Eraltay Behich,5
3857257,Australia,Jackson Irvine,Craig Goodwin,1
3857257,Australia,Jackson Irvine,Keanu Baccus,1
3857257,Australia,Jackson Irvine,Kye Rowles,2
3857257,Australia,Jackson Irvine,Mathew Leckie,4
3857257,Australia,Jackson Irvine,Mitchell Thomas Duke,3
3857257,Australia,Jackson Irvine,Riley McGree,3
3857257,Australia,Keanu Baccus,Aaron Mooy,3
3857257,Australia,Keanu Baccus,Jamie MacLaren,1
3857257,Australia,Keanu Baccus,Mathew Leckie,2
3857257,Australia,Keanu Baccus,Mitchell Thomas Duke,1
3857257,Australia,Kye Rowles,Aaron Mooy,2
3857257,Australia,Kye Rowles,Aziz Eraltay Behich,3
3857257,Australia,Kye Rowles,Craig Goodwin,1
3857257,Australia,Kye Rowles,Harry Souttar,2
3857257,Australia,Kye Rowles,Jackson Irvine,1
3857257,Australia,Kye Rowles,Mathew Leckie,1
3857257,Australia,Kye Rowles,Mathew Ryan,8
3857257,Australia,Kye Rowles,Miloš Degenek,1
3857257,Australia,Kye Rowles,Mitchell Thomas Duke,1
3857257,Australia,Kye Rowles,Riley McGree,1
3857257,Australia,Mathew Leckie,Aaron Mooy,3
3857257,Australia,Mathew Leckie,Aziz Eraltay Behich,2
3857257,Australia,Mathew Leckie,Craig Goodwin,1
3857257,Australia,Mathew Leckie,Jackson Irvine,3
3857257,Australia,Mathew Leckie,Miloš Degenek,2
3857257,Australia,Mathew Leckie,Mitchell Thomas Duke,3
3857257,Australia,Mathew Leckie,Riley McGree,4
3857257,Australia,Mathew Ryan,Aaron Mooy,1
3857257,Australia,Mathew Ryan,Aziz Eraltay Behich,1
3857257,Australia,Mathew Ryan,Craig Goodwin,2
3857257,Australia,Mathew Ryan,Harry Souttar,3
3857257,Australia,Mathew Ryan,Kye Rowles,3
3857257,Australia,Mathew Ryan,Mathew Leckie,8
3857257,Australia,Mathew Ryan,Miloš Degenek,3
3857257,Australia,Mathew Ryan,Mitchell Thomas Duke,1
3857257,Australia,Mathew Ryan,Riley McGree,2
3857257,Australia,Miloš Degenek,Bailey Wright,1
3857257,Australia,Miloš Degenek,Craig Goodwin,1
3857257,Australia,Miloš Degenek,Harry Souttar,2
3857257,Australia,Miloš Degenek,Keanu Baccus,1
3857257,Australia,Miloš Degenek,Mathew Leckie,7
3857257,Australia,Miloš Degenek,Mathew Ryan,3
3857257,Australia,Miloš Degenek,Mitchell Thomas Duke,6
3857257,Australia,Miloš Degenek,Riley McGree,1
3857257,Australia,Mitchell Thomas Duke,Aaron Mooy,2
3857257,Australia,Mitchell Thomas Duke,Aziz Eraltay Behich,2
3857257,Australia,Mitchell Thomas Duke,Craig Goodwin,2
3857257,Australia,Mitchell Thomas Duke,Jackson Irvine,2
3857257,Australia,Mitchell Thomas Duke,Kye Rowles,1
3857257,Australia,Mitchell Thomas Duke,Mathew Leckie,3
3857257,Australia,Mitchell Thomas Duke,Riley McGree,1
3857257,Australia,Riley McGree,Aaron Mooy,1
3857257,Australia,Riley McGree,Aziz Eraltay Behich,1
3857257,Australia,Riley McGree,Craig Goodwin,1
3857257,Australia,Riley McGree,Jackson Irvine,1
3857257,Australia,Riley McGree,Mathew Leckie,3
3857257,Australia,Riley McGree,Miloš Degenek,2
3857257,Australia,Riley McGree,Mitchell Thomas Duke,2
3857257,Australia,Ajdin Hrustic,Aziz Eraltay Behich,1
3857257,Australia,Aziz Eraltay Behich,Aaron Mooy,5
3857257,Australia,Aziz Eraltay Behich,Bailey Wright,1
3857257,Australia,Aziz Eraltay Behich,Craig Goodwin,6
3857257,Australia,Aziz Eraltay Behich,Jackson Irvine,7
3857257,Australia,Aziz Eraltay Behich,Jamie MacLaren,2
3857257,Australia,Aziz Eraltay Behich,Kye Rowles,5
3857257,Australia,Aziz Eraltay Behich,Mitchell Thomas Duke,2
3857257,Australia,Aziz Eraltay Behich,Riley McGree,1
3857257,Australia,Bailey Wright,Keanu Baccus,1
3857257,Australia,Jamie MacLaren,Keanu Baccus,2
3857257,Australia,Harry Souttar,Aaron Mooy,3
3857257,Australia,Harry Souttar,Aziz Eraltay Behich,1
3857257,Australia,Harry Souttar,Jackson Irvine,2
3857257,Australia,Harry Souttar,Jamie MacLaren,1
3857257,Australia,Harry Souttar,Keanu Baccus,2
3857257,Australia,Harry Souttar,Mathew Leckie,1
3857257,Australia,Harry Souttar,Miloš Degenek,3
3857257,Australia,Harry Souttar,Mitchell Thomas Duke,1
3857257,Denmark,Alexander Hartmann Bah,Andreas Christensen,1
3857257,Denmark,Alexander Hartmann Bah,Andreas Evald Cornelius,4
3857257,Denmark,Alexander Hartmann Bah,Andreas Skov Olsen,1
3857257,Denmark,Alexander Hartmann Bah,Christian Dannemann Eriksen,3
3857257,Denmark,Alexander Hartmann Bah,Joachim Andersen,15
3857257,Denmark,Alexander Hartmann Bah,Kasper Schmeichel,1
3857257,Denmark,Alexander Hartmann Bah,Mathias Jensen,3
3857257,Denmark,Alexander Hartmann Bah,Mikkel Damsgaard,3
3857257,Denmark,Alexander Hartmann Bah,Pierre-Emile Højbjerg,2
3857257,Denmark,Andreas Christensen,Alexander Hartmann Bah,1
3857257,Denmark,Andreas Christensen,Andreas Evald Cornelius,1
3857257,Denmark,Andreas Christensen,Andreas Skov Olsen,1
3857257,Denmark,Andreas Christensen,Christian Dannemann Eriksen,14
3857257,Denmark,Andreas Christensen,Joachim Andersen,27
3857257,Denmark,Andreas Christensen,Joakim Mæhle,14
3857257,Denmark,Andreas Christensen,Kasper Dolberg,1
3857257,Denmark,Andreas Christensen,Kasper Schmeichel,8
3857257,Denmark,Andreas Christensen,Martin Braithwaite Christensen,1
3857257,Denmark,Andreas Christensen,Mathias Jensen,3
3857257,Denmark,Andreas Christensen,Mikkel Damsgaard,2
3857257,Denmark,Andreas Christensen,Pierre-Emile Højbjerg,12
3857257,Denmark,Andreas Christensen,Rasmus Nissen Kristensen,1
3857257,Denmark,Andreas Christensen,Robert Skov,3
3857257,Denmark,Andreas Evald Cornelius,Alexander Hartmann Bah,2
3857257,Denmark,Andreas Evald Cornelius,Christian Dannemann Eriksen,1
3857257,Denmark,Andreas Evald Cornelius,Jesper Lindstrøm,1
3857257,Denmark,Andreas Evald Cornelius,Kasper Dolberg,1
3857257,Denmark,Andreas Evald Cornelius,Robert Skov,3
3857257,Denmark,Andreas Skov Olsen,Christian Dannemann Eriksen,1
3857257,Denmark,Andreas Skov Olsen,Jesper Lindstrøm,1
3857257,Denmark,Andreas Skov Olsen,Joachim Andersen,4
3857257,Denmark,Andreas Skov Olsen,Kasper Dolberg,1
3857257,Denmark,Andreas Skov Olsen,Kasper Schmeichel,1
3857257,Denmark,Andreas Skov Olsen,Martin Braithwaite Christensen,2
3857257,Denmark,Andreas Skov Olsen,Mathias Jensen,3
3857257,Denmark,Andreas Skov Olsen,Mikkel Damsgaard,1
3857257,Denmark,Andreas Skov Olsen,Pierre-Emile Højbjerg,1
3857257,Denmark,Andreas Skov Olsen,Rasmus Nissen Kristensen,10
3857257,Denmark,Christian Dannemann Eriksen,Alexander Hartmann Bah,5
3857257,Denmark,Christian Dannemann Eriksen,Andreas Christensen,8
3857257,Denmark,Christian Dannemann Eriksen,Andreas Evald Cornelius,2
3857257,Denmark,Christian Dannemann Eriksen,Andreas Skov Olsen,2
3857257,Denmark,Christian Dannemann Eriksen,Jesper Lindstrøm,10
3857257,Denmark,Christian Dannemann Eriksen,Joachim Andersen,9
3857257,Denmark,Christian Dannemann Eriksen,Joakim Mæhle,11
3857257,Denmark,Christian Dannemann Eriksen,Kasper Dolberg,3
3857257,Denmark,Christian Dannemann Eriksen,Kasper Schmeichel,2
3857257,Denmark,Christian Dannemann Eriksen,Martin Braithwaite Christensen,3
3857257,Denmark,Christian Dannemann Eriksen,Mikkel Damsgaard,1
3857257,Denmark,Christian Dannemann Eriksen,Pierre-Emile Højbjerg,8
3857257,Denmark,Christian Dannemann Eriksen,Rasmus Nissen Kristensen,1
3857257,Denmark,Christian Dannemann Eriksen,Robert Skov,4
3857257,Denmark,Joachim Andersen,Alexander Hartmann Bah,15
3857257,Denmark,Joachim Andersen,Andreas Christensen,25
3857257,Denmark,Joachim Andersen,Andreas Evald Cornelius,3
3857257,Denmark,Joachim Andersen,Andreas Skov Olsen,3
3857257,Denmark,Joachim Andersen,Christian Dannemann Eriksen,3
3857257,Denmark,Joachim Andersen,Jesper Lindstrøm,4
3857257,Denmark,Joachim Andersen,Joakim Mæhle,1
3857257,Denmark,Joachim Andersen,Kasper Schmeichel,12
3857257,Denmark,Joachim Andersen,Martin Braithwaite Christensen,1
3857257,Denmark,Joachim Andersen,Mathias Jensen,5
3857257,Denmark,Joachim Andersen,Pierre-Emile Højbjerg,10
3857257,Denmark,Joachim Andersen,Rasmus Nissen Kristensen,12
3857257,Denmark,Joachim Andersen,Robert Skov,1
3857257,Denmark,Kasper Schmeichel,Alexander Hartmann Bah,2
3857257,Denmark,Kasper Schmeichel,Andreas Christensen,9
3857257,Denmark,Kasper Schmeichel,Andreas Evald Cornelius,3
3857257,Denmark,Kasper Schmeichel,Christian Dannemann Eriksen,2
3857257,Denmark,Kasper Schmeichel,Joachim Andersen,11
3857257,Denmark,Kasper Schmeichel,Joakim Mæhle,1
3857257,Denmark,Kasper Schmeichel,Mathias Jensen,2
3857257,Denmark,Kasper Schmeichel,Pierre-Emile Højbjerg,2
3857257,Denmark,Kasper Schmeichel,Rasmus Nissen Kristensen,2
3857257,Denmark,Mathias Jensen,Alexander Hartmann Bah,1
3857257,Denmark,Mathias Jensen,Andreas Christensen,1
3857257,Denmark,Mathias Jensen,Andreas Skov Olsen,8
3857257,Denmark,Mathias Jensen,Christian Dannemann Eriksen,4
3857257,Denmark,Mathias Jensen,Jesper Lindstrøm,1
3857257,Denmark,Mathias Jensen,Joachim Andersen,3
3857257,Denmark,Mathias Jensen,Martin Braithwaite Christensen,1
3857257,Denmark,Mathias Jensen,Pierre-Emile Højbjerg,2
3857257,Denmark,Mathias Jensen,Rasmus Nissen Kristensen,4
3857257,Denmark,Mikkel Damsgaard,Alexander Hartmann Bah,1
3857257,Denmark,Mikkel Damsgaard,Andreas Christensen,1
3857257,Denmark,Mikkel Damsgaard,Andreas Skov Olsen,2
3857257,Denmark,Mikkel Damsgaard,Christian Dannemann Eriksen,1
3857257,Denmark,Mikkel Damsgaard,Jesper Lindstrøm,1
3857257,Denmark,Mikkel Damsgaard,Joachim Andersen,1
3857257,Denmark,Mikkel Damsgaard,Pierre-Emile Højbjerg,1
3857257,Denmark,Mikkel Damsgaard,Robert Skov,4
3857257,Denmark,Pierre-Emile Højbjerg,Alexander Hartmann Bah,6
3857257,Denmark,Pierre-Emile Højbjerg,Andreas Christensen,14
3857257,Denmark,Pierre-Emile Højbjerg,Andreas Evald Cornelius,1
3857257,Denmark,Pierre-Emile Højbjerg,Andreas Skov Olsen,2
3857257,Denmark,Pierre-Emile Højbjerg,Christian Dannemann Eriksen,10
3857257,Denmark,Pierre-Emile Højbjerg,Jesper Lindstrøm,2
3857257,Denmark,Pierre-Emile Højbjerg,Joachim Andersen,15
3857257,Denmark,Pierre-Emile Højbjerg,Joakim Mæhle,5
3857257,Denmark,Pierre-Emile Højbjerg,Kasper Dolberg,2
3857257,Denmark,Pierre-Emile Højbjerg,Kasper Schmeichel,1
3857257,Denmark,Pierre-Emile Højbjerg,Martin Braithwaite Christensen,1
3857257,Denmark,Pierre-Emile Højbjerg,Mathias Jensen,5
3857257,Denmark,Pierre-Emile Højbjerg,Mikkel Damsgaard,2
3857257,Denmark,Pierre-Emile Højbjerg,Rasmus Nissen Kristensen,4
3857257,Denmark,Pierre-Emile Højbjerg,Robert Skov,1
3857257,Denmark,Joakim Mæhle,Andreas Christensen,9
3857257,Denmark,Joakim Mæhle,Andreas Skov Olsen,1
3857257,Denmark,Joakim Mæhle,Christian Dannemann Eriksen,9
3857257,Denmark,Joakim Mæhle,Jesper Lindstrøm,10
3857257,Denmark,Joakim Mæhle,Joachim Andersen,2
3857257,Denmark,Joakim Mæhle,Kasper Schmeichel,1
3857257,Denmark,Joakim Mæhle,Martin Braithwaite Christensen,2
3857257,Denmark,Joakim Mæhle,Mathias Jensen,1
3857257,Denmark,Joakim Mæhle,Mikkel Damsgaard,1
3857257,Denmark,Joakim Mæhle,Pierre-Emile Højbjerg,4
3857257,Denmark,Kasper Dolberg,Christian Dannemann Eriksen,1
3857257,Denmark,Kasper Dolberg,Jesper Lindstrøm,2
3857257,Denmark,Kasper Dolberg,Mikkel Damsgaard,1
3857257,Denmark,Martin Braithwaite Christensen,Andreas Skov Olsen,3
3857257,Denmark,Martin Braithwaite Christensen,Christian Dannemann Eriksen,2
3857257,Denmark,Martin Braithwaite Christensen,Joachim Andersen,1
3857257,Denmark,Martin Braithwaite Christensen,Joakim Mæhle,1
3857257,Denmark,Martin Braithwaite Christensen,Mathias Jensen,2
3857257,Denmark,Martin Braithwaite Christensen,Rasmus Nissen Kristensen,1
3857257,Denmark,Rasmus Nissen Kristensen,Andreas Christensen,1
3857257,Denmark,Rasmus Nissen Kristensen,Andreas Skov Olsen,10
3857257,Denmark,Rasmus Nissen Kristensen,Christian Dannemann Eriksen,1
3857257,Denmark,Rasmus Nissen Kristensen,Jesper Lindstrøm,1
3857257,Denmark,Rasmus Nissen Kristensen,Joachim Andersen,12
3857257,Denmark,Rasmus Nissen Kristensen,Martin Braithwaite Christensen,1
3857257,Denmark,Rasmus Nissen Kristensen,Mathias Jensen,9
3857257,Denmark,Rasmus Nissen Kristensen,Pierre-Emile Højbjerg,4
3857257,Denmark,Robert Skov,Andreas Christensen,7
3857257,Denmark,Robert Skov,Christian Dannemann Eriksen,5
3857257,Denmark,Robert Skov,Mikkel Damsgaard,1
3857257,Denmark,Robert Skov,Pierre-Emile Højbjerg,3
3857257,Denmark,Jesper Lindstrøm,Andreas Christensen,3
3857257,Denmark,Jesper Lindstrøm,Christian Dannemann Eriksen,3
3857257,Denmark,Jesper Lindstrøm,Joakim Mæhle,8
3857257,Denmark,Jesper Lindstrøm,Kasper Dolberg,1
3857257,Denmark,Jesper Lindstrøm,Martin Braithwaite Christensen,1
3857257,Denmark,Jesper Lindstrøm,Mathias Jensen,1
3857257,Denmark,Jesper Lindstrøm,Pierre-Emile Højbjerg,2
3857257,Denmark,Jesper Lindstrøm,Robert Skov,1
3857258,Brazil,Alex Sandro Lobo Silva,Alisson Ramsés Becker,1
3857258,Brazil,Alex Sandro Lobo Silva,Antony Matheus dos Santos,3
3857258,Brazil,Alex Sandro Lobo Silva,Carlos Henrique Casimiro,11
3857258,Brazil,Alex Sandro Lobo Silva,Danilo Luiz da Silva,1
3857258,Brazil,Alex Sandro Lobo Silva,Frederico Rodrigues Santos,1
3857258,Brazil,Alex Sandro Lobo Silva,Gabriel Teodoro Martinelli Silva,1
3857258,Brazil,Alex Sandro Lobo Silva,Lucas Tolentino Coelho de Lima,5
3857258,Brazil,Alex Sandro Lobo Silva,Marcos Aoás Corrêa,6
3857258,Brazil,Alex Sandro Lobo Silva,Neymar da Silva Santos Junior,17
3857258,Brazil,Alex Sandro Lobo Silva,Richarlison de Andrade,1
3857258,Brazil,Alex Sandro Lobo Silva,Rodrygo Silva de Goes,4
3857258,Brazil,Alex Sandro Lobo Silva,Thiago Emiliano da Silva,19
3857258,Brazil,Alex Sandro Lobo Silva,Vinícius José Paixão de Oliveira Júnior,13
3857258,Brazil,Alisson Ramsés Becker,Alex Sandro Lobo Silva,5
3857258,Brazil,Alisson Ramsés Becker,Danilo Luiz da Silva,2
3857258,Brazil,Alisson Ramsés Becker,Lucas Tolentino Coelho de Lima,1
3857258,Brazil,Alisson Ramsés Becker,Marcos Aoás Corrêa,4
3857258,Brazil,Alisson Ramsés Becker,Neymar da Silva Santos Junior,1
3857258,Brazil,Alisson Ramsés Becker,Thiago Emiliano da Silva,7
3857258,Brazil,Antony Matheus dos Santos,Alex Sandro Lobo Silva,4
3857258,Brazil,Antony Matheus dos Santos,Carlos Henrique Casimiro,2
3857258,Brazil,Antony Matheus dos Santos,Danilo Luiz da Silva,3
3857258,Brazil,Antony Matheus dos Santos,Frederico Rodrigues Santos,1
3857258,Brazil,Antony Matheus dos Santos,Gabriel Fernando de Jesus,3
3857258,Brazil,Antony Matheus dos Santos,Rodrygo Silva de Goes,2
3857258,Brazil,Carlos Henrique Casimiro,Alex Sandro Lobo Silva,12
3857258,Brazil,Carlos Henrique Casimiro,Antony Matheus dos Santos,3
3857258,Brazil,Carlos Henrique Casimiro,Danilo Luiz da Silva,8
3857258,Brazil,Carlos Henrique Casimiro,Frederico Rodrigues Santos,3
3857258,Brazil,Carlos Henrique Casimiro,Lucas Tolentino Coelho de Lima,2
3857258,Brazil,Carlos Henrique Casimiro,Marcos Aoás Corrêa,7
3857258,Brazil,Carlos Henrique Casimiro,Neymar da Silva Santos Junior,6
3857258,Brazil,Carlos Henrique Casimiro,Raphael Dias Belloli,5
3857258,Brazil,Carlos Henrique Casimiro,Richarlison de Andrade,2
3857258,Brazil,Carlos Henrique Casimiro,Rodrygo Silva de Goes,2
3857258,Brazil,Carlos Henrique Casimiro,Thiago Emiliano da Silva,5
3857258,Brazil,Carlos Henrique Casimiro,Vinícius José Paixão de Oliveira Júnior,2
3857258,Brazil,Danilo Luiz da Silva,Alisson Ramsés Becker,1
3857258,Brazil,Danilo Luiz da Silva,Antony Matheus dos Santos,2
3857258,Brazil,Danilo Luiz da Silva,Carlos Henrique Casimiro,10
3857258,Brazil,Danilo Luiz da Silva,Frederico Rodrigues Santos,2
3857258,Brazil,Danilo Luiz da Silva,Lucas Tolentino Coelho de Lima,7
3857258,Brazil,Danilo Luiz da Silva,Marcos Aoás Corrêa,19
3857258,Brazil,Danilo Luiz da Silva,Neymar da Silva Santos Junior,4
3857258,Brazil,Danilo Luiz da Silva,Raphael Dias Belloli,12
3857258,Brazil,Danilo Luiz da Silva,Richarlison de Andrade,6
3857258,Brazil,Danilo Luiz da Silva,Rodrygo Silva de Goes,2
3857258,Brazil,Danilo Luiz da Silva,Thiago Emiliano da Silva,7
3857258,Brazil,Frederico Rodrigues Santos,Alex Sandro Lobo Silva,1
3857258,Brazil,Frederico Rodrigues Santos,Antony Matheus dos Santos,2
3857258,Brazil,Frederico Rodrigues Santos,Carlos Henrique Casimiro,1
3857258,Brazil,Frederico Rodrigues Santos,Danilo Luiz da Silva,5
3857258,Brazil,Frederico Rodrigues Santos,Gabriel Fernando de Jesus,2
3857258,Brazil,Frederico Rodrigues Santos,Raphael Dias Belloli,1
3857258,Brazil,Frederico Rodrigues Santos,Rodrygo Silva de Goes,2
3857258,Brazil,Gabriel Teodoro Martinelli Silva,Gabriel Fernando de Jesus,1
3857258,Brazil,Lucas Tolentino Coelho de Lima,Alex Sandro Lobo Silva,4
3857258,Brazil,Lucas Tolentino Coelho de Lima,Carlos Henrique Casimiro,4
3857258,Brazil,Lucas Tolentino Coelho de Lima,Danilo Luiz da Silva,5
3857258,Brazil,Lucas Tolentino Coelho de Lima,Marcos Aoás Corrêa,1
3857258,Brazil,Lucas Tolentino Coelho de Lima,Neymar da Silva Santos Junior,5
3857258,Brazil,Lucas Tolentino Coelho de Lima,Raphael Dias Belloli,7
3857258,Brazil,Lucas Tolentino Coelho de Lima,Richarlison de Andrade,1
3857258,Brazil,Lucas Tolentino Coelho de Lima,Thiago Emiliano da Silva,1
3857258,Brazil,Lucas Tolentino Coelho de Lima,Vinícius José Paixão de Oliveira Júnior,2
3857258,Brazil,Marcos Aoás Corrêa,Alex Sandro Lobo Silva,7
3857258,Brazil,Marcos Aoás Corrêa,Alisson Ramsés Becker,4
3857258,Brazil,Marcos Aoás Corrêa,Antony Matheus dos Santos,2
3857258,Brazil,Marcos Aoás Corrêa,Carlos Henrique Casimiro,8
3857258,Brazil,Marcos Aoás Corrêa,Danilo Luiz da Silva,14
3857258,Brazil,Marcos Aoás Corrêa,Neymar da Silva Santos Junior,3
3857258,Brazil,Marcos Aoás Corrêa,Raphael Dias Belloli,4
3857258,Brazil,Marcos Aoás Corrêa,Rodrygo Silva de Goes,1
3857258,Brazil,Marcos Aoás Corrêa,Thiago Emiliano da Silva,19
3857258,Brazil,Neymar da Silva Santos Junior,Alex Sandro Lobo Silva,10
3857258,Brazil,Neymar da Silva Santos Junior,Carlos Henrique Casimiro,3
3857258,Brazil,Neymar da Silva Santos Junior,Danilo Luiz da Silva,2
3857258,Brazil,Neymar da Silva Santos Junior,Lucas Tolentino Coelho de Lima,6
3857258,Brazil,Neymar da Silva Santos Junior,Marcos Aoás Corrêa,1
3857258,Brazil,Neymar da Silva Santos Junior,Raphael Dias Belloli,2
3857258,Brazil,Neymar da Silva Santos Junior,Richarlison de Andrade,2
3857258,Brazil,Neymar da Silva Santos Junior,Rodrygo Silva de Goes,1
3857258,Brazil,Neymar da Silva Santos Junior,Thiago Emiliano da Silva,1
3857258,Brazil,Neymar da Silva Santos Junior,Vinícius José Paixão de Oliveira Júnior,8
3857258,Brazil,Richarlison de Andrade,Danilo Luiz da Silva,2
3857258,Brazil,Richarlison de Andrade,Lucas Tolentino Coelho de Lima,3
3857258,Brazil,Richarlison de Andrade,Neymar da Silva Santos Junior,3
3857258,Brazil,Richarlison de Andrade,Raphael Dias Belloli,3
3857258,Brazil,Richarlison de Andrade,Vinícius José Paixão de Oliveira Júnior,1
3857258,Brazil,Rodrygo Silva de Goes,Antony Matheus dos Santos,3
3857258,Brazil,Rodrygo Silva de Goes,Danilo Luiz da Silva,2
3857258,Brazil,Rodrygo Silva de Goes,Frederico Rodrigues Santos,4
3857258,Brazil,Rodrygo Silva de Goes,Gabriel Teodoro Martinelli Silva,1
3857258,Brazil,Rodrygo Silva de Goes,Neymar da Silva Santos Junior,1
3857258,Brazil,Rodrygo Silva de Goes,Raphael Dias Belloli,1
3857258,Brazil,Thiago Emiliano da Silva,Alex Sandro Lobo Silva,19
3857258,Brazil,Thiago Emiliano da Silva,Antony Matheus dos Santos,1
3857258,Brazil,Thiago Emiliano da Silva,Carlos Henrique Casimiro,7
3857258,Brazil,Thiago Emiliano da Silva,Danilo Luiz da Silva,14
3857258,Brazil,Thiago Emiliano da Silva,Frederico Rodrigues Santos,1
3857258,Brazil,Thiago Emiliano da Silva,Lucas Tolentino Coelho de Lima,3
3857258,Brazil,Thiago Emiliano da Silva,Marcos Aoás Corrêa,12
3857258,Brazil,Thiago Emiliano da Silva,Neymar da Silva Santos Junior,8
3857258,Brazil,Thiago Emiliano da Silva,Richarlison de Andrade,1
3857258,Brazil,Thiago Emiliano da Silva,Vinícius José Paixão de Oliveira Júnior,3
3857258,Brazil,Vinícius José Paixão de Oliveira Júnior,Alex Sandro Lobo Silva,5
3857258,Brazil,Vinícius José Paixão de Oliveira Júnior,Carlos Henrique Casimiro,4
3857258,Brazil,Vinícius José Paixão de Oliveira Júnior,Lucas Tolentino Coelho de Lima,3
3857258,Brazil,Vinícius José Paixão de Oliveira Júnior,Neymar da Silva Santos Junior,5
3857258,Brazil,Vinícius José Paixão de Oliveira Júnior,Richarlison de Andrade,2
3857258,Brazil,Vinícius José Paixão de Oliveira Júnior,Thiago Emiliano da Silva,2
3857258,Brazil,Gabriel Fernando de Jesus,Antony Matheus dos Santos,3
3857258,Brazil,Gabriel Fernando de Jesus,Carlos Henrique Casimiro,1
3857258,Brazil,Gabriel Fernando de Jesus,Frederico Rodrigues Santos,1
3857258,Brazil,Gabriel Fernando de Jesus,Gabriel Teodoro Martinelli Silva,2
3857258,Brazil,Raphael Dias Belloli,Alex Sandro Lobo Silva,2
3857258,Brazil,Raphael Dias Belloli,Danilo Luiz da Silva,9
3857258,Brazil,Raphael Dias Belloli,Frederico Rodrigues Santos,1
3857258,Brazil,Raphael Dias Belloli,Gabriel Fernando de Jesus,1
3857258,Brazil,Raphael Dias Belloli,Lucas Tolentino Coelho de Lima,4
3857258,Brazil,Raphael Dias Belloli,Marcos Aoás Corrêa,2
3857258,Brazil,Raphael Dias Belloli,Neymar da Silva Santos Junior,5
3857258,Brazil,Raphael Dias Belloli,Richarlison de Andrade,2
3857258,Brazil,Raphael Dias Belloli,Rodrygo Silva de Goes,1
3857258,Brazil,Raphael Dias Belloli,Thiago Emiliano da Silva,1
3857258,Serbia,Aleksandar Mitrović,Andrija Živković,4
3857258,Serbia,Aleksandar Mitrović,Dušan Tadić,3
3857258,Serbia,Aleksandar Mitrović,Ivan Ilić,1
3857258,Serbia,Aleksandar Mitrović,Nemanja Gudelj,2
3857258,Serbia,Aleksandar Mitrović,Saša Lukić,2
3857258,Serbia,Aleksandar Mitrović,Sergej Milinković-Savić,4
3857258,Serbia,Aleksandar Mitrović,Strahinja Pavlović,1
3857258,Serbia,Andrija Živković,Aleksandar Mitrović,1
3857258,Serbia,Andrija Živković,Dušan Tadić,4
3857258,Serbia,Andrija Živković,Filip Mladenović,1
3857258,Serbia,Andrija Živković,Milos Veljkovic,1
3857258,Serbia,Andrija Živković,Nemanja Gudelj,1
3857258,Serbia,Andrija Živković,Nikola Milenković,5
3857258,Serbia,Andrija Živković,Saša Lukić,3
3857258,Serbia,Andrija Živković,Sergej Milinković-Savić,3
3857258,Serbia,Andrija Živković,Vanja Milinković Savić,1
3857258,Serbia,Dušan Tadić,Aleksandar Mitrović,2
3857258,Serbia,Dušan Tadić,Andrija Živković,3
3857258,Serbia,Dušan Tadić,Ivan Ilić,4
3857258,Serbia,Dušan Tadić,Milos Veljkovic,1
3857258,Serbia,Dušan Tadić,Nemanja Gudelj,1
3857258,Serbia,Dušan Tadić,Nemanja Maksimović,1
3857258,Serbia,Dušan Tadić,Nemanja Radonjić,1
3857258,Serbia,Dušan Tadić,Nikola Milenković,2
3857258,Serbia,Dušan Tadić,Saša Lukić,3
3857258,Serbia,Dušan Tadić,Sergej Milinković-Savić,2
3857258,Serbia,Ivan Ilić,Darko Lazović,1
3857258,Serbia,Ivan Ilić,Dušan Tadić,2
3857258,Serbia,Ivan Ilić,Milos Veljkovic,1
3857258,Serbia,Ivan Ilić,Nemanja Maksimović,1
3857258,Serbia,Ivan Ilić,Nemanja Radonjić,3
3857258,Serbia,Ivan Ilić,Nikola Milenković,3
3857258,Serbia,Ivan Ilić,Saša Lukić,1
3857258,Serbia,Ivan Ilić,Sergej Milinković-Savić,2
3857258,Serbia,Ivan Ilić,Strahinja Pavlović,4
3857258,Serbia,Ivan Ilić,Vanja Milinković Savić,1
3857258,Serbia,Nemanja Gudelj,Aleksandar Mitrović,2
3857258,Serbia,Nemanja Gudelj,Andrija Živković,2
3857258,Serbia,Nemanja Gudelj,Dušan Tadić,1
3857258,Serbia,Nemanja Gudelj,Filip Mladenović,3
3857258,Serbia,Nemanja Gudelj,Milos Veljkovic,6
3857258,Serbia,Nemanja Gudelj,Saša Lukić,6
3857258,Serbia,Nemanja Gudelj,Sergej Milinković-Savić,4
3857258,Serbia,Nemanja Gudelj,Strahinja Pavlović,4
3857258,Serbia,Nemanja Gudelj,Vanja Milinković Savić,1
3857258,Serbia,Saša Lukić,Aleksandar Mitrović,3
3857258,Serbia,Saša Lukić,Andrija Živković,2
3857258,Serbia,Saša Lukić,Dušan Tadić,2
3857258,Serbia,Saša Lukić,Filip Mladenović,1
3857258,Serbia,Saša Lukić,Milos Veljkovic,5
3857258,Serbia,Saša Lukić,Nemanja Gudelj,4
3857258,Serbia,Saša Lukić,Nikola Milenković,4
3857258,Serbia,Saša Lukić,Sergej Milinković-Savić,4
3857258,Serbia,Saša Lukić,Strahinja Pavlović,3
3857258,Serbia,Sergej Milinković-Savić,Aleksandar Mitrović,3
3857258,Serbia,Sergej Milinković-Savić,Andrija Živković,5
3857258,Serbia,Sergej Milinković-Savić,Darko Lazović,1
3857258,Serbia,Sergej Milinković-Savić,Dušan Tadić,4
3857258,Serbia,Sergej Milinković-Savić,Dušan Vlahović,1
3857258,Serbia,Sergej Milinković-Savić,Filip Mladenović,3
3857258,Serbia,Sergej Milinković-Savić,Milos Veljkovic,1
3857258,Serbia,Sergej Milinković-Savić,Nemanja Gudelj,4
3857258,Serbia,Sergej Milinković-Savić,Nemanja Radonjić,1
3857258,Serbia,Sergej Milinković-Savić,Nikola Milenković,1
3857258,Serbia,Sergej Milinković-Savić,Saša Lukić,1
3857258,Serbia,Sergej Milinković-Savić,Strahinja Pavlović,3
3857258,Serbia,Strahinja Pavlović,Aleksandar Mitrović,2
3857258,Serbia,Strahinja Pavlović,Dušan Tadić,4
3857258,Serbia,Strahinja Pavlović,Dušan Vlahović,2
3857258,Serbia,Strahinja Pavlović,Filip Mladenović,4
3857258,Serbia,Strahinja Pavlović,Ivan Ilić,2
3857258,Serbia,Strahinja Pavlović,Milos Veljkovic,3
3857258,Serbia,Strahinja Pavlović,Nemanja Gudelj,4
3857258,Serbia,Strahinja Pavlović,Nemanja Radonjić,3
3857258,Serbia,Strahinja Pavlović,Sergej Milinković-Savić,1
3857258,Serbia,Strahinja Pavlović,Vanja Milinković Savić,6
3857258,Serbia,Filip Mladenović,Aleksandar Mitrović,1
3857258,Serbia,Filip Mladenović,Dušan Tadić,1
3857258,Serbia,Filip Mladenović,Ivan Ilić,2
3857258,Serbia,Filip Mladenović,Milos Veljkovic,1
3857258,Serbia,Filip Mladenović,Nemanja Gudelj,5
3857258,Serbia,Filip Mladenović,Saša Lukić,1
3857258,Serbia,Filip Mladenović,Sergej Milinković-Savić,6
3857258,Serbia,Filip Mladenović,Strahinja Pavlović,2
3857258,Serbia,Milos Veljkovic,Aleksandar Mitrović,1
3857258,Serbia,Milos Veljkovic,Andrija Živković,1
3857258,Serbia,Milos Veljkovic,Dušan Tadić,1
3857258,Serbia,Milos Veljkovic,Ivan Ilić,2
3857258,Serbia,Milos Veljkovic,Nemanja Gudelj,4
3857258,Serbia,Milos Veljkovic,Nemanja Radonjić,1
3857258,Serbia,Milos Veljkovic,Nikola Milenković,13
3857258,Serbia,Milos Veljkovic,Saša Lukić,1
3857258,Serbia,Milos Veljkovic,Sergej Milinković-Savić,1
3857258,Serbia,Milos Veljkovic,Strahinja Pavlović,8
3857258,Serbia,Milos Veljkovic,Vanja Milinković Savić,7
3857258,Serbia,Nikola Milenković,Andrija Živković,2
3857258,Serbia,Nikola Milenković,Darko Lazović,5
3857258,Serbia,Nikola Milenković,Dušan Tadić,6
3857258,Serbia,Nikola Milenković,Dušan Vlahović,2
3857258,Serbia,Nikola Milenković,Filip Mladenović,1
3857258,Serbia,Nikola Milenković,Ivan Ilić,2
3857258,Serbia,Nikola Milenković,Milos Veljkovic,6
3857258,Serbia,Nikola Milenković,Nemanja Gudelj,4
3857258,Serbia,Nikola Milenković,Nemanja Maksimović,1
3857258,Serbia,Nikola Milenković,Saša Lukić,6
3857258,Serbia,Nikola Milenković,Sergej Milinković-Savić,2
3857258,Serbia,Nikola Milenković,Vanja Milinković Savić,5
3857258,Serbia,Vanja Milinković Savić,Aleksandar Mitrović,4
3857258,Serbia,Vanja Milinković Savić,Andrija Živković,1
3857258,Serbia,Vanja Milinković Savić,Dušan Vlahović,1
3857258,Serbia,Vanja Milinković Savić,Filip Mladenović,2
3857258,Serbia,Vanja Milinković Savić,Ivan Ilić,2
3857258,Serbia,Vanja Milinković Savić,Milos Veljkovic,12
3857258,Serbia,Vanja Milinković Savić,Nemanja Gudelj,1
3857258,Serbia,Vanja Milinković Savić,Nemanja Maksimović,1
3857258,Serbia,Vanja Milinković Savić,Nikola Milenković,1
3857258,Serbia,Vanja Milinković Savić,Saša Lukić,1
3857258,Serbia,Vanja Milinković Savić,Sergej Milinković-Savić,2
3857258,Serbia,Vanja Milinković Savić,Strahinja Pavlović,7
3857258,Serbia,Darko Lazović,Dušan Vlahović,1
3857258,Serbia,Darko Lazović,Ivan Ilić,1
3857258,Serbia,Darko Lazović,Nemanja Maksimović,1
3857258,Serbia,Darko Lazović,Nikola Milenković,2
3857258,Serbia,Darko Lazović,Sergej Milinković-Savić,1
3857258,Serbia,Darko Lazović,Vanja Milinković Savić,1
3857258,Serbia,Dušan Vlahović,Darko Lazović,1
3857258,Serbia,Dušan Vlahović,Dušan Tadić,1
3857258,Serbia,Dušan Vlahović,Nemanja Radonjić,2
3857258,Serbia,Nemanja Maksimović,Milos Veljkovic,2
3857258,Serbia,Nemanja Maksimović,Nikola Milenković,1
3857258,Serbia,Nemanja Maksimović,Sergej Milinković-Savić,1
3857258,Serbia,Nemanja Maksimović,Vanja Milinković Savić,1
3857258,Serbia,Nemanja Radonjić,Dušan Tadić,2
3857258,Serbia,Nemanja Radonjić,Sergej Milinković-Savić,3
3857258,Serbia,Nemanja Radonjić,Strahinja Pavlović,2
3857259,Cameroon,André-Frank Zambo Anguissa,Bryan Mbeumo,2
3857259,Cameroon,André-Frank Zambo Anguissa,Christian Mougang Bassogog,1
3857259,Cameroon,André-Frank Zambo Anguissa,Gaël Ondoua,1
3857259,Cameroon,André-Frank Zambo Anguissa,Jean-Eric Maxim Choupo-Moting,1
3857259,Cameroon,André-Frank Zambo Anguissa,Karl Brillant Toko Ekambi,2
3857259,Cameroon,André-Frank Zambo Anguissa,Martin Hongla Yma II,3
3857259,Cameroon,André-Frank Zambo Anguissa,Ngoran Suiru Fai Collins,4
3857259,Cameroon,André-Frank Zambo Anguissa,Nicolas Alexis Julio N'Koulou Ndoubena,3
3857259,Cameroon,André-Frank Zambo Anguissa,Pierre Kunde Malong,2
3857259,Cameroon,André-Frank Zambo Anguissa,Vincent Paté Aboubakar,1
3857259,Cameroon,Bryan Mbeumo,André-Frank Zambo Anguissa,1
3857259,Cameroon,Bryan Mbeumo,Jean-Eric Maxim Choupo-Moting,2
3857259,Cameroon,Bryan Mbeumo,Ngoran Suiru Fai Collins,7
3857259,Cameroon,Bryan Mbeumo,Nicolas Alexis Julio N'Koulou Ndoubena,1
3857259,Cameroon,Bryan Mbeumo,Vincent Paté Aboubakar,2
3857259,Cameroon,Christian Mougang Bassogog,Jean-Charles Castelletto,1
3857259,Cameroon,Christian Mougang Bassogog,Jean-Eric Maxim Choupo-Moting,1
3857259,Cameroon,Christian Mougang Bassogog,Ngoran Suiru Fai Collins,3
3857259,Cameroon,Gaël Ondoua,André-Frank Zambo Anguissa,3
3857259,Cameroon,Gaël Ondoua,Bryan Mbeumo,1
3857259,Cameroon,Gaël Ondoua,Christian Mougang Bassogog,1
3857259,Cameroon,Gaël Ondoua,Georges-Kévin Nkoudou Mbida,1
3857259,Cameroon,Gaël Ondoua,Ngoran Suiru Fai Collins,2
3857259,Cameroon,Gaël Ondoua,Nouhou Tolo,1
3857259,Cameroon,Gaël Ondoua,Samuel Yves Oum Gwet,1
3857259,Cameroon,Jean-Eric Maxim Choupo-Moting,Bryan Mbeumo,2
3857259,Cameroon,Jean-Eric Maxim Choupo-Moting,Christian Mougang Bassogog,1
3857259,Cameroon,Jean-Eric Maxim Choupo-Moting,Georges-Kévin Nkoudou Mbida,2
3857259,Cameroon,Jean-Eric Maxim Choupo-Moting,Jean-Charles Castelletto,1
3857259,Cameroon,Jean-Eric Maxim Choupo-Moting,Karl Brillant Toko Ekambi,2
3857259,Cameroon,Jean-Eric Maxim Choupo-Moting,Martin Hongla Yma II,2
3857259,Cameroon,Jean-Eric Maxim Choupo-Moting,Ngoran Suiru Fai Collins,3
3857259,Cameroon,Jean-Eric Maxim Choupo-Moting,Nicolas Alexis Julio N'Koulou Ndoubena,1
3857259,Cameroon,Jean-Eric Maxim Choupo-Moting,Pierre Kunde Malong,3
3857259,Cameroon,Jean-Eric Maxim Choupo-Moting,Vincent Paté Aboubakar,2
3857259,Cameroon,Karl Brillant Toko Ekambi,André-Frank Zambo Anguissa,3
3857259,Cameroon,Karl Brillant Toko Ekambi,Bryan Mbeumo,3
3857259,Cameroon,Karl Brillant Toko Ekambi,Pierre Kunde Malong,1
3857259,Cameroon,Martin Hongla Yma II,André-Frank Zambo Anguissa,2
3857259,Cameroon,Martin Hongla Yma II,Bryan Mbeumo,2
3857259,Cameroon,Martin Hongla Yma II,Devis Rogers Epassy Mboka,2
3857259,Cameroon,Martin Hongla Yma II,Jean-Charles Castelletto,3
3857259,Cameroon,Martin Hongla Yma II,Ngoran Suiru Fai Collins,5
3857259,Cameroon,Martin Hongla Yma II,Nicolas Alexis Julio N'Koulou Ndoubena,1
3857259,Cameroon,Martin Hongla Yma II,Nouhou Tolo,4
3857259,Cameroon,Martin Hongla Yma II,Pierre Kunde Malong,3
3857259,Cameroon,Ngoran Suiru Fai Collins,André-Frank Zambo Anguissa,3
3857259,Cameroon,Ngoran Suiru Fai Collins,Bryan Mbeumo,7
3857259,Cameroon,Ngoran Suiru Fai Collins,Christian Mougang Bassogog,3
3857259,Cameroon,Ngoran Suiru Fai Collins,Gaël Ondoua,3
3857259,Cameroon,Ngoran Suiru Fai Collins,Georges-Kévin Nkoudou Mbida,1
3857259,Cameroon,Ngoran Suiru Fai Collins,Jean-Charles Castelletto,5
3857259,Cameroon,Ngoran Suiru Fai Collins,Jean-Eric Maxim Choupo-Moting,2
3857259,Cameroon,Ngoran Suiru Fai Collins,Martin Hongla Yma II,10
3857259,Cameroon,Ngoran Suiru Fai Collins,Nicolas Alexis Julio N'Koulou Ndoubena,1
3857259,Cameroon,Ngoran Suiru Fai Collins,Nouhou Tolo,1
3857259,Cameroon,Ngoran Suiru Fai Collins,Pierre Kunde Malong,7
3857259,Cameroon,Ngoran Suiru Fai Collins,Vincent Paté Aboubakar,1
3857259,Cameroon,Nicolas Alexis Julio N'Koulou Ndoubena,André-Frank Zambo Anguissa,1
3857259,Cameroon,Nicolas Alexis Julio N'Koulou Ndoubena,Bryan Mbeumo,1
3857259,Cameroon,Nicolas Alexis Julio N'Koulou Ndoubena,Devis Rogers Epassy Mboka,10
3857259,Cameroon,Nicolas Alexis Julio N'Koulou Ndoubena,Jean-Charles Castelletto,3
3857259,Cameroon,Nicolas Alexis Julio N'Koulou Ndoubena,Jean-Eric Maxim Choupo-Moting,2
3857259,Cameroon,Nicolas Alexis Julio N'Koulou Ndoubena,Karl Brillant Toko Ekambi,1
3857259,Cameroon,Nicolas Alexis Julio N'Koulou Ndoubena,Martin Hongla Yma II,1
3857259,Cameroon,Nicolas Alexis Julio N'Koulou Ndoubena,Nouhou Tolo,8
3857259,Cameroon,Pierre Kunde Malong,André-Frank Zambo Anguissa,1
3857259,Cameroon,Pierre Kunde Malong,Bryan Mbeumo,1
3857259,Cameroon,Pierre Kunde Malong,Devis Rogers Epassy Mboka,1
3857259,Cameroon,Pierre Kunde Malong,Jean-Charles Castelletto,3
3857259,Cameroon,Pierre Kunde Malong,Karl Brillant Toko Ekambi,2
3857259,Cameroon,Pierre Kunde Malong,Martin Hongla Yma II,2
3857259,Cameroon,Pierre Kunde Malong,Ngoran Suiru Fai Collins,3
3857259,Cameroon,Pierre Kunde Malong,Nicolas Alexis Julio N'Koulou Ndoubena,3
3857259,Cameroon,Pierre Kunde Malong,Nouhou Tolo,1
3857259,Cameroon,Vincent Paté Aboubakar,Bryan Mbeumo,1
3857259,Cameroon,Vincent Paté Aboubakar,Christian Mougang Bassogog,1
3857259,Cameroon,Vincent Paté Aboubakar,Gaël Ondoua,1
3857259,Cameroon,Vincent Paté Aboubakar,Jean-Eric Maxim Choupo-Moting,1
3857259,Cameroon,Vincent Paté Aboubakar,Ngoran Suiru Fai Collins,1
3857259,Cameroon,Vincent Paté Aboubakar,Nouhou Tolo,1
3857259,Cameroon,Vincent Paté Aboubakar,Samuel Yves Oum Gwet,1
3857259,Cameroon,Jean-Charles Castelletto,André-Frank Zambo Anguissa,1
3857259,Cameroon,Jean-Charles Castelletto,Bryan Mbeumo,1
3857259,Cameroon,Jean-Charles Castelletto,Christian Mougang Bassogog,2
3857259,Cameroon,Jean-Charles Castelletto,Devis Rogers Epassy Mboka,4
3857259,Cameroon,Jean-Charles Castelletto,Jean-Eric Maxim Choupo-Moting,2
3857259,Cameroon,Jean-Charles Castelletto,Martin Hongla Yma II,3
3857259,Cameroon,Jean-Charles Castelletto,Ngoran Suiru Fai Collins,5
3857259,Cameroon,Jean-Charles Castelletto,Nicolas Alexis Julio N'Koulou Ndoubena,1
3857259,Cameroon,Jean-Charles Castelletto,Nouhou Tolo,1
3857259,Cameroon,Jean-Charles Castelletto,Pierre Kunde Malong,3
3857259,Cameroon,Jean-Charles Castelletto,Vincent Paté Aboubakar,1
3857259,Cameroon,Devis Rogers Epassy Mboka,Jean-Charles Castelletto,5
3857259,Cameroon,Devis Rogers Epassy Mboka,Jean-Eric Maxim Choupo-Moting,6
3857259,Cameroon,Devis Rogers Epassy Mboka,Karl Brillant Toko Ekambi,1
3857259,Cameroon,Devis Rogers Epassy Mboka,Martin Hongla Yma II,1
3857259,Cameroon,Devis Rogers Epassy Mboka,Ngoran Suiru Fai Collins,4
3857259,Cameroon,Devis Rogers Epassy Mboka,Nicolas Alexis Julio N'Koulou Ndoubena,4
3857259,Cameroon,Devis Rogers Epassy Mboka,Nouhou Tolo,5
3857259,Cameroon,Nouhou Tolo,André-Frank Zambo Anguissa,2
3857259,Cameroon,Nouhou Tolo,Bryan Mbeumo,2
3857259,Cameroon,Nouhou Tolo,Devis Rogers Epassy Mboka,1
3857259,Cameroon,Nouhou Tolo,Jean-Eric Maxim Choupo-Moting,2
3857259,Cameroon,Nouhou Tolo,Karl Brillant Toko Ekambi,1
3857259,Cameroon,Nouhou Tolo,Martin Hongla Yma II,1
3857259,Cameroon,Nouhou Tolo,Nicolas Alexis Julio N'Koulou Ndoubena,12
3857259,Cameroon,Nouhou Tolo,Pierre Kunde Malong,2
3857259,Cameroon,Nouhou Tolo,Vincent Paté Aboubakar,2
3857259,Cameroon,Georges-Kévin Nkoudou Mbida,Gaël Ondoua,1
3857259,Cameroon,Georges-Kévin Nkoudou Mbida,Jean-Eric Maxim Choupo-Moting,1
3857259,Cameroon,Georges-Kévin Nkoudou Mbida,Nouhou Tolo,2
3857259,Cameroon,Georges-Kévin Nkoudou Mbida,Samuel Yves Oum Gwet,2
3857259,Cameroon,Samuel Yves Oum Gwet,Christian Mougang Bassogog,1
3857259,Cameroon,Samuel Yves Oum Gwet,Georges-Kévin Nkoudou Mbida,2
3857259,Cameroon,Samuel Yves Oum Gwet,Nicolas Alexis Julio N'Koulou Ndoubena,1
3857259,Serbia,Aleksandar Mitrović,Andrija Živković,1
3857259,Serbia,Aleksandar Mitrović,Dušan Tadić,4
3857259,Serbia,Aleksandar Mitrović,Filip Kostić,1
3857259,Serbia,Aleksandar Mitrović,Nemanja Maksimović,2
3857259,Serbia,Aleksandar Mitrović,Saša Lukić,4
3857259,Serbia,Aleksandar Mitrović,Sergej Milinković-Savić,5
3857259,Serbia,Aleksandar Mitrović,Stefan Mitrović,1
3857259,Serbia,Andrija Živković,Aleksandar Mitrović,6
3857259,Serbia,Andrija Živković,Dušan Tadić,8
3857259,Serbia,Andrija Živković,Milos Veljkovic,2
3857259,Serbia,Andrija Živković,Nemanja Maksimović,1
3857259,Serbia,Andrija Živković,Nikola Milenković,5
3857259,Serbia,Andrija Živković,Saša Lukić,3
3857259,Serbia,Andrija Živković,Sergej Milinković-Savić,7
3857259,Serbia,Dušan Tadić,Aleksandar Mitrović,3
3857259,Serbia,Dušan Tadić,Andrija Živković,2
3857259,Serbia,Dušan Tadić,Filip Kostić,14
3857259,Serbia,Dušan Tadić,Filip Đuričić,1
3857259,Serbia,Dušan Tadić,Marko Grujić,1
3857259,Serbia,Dušan Tadić,Nemanja Maksimović,3
3857259,Serbia,Dušan Tadić,Nemanja Radonjić,1
3857259,Serbia,Dušan Tadić,Nikola Milenković,3
3857259,Serbia,Dušan Tadić,Saša Lukić,3
3857259,Serbia,Dušan Tadić,Sergej Milinković-Savić,4
3857259,Serbia,Dušan Tadić,Stefan Mitrović,2
3857259,Serbia,Dušan Tadić,Strahinja Pavlović,3
3857259,Serbia,Filip Kostić,Aleksandar Mitrović,2
3857259,Serbia,Filip Kostić,Dušan Tadić,10
3857259,Serbia,Filip Kostić,Marko Grujić,2
3857259,Serbia,Filip Kostić,Nemanja Maksimović,1
3857259,Serbia,Filip Kostić,Saša Lukić,5
3857259,Serbia,Filip Kostić,Sergej Milinković-Savić,8
3857259,Serbia,Filip Kostić,Srđan Babić,3
3857259,Serbia,Filip Kostić,Stefan Mitrović,3
3857259,Serbia,Filip Kostić,Strahinja Pavlović,4
3857259,Serbia,Nemanja Maksimović,Aleksandar Mitrović,1
3857259,Serbia,Nemanja Maksimović,Andrija Živković,3
3857259,Serbia,Nemanja Maksimović,Dušan Tadić,4
3857259,Serbia,Nemanja Maksimović,Filip Kostić,2
3857259,Serbia,Nemanja Maksimović,Marko Grujić,1
3857259,Serbia,Nemanja Maksimović,Milos Veljkovic,2
3857259,Serbia,Nemanja Maksimović,Nikola Milenković,5
3857259,Serbia,Nemanja Maksimović,Saša Lukić,3
3857259,Serbia,Nemanja Maksimović,Sergej Milinković-Savić,4
3857259,Serbia,Nemanja Maksimović,Srđan Babić,2
3857259,Serbia,Nemanja Maksimović,Stefan Mitrović,2
3857259,Serbia,Saša Lukić,Aleksandar Mitrović,3
3857259,Serbia,Saša Lukić,Andrija Živković,6
3857259,Serbia,Saša Lukić,Dušan Tadić,10
3857259,Serbia,Saša Lukić,Filip Kostić,7
3857259,Serbia,Saša Lukić,Marko Grujić,2
3857259,Serbia,Saša Lukić,Milos Veljkovic,3
3857259,Serbia,Saša Lukić,Nemanja Maksimović,4
3857259,Serbia,Saša Lukić,Nemanja Radonjić,1
3857259,Serbia,Saša Lukić,Nikola Milenković,5
3857259,Serbia,Saša Lukić,Sergej Milinković-Savić,10
3857259,Serbia,Saša Lukić,Stefan Mitrović,1
3857259,Serbia,Saša Lukić,Strahinja Pavlović,7
3857259,Serbia,Saša Lukić,Vanja Milinković Savić,3
3857259,Serbia,Sergej Milinković-Savić,Aleksandar Mitrović,1
3857259,Serbia,Sergej Milinković-Savić,Andrija Živković,9
3857259,Serbia,Sergej Milinković-Savić,Dušan Tadić,5
3857259,Serbia,Sergej Milinković-Savić,Filip Kostić,5
3857259,Serbia,Sergej Milinković-Savić,Nemanja Maksimović,1
3857259,Serbia,Sergej Milinković-Savić,Nikola Milenković,4
3857259,Serbia,Sergej Milinković-Savić,Saša Lukić,8
3857259,Serbia,Sergej Milinković-Savić,Strahinja Pavlović,3
3857259,Serbia,Stefan Mitrović,Dušan Tadić,2
3857259,Serbia,Stefan Mitrović,Marko Grujić,2
3857259,Serbia,Stefan Mitrović,Milos Veljkovic,3
3857259,Serbia,Stefan Mitrović,Nemanja Maksimović,2
3857259,Serbia,Stefan Mitrović,Nikola Milenković,2
3857259,Serbia,Stefan Mitrović,Saša Lukić,4
3857259,Serbia,Stefan Mitrović,Srđan Babić,1
3857259,Serbia,Stefan Mitrović,Vanja Milinković Savić,1
3857259,Serbia,Milos Veljkovic,Aleksandar Mitrović,1
3857259,Serbia,Milos Veljkovic,Andrija Živković,3
3857259,Serbia,Milos Veljkovic,Dušan Tadić,2
3857259,Serbia,Milos Veljkovic,Filip Kostić,1
3857259,Serbia,Milos Veljkovic,Nemanja Maksimović,2
3857259,Serbia,Milos Veljkovic,Nikola Milenković,3
3857259,Serbia,Milos Veljkovic,Saša Lukić,9
3857259,Serbia,Milos Veljkovic,Sergej Milinković-Savić,2
3857259,Serbia,Milos Veljkovic,Stefan Mitrović,2
3857259,Serbia,Milos Veljkovic,Strahinja Pavlović,1
3857259,Serbia,Milos Veljkovic,Vanja Milinković Savić,4
3857259,Serbia,Nikola Milenković,Aleksandar Mitrović,2
3857259,Serbia,Nikola Milenković,Andrija Živković,4
3857259,Serbia,Nikola Milenković,Dušan Tadić,1
3857259,Serbia,Nikola Milenković,Filip Kostić,1
3857259,Serbia,Nikola Milenković,Marko Grujić,1
3857259,Serbia,Nikola Milenković,Milos Veljkovic,5
3857259,Serbia,Nikola Milenković,Nemanja Maksimović,3
3857259,Serbia,Nikola Milenković,Nemanja Radonjić,1
3857259,Serbia,Nikola Milenković,Saša Lukić,12
3857259,Serbia,Nikola Milenković,Sergej Milinković-Savić,5
3857259,Serbia,Nikola Milenković,Strahinja Pavlović,1
3857259,Serbia,Nikola Milenković,Vanja Milinković Savić,7
3857259,Serbia,Filip Đuričić,Dušan Tadić,1
3857259,Serbia,Filip Đuričić,Marko Grujić,2
3857259,Serbia,Marko Grujić,Aleksandar Mitrović,1
3857259,Serbia,Marko Grujić,Dušan Tadić,1
3857259,Serbia,Marko Grujić,Filip Kostić,5
3857259,Serbia,Marko Grujić,Filip Đuričić,1
3857259,Serbia,Marko Grujić,Nemanja Maksimović,1
3857259,Serbia,Marko Grujić,Nemanja Radonjić,1
3857259,Serbia,Marko Grujić,Nikola Milenković,2
3857259,Serbia,Marko Grujić,Saša Lukić,1
3857259,Serbia,Marko Grujić,Srđan Babić,1
3857259,Serbia,Nemanja Radonjić,Dušan Tadić,1
3857259,Serbia,Nemanja Radonjić,Filip Kostić,1
3857259,Serbia,Nemanja Radonjić,Marko Grujić,1
3857259,Serbia,Nemanja Radonjić,Saša Lukić,1
3857259,Serbia,Strahinja Pavlović,Aleksandar Mitrović,3
3857259,Serbia,Strahinja Pavlović,Andrija Živković,1
3857259,Serbia,Strahinja Pavlović,Dušan Tadić,3
3857259,Serbia,Strahinja Pavlović,Filip Kostić,7
3857259,Serbia,Strahinja Pavlović,Milos Veljkovic,2
3857259,Serbia,Strahinja Pavlović,Nemanja Maksimović,1
3857259,Serbia,Strahinja Pavlović,Saša Lukić,3
3857259,Serbia,Strahinja Pavlović,Sergej Milinković-Savić,1
3857259,Serbia,Strahinja Pavlović,Vanja Milinković Savić,3
3857259,Serbia,Srđan Babić,Dušan Tadić,1
3857259,Serbia,Srđan Babić,Marko Grujić,2
3857259,Serbia,Srđan Babić,Nemanja Maksimović,2
3857259,Serbia,Srđan Babić,Saša Lukić,2
3857259,Serbia,Srđan Babić,Stefan Mitrović,4
3857259,Serbia,Vanja Milinković Savić,Dušan Tadić,1
3857259,Serbia,Vanja Milinković Savić,Marko Grujić,1
3857259,Serbia,Vanja Milinković Savić,Milos Veljkovic,9
3857259,Serbia,Vanja Milinković Savić,Nemanja Maksimović,2
3857259,Serbia,Vanja Milinković Savić,Nikola Milenković,2
3857259,Serbia,Vanja Milinković Savić,Saša Lukić,2
3857259,Serbia,Vanja Milinković Savić,Srđan Babić,5
3857259,Serbia,Vanja Milinković Savić,Stefan Mitrović,2
3857259,Serbia,Vanja Milinković Savić,Strahinja Pavlović,3
3857260,Mexico,Carlos Alberto Rodríguez Gómez,Edson Omar Álvarez Velázquez,2
3857260,Mexico,Carlos Alberto Rodríguez Gómez,Hirving Rodrigo Lozano Bahena,1
3857260,Mexico,Edson Omar Álvarez Velázquez,Carlos Alberto Rodríguez Gómez,1
3857260,Mexico,Edson Omar Álvarez Velázquez,Carlos Uriel Antuna Romero,3
3857260,Mexico,Edson Omar Álvarez Velázquez,César Jasib Montes Castro,10
3857260,Mexico,Edson Omar Álvarez Velázquez,Francisco Guillermo Ochoa Magaña,1
3857260,Mexico,Edson Omar Álvarez Velázquez,Hirving Rodrigo Lozano Bahena,5
3857260,Mexico,Edson Omar Álvarez Velázquez,Héctor Alfredo Moreno Herrera,5
3857260,Mexico,Edson Omar Álvarez Velázquez,Jesús Daniel Gallardo Vasconcelos,1
3857260,Mexico,Edson Omar Álvarez Velázquez,Jorge Eduardo Sánchez Ramos,4
3857260,Mexico,Edson Omar Álvarez Velázquez,Luis Gerardo Chávez Magallón,5
3857260,Mexico,Edson Omar Álvarez Velázquez,Orbelín Pineda Alvarado,6
3857260,Mexico,Hirving Rodrigo Lozano Bahena,Carlos Alberto Rodríguez Gómez,2
3857260,Mexico,Hirving Rodrigo Lozano Bahena,Carlos Uriel Antuna Romero,1
3857260,Mexico,Hirving Rodrigo Lozano Bahena,César Jasib Montes Castro,1
3857260,Mexico,Hirving Rodrigo Lozano Bahena,Edson Omar Álvarez Velázquez,1
3857260,Mexico,Hirving Rodrigo Lozano Bahena,Ernesto Alexis Vega Rojas,1
3857260,Mexico,Hirving Rodrigo Lozano Bahena,Henry Josué Martín Mex,5
3857260,Mexico,Hirving Rodrigo Lozano Bahena,Héctor Alfredo Moreno Herrera,1
3857260,Mexico,Hirving Rodrigo Lozano Bahena,Jorge Eduardo Sánchez Ramos,1
3857260,Mexico,Hirving Rodrigo Lozano Bahena,Luis Gerardo Chávez Magallón,1
3857260,Mexico,Hirving Rodrigo Lozano Bahena,Orbelín Pineda Alvarado,4
3857260,Mexico,Hirving Rodrigo Lozano Bahena,Rogelio Gabriel Funes Mori,1
3857260,Mexico,Carlos Uriel Antuna Romero,Jorge Eduardo Sánchez Ramos,1
3857260,Mexico,Carlos Uriel Antuna Romero,Luis Gerardo Chávez Magallón,3
3857260,Mexico,Jorge Eduardo Sánchez Ramos,Carlos Uriel Antuna Romero,3
3857260,Mexico,Jorge Eduardo Sánchez Ramos,César Jasib Montes Castro,5
3857260,Mexico,Jorge Eduardo Sánchez Ramos,Edson Omar Álvarez Velázquez,3
3857260,Mexico,Jorge Eduardo Sánchez Ramos,Henry Josué Martín Mex,1
3857260,Mexico,Jorge Eduardo Sánchez Ramos,Hirving Rodrigo Lozano Bahena,7
3857260,Mexico,Jorge Eduardo Sánchez Ramos,Héctor Alfredo Moreno Herrera,1
3857260,Mexico,Jorge Eduardo Sánchez Ramos,Luis Gerardo Chávez Magallón,3
3857260,Mexico,Jorge Eduardo Sánchez Ramos,Orbelín Pineda Alvarado,6
3857260,Mexico,Luis Gerardo Chávez Magallón,Carlos Alberto Rodríguez Gómez,1
3857260,Mexico,Luis Gerardo Chávez Magallón,César Jasib Montes Castro,6
3857260,Mexico,Luis Gerardo Chávez Magallón,Edson Omar Álvarez Velázquez,1
3857260,Mexico,Luis Gerardo Chávez Magallón,Ernesto Alexis Vega Rojas,1
3857260,Mexico,Luis Gerardo Chávez Magallón,Francisco Guillermo Ochoa Magaña,1
3857260,Mexico,Luis Gerardo Chávez Magallón,Henry Josué Martín Mex,3
3857260,Mexico,Luis Gerardo Chávez Magallón,Hirving Rodrigo Lozano Bahena,4
3857260,Mexico,Luis Gerardo Chávez Magallón,Héctor Alfredo Moreno Herrera,4
3857260,Mexico,Luis Gerardo Chávez Magallón,Jesús Daniel Gallardo Vasconcelos,5
3857260,Mexico,Luis Gerardo Chávez Magallón,Jorge Eduardo Sánchez Ramos,5
3857260,Mexico,Luis Gerardo Chávez Magallón,Orbelín Pineda Alvarado,6
3857260,Mexico,Luis Gerardo Chávez Magallón,Raúl Alonso Jiménez Rodríguez,1
3857260,Mexico,César Jasib Montes Castro,Carlos Alberto Rodríguez Gómez,1
3857260,Mexico,César Jasib Montes Castro,Edson Omar Álvarez Velázquez,13
3857260,Mexico,César Jasib Montes Castro,Francisco Guillermo Ochoa Magaña,9
3857260,Mexico,César Jasib Montes Castro,Henry Josué Martín Mex,2
3857260,Mexico,César Jasib Montes Castro,Hirving Rodrigo Lozano Bahena,2
3857260,Mexico,César Jasib Montes Castro,Héctor Alfredo Moreno Herrera,13
3857260,Mexico,César Jasib Montes Castro,Jesús Daniel Gallardo Vasconcelos,2
3857260,Mexico,César Jasib Montes Castro,Jorge Eduardo Sánchez Ramos,8
3857260,Mexico,César Jasib Montes Castro,Kevin Nahin Álvarez Campos,2
3857260,Mexico,César Jasib Montes Castro,Luis Gerardo Chávez Magallón,2
3857260,Mexico,César Jasib Montes Castro,Orbelín Pineda Alvarado,3
3857260,Mexico,Francisco Guillermo Ochoa Magaña,Carlos Alberto Rodríguez Gómez,1
3857260,Mexico,Francisco Guillermo Ochoa Magaña,César Jasib Montes Castro,13
3857260,Mexico,Francisco Guillermo Ochoa Magaña,Edson Omar Álvarez Velázquez,3
3857260,Mexico,Francisco Guillermo Ochoa Magaña,Hirving Rodrigo Lozano Bahena,5
3857260,Mexico,Francisco Guillermo Ochoa Magaña,Héctor Alfredo Moreno Herrera,9
3857260,Mexico,Francisco Guillermo Ochoa Magaña,Jesús Daniel Gallardo Vasconcelos,4
3857260,Mexico,Francisco Guillermo Ochoa Magaña,Luis Gerardo Chávez Magallón,3
3857260,Mexico,Henry Josué Martín Mex,Edson Omar Álvarez Velázquez,1
3857260,Mexico,Henry Josué Martín Mex,Ernesto Alexis Vega Rojas,1
3857260,Mexico,Henry Josué Martín Mex,Jorge Eduardo Sánchez Ramos,1
3857260,Mexico,Henry Josué Martín Mex,Luis Gerardo Chávez Magallón,3
3857260,Mexico,Henry Josué Martín Mex,Orbelín Pineda Alvarado,1
3857260,Mexico,Héctor Alfredo Moreno Herrera,Carlos Alberto Rodríguez Gómez,1
3857260,Mexico,Héctor Alfredo Moreno Herrera,Carlos Uriel Antuna Romero,1
3857260,Mexico,Héctor Alfredo Moreno Herrera,César Jasib Montes Castro,16
3857260,Mexico,Héctor Alfredo Moreno Herrera,Edson Omar Álvarez Velázquez,7
3857260,Mexico,Héctor Alfredo Moreno Herrera,Ernesto Alexis Vega Rojas,5
3857260,Mexico,Héctor Alfredo Moreno Herrera,Francisco Guillermo Ochoa Magaña,5
3857260,Mexico,Héctor Alfredo Moreno Herrera,Henry Josué Martín Mex,1
3857260,Mexico,Héctor Alfredo Moreno Herrera,Hirving Rodrigo Lozano Bahena,3
3857260,Mexico,Héctor Alfredo Moreno Herrera,Jesús Daniel Gallardo Vasconcelos,8
3857260,Mexico,Héctor Alfredo Moreno Herrera,Luis Gerardo Chávez Magallón,6
3857260,Mexico,Héctor Alfredo Moreno Herrera,Orbelín Pineda Alvarado,2
3857260,Mexico,Jesús Daniel Gallardo Vasconcelos,César Jasib Montes Castro,2
3857260,Mexico,Jesús Daniel Gallardo Vasconcelos,Edson Omar Álvarez Velázquez,3
3857260,Mexico,Jesús Daniel Gallardo Vasconcelos,Ernesto Alexis Vega Rojas,5
3857260,Mexico,Jesús Daniel Gallardo Vasconcelos,Francisco Guillermo Ochoa Magaña,5
3857260,Mexico,Jesús Daniel Gallardo Vasconcelos,Henry Josué Martín Mex,1
3857260,Mexico,Jesús Daniel Gallardo Vasconcelos,Hirving Rodrigo Lozano Bahena,5
3857260,Mexico,Jesús Daniel Gallardo Vasconcelos,Héctor Alfredo Moreno Herrera,7
3857260,Mexico,Jesús Daniel Gallardo Vasconcelos,Jorge Eduardo Sánchez Ramos,1
3857260,Mexico,Jesús Daniel Gallardo Vasconcelos,Luis Gerardo Chávez Magallón,4
3857260,Mexico,Jesús Daniel Gallardo Vasconcelos,Orbelín Pineda Alvarado,2
3857260,Mexico,Jesús Daniel Gallardo Vasconcelos,Raúl Alonso Jiménez Rodríguez,3
3857260,Mexico,Kevin Nahin Álvarez Campos,Carlos Uriel Antuna Romero,1
3857260,Mexico,Kevin Nahin Álvarez Campos,Luis Gerardo Chávez Magallón,1
3857260,Mexico,Kevin Nahin Álvarez Campos,Raúl Alonso Jiménez Rodríguez,1
3857260,Mexico,Orbelín Pineda Alvarado,César Jasib Montes Castro,1
3857260,Mexico,Orbelín Pineda Alvarado,Edson Omar Álvarez Velázquez,1
3857260,Mexico,Orbelín Pineda Alvarado,Ernesto Alexis Vega Rojas,1
3857260,Mexico,Orbelín Pineda Alvarado,Henry Josué Martín Mex,1
3857260,Mexico,Orbelín Pineda Alvarado,Hirving Rodrigo Lozano Bahena,5
3857260,Mexico,Orbelín Pineda Alvarado,Héctor Alfredo Moreno Herrera,2
3857260,Mexico,Orbelín Pineda Alvarado,Jesús Daniel Gallardo Vasconcelos,4
3857260,Mexico,Orbelín Pineda Alvarado,Jorge Eduardo Sánchez Ramos,2
3857260,Mexico,Orbelín Pineda Alvarado,Luis Gerardo Chávez Magallón,3
3857260,Mexico,Ernesto Alexis Vega Rojas,César Jasib Montes Castro,1
3857260,Mexico,Ernesto Alexis Vega Rojas,Jesús Daniel Gallardo Vasconcelos,2
3857260,Mexico,Ernesto Alexis Vega Rojas,Luis Gerardo Chávez Magallón,6
3857260,Mexico,Ernesto Alexis Vega Rojas,Orbelín Pineda Alvarado,1
3857260,Mexico,Raúl Alonso Jiménez Rodríguez,Carlos Alberto Rodríguez Gómez,1
3857260,Mexico,Raúl Alonso Jiménez Rodríguez,Hirving Rodrigo Lozano Bahena,1
3857260,Mexico,Raúl Alonso Jiménez Rodríguez,Jesús Daniel Gallardo Vasconcelos,2
3857260,Mexico,Raúl Alonso Jiménez Rodríguez,Kevin Nahin Álvarez Campos,1
3857260,Saudi Arabia,Abdulelah Al Amri,Abdulrahman Al-Obood,1
3857260,Saudi Arabia,Abdulelah Al Amri,Firas Tariq Nasser Al Albirakan,6
3857260,Saudi Arabia,Abdulelah Al Amri,Mohammed Kanoo,2
3857260,Saudi Arabia,Abdulelah Al Amri,Mohammed Khalil Al Owais,1
3857260,Saudi Arabia,Abdulelah Al Amri,Riyadh Sharahili,1
3857260,Saudi Arabia,Abdulelah Al Amri,Saleh Khalid Al Shehri,2
3857260,Saudi Arabia,Abdulelah Al Amri,Salem Mohammed Al Dawsari,2
3857260,Saudi Arabia,Abdulelah Al Amri,Saud Abdullah Abdul Hamid,1
3857260,Saudi Arabia,Abdulelah Al Amri,Sultan Abdullah Salim Al Ghannam,8
3857260,Saudi Arabia,Abdulrahman Al-Obood,Abdulelah Al Amri,1
3857260,Saudi Arabia,Abdulrahman Al-Obood,Firas Tariq Nasser Al Albirakan,2
3857260,Saudi Arabia,Abdulrahman Al-Obood,Mohammed Kanoo,1
3857260,Saudi Arabia,Abdulrahman Al-Obood,Saud Abdullah Abdul Hamid,1
3857260,Saudi Arabia,Abdulrahman Al-Obood,Sultan Abdullah Salim Al Ghannam,1
3857260,Saudi Arabia,Firas Tariq Nasser Al Albirakan,Abdulelah Al Amri,2
3857260,Saudi Arabia,Firas Tariq Nasser Al Albirakan,Abdulrahman Al-Obood,1
3857260,Saudi Arabia,Firas Tariq Nasser Al Albirakan,Hattan Babhir,1
3857260,Saudi Arabia,Firas Tariq Nasser Al Albirakan,Mohammed Kanoo,2
3857260,Saudi Arabia,Firas Tariq Nasser Al Albirakan,Saleh Khalid Al Shehri,2
3857260,Saudi Arabia,Firas Tariq Nasser Al Albirakan,Salem Mohammed Al Dawsari,1
3857260,Saudi Arabia,Firas Tariq Nasser Al Albirakan,Saud Abdullah Abdul Hamid,2
3857260,Saudi Arabia,Firas Tariq Nasser Al Albirakan,Sultan Abdullah Salim Al Ghannam,2
3857260,Saudi Arabia,Mohammed Kanoo,Abdulelah Al Amri,1
3857260,Saudi Arabia,Mohammed Kanoo,Abdullah Mohammed Madu,2
3857260,Saudi Arabia,Mohammed Kanoo,Ali Al Hassan,1
3857260,Saudi Arabia,Mohammed Kanoo,Firas Tariq Nasser Al Albirakan,5
3857260,Saudi Arabia,Mohammed Kanoo,Mohammed Khalil Al Owais,1
3857260,Saudi Arabia,Mohammed Kanoo,Riyadh Sharahili,3
3857260,Saudi Arabia,Mohammed Kanoo,Saleh Khalid Al Shehri,2
3857260,Saudi Arabia,Mohammed Kanoo,Salem Mohammed Al Dawsari,1
3857260,Saudi Arabia,Mohammed Kanoo,Saud Abdullah Abdul Hamid,1
3857260,Saudi Arabia,Mohammed Kanoo,Sultan Abdullah Salim Al Ghannam,4
3857260,Saudi Arabia,Mohammed Khalil Al Owais,Abdulelah Al Amri,4
3857260,Saudi Arabia,Mohammed Khalil Al Owais,Abdullah Mohammed Madu,1
3857260,Saudi Arabia,Mohammed Khalil Al Owais,Ali Albulayhi,1
3857260,Saudi Arabia,Mohammed Khalil Al Owais,Firas Tariq Nasser Al Albirakan,3
3857260,Saudi Arabia,Mohammed Khalil Al Owais,Hassan Mohammed Al-Tambakti,3
3857260,Saudi Arabia,Mohammed Khalil Al Owais,Mohammed Kanoo,2
3857260,Saudi Arabia,Mohammed Khalil Al Owais,Sultan Abdullah Salim Al Ghannam,3
3857260,Saudi Arabia,Riyadh Sharahili,Abdulelah Al Amri,2
3857260,Saudi Arabia,Riyadh Sharahili,Firas Tariq Nasser Al Albirakan,1
3857260,Saudi Arabia,Riyadh Sharahili,Hassan Mohammed Al-Tambakti,3
3857260,Saudi Arabia,Riyadh Sharahili,Hattan Babhir,1
3857260,Saudi Arabia,Riyadh Sharahili,Mohammed Kanoo,3
3857260,Saudi Arabia,Riyadh Sharahili,Mohammed Khalil Al Owais,2
3857260,Saudi Arabia,Riyadh Sharahili,Salem Mohammed Al Dawsari,4
3857260,Saudi Arabia,Riyadh Sharahili,Saud Abdullah Abdul Hamid,1
3857260,Saudi Arabia,Saleh Khalid Al Shehri,Abdulelah Al Amri,1
3857260,Saudi Arabia,Saleh Khalid Al Shehri,Firas Tariq Nasser Al Albirakan,2
3857260,Saudi Arabia,Saleh Khalid Al Shehri,Mohammed Kanoo,1
3857260,Saudi Arabia,Saleh Khalid Al Shehri,Riyadh Sharahili,2
3857260,Saudi Arabia,Saleh Khalid Al Shehri,Salem Mohammed Al Dawsari,2
3857260,Saudi Arabia,Saleh Khalid Al Shehri,Sultan Abdullah Salim Al Ghannam,2
3857260,Saudi Arabia,Salem Mohammed Al Dawsari,Abdulelah Al Amri,1
3857260,Saudi Arabia,Salem Mohammed Al Dawsari,Abdullah Mohammed Madu,1
3857260,Saudi Arabia,Salem Mohammed Al Dawsari,Ali Albulayhi,2
3857260,Saudi Arabia,Salem Mohammed Al Dawsari,Firas Tariq Nasser Al Albirakan,1
3857260,Saudi Arabia,Salem Mohammed Al Dawsari,Hattan Babhir,1
3857260,Saudi Arabia,Salem Mohammed Al Dawsari,Mohammed Kanoo,4
3857260,Saudi Arabia,Salem Mohammed Al Dawsari,Riyadh Sharahili,1
3857260,Saudi Arabia,Salem Mohammed Al Dawsari,Saleh Khalid Al Shehri,2
3857260,Saudi Arabia,Salem Mohammed Al Dawsari,Saud Abdullah Abdul Hamid,1
3857260,Saudi Arabia,Salem Mohammed Al Dawsari,Sultan Abdullah Salim Al Ghannam,1
3857260,Saudi Arabia,Saud Abdullah Abdul Hamid,Abdullah Mohammed Madu,1
3857260,Saudi Arabia,Saud Abdullah Abdul Hamid,Abdulrahman Al-Obood,2
3857260,Saudi Arabia,Saud Abdullah Abdul Hamid,Ali Al Hassan,1
3857260,Saudi Arabia,Saud Abdullah Abdul Hamid,Firas Tariq Nasser Al Albirakan,2
3857260,Saudi Arabia,Saud Abdullah Abdul Hamid,Mohammed Kanoo,2
3857260,Saudi Arabia,Saud Abdullah Abdul Hamid,Riyadh Sharahili,1
3857260,Saudi Arabia,Saud Abdullah Abdul Hamid,Saleh Khalid Al Shehri,2
3857260,Saudi Arabia,Saud Abdullah Abdul Hamid,Salem Mohammed Al Dawsari,3
3857260,Saudi Arabia,Sultan Abdullah Salim Al Ghannam,Abdulelah Al Amri,2
3857260,Saudi Arabia,Sultan Abdullah Salim Al Ghannam,Abdulrahman Al-Obood,3
3857260,Saudi Arabia,Sultan Abdullah Salim Al Ghannam,Ali Al Hassan,2
3857260,Saudi Arabia,Sultan Abdullah Salim Al Ghannam,Firas Tariq Nasser Al Albirakan,3
3857260,Saudi Arabia,Sultan Abdullah Salim Al Ghannam,Mohammed Kanoo,4
3857260,Saudi Arabia,Sultan Abdullah Salim Al Ghannam,Riyadh Sharahili,1
3857260,Saudi Arabia,Sultan Abdullah Salim Al Ghannam,Saleh Khalid Al Shehri,5
3857260,Saudi Arabia,Sultan Abdullah Salim Al Ghannam,Salem Mohammed Al Dawsari,2
3857260,Saudi Arabia,Abdullah Mohammed Madu,Hassan Mohammed Al-Tambakti,1
3857260,Saudi Arabia,Abdullah Mohammed Madu,Mohammed Kanoo,1
3857260,Saudi Arabia,Abdullah Mohammed Madu,Saleh Khalid Al Shehri,1
3857260,Saudi Arabia,Abdullah Mohammed Madu,Salem Mohammed Al Dawsari,1
3857260,Saudi Arabia,Hassan Mohammed Al-Tambakti,Abdulelah Al Amri,3
3857260,Saudi Arabia,Hassan Mohammed Al-Tambakti,Ali Albulayhi,1
3857260,Saudi Arabia,Hassan Mohammed Al-Tambakti,Mohammed Kanoo,3
3857260,Saudi Arabia,Hassan Mohammed Al-Tambakti,Mohammed Khalil Al Owais,3
3857260,Saudi Arabia,Hassan Mohammed Al-Tambakti,Salem Mohammed Al Dawsari,2
3857260,Saudi Arabia,Hassan Mohammed Al-Tambakti,Saud Abdullah Abdul Hamid,3
3857260,Saudi Arabia,Ali Al Hassan,Abdulelah Al Amri,1
3857260,Saudi Arabia,Ali Al Hassan,Firas Tariq Nasser Al Albirakan,2
3857260,Saudi Arabia,Ali Al Hassan,Hassan Mohammed Al-Tambakti,1
3857260,Saudi Arabia,Ali Albulayhi,Abdulelah Al Amri,1
3857260,Saudi Arabia,Ali Albulayhi,Ali Al Hassan,1
3857260,Saudi Arabia,Ali Albulayhi,Hassan Mohammed Al-Tambakti,4
3857260,Saudi Arabia,Ali Albulayhi,Salem Mohammed Al Dawsari,3
3857260,Saudi Arabia,Ali Albulayhi,Saud Abdullah Abdul Hamid,1
3857260,Saudi Arabia,Hattan Babhir,Riyadh Sharahili,1
3857260,Saudi Arabia,Hattan Babhir,Salem Mohammed Al Dawsari,1
3857261,England,Callum Wilson,Harry Maguire,1
3857261,England,Callum Wilson,Jude Bellingham,1
3857261,England,Callum Wilson,Marcus Rashford,1
3857261,England,Callum Wilson,Phil Foden,1
3857261,England,Callum Wilson,Trent Alexander-Arnold,1
3857261,England,Harry Maguire,Declan Rice,7
3857261,England,Harry Maguire,Jack Grealish,4
3857261,England,Harry Maguire,John Stones,21
3857261,England,Harry Maguire,Jordan Brian Henderson,2
3857261,England,Harry Maguire,Jordan Pickford,8
3857261,England,Harry Maguire,Jude Bellingham,5
3857261,England,Harry Maguire,Kalvin Phillips,1
3857261,England,Harry Maguire,Kieran Trippier,4
3857261,England,Harry Maguire,Kyle Walker,2
3857261,England,Harry Maguire,Luke Shaw,18
3857261,England,Harry Maguire,Marcus Rashford,4
3857261,England,Harry Maguire,Phil Foden,1
3857261,England,Jude Bellingham,Callum Wilson,1
3857261,England,Jude Bellingham,Declan Rice,2
3857261,England,Jude Bellingham,Harry Kane,3
3857261,England,Jude Bellingham,Harry Maguire,3
3857261,England,Jude Bellingham,Jack Grealish,5
3857261,England,Jude Bellingham,John Stones,5
3857261,England,Jude Bellingham,Jordan Brian Henderson,3
3857261,England,Jude Bellingham,Kalvin Phillips,2
3857261,England,Jude Bellingham,Kieran Trippier,2
3857261,England,Jude Bellingham,Kyle Walker,3
3857261,England,Jude Bellingham,Luke Shaw,9
3857261,England,Jude Bellingham,Marcus Rashford,2
3857261,England,Jude Bellingham,Phil Foden,6
3857261,England,Jude Bellingham,Trent Alexander-Arnold,1
3857261,England,Marcus Rashford,Declan Rice,4
3857261,England,Marcus Rashford,Harry Maguire,4
3857261,England,Marcus Rashford,Jordan Brian Henderson,4
3857261,England,Marcus Rashford,Jude Bellingham,1
3857261,England,Marcus Rashford,Kyle Walker,1
3857261,England,Marcus Rashford,Luke Shaw,8
3857261,England,Marcus Rashford,Trent Alexander-Arnold,1
3857261,England,Phil Foden,Callum Wilson,2
3857261,England,Phil Foden,Declan Rice,2
3857261,England,Phil Foden,Harry Maguire,1
3857261,England,Phil Foden,John Stones,4
3857261,England,Phil Foden,Jordan Brian Henderson,8
3857261,England,Phil Foden,Jude Bellingham,1
3857261,England,Phil Foden,Kalvin Phillips,1
3857261,England,Phil Foden,Kyle Walker,7
3857261,England,Phil Foden,Luke Shaw,1
3857261,England,Trent Alexander-Arnold,Callum Wilson,3
3857261,England,Trent Alexander-Arnold,Jack Grealish,1
3857261,England,Trent Alexander-Arnold,John Stones,6
3857261,England,Trent Alexander-Arnold,Jordan Brian Henderson,2
3857261,England,Trent Alexander-Arnold,Jordan Pickford,1
3857261,England,Trent Alexander-Arnold,Jude Bellingham,2
3857261,England,Trent Alexander-Arnold,Kalvin Phillips,4
3857261,England,Trent Alexander-Arnold,Marcus Rashford,2
3857261,England,Declan Rice,Harry Kane,1
3857261,England,Declan Rice,Harry Maguire,8
3857261,England,Declan Rice,John Stones,5
3857261,England,Declan Rice,Jordan Brian Henderson,6
3857261,England,Declan Rice,Jude Bellingham,2
3857261,England,Declan Rice,Kyle Walker,3
3857261,England,Declan Rice,Luke Shaw,12
3857261,England,Declan Rice,Marcus Rashford,4
3857261,England,Declan Rice,Phil Foden,4
3857261,England,Harry Kane,Declan Rice,1
3857261,England,Harry Kane,Jude Bellingham,2
3857261,England,Harry Kane,Marcus Rashford,3
3857261,England,Harry Kane,Phil Foden,1
3857261,England,John Stones,Callum Wilson,1
3857261,England,John Stones,Declan Rice,4
3857261,England,John Stones,Harry Maguire,19
3857261,England,John Stones,Jack Grealish,1
3857261,England,John Stones,Jordan Brian Henderson,15
3857261,England,John Stones,Jordan Pickford,5
3857261,England,John Stones,Jude Bellingham,2
3857261,England,John Stones,Kalvin Phillips,2
3857261,England,John Stones,Kyle Walker,13
3857261,England,John Stones,Luke Shaw,2
3857261,England,John Stones,Marcus Rashford,1
3857261,England,John Stones,Phil Foden,2
3857261,England,John Stones,Trent Alexander-Arnold,8
3857261,England,Jordan Brian Henderson,Callum Wilson,2
3857261,England,Jordan Brian Henderson,Declan Rice,3
3857261,England,Jordan Brian Henderson,Harry Kane,2
3857261,England,Jordan Brian Henderson,Harry Maguire,5
3857261,England,Jordan Brian Henderson,Jack Grealish,1
3857261,England,Jordan Brian Henderson,John Stones,5
3857261,England,Jordan Brian Henderson,Jordan Pickford,4
3857261,England,Jordan Brian Henderson,Jude Bellingham,4
3857261,England,Jordan Brian Henderson,Kalvin Phillips,1
3857261,England,Jordan Brian Henderson,Kieran Trippier,1
3857261,England,Jordan Brian Henderson,Kyle Walker,9
3857261,England,Jordan Brian Henderson,Marcus Rashford,4
3857261,England,Jordan Brian Henderson,Phil Foden,6
3857261,England,Jordan Brian Henderson,Trent Alexander-Arnold,3
3857261,England,Kyle Walker,Declan Rice,5
3857261,England,Kyle Walker,Harry Kane,2
3857261,England,Kyle Walker,Harry Maguire,4
3857261,England,Kyle Walker,John Stones,13
3857261,England,Kyle Walker,Jordan Brian Henderson,6
3857261,England,Kyle Walker,Jordan Pickford,3
3857261,England,Kyle Walker,Jude Bellingham,7
3857261,England,Kyle Walker,Luke Shaw,1
3857261,England,Kyle Walker,Marcus Rashford,1
3857261,England,Kyle Walker,Phil Foden,8
3857261,England,Luke Shaw,Declan Rice,8
3857261,England,Luke Shaw,Harry Kane,5
3857261,England,Luke Shaw,Harry Maguire,12
3857261,England,Luke Shaw,John Stones,1
3857261,England,Luke Shaw,Jordan Brian Henderson,1
3857261,England,Luke Shaw,Jude Bellingham,11
3857261,England,Luke Shaw,Marcus Rashford,11
3857261,England,Luke Shaw,Phil Foden,2
3857261,England,Jack Grealish,Callum Wilson,1
3857261,England,Jack Grealish,Harry Maguire,3
3857261,England,Jack Grealish,Jordan Brian Henderson,2
3857261,England,Jack Grealish,Jude Bellingham,5
3857261,England,Jack Grealish,Kieran Trippier,2
3857261,England,Jack Grealish,Phil Foden,1
3857261,England,Jordan Pickford,Harry Maguire,15
3857261,England,Jordan Pickford,John Stones,11
3857261,England,Jordan Pickford,Kieran Trippier,1
3857261,England,Jordan Pickford,Kyle Walker,2
3857261,England,Kalvin Phillips,Harry Maguire,2
3857261,England,Kalvin Phillips,John Stones,1
3857261,England,Kalvin Phillips,Jordan Brian Henderson,1
3857261,England,Kalvin Phillips,Jordan Pickford,2
3857261,England,Kalvin Phillips,Jude Bellingham,3
3857261,England,Kalvin Phillips,Marcus Rashford,1
3857261,England,Kalvin Phillips,Phil Foden,2
3857261,England,Kalvin Phillips,Trent Alexander-Arnold,3
3857261,England,Kieran Trippier,Callum Wilson,1
3857261,England,Kieran Trippier,Harry Maguire,5
3857261,England,Kieran Trippier,Jack Grealish,2
3857261,England,Kieran Trippier,Jordan Brian Henderson,2
3857261,England,Kieran Trippier,Jordan Pickford,2
3857261,England,Kieran Trippier,Jude Bellingham,2
3857261,England,Kieran Trippier,Kalvin Phillips,3
3857261,Wales,Aaron Ramsey,Ben Davies,5
3857261,Wales,Aaron Ramsey,Brennan Johnson,1
3857261,Wales,Aaron Ramsey,Chris Mepham,2
3857261,Wales,Aaron Ramsey,Connor Roberts,2
3857261,Wales,Aaron Ramsey,Daniel James,2
3857261,Wales,Aaron Ramsey,Ethan Ampadu,2
3857261,Wales,Aaron Ramsey,Joe Allen,2
3857261,Wales,Aaron Ramsey,Joe Rodon,5
3857261,Wales,Aaron Ramsey,Kieffer Roberto Francisco Moore,2
3857261,Wales,Aaron Ramsey,Neco Williams,1
3857261,Wales,Ben Davies,Aaron Ramsey,3
3857261,Wales,Ben Davies,Daniel James,2
3857261,Wales,Ben Davies,Daniel Ward,1
3857261,Wales,Ben Davies,Ethan Ampadu,4
3857261,Wales,Ben Davies,Joe Rodon,2
3857261,Wales,Ben Davies,Kieffer Roberto Francisco Moore,3
3857261,Wales,Brennan Johnson,Aaron Ramsey,1
3857261,Wales,Brennan Johnson,Joseff Morrell,1
3857261,Wales,Chris Mepham,Aaron Ramsey,2
3857261,Wales,Chris Mepham,Ben Davies,1
3857261,Wales,Chris Mepham,Brennan Johnson,1
3857261,Wales,Chris Mepham,Connor Roberts,5
3857261,Wales,Chris Mepham,Daniel Ward,6
3857261,Wales,Chris Mepham,Ethan Ampadu,7
3857261,Wales,Chris Mepham,Gareth Frank Bale,2
3857261,Wales,Chris Mepham,Harry Wilson,1
3857261,Wales,Chris Mepham,Joe Allen,8
3857261,Wales,Chris Mepham,Joe Rodon,8
3857261,Wales,Chris Mepham,Joseff Morrell,3
3857261,Wales,Chris Mepham,Kieffer Roberto Francisco Moore,2
3857261,Wales,Chris Mepham,Neco Williams,2
3857261,Wales,Connor Roberts,Aaron Ramsey,1
3857261,Wales,Connor Roberts,Chris Mepham,6
3857261,Wales,Connor Roberts,Daniel James,2
3857261,Wales,Connor Roberts,Daniel Ward,4
3857261,Wales,Connor Roberts,Gareth Frank Bale,1
3857261,Wales,Connor Roberts,Harry Wilson,2
3857261,Wales,Connor Roberts,Joe Allen,1
3857261,Wales,Connor Roberts,Joe Rodon,6
3857261,Wales,Connor Roberts,Kieffer Roberto Francisco Moore,3
3857261,Wales,Connor Roberts,Rubin Colwill,1
3857261,Wales,Daniel James,Aaron Ramsey,4
3857261,Wales,Daniel James,Ben Davies,1
3857261,Wales,Daniel James,Chris Mepham,1
3857261,Wales,Daniel James,Connor Roberts,1
3857261,Wales,Daniel James,Joe Allen,3
3857261,Wales,Ethan Ampadu,Aaron Ramsey,2
3857261,Wales,Ethan Ampadu,Ben Davies,1
3857261,Wales,Ethan Ampadu,Brennan Johnson,1
3857261,Wales,Ethan Ampadu,Chris Mepham,10
3857261,Wales,Ethan Ampadu,Connor Roberts,1
3857261,Wales,Ethan Ampadu,Daniel James,1
3857261,Wales,Ethan Ampadu,Daniel Ward,1
3857261,Wales,Ethan Ampadu,Joe Allen,3
3857261,Wales,Ethan Ampadu,Joe Rodon,3
3857261,Wales,Ethan Ampadu,Kieffer Roberto Francisco Moore,4
3857261,Wales,Joe Allen,Aaron Ramsey,4
3857261,Wales,Joe Allen,Ben Davies,1
3857261,Wales,Joe Allen,Brennan Johnson,1
3857261,Wales,Joe Allen,Chris Mepham,4
3857261,Wales,Joe Allen,Connor Roberts,2
3857261,Wales,Joe Allen,Daniel James,1
3857261,Wales,Joe Allen,Ethan Ampadu,3
3857261,Wales,Joe Allen,Joe Rodon,4
3857261,Wales,Joe Allen,Joseff Morrell,3
3857261,Wales,Joe Rodon,Aaron Ramsey,2
3857261,Wales,Joe Rodon,Ben Davies,7
3857261,Wales,Joe Rodon,Chris Mepham,10
3857261,Wales,Joe Rodon,Connor Roberts,6
3857261,Wales,Joe Rodon,Daniel James,2
3857261,Wales,Joe Rodon,Daniel Ward,4
3857261,Wales,Joe Rodon,Ethan Ampadu,3
3857261,Wales,Joe Rodon,Harry Wilson,2
3857261,Wales,Joe Rodon,Joe Allen,4
3857261,Wales,Joe Rodon,Joseff Morrell,1
3857261,Wales,Joe Rodon,Rubin Colwill,1
3857261,Wales,Kieffer Roberto Francisco Moore,Aaron Ramsey,2
3857261,Wales,Kieffer Roberto Francisco Moore,Chris Mepham,1
3857261,Wales,Kieffer Roberto Francisco Moore,Connor Roberts,3
3857261,Wales,Kieffer Roberto Francisco Moore,Ethan Ampadu,1
3857261,Wales,Kieffer Roberto Francisco Moore,Gareth Frank Bale,1
3857261,Wales,Kieffer Roberto Francisco Moore,Joe Rodon,1
3857261,Wales,Kieffer Roberto Francisco Moore,Joseff Morrell,1
3857261,Wales,Kieffer Roberto Francisco Moore,Rubin Colwill,1
3857261,Wales,Neco Williams,Aaron Ramsey,1
3857261,Wales,Neco Williams,Ethan Ampadu,1
3857261,Wales,Neco Williams,Gareth Frank Bale,1
3857261,Wales,Neco Williams,Joe Allen,1
3857261,Wales,Neco Williams,Kieffer Roberto Francisco Moore,1
3857261,Wales,Daniel Ward,Aaron Ramsey,1
3857261,Wales,Daniel Ward,Ben Davies,1
3857261,Wales,Daniel Ward,Chris Mepham,4
3857261,Wales,Daniel Ward,Connor Roberts,1
3857261,Wales,Daniel Ward,Ethan Ampadu,1
3857261,Wales,Daniel Ward,Harry Wilson,1
3857261,Wales,Daniel Ward,Joe Allen,1
3857261,Wales,Daniel Ward,Joe Rodon,4
3857261,Wales,Daniel Ward,Kieffer Roberto Francisco Moore,6
3857261,Wales,Joseff Morrell,Brennan Johnson,1
3857261,Wales,Joseff Morrell,Chris Mepham,1
3857261,Wales,Joseff Morrell,Connor Roberts,3
3857261,Wales,Joseff Morrell,Daniel James,1
3857261,Wales,Joseff Morrell,Daniel Ward,1
3857261,Wales,Joseff Morrell,Ethan Ampadu,1
3857261,Wales,Joseff Morrell,Joe Allen,1
3857261,Wales,Joseff Morrell,Joe Rodon,2
3857261,Wales,Gareth Frank Bale,Ben Davies,1
3857261,Wales,Harry Wilson,Aaron Ramsey,1
3857261,Wales,Harry Wilson,Chris Mepham,2
3857261,Wales,Harry Wilson,Connor Roberts,1
3857261,Wales,Harry Wilson,Joe Rodon,1
3857261,Wales,Harry Wilson,Kieffer Roberto Francisco Moore,1
3857261,Wales,Rubin Colwill,Chris Mepham,1
3857261,Wales,Rubin Colwill,Kieffer Roberto Francisco Moore,1
3857262,Portugal,André Miguel Valente Silva,João Maria Lobo Alves Palhinha Gonçalves,1
3857262,Portugal,André Miguel Valente Silva,João Mário Naval da Costa Eduardo,1
3857262,Portugal,André Miguel Valente Silva,João Pedro Cavaco Cancelo,1
3857262,Portugal,André Miguel Valente Silva,Kléper Laveran Lima Ferreira,1
3857262,Portugal,André Miguel Valente Silva,Rafael Alexandre Conceição Leão,4
3857262,Portugal,André Miguel Valente Silva,Ricardo Jorge Luz Horta,1
3857262,Portugal,André Miguel Valente Silva,Vitor Machado Ferreira,1
3857262,Portugal,João Maria Lobo Alves Palhinha Gonçalves,André Miguel Valente Silva,2
3857262,Portugal,João Maria Lobo Alves Palhinha Gonçalves,Bernardo Mota Veiga de Carvalho e Silva,2
3857262,Portugal,João Maria Lobo Alves Palhinha Gonçalves,José Diogo Dalot Teixeira,2
3857262,Portugal,João Maria Lobo Alves Palhinha Gonçalves,João Mário Naval da Costa Eduardo,1
3857262,Portugal,João Maria Lobo Alves Palhinha Gonçalves,João Pedro Cavaco Cancelo,2
3857262,Portugal,João Maria Lobo Alves Palhinha Gonçalves,Kléper Laveran Lima Ferreira,5
3857262,Portugal,João Maria Lobo Alves Palhinha Gonçalves,Ricardo Jorge Luz Horta,1
3857262,Portugal,João Maria Lobo Alves Palhinha Gonçalves,William Silva de Carvalho,1
3857262,Portugal,João Mário Naval da Costa Eduardo,André Miguel Valente Silva,1
3857262,Portugal,João Mário Naval da Costa Eduardo,António João Pereira Albuquerque Tavares Silva,1
3857262,Portugal,João Mário Naval da Costa Eduardo,Cristiano Ronaldo dos Santos Aveiro,4
3857262,Portugal,João Mário Naval da Costa Eduardo,José Diogo Dalot Teixeira,3
3857262,Portugal,João Mário Naval da Costa Eduardo,João Maria Lobo Alves Palhinha Gonçalves,2
3857262,Portugal,João Mário Naval da Costa Eduardo,João Pedro Cavaco Cancelo,10
3857262,Portugal,João Mário Naval da Costa Eduardo,Kléper Laveran Lima Ferreira,1
3857262,Portugal,João Mário Naval da Costa Eduardo,Matheus Luiz Nunes,1
3857262,Portugal,João Mário Naval da Costa Eduardo,Rúben Diogo Da Silva Neves,5
3857262,Portugal,João Mário Naval da Costa Eduardo,Vitor Machado Ferreira,6
3857262,Portugal,João Pedro Cavaco Cancelo,André Miguel Valente Silva,2
3857262,Portugal,João Pedro Cavaco Cancelo,António João Pereira Albuquerque Tavares Silva,13
3857262,Portugal,João Pedro Cavaco Cancelo,Bernardo Mota Veiga de Carvalho e Silva,1
3857262,Portugal,João Pedro Cavaco Cancelo,Cristiano Ronaldo dos Santos Aveiro,4
3857262,Portugal,João Pedro Cavaco Cancelo,Diogo Meireles Costa,3
3857262,Portugal,João Pedro Cavaco Cancelo,José Diogo Dalot Teixeira,1
3857262,Portugal,João Pedro Cavaco Cancelo,João Maria Lobo Alves Palhinha Gonçalves,5
3857262,Portugal,João Pedro Cavaco Cancelo,João Mário Naval da Costa Eduardo,10
3857262,Portugal,João Pedro Cavaco Cancelo,Matheus Luiz Nunes,5
3857262,Portugal,João Pedro Cavaco Cancelo,Rafael Alexandre Conceição Leão,5
3857262,Portugal,João Pedro Cavaco Cancelo,Ricardo Jorge Luz Horta,1
3857262,Portugal,João Pedro Cavaco Cancelo,Rúben Diogo Da Silva Neves,6
3857262,Portugal,João Pedro Cavaco Cancelo,Vitor Machado Ferreira,18
3857262,Portugal,João Pedro Cavaco Cancelo,William Silva de Carvalho,3
3857262,Portugal,Kléper Laveran Lima Ferreira,André Miguel Valente Silva,1
3857262,Portugal,Kléper Laveran Lima Ferreira,António João Pereira Albuquerque Tavares Silva,8
3857262,Portugal,Kléper Laveran Lima Ferreira,Bernardo Mota Veiga de Carvalho e Silva,1
3857262,Portugal,Kléper Laveran Lima Ferreira,Cristiano Ronaldo dos Santos Aveiro,1
3857262,Portugal,Kléper Laveran Lima Ferreira,Diogo Meireles Costa,5
3857262,Portugal,Kléper Laveran Lima Ferreira,José Diogo Dalot Teixeira,11
3857262,Portugal,Kléper Laveran Lima Ferreira,João Maria Lobo Alves Palhinha Gonçalves,2
3857262,Portugal,Kléper Laveran Lima Ferreira,João Mário Naval da Costa Eduardo,2
3857262,Portugal,Kléper Laveran Lima Ferreira,João Pedro Cavaco Cancelo,2
3857262,Portugal,Kléper Laveran Lima Ferreira,Matheus Luiz Nunes,5
3857262,Portugal,Kléper Laveran Lima Ferreira,Rafael Alexandre Conceição Leão,1
3857262,Portugal,Kléper Laveran Lima Ferreira,Rúben Diogo Da Silva Neves,16
3857262,Portugal,Kléper Laveran Lima Ferreira,Vitor Machado Ferreira,9
3857262,Portugal,Kléper Laveran Lima Ferreira,William Silva de Carvalho,3
3857262,Portugal,Rafael Alexandre Conceição Leão,André Miguel Valente Silva,1
3857262,Portugal,Rafael Alexandre Conceição Leão,João Mário Naval da Costa Eduardo,1
3857262,Portugal,Rafael Alexandre Conceição Leão,João Pedro Cavaco Cancelo,4
3857262,Portugal,Rafael Alexandre Conceição Leão,William Silva de Carvalho,1
3857262,Portugal,Ricardo Jorge Luz Horta,Cristiano Ronaldo dos Santos Aveiro,2
3857262,Portugal,Ricardo Jorge Luz Horta,José Diogo Dalot Teixeira,5
3857262,Portugal,Ricardo Jorge Luz Horta,João Pedro Cavaco Cancelo,1
3857262,Portugal,Ricardo Jorge Luz Horta,Kléper Laveran Lima Ferreira,1
3857262,Portugal,Ricardo Jorge Luz Horta,Matheus Luiz Nunes,1
3857262,Portugal,Ricardo Jorge Luz Horta,Vitor Machado Ferreira,3
3857262,Portugal,Vitor Machado Ferreira,André Miguel Valente Silva,2
3857262,Portugal,Vitor Machado Ferreira,António João Pereira Albuquerque Tavares Silva,7
3857262,Portugal,Vitor Machado Ferreira,Cristiano Ronaldo dos Santos Aveiro,3
3857262,Portugal,Vitor Machado Ferreira,José Diogo Dalot Teixeira,7
3857262,Portugal,Vitor Machado Ferreira,João Mário Naval da Costa Eduardo,5
3857262,Portugal,Vitor Machado Ferreira,João Pedro Cavaco Cancelo,12
3857262,Portugal,Vitor Machado Ferreira,Kléper Laveran Lima Ferreira,4
3857262,Portugal,Vitor Machado Ferreira,Matheus Luiz Nunes,5
3857262,Portugal,Vitor Machado Ferreira,Ricardo Jorge Luz Horta,5
3857262,Portugal,Vitor Machado Ferreira,Rúben Diogo Da Silva Neves,9
3857262,Portugal,António João Pereira Albuquerque Tavares Silva,Diogo Meireles Costa,8
3857262,Portugal,António João Pereira Albuquerque Tavares Silva,José Diogo Dalot Teixeira,2
3857262,Portugal,António João Pereira Albuquerque Tavares Silva,João Maria Lobo Alves Palhinha Gonçalves,2
3857262,Portugal,António João Pereira Albuquerque Tavares Silva,João Mário Naval da Costa Eduardo,3
3857262,Portugal,António João Pereira Albuquerque Tavares Silva,João Pedro Cavaco Cancelo,10
3857262,Portugal,António João Pereira Albuquerque Tavares Silva,Kléper Laveran Lima Ferreira,13
3857262,Portugal,António João Pereira Albuquerque Tavares Silva,Matheus Luiz Nunes,3
3857262,Portugal,António João Pereira Albuquerque Tavares Silva,Rafael Alexandre Conceição Leão,1
3857262,Portugal,António João Pereira Albuquerque Tavares Silva,Rúben Diogo Da Silva Neves,7
3857262,Portugal,António João Pereira Albuquerque Tavares Silva,Vitor Machado Ferreira,8
3857262,Portugal,Diogo Meireles Costa,António João Pereira Albuquerque Tavares Silva,4
3857262,Portugal,Diogo Meireles Costa,José Diogo Dalot Teixeira,3
3857262,Portugal,Diogo Meireles Costa,João Mário Naval da Costa Eduardo,1
3857262,Portugal,Diogo Meireles Costa,João Pedro Cavaco Cancelo,4
3857262,Portugal,Diogo Meireles Costa,Kléper Laveran Lima Ferreira,6
3857262,Portugal,Diogo Meireles Costa,Matheus Luiz Nunes,1
3857262,Portugal,Diogo Meireles Costa,Ricardo Jorge Luz Horta,1
3857262,Portugal,Diogo Meireles Costa,Rúben Diogo Da Silva Neves,2
3857262,Portugal,Diogo Meireles Costa,Vitor Machado Ferreira,1
3857262,Portugal,José Diogo Dalot Teixeira,André Miguel Valente Silva,2
3857262,Portugal,José Diogo Dalot Teixeira,António João Pereira Albuquerque Tavares Silva,3
3857262,Portugal,José Diogo Dalot Teixeira,Cristiano Ronaldo dos Santos Aveiro,3
3857262,Portugal,José Diogo Dalot Teixeira,Diogo Meireles Costa,1
3857262,Portugal,José Diogo Dalot Teixeira,João Maria Lobo Alves Palhinha Gonçalves,1
3857262,Portugal,José Diogo Dalot Teixeira,João Mário Naval da Costa Eduardo,1
3857262,Portugal,José Diogo Dalot Teixeira,João Pedro Cavaco Cancelo,1
3857262,Portugal,José Diogo Dalot Teixeira,Kléper Laveran Lima Ferreira,13
3857262,Portugal,José Diogo Dalot Teixeira,Matheus Luiz Nunes,5
3857262,Portugal,José Diogo Dalot Teixeira,Rafael Alexandre Conceição Leão,1
3857262,Portugal,José Diogo Dalot Teixeira,Ricardo Jorge Luz Horta,6
3857262,Portugal,José Diogo Dalot Teixeira,Rúben Diogo Da Silva Neves,10
3857262,Portugal,José Diogo Dalot Teixeira,Vitor Machado Ferreira,5
3857262,Portugal,José Diogo Dalot Teixeira,William Silva de Carvalho,1
3857262,Portugal,Matheus Luiz Nunes,António João Pereira Albuquerque Tavares Silva,2
3857262,Portugal,Matheus Luiz Nunes,José Diogo Dalot Teixeira,6
3857262,Portugal,Matheus Luiz Nunes,João Mário Naval da Costa Eduardo,2
3857262,Portugal,Matheus Luiz Nunes,João Pedro Cavaco Cancelo,2
3857262,Portugal,Matheus Luiz Nunes,Kléper Laveran Lima Ferreira,4
3857262,Portugal,Matheus Luiz Nunes,Ricardo Jorge Luz Horta,2
3857262,Portugal,Matheus Luiz Nunes,Rúben Diogo Da Silva Neves,3
3857262,Portugal,Rúben Diogo Da Silva Neves,António João Pereira Albuquerque Tavares Silva,10
3857262,Portugal,Rúben Diogo Da Silva Neves,Cristiano Ronaldo dos Santos Aveiro,3
3857262,Portugal,Rúben Diogo Da Silva Neves,Diogo Meireles Costa,2
3857262,Portugal,Rúben Diogo Da Silva Neves,José Diogo Dalot Teixeira,11
3857262,Portugal,Rúben Diogo Da Silva Neves,João Mário Naval da Costa Eduardo,3
3857262,Portugal,Rúben Diogo Da Silva Neves,João Pedro Cavaco Cancelo,10
3857262,Portugal,Rúben Diogo Da Silva Neves,Kléper Laveran Lima Ferreira,13
3857262,Portugal,Rúben Diogo Da Silva Neves,Matheus Luiz Nunes,3
3857262,Portugal,Rúben Diogo Da Silva Neves,Vitor Machado Ferreira,7
3857262,Portugal,Bernardo Mota Veiga de Carvalho e Silva,André Miguel Valente Silva,1
3857262,Portugal,Bernardo Mota Veiga de Carvalho e Silva,João Pedro Cavaco Cancelo,2
3857262,Portugal,Bernardo Mota Veiga de Carvalho e Silva,William Silva de Carvalho,4
3857262,Portugal,William Silva de Carvalho,António João Pereira Albuquerque Tavares Silva,2
3857262,Portugal,William Silva de Carvalho,Bernardo Mota Veiga de Carvalho e Silva,4
3857262,Portugal,William Silva de Carvalho,José Diogo Dalot Teixeira,2
3857262,Portugal,William Silva de Carvalho,João Maria Lobo Alves Palhinha Gonçalves,2
3857262,Portugal,William Silva de Carvalho,João Pedro Cavaco Cancelo,2
3857262,Portugal,William Silva de Carvalho,Rafael Alexandre Conceição Leão,1
3857262,Portugal,Cristiano Ronaldo dos Santos Aveiro,José Diogo Dalot Teixeira,2
3857262,Portugal,Cristiano Ronaldo dos Santos Aveiro,João Mário Naval da Costa Eduardo,3
3857262,Portugal,Cristiano Ronaldo dos Santos Aveiro,João Pedro Cavaco Cancelo,3
3857262,Portugal,Cristiano Ronaldo dos Santos Aveiro,Matheus Luiz Nunes,2
3857262,Portugal,Cristiano Ronaldo dos Santos Aveiro,Rúben Diogo Da Silva Neves,1
3857262,Portugal,Cristiano Ronaldo dos Santos Aveiro,Vitor Machado Ferreira,4
3857262,South Korea,Gue-Sung Cho,Hee-Chan Hwang,1
3857262,South Korea,Gue-Sung Cho,Heung-Min Son,4
3857262,South Korea,Gue-Sung Cho,In-Beom Hwang,1
3857262,South Korea,Gue-Sung Cho,Jae-Sung Lee,1
3857262,South Korea,Gue-Sung Cho,Jin-Su Kim,1
3857262,South Korea,Gue-Sung Cho,Kang-In Lee,2
3857262,South Korea,Gue-Sung Cho,Moon-Hwan Kim,1
3857262,South Korea,Gue-Sung Cho,Woo-Young Jung,2
3857262,South Korea,Hee-Chan Hwang,Gue-Sung Cho,1
3857262,South Korea,Hee-Chan Hwang,Heung-Min Son,1
3857262,South Korea,Hee-Chan Hwang,Kyung-Won Kwon,1
3857262,South Korea,Heung-Min Son,Gue-Sung Cho,3
3857262,South Korea,Heung-Min Son,Hee-Chan Hwang,1
3857262,South Korea,Heung-Min Son,In-Beom Hwang,1
3857262,South Korea,Heung-Min Son,Jae-Sung Lee,1
3857262,South Korea,Heung-Min Son,Jin-Su Kim,1
3857262,South Korea,Heung-Min Son,Jun-Ho Son,1
3857262,South Korea,Heung-Min Son,Kang-In Lee,3
3857262,South Korea,Heung-Min Son,Moon-Hwan Kim,2
3857262,South Korea,Heung-Min Son,Woo-Young Jung,2
3857262,South Korea,Heung-Min Son,Young-Gwon Kim,1
3857262,South Korea,In-Beom Hwang,Gue-Sung Cho,2
3857262,South Korea,In-Beom Hwang,Hee-Chan Hwang,1
3857262,South Korea,In-Beom Hwang,Heung-Min Son,2
3857262,South Korea,In-Beom Hwang,Jae-Sung Lee,1
3857262,South Korea,In-Beom Hwang,Jin-Su Kim,4
3857262,South Korea,In-Beom Hwang,Kang-In Lee,1
3857262,South Korea,In-Beom Hwang,Kyung-Won Kwon,8
3857262,South Korea,In-Beom Hwang,Moon-Hwan Kim,6
3857262,South Korea,In-Beom Hwang,Seung-Gyu Kim,1
3857262,South Korea,In-Beom Hwang,Woo-Young Jung,5
3857262,South Korea,In-Beom Hwang,Young-Gwon Kim,2
3857262,South Korea,Jae-Sung Lee,Gue-Sung Cho,1
3857262,South Korea,Jae-Sung Lee,Heung-Min Son,1
3857262,South Korea,Jae-Sung Lee,In-Beom Hwang,4
3857262,South Korea,Jae-Sung Lee,Jin-Su Kim,1
3857262,South Korea,Jae-Sung Lee,Kang-In Lee,1
3857262,South Korea,Jae-Sung Lee,Moon-Hwan Kim,3
3857262,South Korea,Jae-Sung Lee,Woo-Young Jung,1
3857262,South Korea,Jin-Su Kim,Gue-Sung Cho,4
3857262,South Korea,Jin-Su Kim,Hee-Chan Hwang,1
3857262,South Korea,Jin-Su Kim,Heung-Min Son,3
3857262,South Korea,Jin-Su Kim,Jae-Sung Lee,1
3857262,South Korea,Jin-Su Kim,Jun-Ho Son,2
3857262,South Korea,Jin-Su Kim,Kang-In Lee,1
3857262,South Korea,Jin-Su Kim,Ui-Jo Hwang,1
3857262,South Korea,Jin-Su Kim,Woo-Young Jung,8
3857262,South Korea,Jin-Su Kim,Young-Gwon Kim,5
3857262,South Korea,Kang-In Lee,Gue-Sung Cho,1
3857262,South Korea,Kang-In Lee,Heung-Min Son,2
3857262,South Korea,Kang-In Lee,In-Beom Hwang,2
3857262,South Korea,Kang-In Lee,Jae-Sung Lee,1
3857262,South Korea,Kang-In Lee,Jin-Su Kim,4
3857262,South Korea,Kang-In Lee,Kyung-Won Kwon,1
3857262,South Korea,Kang-In Lee,Moon-Hwan Kim,1
3857262,South Korea,Kang-In Lee,Seung-Gyu Kim,1
3857262,South Korea,Kang-In Lee,Woo-Young Jung,6
3857262,South Korea,Kang-In Lee,Young-Gwon Kim,3
3857262,South Korea,Moon-Hwan Kim,Gue-Sung Cho,5
3857262,South Korea,Moon-Hwan Kim,Heung-Min Son,2
3857262,South Korea,Moon-Hwan Kim,In-Beom Hwang,5
3857262,South Korea,Moon-Hwan Kim,Jae-Sung Lee,5
3857262,South Korea,Moon-Hwan Kim,Jun-Ho Son,1
3857262,South Korea,Moon-Hwan Kim,Kang-In Lee,2
3857262,South Korea,Moon-Hwan Kim,Kyung-Won Kwon,4
3857262,South Korea,Moon-Hwan Kim,Seung-Gyu Kim,2
3857262,South Korea,Moon-Hwan Kim,Ui-Jo Hwang,1
3857262,South Korea,Moon-Hwan Kim,Woo-Young Jung,4
3857262,South Korea,Woo-Young Jung,Gue-Sung Cho,2
3857262,South Korea,Woo-Young Jung,Hee-Chan Hwang,1
3857262,South Korea,Woo-Young Jung,Heung-Min Son,2
3857262,South Korea,Woo-Young Jung,In-Beom Hwang,11
3857262,South Korea,Woo-Young Jung,Jae-Sung Lee,1
3857262,South Korea,Woo-Young Jung,Jin-Su Kim,5
3857262,South Korea,Woo-Young Jung,Jun-Ho Son,1
3857262,South Korea,Woo-Young Jung,Kang-In Lee,6
3857262,South Korea,Woo-Young Jung,Kyung-Won Kwon,4
3857262,South Korea,Woo-Young Jung,Moon-Hwan Kim,3
3857262,South Korea,Woo-Young Jung,Seung-Gyu Kim,5
3857262,South Korea,Woo-Young Jung,Young-Gwon Kim,7
3857262,South Korea,Kyung-Won Kwon,Hee-Chan Hwang,1
3857262,South Korea,Kyung-Won Kwon,In-Beom Hwang,8
3857262,South Korea,Kyung-Won Kwon,Jin-Su Kim,1
3857262,South Korea,Kyung-Won Kwon,Jun-Ho Son,1
3857262,South Korea,Kyung-Won Kwon,Kang-In Lee,1
3857262,South Korea,Kyung-Won Kwon,Moon-Hwan Kim,7
3857262,South Korea,Kyung-Won Kwon,Seung-Gyu Kim,4
3857262,South Korea,Kyung-Won Kwon,Woo-Young Jung,6
3857262,South Korea,Kyung-Won Kwon,Young-Gwon Kim,3
3857262,South Korea,Jun-Ho Son,Hee-Chan Hwang,1
3857262,South Korea,Jun-Ho Son,Heung-Min Son,1
3857262,South Korea,Jun-Ho Son,In-Beom Hwang,4
3857262,South Korea,Jun-Ho Son,Kyung-Won Kwon,1
3857262,South Korea,Young-Gwon Kim,Gue-Sung Cho,2
3857262,South Korea,Young-Gwon Kim,Hee-Chan Hwang,1
3857262,South Korea,Young-Gwon Kim,Heung-Min Son,1
3857262,South Korea,Young-Gwon Kim,In-Beom Hwang,1
3857262,South Korea,Young-Gwon Kim,Jin-Su Kim,6
3857262,South Korea,Young-Gwon Kim,Kang-In Lee,4
3857262,South Korea,Young-Gwon Kim,Kyung-Won Kwon,2
3857262,South Korea,Young-Gwon Kim,Moon-Hwan Kim,1
3857262,South Korea,Young-Gwon Kim,Seung-Gyu Kim,8
3857262,South Korea,Young-Gwon Kim,Woo-Young Jung,7
3857262,South Korea,Seung-Gyu Kim,Gue-Sung Cho,5
3857262,South Korea,Seung-Gyu Kim,Kang-In Lee,2
3857262,South Korea,Seung-Gyu Kim,Kyung-Won Kwon,7
3857262,South Korea,Seung-Gyu Kim,Woo-Young Jung,6
3857262,South Korea,Seung-Gyu Kim,Young-Gwon Kim,11
3857262,South Korea,Ui-Jo Hwang,Hee-Chan Hwang,1
3857262,South Korea,Ui-Jo Hwang,Heung-Min Son,1
3857263,Germany,Antonio Rüdiger,David Raum,9
3857263,Germany,Antonio Rüdiger,Jamal Musiala,5
3857263,Germany,Antonio Rüdiger,Jonas Hofmann,1
3857263,Germany,Antonio Rüdiger,Joshua Kimmich,6
3857263,Germany,Antonio Rüdiger,Manuel Neuer,10
3857263,Germany,Antonio Rüdiger,Niklas Süle,9
3857263,Germany,Antonio Rüdiger,Thilo Kehrer,1
3857263,Germany,David Raum,Antonio Rüdiger,6
3857263,Germany,David Raum,Jamal Musiala,8
3857263,Germany,David Raum,Joshua Kimmich,2
3857263,Germany,David Raum,Leon Goretzka,3
3857263,Germany,David Raum,Manuel Neuer,2
3857263,Germany,David Raum,Niclas Füllkrug,4
3857263,Germany,David Raum,Niklas Süle,1
3857263,Germany,David Raum,Serge Gnabry,2
3857263,Germany,David Raum,Thomas Müller,3
3857263,Germany,David Raum,İlkay Gündoğan,2
3857263,Germany,Jamal Musiala,Antonio Rüdiger,3
3857263,Germany,Jamal Musiala,David Raum,5
3857263,Germany,Jamal Musiala,Leroy Sané,3
3857263,Germany,Jamal Musiala,Niclas Füllkrug,1
3857263,Germany,Jamal Musiala,Serge Gnabry,1
3857263,Germany,Jamal Musiala,Thomas Müller,3
3857263,Germany,Jamal Musiala,İlkay Gündoğan,1
3857263,Germany,Jonas Hofmann,Leon Goretzka,1
3857263,Germany,Joshua Kimmich,Antonio Rüdiger,7
3857263,Germany,Joshua Kimmich,David Raum,2
3857263,Germany,Joshua Kimmich,Jamal Musiala,4
3857263,Germany,Joshua Kimmich,Manuel Neuer,4
3857263,Germany,Joshua Kimmich,Niclas Füllkrug,1
3857263,Germany,Joshua Kimmich,Niklas Süle,6
3857263,Germany,Joshua Kimmich,Serge Gnabry,1
3857263,Germany,Joshua Kimmich,Thilo Kehrer,2
3857263,Germany,Joshua Kimmich,Thomas Müller,1
3857263,Germany,Joshua Kimmich,İlkay Gündoğan,2
3857263,Germany,Manuel Neuer,Antonio Rüdiger,7
3857263,Germany,Manuel Neuer,David Raum,8
3857263,Germany,Manuel Neuer,Jamal Musiala,2
3857263,Germany,Manuel Neuer,Niklas Süle,10
3857263,Germany,Manuel Neuer,Serge Gnabry,2
3857263,Germany,Manuel Neuer,Thilo Kehrer,3
3857263,Germany,Niklas Süle,Antonio Rüdiger,7
3857263,Germany,Niklas Süle,David Raum,1
3857263,Germany,Niklas Süle,Jamal Musiala,3
3857263,Germany,Niklas Süle,Joshua Kimmich,2
3857263,Germany,Niklas Süle,Leon Goretzka,2
3857263,Germany,Niklas Süle,Leroy Sané,1
3857263,Germany,Niklas Süle,Lukas Klostermann,3
3857263,Germany,Niklas Süle,Manuel Neuer,9
3857263,Germany,Niklas Süle,Niclas Füllkrug,1
3857263,Germany,Niklas Süle,Nico Schlotterbeck,1
3857263,Germany,Niklas Süle,Serge Gnabry,1
3857263,Germany,Niklas Süle,Thilo Kehrer,7
3857263,Germany,Niklas Süle,Thomas Müller,1
3857263,Germany,Niklas Süle,İlkay Gündoğan,2
3857263,Germany,Thilo Kehrer,Antonio Rüdiger,1
3857263,Germany,Thilo Kehrer,Jamal Musiala,1
3857263,Germany,Thilo Kehrer,Joshua Kimmich,2
3857263,Germany,Thilo Kehrer,Leon Goretzka,1
3857263,Germany,Thilo Kehrer,Manuel Neuer,2
3857263,Germany,Thilo Kehrer,Niklas Süle,5
3857263,Germany,Thilo Kehrer,Serge Gnabry,8
3857263,Germany,Thilo Kehrer,Thomas Müller,1
3857263,Germany,Leon Goretzka,Antonio Rüdiger,4
3857263,Germany,Leon Goretzka,David Raum,3
3857263,Germany,Leon Goretzka,Joshua Kimmich,2
3857263,Germany,Leon Goretzka,Niclas Füllkrug,1
3857263,Germany,Leon Goretzka,Nico Schlotterbeck,2
3857263,Germany,Leon Goretzka,Serge Gnabry,3
3857263,Germany,Leon Goretzka,Thilo Kehrer,2
3857263,Germany,Leon Goretzka,Thomas Müller,1
3857263,Germany,Leon Goretzka,İlkay Gündoğan,1
3857263,Germany,Niclas Füllkrug,Antonio Rüdiger,1
3857263,Germany,Niclas Füllkrug,David Raum,1
3857263,Germany,Niclas Füllkrug,Joshua Kimmich,1
3857263,Germany,Niclas Füllkrug,Leroy Sané,2
3857263,Germany,Serge Gnabry,Jamal Musiala,1
3857263,Germany,Serge Gnabry,Joshua Kimmich,3
3857263,Germany,Serge Gnabry,Leon Goretzka,3
3857263,Germany,Serge Gnabry,Thilo Kehrer,2
3857263,Germany,Serge Gnabry,Thomas Müller,2
3857263,Germany,Serge Gnabry,İlkay Gündoğan,1
3857263,Germany,Thomas Müller,David Raum,1
3857263,Germany,Thomas Müller,Leon Goretzka,1
3857263,Germany,Thomas Müller,Niklas Süle,1
3857263,Germany,Thomas Müller,Serge Gnabry,1
3857263,Germany,Thomas Müller,Thilo Kehrer,1
3857263,Germany,Thomas Müller,İlkay Gündoğan,3
3857263,Germany,İlkay Gündoğan,Antonio Rüdiger,2
3857263,Germany,İlkay Gündoğan,David Raum,1
3857263,Germany,İlkay Gündoğan,Joshua Kimmich,3
3857263,Germany,İlkay Gündoğan,Leon Goretzka,3
3857263,Germany,İlkay Gündoğan,Manuel Neuer,1
3857263,Germany,İlkay Gündoğan,Serge Gnabry,1
3857263,Germany,İlkay Gündoğan,Thilo Kehrer,2
3857263,Germany,Leroy Sané,Jamal Musiala,3
3857263,Germany,Leroy Sané,Joshua Kimmich,1
3857263,Germany,Leroy Sané,Leon Goretzka,2
3857263,Germany,Leroy Sané,Niklas Süle,1
3857263,Germany,Nico Schlotterbeck,Antonio Rüdiger,1
3857263,Germany,Nico Schlotterbeck,Jamal Musiala,1
3857263,Germany,Nico Schlotterbeck,Leroy Sané,1
3857263,Germany,Lukas Klostermann,Antonio Rüdiger,1
3857263,Germany,Lukas Klostermann,Jamal Musiala,2
3857263,Germany,Lukas Klostermann,Leroy Sané,3
3857263,Germany,Lukas Klostermann,Manuel Neuer,1
3857263,Germany,Lukas Klostermann,Niklas Süle,1
3857263,Spain,Alejandro Balde Martínez,Aymeric Laporte,4
3857263,Spain,Alejandro Balde Martínez,Daniel Olmo Carvajal,2
3857263,Spain,Alejandro Balde Martínez,Pedro González López,1
3857263,Spain,Alejandro Balde Martínez,Rodrigo Hernández Cascante,1
3857263,Spain,Aymeric Laporte,Alejandro Balde Martínez,3
3857263,Spain,Aymeric Laporte,Daniel Carvajal Ramos,1
3857263,Spain,Aymeric Laporte,Daniel Olmo Carvajal,4
3857263,Spain,Aymeric Laporte,Ferrán Torres García,3
3857263,Spain,Aymeric Laporte,Jordi Alba Ramos,18
3857263,Spain,Aymeric Laporte,Jorge Resurrección Merodio,1
3857263,Spain,Aymeric Laporte,Marco Asensio Willemsen,4
3857263,Spain,Aymeric Laporte,Pablo Martín Páez Gavira,2
3857263,Spain,Aymeric Laporte,Pedro González López,9
3857263,Spain,Aymeric Laporte,Rodrigo Hernández Cascante,25
3857263,Spain,Aymeric Laporte,Sergio Busquets i Burgos,4
3857263,Spain,Aymeric Laporte,Unai Simón Mendibil,15
3857263,Spain,Daniel Olmo Carvajal,Aymeric Laporte,5
3857263,Spain,Daniel Olmo Carvajal,Ferrán Torres García,2
3857263,Spain,Daniel Olmo Carvajal,Jordi Alba Ramos,12
3857263,Spain,Daniel Olmo Carvajal,Marco Asensio Willemsen,4
3857263,Spain,Daniel Olmo Carvajal,Nicholas Williams Arthuer,1
3857263,Spain,Daniel Olmo Carvajal,Pablo Martín Páez Gavira,1
3857263,Spain,Daniel Olmo Carvajal,Pedro González López,8
3857263,Spain,Pedro González López,Alejandro Balde Martínez,2
3857263,Spain,Pedro González López,Aymeric Laporte,6
3857263,Spain,Pedro González López,Daniel Carvajal Ramos,3
3857263,Spain,Pedro González López,Daniel Olmo Carvajal,11
3857263,Spain,Pedro González López,Ferrán Torres García,2
3857263,Spain,Pedro González López,Jordi Alba Ramos,14
3857263,Spain,Pedro González López,Marco Asensio Willemsen,7
3857263,Spain,Pedro González López,Nicholas Williams Arthuer,1
3857263,Spain,Pedro González López,Pablo Martín Páez Gavira,2
3857263,Spain,Pedro González López,Rodrigo Hernández Cascante,5
3857263,Spain,Pedro González López,Sergio Busquets i Burgos,4
3857263,Spain,Pedro González López,Unai Simón Mendibil,2
3857263,Spain,Rodrigo Hernández Cascante,Aymeric Laporte,21
3857263,Spain,Rodrigo Hernández Cascante,Daniel Carvajal Ramos,32
3857263,Spain,Rodrigo Hernández Cascante,Ferrán Torres García,6
3857263,Spain,Rodrigo Hernández Cascante,Jordi Alba Ramos,3
3857263,Spain,Rodrigo Hernández Cascante,Jorge Resurrección Merodio,3
3857263,Spain,Rodrigo Hernández Cascante,Marco Asensio Willemsen,4
3857263,Spain,Rodrigo Hernández Cascante,Nicholas Williams Arthuer,4
3857263,Spain,Rodrigo Hernández Cascante,Pedro González López,6
3857263,Spain,Rodrigo Hernández Cascante,Sergio Busquets i Burgos,2
3857263,Spain,Rodrigo Hernández Cascante,Unai Simón Mendibil,13
3857263,Spain,Rodrigo Hernández Cascante,Álvaro Borja Morata Martín,1
3857263,Spain,Daniel Carvajal Ramos,Alejandro Balde Martínez,1
3857263,Spain,Daniel Carvajal Ramos,Aymeric Laporte,1
3857263,Spain,Daniel Carvajal Ramos,Daniel Olmo Carvajal,1
3857263,Spain,Daniel Carvajal Ramos,Ferrán Torres García,5
3857263,Spain,Daniel Carvajal Ramos,Jordi Alba Ramos,2
3857263,Spain,Daniel Carvajal Ramos,Jorge Resurrección Merodio,5
3857263,Spain,Daniel Carvajal Ramos,Marco Asensio Willemsen,1
3857263,Spain,Daniel Carvajal Ramos,Nicholas Williams Arthuer,6
3857263,Spain,Daniel Carvajal Ramos,Pablo Martín Páez Gavira,3
3857263,Spain,Daniel Carvajal Ramos,Pedro González López,3
3857263,Spain,Daniel Carvajal Ramos,Rodrigo Hernández Cascante,23
3857263,Spain,Daniel Carvajal Ramos,Sergio Busquets i Burgos,6
3857263,Spain,Daniel Carvajal Ramos,Unai Simón Mendibil,6
3857263,Spain,Daniel Carvajal Ramos,Álvaro Borja Morata Martín,2
3857263,Spain,Ferrán Torres García,Daniel Carvajal Ramos,3
3857263,Spain,Ferrán Torres García,Jordi Alba Ramos,3
3857263,Spain,Ferrán Torres García,Marco Asensio Willemsen,1
3857263,Spain,Ferrán Torres García,Pablo Martín Páez Gavira,1
3857263,Spain,Ferrán Torres García,Pedro González López,2
3857263,Spain,Ferrán Torres García,Sergio Busquets i Burgos,1
3857263,Spain,Jordi Alba Ramos,Aymeric Laporte,15
3857263,Spain,Jordi Alba Ramos,Daniel Olmo Carvajal,17
3857263,Spain,Jordi Alba Ramos,Ferrán Torres García,4
3857263,Spain,Jordi Alba Ramos,Marco Asensio Willemsen,9
3857263,Spain,Jordi Alba Ramos,Pedro González López,13
3857263,Spain,Jordi Alba Ramos,Rodrigo Hernández Cascante,5
3857263,Spain,Jordi Alba Ramos,Sergio Busquets i Burgos,2
3857263,Spain,Jordi Alba Ramos,Unai Simón Mendibil,4
3857263,Spain,Jordi Alba Ramos,Álvaro Borja Morata Martín,2
3857263,Spain,Jorge Resurrección Merodio,Daniel Carvajal Ramos,3
3857263,Spain,Jorge Resurrección Merodio,Rodrigo Hernández Cascante,2
3857263,Spain,Jorge Resurrección Merodio,Sergio Busquets i Burgos,2
3857263,Spain,Jorge Resurrección Merodio,Álvaro Borja Morata Martín,1
3857263,Spain,Marco Asensio Willemsen,Aymeric Laporte,3
3857263,Spain,Marco Asensio Willemsen,Daniel Olmo Carvajal,8
3857263,Spain,Marco Asensio Willemsen,Ferrán Torres García,1
3857263,Spain,Marco Asensio Willemsen,Jordi Alba Ramos,5
3857263,Spain,Marco Asensio Willemsen,Pablo Martín Páez Gavira,1
3857263,Spain,Marco Asensio Willemsen,Pedro González López,5
3857263,Spain,Marco Asensio Willemsen,Rodrigo Hernández Cascante,2
3857263,Spain,Marco Asensio Willemsen,Sergio Busquets i Burgos,2
3857263,Spain,Marco Asensio Willemsen,Unai Simón Mendibil,1
3857263,Spain,Marco Asensio Willemsen,Álvaro Borja Morata Martín,1
3857263,Spain,Pablo Martín Páez Gavira,Aymeric Laporte,1
3857263,Spain,Pablo Martín Páez Gavira,Daniel Carvajal Ramos,1
3857263,Spain,Pablo Martín Páez Gavira,Ferrán Torres García,1
3857263,Spain,Pablo Martín Páez Gavira,Marco Asensio Willemsen,2
3857263,Spain,Pablo Martín Páez Gavira,Rodrigo Hernández Cascante,2
3857263,Spain,Pablo Martín Páez Gavira,Sergio Busquets i Burgos,2
3857263,Spain,Pablo Martín Páez Gavira,Álvaro Borja Morata Martín,1
3857263,Spain,Sergio Busquets i Burgos,Alejandro Balde Martínez,1
3857263,Spain,Sergio Busquets i Burgos,Aymeric Laporte,6
3857263,Spain,Sergio Busquets i Burgos,Daniel Carvajal Ramos,1
3857263,Spain,Sergio Busquets i Burgos,Daniel Olmo Carvajal,4
3857263,Spain,Sergio Busquets i Burgos,Ferrán Torres García,1
3857263,Spain,Sergio Busquets i Burgos,Jordi Alba Ramos,4
3857263,Spain,Sergio Busquets i Burgos,Jorge Resurrección Merodio,1
3857263,Spain,Sergio Busquets i Burgos,Marco Asensio Willemsen,3
3857263,Spain,Sergio Busquets i Burgos,Nicholas Williams Arthuer,1
3857263,Spain,Sergio Busquets i Burgos,Pablo Martín Páez Gavira,2
3857263,Spain,Sergio Busquets i Burgos,Pedro González López,8
3857263,Spain,Sergio Busquets i Burgos,Rodrigo Hernández Cascante,8
3857263,Spain,Sergio Busquets i Burgos,Álvaro Borja Morata Martín,1
3857263,Spain,Unai Simón Mendibil,Aymeric Laporte,22
3857263,Spain,Unai Simón Mendibil,Daniel Carvajal Ramos,3
3857263,Spain,Unai Simón Mendibil,Ferrán Torres García,3
3857263,Spain,Unai Simón Mendibil,Jordi Alba Ramos,1
3857263,Spain,Unai Simón Mendibil,Rodrigo Hernández Cascante,13
3857263,Spain,Unai Simón Mendibil,Sergio Busquets i Burgos,4
3857263,Spain,Unai Simón Mendibil,Álvaro Borja Morata Martín,1
3857263,Spain,Nicholas Williams Arthuer,Alejandro Balde Martínez,1
3857263,Spain,Nicholas Williams Arthuer,Daniel Carvajal Ramos,1
3857263,Spain,Nicholas Williams Arthuer,Jordi Alba Ramos,1
3857263,Spain,Nicholas Williams Arthuer,Jorge Resurrección Merodio,1
3857263,Spain,Nicholas Williams Arthuer,Pedro González López,2
3857263,Spain,Nicholas Williams Arthuer,Álvaro Borja Morata Martín,2
3857263,Spain,Álvaro Borja Morata Martín,Marco Asensio Willemsen,1
3857263,Spain,Álvaro Borja Morata Martín,Nicholas Williams Arthuer,1
3857263,Spain,Álvaro Borja Morata Martín,Pedro González López,1
3857263,Spain,Álvaro Borja Morata Martín,Rodrigo Hernández Cascante,1
3857264,Argentina,Alexis Mac Allister,Enzo Fernandez,8
3857264,Argentina,Alexis Mac Allister,Julián Álvarez,4
3857264,Argentina,Alexis Mac Allister,Leandro Daniel Paredes,6
3857264,Argentina,Alexis Mac Allister,Lionel Andrés Messi Cuccittini,4
3857264,Argentina,Alexis Mac Allister,Marcos Javier Acuña,12
3857264,Argentina,Alexis Mac Allister,Nahuel Molina Lucero,1
3857264,Argentina,Alexis Mac Allister,Nicolás Alejandro Tagliafico,1
3857264,Argentina,Alexis Mac Allister,Nicolás Hernán Otamendi,5
3857264,Argentina,Alexis Mac Allister,Rodrigo Javier De Paul,7
3857264,Argentina,Alexis Mac Allister,Ángel Fabián Di María Hernández,2
3857264,Argentina,Enzo Fernandez,Alexis Mac Allister,6
3857264,Argentina,Enzo Fernandez,Cristian Gabriel Romero,10
3857264,Argentina,Enzo Fernandez,Damián Emiliano Martínez,1
3857264,Argentina,Enzo Fernandez,Julián Álvarez,4
3857264,Argentina,Enzo Fernandez,Leandro Daniel Paredes,6
3857264,Argentina,Enzo Fernandez,Lionel Andrés Messi Cuccittini,8
3857264,Argentina,Enzo Fernandez,Marcos Javier Acuña,1
3857264,Argentina,Enzo Fernandez,Nahuel Molina Lucero,16
3857264,Argentina,Enzo Fernandez,Nicolás Alejandro Tagliafico,5
3857264,Argentina,Enzo Fernandez,Nicolás Hernán Otamendi,12
3857264,Argentina,Enzo Fernandez,Rodrigo Javier De Paul,16
3857264,Argentina,Enzo Fernandez,Ángel Fabián Di María Hernández,1
3857264,Argentina,Julián Álvarez,Alexis Mac Allister,4
3857264,Argentina,Julián Álvarez,Enzo Fernandez,2
3857264,Argentina,Julián Álvarez,Leandro Daniel Paredes,1
3857264,Argentina,Julián Álvarez,Lionel Andrés Messi Cuccittini,4
3857264,Argentina,Julián Álvarez,Marcos Javier Acuña,2
3857264,Argentina,Julián Álvarez,Nicolás Hernán Otamendi,2
3857264,Argentina,Julián Álvarez,Rodrigo Javier De Paul,4
3857264,Argentina,Julián Álvarez,Ángel Fabián Di María Hernández,1
3857264,Argentina,Leandro Daniel Paredes,Alexis Mac Allister,4
3857264,Argentina,Leandro Daniel Paredes,Cristian Gabriel Romero,6
3857264,Argentina,Leandro Daniel Paredes,Enzo Fernandez,12
3857264,Argentina,Leandro Daniel Paredes,Germán Alejandro Pezzella,3
3857264,Argentina,Leandro Daniel Paredes,Julián Álvarez,2
3857264,Argentina,Leandro Daniel Paredes,Lautaro Javier Martínez,3
3857264,Argentina,Leandro Daniel Paredes,Lionel Andrés Messi Cuccittini,6
3857264,Argentina,Leandro Daniel Paredes,Nahuel Molina Lucero,1
3857264,Argentina,Leandro Daniel Paredes,Nicolás Alejandro Tagliafico,8
3857264,Argentina,Leandro Daniel Paredes,Nicolás Hernán Otamendi,10
3857264,Argentina,Leandro Daniel Paredes,Rodrigo Javier De Paul,16
3857264,Argentina,Leandro Daniel Paredes,Thiago Ezequiel Almada,6
3857264,Argentina,Lionel Andrés Messi Cuccittini,Alexis Mac Allister,4
3857264,Argentina,Lionel Andrés Messi Cuccittini,Cristian Gabriel Romero,1
3857264,Argentina,Lionel Andrés Messi Cuccittini,Enzo Fernandez,6
3857264,Argentina,Lionel Andrés Messi Cuccittini,Julián Álvarez,2
3857264,Argentina,Lionel Andrés Messi Cuccittini,Lautaro Javier Martínez,3
3857264,Argentina,Lionel Andrés Messi Cuccittini,Leandro Daniel Paredes,5
3857264,Argentina,Lionel Andrés Messi Cuccittini,Marcos Javier Acuña,6
3857264,Argentina,Lionel Andrés Messi Cuccittini,Nahuel Molina Lucero,4
3857264,Argentina,Lionel Andrés Messi Cuccittini,Nicolás Alejandro Tagliafico,5
3857264,Argentina,Lionel Andrés Messi Cuccittini,Nicolás Hernán Otamendi,1
3857264,Argentina,Lionel Andrés Messi Cuccittini,Rodrigo Javier De Paul,15
3857264,Argentina,Lionel Andrés Messi Cuccittini,Thiago Ezequiel Almada,1
3857264,Argentina,Lionel Andrés Messi Cuccittini,Ángel Fabián Di María Hernández,6
3857264,Argentina,Marcos Javier Acuña,Alexis Mac Allister,7
3857264,Argentina,Marcos Javier Acuña,Enzo Fernandez,8
3857264,Argentina,Marcos Javier Acuña,Julián Álvarez,3
3857264,Argentina,Marcos Javier Acuña,Lionel Andrés Messi Cuccittini,1
3857264,Argentina,Marcos Javier Acuña,Nahuel Molina Lucero,1
3857264,Argentina,Marcos Javier Acuña,Nicolás Hernán Otamendi,6
3857264,Argentina,Marcos Javier Acuña,Rodrigo Javier De Paul,4
3857264,Argentina,Marcos Javier Acuña,Ángel Fabián Di María Hernández,5
3857264,Argentina,Nahuel Molina Lucero,Alexis Mac Allister,1
3857264,Argentina,Nahuel Molina Lucero,Cristian Gabriel Romero,10
3857264,Argentina,Nahuel Molina Lucero,Damián Emiliano Martínez,1
3857264,Argentina,Nahuel Molina Lucero,Enzo Fernandez,6
3857264,Argentina,Nahuel Molina Lucero,Julián Álvarez,2
3857264,Argentina,Nahuel Molina Lucero,Leandro Daniel Paredes,2
3857264,Argentina,Nahuel Molina Lucero,Lionel Andrés Messi Cuccittini,9
3857264,Argentina,Nahuel Molina Lucero,Marcos Javier Acuña,1
3857264,Argentina,Nahuel Molina Lucero,Nicolás Hernán Otamendi,1
3857264,Argentina,Nahuel Molina Lucero,Rodrigo Javier De Paul,27
3857264,Argentina,Nahuel Molina Lucero,Ángel Fabián Di María Hernández,11
3857264,Argentina,Nicolás Alejandro Tagliafico,Alexis Mac Allister,9
3857264,Argentina,Nicolás Alejandro Tagliafico,Cristian Gabriel Romero,1
3857264,Argentina,Nicolás Alejandro Tagliafico,Enzo Fernandez,5
3857264,Argentina,Nicolás Alejandro Tagliafico,Germán Alejandro Pezzella,1
3857264,Argentina,Nicolás Alejandro Tagliafico,Lautaro Javier Martínez,2
3857264,Argentina,Nicolás Alejandro Tagliafico,Leandro Daniel Paredes,10
3857264,Argentina,Nicolás Alejandro Tagliafico,Lionel Andrés Messi Cuccittini,1
3857264,Argentina,Nicolás Alejandro Tagliafico,Nicolás Hernán Otamendi,7
3857264,Argentina,Nicolás Alejandro Tagliafico,Rodrigo Javier De Paul,1
3857264,Argentina,Nicolás Alejandro Tagliafico,Thiago Ezequiel Almada,1
3857264,Argentina,Nicolás Hernán Otamendi,Alexis Mac Allister,8
3857264,Argentina,Nicolás Hernán Otamendi,Cristian Gabriel Romero,9
3857264,Argentina,Nicolás Hernán Otamendi,Damián Emiliano Martínez,3
3857264,Argentina,Nicolás Hernán Otamendi,Enzo Fernandez,18
3857264,Argentina,Nicolás Hernán Otamendi,Germán Alejandro Pezzella,1
3857264,Argentina,Nicolás Hernán Otamendi,Julián Álvarez,4
3857264,Argentina,Nicolás Hernán Otamendi,Leandro Daniel Paredes,15
3857264,Argentina,Nicolás Hernán Otamendi,Marcos Javier Acuña,6
3857264,Argentina,Nicolás Hernán Otamendi,Nahuel Molina Lucero,2
3857264,Argentina,Nicolás Hernán Otamendi,Nicolás Alejandro Tagliafico,10
3857264,Argentina,Nicolás Hernán Otamendi,Rodrigo Javier De Paul,9
3857264,Argentina,Nicolás Hernán Otamendi,Ángel Fabián Di María Hernández,4
3857264,Argentina,Rodrigo Javier De Paul,Alexis Mac Allister,5
3857264,Argentina,Rodrigo Javier De Paul,Cristian Gabriel Romero,20
3857264,Argentina,Rodrigo Javier De Paul,Enzo Fernandez,12
3857264,Argentina,Rodrigo Javier De Paul,Germán Alejandro Pezzella,6
3857264,Argentina,Rodrigo Javier De Paul,Julián Álvarez,1
3857264,Argentina,Rodrigo Javier De Paul,Lautaro Javier Martínez,1
3857264,Argentina,Rodrigo Javier De Paul,Leandro Daniel Paredes,12
3857264,Argentina,Rodrigo Javier De Paul,Lionel Andrés Messi Cuccittini,26
3857264,Argentina,Rodrigo Javier De Paul,Marcos Javier Acuña,2
3857264,Argentina,Rodrigo Javier De Paul,Nahuel Molina Lucero,24
3857264,Argentina,Rodrigo Javier De Paul,Nicolás Alejandro Tagliafico,1
3857264,Argentina,Rodrigo Javier De Paul,Nicolás Hernán Otamendi,11
3857264,Argentina,Rodrigo Javier De Paul,Thiago Ezequiel Almada,2
3857264,Argentina,Rodrigo Javier De Paul,Ángel Fabián Di María Hernández,19
3857264,Argentina,Ángel Fabián Di María Hernández,Alexis Mac Allister,2
3857264,Argentina,Ángel Fabián Di María Hernández,Enzo Fernandez,3
3857264,Argentina,Ángel Fabián Di María Hernández,Julián Álvarez,2
3857264,Argentina,Ángel Fabián Di María Hernández,Lionel Andrés Messi Cuccittini,12
3857264,Argentina,Ángel Fabián Di María Hernández,Marcos Javier Acuña,2
3857264,Argentina,Ángel Fabián Di María Hernández,Nahuel Molina Lucero,7
3857264,Argentina,Ángel Fabián Di María Hernández,Rodrigo Javier De Paul,12
3857264,Argentina,Cristian Gabriel Romero,Alexis Mac Allister,1
3857264,Argentina,Cristian Gabriel Romero,Damián Emiliano Martínez,2
3857264,Argentina,Cristian Gabriel Romero,Enzo Fernandez,4
3857264,Argentina,Cristian Gabriel Romero,Germán Alejandro Pezzella,2
3857264,Argentina,Cristian Gabriel Romero,Julián Álvarez,1
3857264,Argentina,Cristian Gabriel Romero,Lautaro Javier Martínez,2
3857264,Argentina,Cristian Gabriel Romero,Leandro Daniel Paredes,8
3857264,Argentina,Cristian Gabriel Romero,Lionel Andrés Messi Cuccittini,4
3857264,Argentina,Cristian Gabriel Romero,Nahuel Molina Lucero,6
3857264,Argentina,Cristian Gabriel Romero,Nicolás Hernán Otamendi,16
3857264,Argentina,Cristian Gabriel Romero,Rodrigo Javier De Paul,20
3857264,Argentina,Cristian Gabriel Romero,Ángel Fabián Di María Hernández,1
3857264,Argentina,Damián Emiliano Martínez,Cristian Gabriel Romero,3
3857264,Argentina,Damián Emiliano Martínez,Enzo Fernandez,1
3857264,Argentina,Damián Emiliano Martínez,Marcos Javier Acuña,1
3857264,Argentina,Damián Emiliano Martínez,Nicolás Hernán Otamendi,6
3857264,Argentina,Damián Emiliano Martínez,Ángel Fabián Di María Hernández,1
3857264,Argentina,Germán Alejandro Pezzella,Cristian Gabriel Romero,3
3857264,Argentina,Germán Alejandro Pezzella,Leandro Daniel Paredes,3
3857264,Argentina,Germán Alejandro Pezzella,Nicolás Alejandro Tagliafico,1
3857264,Argentina,Germán Alejandro Pezzella,Nicolás Hernán Otamendi,6
3857264,Argentina,Germán Alejandro Pezzella,Rodrigo Javier De Paul,4
3857264,Argentina,Germán Alejandro Pezzella,Thiago Ezequiel Almada,1
3857264,Argentina,Lautaro Javier Martínez,Germán Alejandro Pezzella,1
3857264,Argentina,Lautaro Javier Martínez,Leandro Daniel Paredes,1
3857264,Argentina,Lautaro Javier Martínez,Nahuel Molina Lucero,1
3857264,Argentina,Lautaro Javier Martínez,Nicolás Alejandro Tagliafico,2
3857264,Argentina,Lautaro Javier Martínez,Nicolás Hernán Otamendi,1
3857264,Argentina,Lautaro Javier Martínez,Rodrigo Javier De Paul,2
3857264,Argentina,Lautaro Javier Martínez,Thiago Ezequiel Almada,2
3857264,Argentina,Thiago Ezequiel Almada,Germán Alejandro Pezzella,2
3857264,Argentina,Thiago Ezequiel Almada,Leandro Daniel Paredes,4
3857264,Argentina,Thiago Ezequiel Almada,Lionel Andrés Messi Cuccittini,1
3857264,Argentina,Thiago Ezequiel Almada,Nahuel Molina Lucero,1
3857264,Argentina,Thiago Ezequiel Almada,Nicolás Alejandro Tagliafico,2
3857264,Argentina,Thiago Ezequiel Almada,Nicolás Hernán Otamendi,1
3857264,Argentina,Thiago Ezequiel Almada,Rodrigo Javier De Paul,1
3857264,Poland,Artur Jędrzejczyk,Damian Szymański,1
3857264,Poland,Artur Jędrzejczyk,Jakub Piotr Kiwior,1
3857264,Poland,Artur Jędrzejczyk,Robert Lewandowski,2
3857264,Poland,Damian Szymański,Artur Jędrzejczyk,1
3857264,Poland,Damian Szymański,Grzegorz Krychowiak,1
3857264,Poland,Damian Szymański,Jakub Piotr Kiwior,1
3857264,Poland,Damian Szymański,Kamil Glik,2
3857264,Poland,Damian Szymański,Matty Cash,2
3857264,Poland,Damian Szymański,Piotr Zieliński,2
3857264,Poland,Jakub Piotr Kiwior,Artur Jędrzejczyk,1
3857264,Poland,Jakub Piotr Kiwior,Bartosz Bereszyński,5
3857264,Poland,Jakub Piotr Kiwior,Damian Szymański,1
3857264,Poland,Jakub Piotr Kiwior,Grzegorz Krychowiak,2
3857264,Poland,Jakub Piotr Kiwior,Kamil Glik,11
3857264,Poland,Jakub Piotr Kiwior,Krystian Bielik,5
3857264,Poland,Jakub Piotr Kiwior,Matty Cash,1
3857264,Poland,Jakub Piotr Kiwior,Piotr Zieliński,2
3857264,Poland,Jakub Piotr Kiwior,Wojciech Szczęsny,10
3857264,Poland,Robert Lewandowski,Bartosz Bereszyński,1
3857264,Poland,Robert Lewandowski,Grzegorz Krychowiak,1
3857264,Poland,Robert Lewandowski,Jakub Kamiński,2
3857264,Poland,Robert Lewandowski,Krystian Bielik,4
3857264,Poland,Robert Lewandowski,Michał Skóraś,1
3857264,Poland,Robert Lewandowski,Piotr Zieliński,2
3857264,Poland,Robert Lewandowski,Przemysław Frankowski,1
3857264,Poland,Bartosz Bereszyński,Jakub Kamiński,3
3857264,Poland,Bartosz Bereszyński,Jakub Piotr Kiwior,10
3857264,Poland,Bartosz Bereszyński,Karol Świderski,1
3857264,Poland,Bartosz Bereszyński,Krystian Bielik,4
3857264,Poland,Bartosz Bereszyński,Piotr Zieliński,2
3857264,Poland,Bartosz Bereszyński,Przemysław Frankowski,3
3857264,Poland,Bartosz Bereszyński,Robert Lewandowski,2
3857264,Poland,Bartosz Bereszyński,Wojciech Szczęsny,1
3857264,Poland,Jakub Kamiński,Bartosz Bereszyński,2
3857264,Poland,Jakub Kamiński,Krystian Bielik,1
3857264,Poland,Jakub Kamiński,Piotr Zieliński,1
3857264,Poland,Karol Świderski,Grzegorz Krychowiak,1
3857264,Poland,Karol Świderski,Jakub Piotr Kiwior,1
3857264,Poland,Karol Świderski,Krystian Bielik,1
3857264,Poland,Karol Świderski,Piotr Zieliński,1
3857264,Poland,Karol Świderski,Przemysław Frankowski,2
3857264,Poland,Karol Świderski,Robert Lewandowski,1
3857264,Poland,Krystian Bielik,Bartosz Bereszyński,3
3857264,Poland,Krystian Bielik,Grzegorz Krychowiak,2
3857264,Poland,Krystian Bielik,Jakub Kamiński,1
3857264,Poland,Krystian Bielik,Jakub Piotr Kiwior,3
3857264,Poland,Krystian Bielik,Kamil Glik,1
3857264,Poland,Krystian Bielik,Karol Świderski,2
3857264,Poland,Krystian Bielik,Matty Cash,7
3857264,Poland,Krystian Bielik,Piotr Zieliński,2
3857264,Poland,Krystian Bielik,Przemysław Frankowski,2
3857264,Poland,Krystian Bielik,Robert Lewandowski,1
3857264,Poland,Piotr Zieliński,Artur Jędrzejczyk,1
3857264,Poland,Piotr Zieliński,Bartosz Bereszyński,1
3857264,Poland,Piotr Zieliński,Damian Szymański,2
3857264,Poland,Piotr Zieliński,Grzegorz Krychowiak,4
3857264,Poland,Piotr Zieliński,Jakub Piotr Kiwior,2
3857264,Poland,Piotr Zieliński,Kamil Glik,5
3857264,Poland,Piotr Zieliński,Krystian Bielik,1
3857264,Poland,Piotr Zieliński,Matty Cash,3
3857264,Poland,Piotr Zieliński,Michał Skóraś,3
3857264,Poland,Piotr Zieliński,Przemysław Frankowski,2
3857264,Poland,Piotr Zieliński,Robert Lewandowski,3
3857264,Poland,Przemysław Frankowski,Bartosz Bereszyński,4
3857264,Poland,Przemysław Frankowski,Krystian Bielik,1
3857264,Poland,Przemysław Frankowski,Piotr Zieliński,1
3857264,Poland,Przemysław Frankowski,Robert Lewandowski,2
3857264,Poland,Wojciech Szczęsny,Bartosz Bereszyński,2
3857264,Poland,Wojciech Szczęsny,Grzegorz Krychowiak,1
3857264,Poland,Wojciech Szczęsny,Jakub Kamiński,1
3857264,Poland,Wojciech Szczęsny,Jakub Piotr Kiwior,5
3857264,Poland,Wojciech Szczęsny,Kamil Glik,2
3857264,Poland,Wojciech Szczęsny,Krystian Bielik,2
3857264,Poland,Wojciech Szczęsny,Krzysztof Piątek,1
3857264,Poland,Wojciech Szczęsny,Matty Cash,1
3857264,Poland,Wojciech Szczęsny,Robert Lewandowski,5
3857264,Poland,Grzegorz Krychowiak,Jakub Piotr Kiwior,3
3857264,Poland,Grzegorz Krychowiak,Kamil Glik,3
3857264,Poland,Grzegorz Krychowiak,Karol Świderski,1
3857264,Poland,Grzegorz Krychowiak,Krystian Bielik,5
3857264,Poland,Grzegorz Krychowiak,Michał Skóraś,1
3857264,Poland,Grzegorz Krychowiak,Piotr Zieliński,1
3857264,Poland,Grzegorz Krychowiak,Przemysław Frankowski,3
3857264,Poland,Grzegorz Krychowiak,Robert Lewandowski,3
3857264,Poland,Kamil Glik,Damian Szymański,3
3857264,Poland,Kamil Glik,Grzegorz Krychowiak,3
3857264,Poland,Kamil Glik,Jakub Piotr Kiwior,11
3857264,Poland,Kamil Glik,Krystian Bielik,3
3857264,Poland,Kamil Glik,Matty Cash,7
3857264,Poland,Kamil Glik,Piotr Zieliński,1
3857264,Poland,Kamil Glik,Wojciech Szczęsny,4
3857264,Poland,Matty Cash,Damian Szymański,1
3857264,Poland,Matty Cash,Grzegorz Krychowiak,3
3857264,Poland,Matty Cash,Jakub Piotr Kiwior,1
3857264,Poland,Matty Cash,Kamil Glik,7
3857264,Poland,Matty Cash,Karol Świderski,1
3857264,Poland,Matty Cash,Krystian Bielik,2
3857264,Poland,Matty Cash,Michał Skóraś,4
3857264,Poland,Matty Cash,Piotr Zieliński,5
3857264,Poland,Matty Cash,Robert Lewandowski,2
3857264,Poland,Matty Cash,Wojciech Szczęsny,1
3857264,Poland,Michał Skóraś,Grzegorz Krychowiak,1
3857264,Poland,Michał Skóraś,Kamil Glik,1
3857264,Poland,Michał Skóraś,Matty Cash,5
3857264,Poland,Michał Skóraś,Piotr Zieliński,1
3857264,Poland,Krzysztof Piątek,Jakub Kamiński,1
3857265,Mexico,Carlos Alberto Rodríguez Gómez,Carlos Uriel Antuna Romero,1
3857265,Mexico,Carlos Alberto Rodríguez Gómez,César Jasib Montes Castro,1
3857265,Mexico,Carlos Alberto Rodríguez Gómez,Edson Omar Álvarez Velázquez,2
3857265,Mexico,Carlos Alberto Rodríguez Gómez,Ernesto Alexis Vega Rojas,1
3857265,Mexico,Carlos Alberto Rodríguez Gómez,Hirving Rodrigo Lozano Bahena,3
3857265,Mexico,Carlos Alberto Rodríguez Gómez,Héctor Alfredo Moreno Herrera,3
3857265,Mexico,Carlos Alberto Rodríguez Gómez,Jesús Daniel Gallardo Vasconcelos,2
3857265,Mexico,Carlos Alberto Rodríguez Gómez,Jorge Eduardo Sánchez Ramos,2
3857265,Mexico,Carlos Alberto Rodríguez Gómez,Luis Gerardo Chávez Magallón,1
3857265,Mexico,Carlos Alberto Rodríguez Gómez,Raúl Alonso Jiménez Rodríguez,1
3857265,Mexico,Carlos Uriel Antuna Romero,Carlos Alberto Rodríguez Gómez,2
3857265,Mexico,César Jasib Montes Castro,Carlos Alberto Rodríguez Gómez,4
3857265,Mexico,César Jasib Montes Castro,Edson Omar Álvarez Velázquez,3
3857265,Mexico,César Jasib Montes Castro,Ernesto Alexis Vega Rojas,2
3857265,Mexico,César Jasib Montes Castro,Francisco Guillermo Ochoa Magaña,9
3857265,Mexico,César Jasib Montes Castro,Hirving Rodrigo Lozano Bahena,2
3857265,Mexico,César Jasib Montes Castro,Héctor Alfredo Moreno Herrera,17
3857265,Mexico,César Jasib Montes Castro,Héctor Miguel Herrera López,4
3857265,Mexico,César Jasib Montes Castro,Jesús Daniel Gallardo Vasconcelos,2
3857265,Mexico,César Jasib Montes Castro,Jorge Eduardo Sánchez Ramos,10
3857265,Mexico,César Jasib Montes Castro,Luis Gerardo Chávez Magallón,4
3857265,Mexico,Edson Omar Álvarez Velázquez,Carlos Alberto Rodríguez Gómez,2
3857265,Mexico,Edson Omar Álvarez Velázquez,César Jasib Montes Castro,13
3857265,Mexico,Edson Omar Álvarez Velázquez,Ernesto Alexis Vega Rojas,3
3857265,Mexico,Edson Omar Álvarez Velázquez,Henry Josué Martín Mex,4
3857265,Mexico,Edson Omar Álvarez Velázquez,Hirving Rodrigo Lozano Bahena,1
3857265,Mexico,Edson Omar Álvarez Velázquez,Héctor Alfredo Moreno Herrera,7
3857265,Mexico,Edson Omar Álvarez Velázquez,Héctor Miguel Herrera López,2
3857265,Mexico,Edson Omar Álvarez Velázquez,Jesús Daniel Gallardo Vasconcelos,2
3857265,Mexico,Edson Omar Álvarez Velázquez,Jorge Eduardo Sánchez Ramos,3
3857265,Mexico,Edson Omar Álvarez Velázquez,Luis Gerardo Chávez Magallón,7
3857265,Mexico,Ernesto Alexis Vega Rojas,César Jasib Montes Castro,2
3857265,Mexico,Ernesto Alexis Vega Rojas,Edson Omar Álvarez Velázquez,1
3857265,Mexico,Ernesto Alexis Vega Rojas,Henry Josué Martín Mex,1
3857265,Mexico,Ernesto Alexis Vega Rojas,Héctor Alfredo Moreno Herrera,3
3857265,Mexico,Ernesto Alexis Vega Rojas,Héctor Miguel Herrera López,4
3857265,Mexico,Ernesto Alexis Vega Rojas,Jesús Daniel Gallardo Vasconcelos,6
3857265,Mexico,Ernesto Alexis Vega Rojas,Jorge Eduardo Sánchez Ramos,2
3857265,Mexico,Ernesto Alexis Vega Rojas,Luis Gerardo Chávez Magallón,6
3857265,Mexico,Hirving Rodrigo Lozano Bahena,César Jasib Montes Castro,1
3857265,Mexico,Hirving Rodrigo Lozano Bahena,Edson Omar Álvarez Velázquez,4
3857265,Mexico,Hirving Rodrigo Lozano Bahena,Ernesto Alexis Vega Rojas,2
3857265,Mexico,Hirving Rodrigo Lozano Bahena,Henry Josué Martín Mex,2
3857265,Mexico,Hirving Rodrigo Lozano Bahena,Héctor Miguel Herrera López,1
3857265,Mexico,Hirving Rodrigo Lozano Bahena,Jorge Eduardo Sánchez Ramos,3
3857265,Mexico,Hirving Rodrigo Lozano Bahena,Luis Gerardo Chávez Magallón,4
3857265,Mexico,Hirving Rodrigo Lozano Bahena,Raúl Alonso Jiménez Rodríguez,2
3857265,Mexico,Héctor Alfredo Moreno Herrera,Carlos Alberto Rodríguez Gómez,6
3857265,Mexico,Héctor Alfredo Moreno Herrera,César Jasib Montes Castro,12
3857265,Mexico,Héctor Alfredo Moreno Herrera,Edson Omar Álvarez Velázquez,15
3857265,Mexico,Héctor Alfredo Moreno Herrera,Ernesto Alexis Vega Rojas,9
3857265,Mexico,Héctor Alfredo Moreno Herrera,Francisco Guillermo Ochoa Magaña,3
3857265,Mexico,Héctor Alfredo Moreno Herrera,Henry Josué Martín Mex,1
3857265,Mexico,Héctor Alfredo Moreno Herrera,Hirving Rodrigo Lozano Bahena,4
3857265,Mexico,Héctor Alfredo Moreno Herrera,Héctor Miguel Herrera López,2
3857265,Mexico,Héctor Alfredo Moreno Herrera,Jesús Daniel Gallardo Vasconcelos,10
3857265,Mexico,Héctor Alfredo Moreno Herrera,Luis Gerardo Chávez Magallón,10
3857265,Mexico,Héctor Alfredo Moreno Herrera,Raúl Alonso Jiménez Rodríguez,1
3857265,Mexico,Jesús Daniel Gallardo Vasconcelos,Carlos Alberto Rodríguez Gómez,1
3857265,Mexico,Jesús Daniel Gallardo Vasconcelos,César Jasib Montes Castro,1
3857265,Mexico,Jesús Daniel Gallardo Vasconcelos,Edson Omar Álvarez Velázquez,5
3857265,Mexico,Jesús Daniel Gallardo Vasconcelos,Ernesto Alexis Vega Rojas,4
3857265,Mexico,Jesús Daniel Gallardo Vasconcelos,Francisco Guillermo Ochoa Magaña,3
3857265,Mexico,Jesús Daniel Gallardo Vasconcelos,Henry Josué Martín Mex,1
3857265,Mexico,Jesús Daniel Gallardo Vasconcelos,Hirving Rodrigo Lozano Bahena,3
3857265,Mexico,Jesús Daniel Gallardo Vasconcelos,Héctor Alfredo Moreno Herrera,12
3857265,Mexico,Jesús Daniel Gallardo Vasconcelos,Héctor Miguel Herrera López,2
3857265,Mexico,Jesús Daniel Gallardo Vasconcelos,Jorge Eduardo Sánchez Ramos,1
3857265,Mexico,Jesús Daniel Gallardo Vasconcelos,Luis Gerardo Chávez Magallón,7
3857265,Mexico,Jorge Eduardo Sánchez Ramos,Carlos Alberto Rodríguez Gómez,4
3857265,Mexico,Jorge Eduardo Sánchez Ramos,Carlos Uriel Antuna Romero,2
3857265,Mexico,Jorge Eduardo Sánchez Ramos,César Jasib Montes Castro,12
3857265,Mexico,Jorge Eduardo Sánchez Ramos,Ernesto Alexis Vega Rojas,1
3857265,Mexico,Jorge Eduardo Sánchez Ramos,Francisco Guillermo Ochoa Magaña,1
3857265,Mexico,Jorge Eduardo Sánchez Ramos,Henry Josué Martín Mex,3
3857265,Mexico,Jorge Eduardo Sánchez Ramos,Hirving Rodrigo Lozano Bahena,7
3857265,Mexico,Jorge Eduardo Sánchez Ramos,Héctor Alfredo Moreno Herrera,1
3857265,Mexico,Jorge Eduardo Sánchez Ramos,Héctor Miguel Herrera López,5
3857265,Mexico,Jorge Eduardo Sánchez Ramos,Luis Gerardo Chávez Magallón,3
3857265,Mexico,Jorge Eduardo Sánchez Ramos,Raúl Alonso Jiménez Rodríguez,4
3857265,Mexico,Luis Gerardo Chávez Magallón,Carlos Uriel Antuna Romero,1
3857265,Mexico,Luis Gerardo Chávez Magallón,César Jasib Montes Castro,1
3857265,Mexico,Luis Gerardo Chávez Magallón,Edson Omar Álvarez Velázquez,9
3857265,Mexico,Luis Gerardo Chávez Magallón,Ernesto Alexis Vega Rojas,2
3857265,Mexico,Luis Gerardo Chávez Magallón,Henry Josué Martín Mex,2
3857265,Mexico,Luis Gerardo Chávez Magallón,Hirving Rodrigo Lozano Bahena,9
3857265,Mexico,Luis Gerardo Chávez Magallón,Héctor Alfredo Moreno Herrera,7
3857265,Mexico,Luis Gerardo Chávez Magallón,Héctor Miguel Herrera López,1
3857265,Mexico,Luis Gerardo Chávez Magallón,Jesús Daniel Gallardo Vasconcelos,7
3857265,Mexico,Luis Gerardo Chávez Magallón,Jorge Eduardo Sánchez Ramos,5
3857265,Mexico,Luis Gerardo Chávez Magallón,Raúl Alonso Jiménez Rodríguez,1
3857265,Mexico,Raúl Alonso Jiménez Rodríguez,Carlos Uriel Antuna Romero,2
3857265,Mexico,Raúl Alonso Jiménez Rodríguez,Ernesto Alexis Vega Rojas,1
3857265,Mexico,Raúl Alonso Jiménez Rodríguez,Jesús Daniel Gallardo Vasconcelos,1
3857265,Mexico,Raúl Alonso Jiménez Rodríguez,Jorge Eduardo Sánchez Ramos,1
3857265,Mexico,Raúl Alonso Jiménez Rodríguez,Luis Gerardo Chávez Magallón,1
3857265,Mexico,Francisco Guillermo Ochoa Magaña,César Jasib Montes Castro,10
3857265,Mexico,Francisco Guillermo Ochoa Magaña,Héctor Alfredo Moreno Herrera,18
3857265,Mexico,Francisco Guillermo Ochoa Magaña,Héctor Miguel Herrera López,2
3857265,Mexico,Francisco Guillermo Ochoa Magaña,Jesús Daniel Gallardo Vasconcelos,1
3857265,Mexico,Francisco Guillermo Ochoa Magaña,Luis Gerardo Chávez Magallón,1
3857265,Mexico,Héctor Miguel Herrera López,César Jasib Montes Castro,4
3857265,Mexico,Héctor Miguel Herrera López,Edson Omar Álvarez Velázquez,2
3857265,Mexico,Héctor Miguel Herrera López,Ernesto Alexis Vega Rojas,6
3857265,Mexico,Héctor Miguel Herrera López,Hirving Rodrigo Lozano Bahena,2
3857265,Mexico,Héctor Miguel Herrera López,Héctor Alfredo Moreno Herrera,5
3857265,Mexico,Héctor Miguel Herrera López,Jesús Daniel Gallardo Vasconcelos,1
3857265,Mexico,Héctor Miguel Herrera López,Jorge Eduardo Sánchez Ramos,2
3857265,Mexico,Héctor Miguel Herrera López,Luis Gerardo Chávez Magallón,4
3857265,Mexico,Henry Josué Martín Mex,Edson Omar Álvarez Velázquez,1
3857265,Mexico,Henry Josué Martín Mex,Ernesto Alexis Vega Rojas,2
3857265,Mexico,Henry Josué Martín Mex,Héctor Miguel Herrera López,2
3857265,Mexico,Henry Josué Martín Mex,Jesús Daniel Gallardo Vasconcelos,1
3857265,Mexico,Henry Josué Martín Mex,Jorge Eduardo Sánchez Ramos,2
3857265,Poland,Arkadiusz Milik,Matty Cash,3
3857265,Poland,Arkadiusz Milik,Robert Lewandowski,1
3857265,Poland,Matty Cash,Arkadiusz Milik,2
3857265,Poland,Matty Cash,Grzegorz Krychowiak,4
3857265,Poland,Matty Cash,Jakub Kamiński,4
3857265,Poland,Matty Cash,Kamil Glik,8
3857265,Poland,Matty Cash,Krystian Bielik,1
3857265,Poland,Matty Cash,Piotr Zieliński,5
3857265,Poland,Matty Cash,Przemysław Frankowski,1
3857265,Poland,Matty Cash,Sebastian Szymański,1
3857265,Poland,Matty Cash,Wojciech Szczęsny,1
3857265,Poland,Robert Lewandowski,Arkadiusz Milik,2
3857265,Poland,Robert Lewandowski,Grzegorz Krychowiak,1
3857265,Poland,Robert Lewandowski,Jakub Kamiński,3
3857265,Poland,Robert Lewandowski,Krystian Bielik,2
3857265,Poland,Robert Lewandowski,Nicola Zalewski,1
3857265,Poland,Robert Lewandowski,Piotr Zieliński,1
3857265,Poland,Robert Lewandowski,Sebastian Szymański,3
3857265,Poland,Bartosz Bereszyński,Grzegorz Krychowiak,1
3857265,Poland,Bartosz Bereszyński,Jakub Piotr Kiwior,7
3857265,Poland,Bartosz Bereszyński,Krystian Bielik,2
3857265,Poland,Bartosz Bereszyński,Nicola Zalewski,4
3857265,Poland,Bartosz Bereszyński,Piotr Zieliński,5
3857265,Poland,Bartosz Bereszyński,Przemysław Frankowski,2
3857265,Poland,Bartosz Bereszyński,Robert Lewandowski,1
3857265,Poland,Bartosz Bereszyński,Sebastian Szymański,7
3857265,Poland,Bartosz Bereszyński,Wojciech Szczęsny,1
3857265,Poland,Grzegorz Krychowiak,Arkadiusz Milik,1
3857265,Poland,Grzegorz Krychowiak,Bartosz Bereszyński,1
3857265,Poland,Grzegorz Krychowiak,Jakub Kamiński,1
3857265,Poland,Grzegorz Krychowiak,Jakub Piotr Kiwior,1
3857265,Poland,Grzegorz Krychowiak,Krystian Bielik,3
3857265,Poland,Grzegorz Krychowiak,Matty Cash,5
3857265,Poland,Grzegorz Krychowiak,Robert Lewandowski,3
3857265,Poland,Grzegorz Krychowiak,Sebastian Szymański,4
3857265,Poland,Jakub Piotr Kiwior,Bartosz Bereszyński,3
3857265,Poland,Jakub Piotr Kiwior,Grzegorz Krychowiak,3
3857265,Poland,Jakub Piotr Kiwior,Kamil Glik,11
3857265,Poland,Jakub Piotr Kiwior,Krystian Bielik,2
3857265,Poland,Jakub Piotr Kiwior,Matty Cash,1
3857265,Poland,Jakub Piotr Kiwior,Nicola Zalewski,2
3857265,Poland,Jakub Piotr Kiwior,Piotr Zieliński,1
3857265,Poland,Jakub Piotr Kiwior,Robert Lewandowski,1
3857265,Poland,Jakub Piotr Kiwior,Sebastian Szymański,3
3857265,Poland,Jakub Piotr Kiwior,Wojciech Szczęsny,7
3857265,Poland,Krystian Bielik,Bartosz Bereszyński,1
3857265,Poland,Krystian Bielik,Grzegorz Krychowiak,2
3857265,Poland,Krystian Bielik,Jakub Kamiński,1
3857265,Poland,Krystian Bielik,Jakub Piotr Kiwior,1
3857265,Poland,Krystian Bielik,Kamil Glik,3
3857265,Poland,Krystian Bielik,Matty Cash,1
3857265,Poland,Krystian Bielik,Piotr Zieliński,3
3857265,Poland,Krystian Bielik,Przemysław Frankowski,1
3857265,Poland,Krystian Bielik,Robert Lewandowski,3
3857265,Poland,Krystian Bielik,Wojciech Szczęsny,2
3857265,Poland,Nicola Zalewski,Bartosz Bereszyński,4
3857265,Poland,Nicola Zalewski,Grzegorz Krychowiak,2
3857265,Poland,Nicola Zalewski,Jakub Piotr Kiwior,2
3857265,Poland,Nicola Zalewski,Matty Cash,1
3857265,Poland,Nicola Zalewski,Robert Lewandowski,1
3857265,Poland,Nicola Zalewski,Sebastian Szymański,2
3857265,Poland,Piotr Zieliński,Bartosz Bereszyński,4
3857265,Poland,Piotr Zieliński,Grzegorz Krychowiak,1
3857265,Poland,Piotr Zieliński,Jakub Kamiński,2
3857265,Poland,Piotr Zieliński,Jakub Piotr Kiwior,3
3857265,Poland,Piotr Zieliński,Kamil Glik,2
3857265,Poland,Piotr Zieliński,Matty Cash,3
3857265,Poland,Piotr Zieliński,Robert Lewandowski,2
3857265,Poland,Piotr Zieliński,Sebastian Szymański,4
3857265,Poland,Przemysław Frankowski,Bartosz Bereszyński,1
3857265,Poland,Przemysław Frankowski,Jakub Kamiński,1
3857265,Poland,Przemysław Frankowski,Krystian Bielik,4
3857265,Poland,Przemysław Frankowski,Robert Lewandowski,1
3857265,Poland,Sebastian Szymański,Bartosz Bereszyński,2
3857265,Poland,Sebastian Szymański,Grzegorz Krychowiak,2
3857265,Poland,Sebastian Szymański,Jakub Piotr Kiwior,2
3857265,Poland,Sebastian Szymański,Nicola Zalewski,6
3857265,Poland,Sebastian Szymański,Piotr Zieliński,2
3857265,Poland,Sebastian Szymański,Robert Lewandowski,2
3857265,Poland,Wojciech Szczęsny,Arkadiusz Milik,1
3857265,Poland,Wojciech Szczęsny,Jakub Kamiński,1
3857265,Poland,Wojciech Szczęsny,Jakub Piotr Kiwior,5
3857265,Poland,Wojciech Szczęsny,Matty Cash,2
3857265,Poland,Wojciech Szczęsny,Przemysław Frankowski,1
3857265,Poland,Wojciech Szczęsny,Robert Lewandowski,14
3857265,Poland,Jakub Kamiński,Matty Cash,2
3857265,Poland,Jakub Kamiński,Piotr Zieliński,3
3857265,Poland,Jakub Kamiński,Robert Lewandowski,3
3857265,Poland,Jakub Kamiński,Sebastian Szymański,1
3857265,Poland,Kamil Glik,Bartosz Bereszyński,1
3857265,Poland,Kamil Glik,Grzegorz Krychowiak,2
3857265,Poland,Kamil Glik,Jakub Kamiński,1
3857265,Poland,Kamil Glik,Jakub Piotr Kiwior,12
3857265,Poland,Kamil Glik,Krystian Bielik,1
3857265,Poland,Kamil Glik,Matty Cash,5
3857265,Poland,Kamil Glik,Przemysław Frankowski,1
3857265,Poland,Kamil Glik,Robert Lewandowski,1
3857265,Poland,Kamil Glik,Wojciech Szczęsny,1
3857266,Denmark,Alexander Hartmann Bah,Christian Dannemann Eriksen,1
3857266,Denmark,Alexander Hartmann Bah,Christian Nørgaard,2
3857266,Denmark,Alexander Hartmann Bah,Victor Nelsson,1
3857266,Denmark,Christian Dannemann Eriksen,Andreas Christensen,6
3857266,Denmark,Christian Dannemann Eriksen,Andreas Evald Cornelius,1
3857266,Denmark,Christian Dannemann Eriksen,Jesper Lindstrøm,3
3857266,Denmark,Christian Dannemann Eriksen,Joachim Andersen,4
3857266,Denmark,Christian Dannemann Eriksen,Joakim Mæhle,8
3857266,Denmark,Christian Dannemann Eriksen,Kasper Dolberg,1
3857266,Denmark,Christian Dannemann Eriksen,Martin Braithwaite Christensen,3
3857266,Denmark,Christian Dannemann Eriksen,Mikkel Damsgaard,2
3857266,Denmark,Christian Dannemann Eriksen,Pierre-Emile Højbjerg,11
3857266,Denmark,Christian Dannemann Eriksen,Rasmus Nissen Kristensen,12
3857266,Denmark,Christian Dannemann Eriksen,Victor Nelsson,7
3857266,Denmark,Christian Nørgaard,Alexander Hartmann Bah,1
3857266,Denmark,Christian Nørgaard,Andreas Christensen,1
3857266,Denmark,Christian Nørgaard,Christian Dannemann Eriksen,1
3857266,Denmark,Christian Nørgaard,Joachim Andersen,2
3857266,Denmark,Christian Nørgaard,Joakim Mæhle,2
3857266,Denmark,Christian Nørgaard,Pierre-Emile Højbjerg,2
3857266,Denmark,Christian Nørgaard,Rasmus Nissen Kristensen,2
3857266,Denmark,Christian Nørgaard,Victor Nelsson,3
3857266,Denmark,Victor Nelsson,Andreas Christensen,24
3857266,Denmark,Victor Nelsson,Andreas Evald Cornelius,2
3857266,Denmark,Victor Nelsson,Christian Dannemann Eriksen,9
3857266,Denmark,Victor Nelsson,Christian Nørgaard,3
3857266,Denmark,Victor Nelsson,Jesper Lindstrøm,1
3857266,Denmark,Victor Nelsson,Joachim Andersen,1
3857266,Denmark,Victor Nelsson,Joakim Mæhle,12
3857266,Denmark,Victor Nelsson,Kasper Schmeichel,4
3857266,Denmark,Victor Nelsson,Martin Braithwaite Christensen,1
3857266,Denmark,Victor Nelsson,Mikkel Damsgaard,3
3857266,Denmark,Victor Nelsson,Pierre-Emile Højbjerg,5
3857266,Denmark,Victor Nelsson,Rasmus Nissen Kristensen,3
3857266,Denmark,Andreas Christensen,Alexander Hartmann Bah,2
3857266,Denmark,Andreas Christensen,Christian Dannemann Eriksen,10
3857266,Denmark,Andreas Christensen,Christian Nørgaard,2
3857266,Denmark,Andreas Christensen,Joachim Andersen,9
3857266,Denmark,Andreas Christensen,Joakim Mæhle,1
3857266,Denmark,Andreas Christensen,Mikkel Damsgaard,4
3857266,Denmark,Andreas Christensen,Pierre-Emile Højbjerg,17
3857266,Denmark,Andreas Christensen,Rasmus Nissen Kristensen,2
3857266,Denmark,Andreas Christensen,Victor Nelsson,22
3857266,Denmark,Joachim Andersen,Alexander Hartmann Bah,1
3857266,Denmark,Joachim Andersen,Andreas Christensen,14
3857266,Denmark,Joachim Andersen,Andreas Evald Cornelius,1
3857266,Denmark,Joachim Andersen,Christian Dannemann Eriksen,2
3857266,Denmark,Joachim Andersen,Christian Nørgaard,1
3857266,Denmark,Joachim Andersen,Joakim Mæhle,3
3857266,Denmark,Joachim Andersen,Kasper Dolberg,1
3857266,Denmark,Joachim Andersen,Kasper Schmeichel,1
3857266,Denmark,Joachim Andersen,Pierre-Emile Højbjerg,2
3857266,Denmark,Joachim Andersen,Rasmus Nissen Kristensen,14
3857266,Denmark,Joachim Andersen,Victor Nelsson,2
3857266,Denmark,Joakim Mæhle,Christian Dannemann Eriksen,6
3857266,Denmark,Joakim Mæhle,Christian Nørgaard,2
3857266,Denmark,Joakim Mæhle,Jesper Lindstrøm,1
3857266,Denmark,Joakim Mæhle,Kasper Dolberg,2
3857266,Denmark,Joakim Mæhle,Kasper Schmeichel,1
3857266,Denmark,Joakim Mæhle,Martin Braithwaite Christensen,1
3857266,Denmark,Joakim Mæhle,Mikkel Damsgaard,9
3857266,Denmark,Joakim Mæhle,Pierre-Emile Højbjerg,6
3857266,Denmark,Joakim Mæhle,Victor Nelsson,9
3857266,Denmark,Mikkel Damsgaard,Andreas Christensen,3
3857266,Denmark,Mikkel Damsgaard,Andreas Evald Cornelius,3
3857266,Denmark,Mikkel Damsgaard,Christian Dannemann Eriksen,3
3857266,Denmark,Mikkel Damsgaard,Jesper Lindstrøm,2
3857266,Denmark,Mikkel Damsgaard,Joakim Mæhle,5
3857266,Denmark,Mikkel Damsgaard,Martin Braithwaite Christensen,1
3857266,Denmark,Mikkel Damsgaard,Pierre-Emile Højbjerg,3
3857266,Denmark,Mikkel Damsgaard,Rasmus Nissen Kristensen,2
3857266,Denmark,Mikkel Damsgaard,Victor Nelsson,1
3857266,Denmark,Pierre-Emile Højbjerg,Andreas Christensen,9
3857266,Denmark,Pierre-Emile Højbjerg,Andreas Evald Cornelius,4
3857266,Denmark,Pierre-Emile Højbjerg,Christian Dannemann Eriksen,6
3857266,Denmark,Pierre-Emile Højbjerg,Christian Nørgaard,1
3857266,Denmark,Pierre-Emile Højbjerg,Jesper Lindstrøm,2
3857266,Denmark,Pierre-Emile Højbjerg,Joachim Andersen,5
3857266,Denmark,Pierre-Emile Højbjerg,Joakim Mæhle,3
3857266,Denmark,Pierre-Emile Højbjerg,Martin Braithwaite Christensen,2
3857266,Denmark,Pierre-Emile Højbjerg,Mikkel Damsgaard,7
3857266,Denmark,Pierre-Emile Højbjerg,Rasmus Nissen Kristensen,16
3857266,Denmark,Pierre-Emile Højbjerg,Victor Nelsson,6
3857266,Denmark,Rasmus Nissen Kristensen,Andreas Christensen,3
3857266,Denmark,Rasmus Nissen Kristensen,Andreas Evald Cornelius,3
3857266,Denmark,Rasmus Nissen Kristensen,Christian Dannemann Eriksen,8
3857266,Denmark,Rasmus Nissen Kristensen,Christian Nørgaard,1
3857266,Denmark,Rasmus Nissen Kristensen,Jesper Lindstrøm,15
3857266,Denmark,Rasmus Nissen Kristensen,Joachim Andersen,17
3857266,Denmark,Rasmus Nissen Kristensen,Martin Braithwaite Christensen,2
3857266,Denmark,Rasmus Nissen Kristensen,Pierre-Emile Højbjerg,7
3857266,Denmark,Andreas Evald Cornelius,Christian Dannemann Eriksen,2
3857266,Denmark,Andreas Evald Cornelius,Joakim Mæhle,2
3857266,Denmark,Andreas Evald Cornelius,Mikkel Damsgaard,1
3857266,Denmark,Andreas Evald Cornelius,Pierre-Emile Højbjerg,3
3857266,Denmark,Andreas Evald Cornelius,Rasmus Nissen Kristensen,1
3857266,Denmark,Andreas Evald Cornelius,Victor Nelsson,1
3857266,Denmark,Jesper Lindstrøm,Andreas Evald Cornelius,1
3857266,Denmark,Jesper Lindstrøm,Christian Dannemann Eriksen,4
3857266,Denmark,Jesper Lindstrøm,Joachim Andersen,1
3857266,Denmark,Jesper Lindstrøm,Mikkel Damsgaard,1
3857266,Denmark,Jesper Lindstrøm,Pierre-Emile Højbjerg,3
3857266,Denmark,Jesper Lindstrøm,Rasmus Nissen Kristensen,5
3857266,Denmark,Kasper Dolberg,Martin Braithwaite Christensen,1
3857266,Denmark,Kasper Dolberg,Pierre-Emile Højbjerg,1
3857266,Denmark,Kasper Dolberg,Rasmus Nissen Kristensen,1
3857266,Denmark,Martin Braithwaite Christensen,Christian Dannemann Eriksen,2
3857266,Denmark,Martin Braithwaite Christensen,Victor Nelsson,1
3857266,Denmark,Kasper Schmeichel,Andreas Christensen,7
3857266,Denmark,Kasper Schmeichel,Christian Dannemann Eriksen,1
3857266,Denmark,Kasper Schmeichel,Christian Nørgaard,1
3857266,Denmark,Kasper Schmeichel,Joachim Andersen,2
3857266,Denmark,Kasper Schmeichel,Pierre-Emile Højbjerg,1
3857266,Denmark,Kasper Schmeichel,Rasmus Nissen Kristensen,2
3857266,Denmark,Kasper Schmeichel,Victor Nelsson,2
3857266,France,Adrien Rabiot,Antoine Griezmann,6
3857266,France,Adrien Rabiot,Aurélien Djani Tchouaméni,10
3857266,France,Adrien Rabiot,Dayotchanculle Upamecano,4
3857266,France,Adrien Rabiot,Hugo Lloris,2
3857266,France,Adrien Rabiot,Ibrahima Konaté,1
3857266,France,Adrien Rabiot,Jules Koundé,1
3857266,France,Adrien Rabiot,Kingsley Coman,1
3857266,France,Adrien Rabiot,Kylian Mbappé Lottin,6
3857266,France,Adrien Rabiot,Raphaël Varane,2
3857266,France,Adrien Rabiot,Theo Bernard François Hernández,8
3857266,France,Antoine Griezmann,Adrien Rabiot,4
3857266,France,Antoine Griezmann,Aurélien Djani Tchouaméni,4
3857266,France,Antoine Griezmann,Dayotchanculle Upamecano,2
3857266,France,Antoine Griezmann,Jules Koundé,2
3857266,France,Antoine Griezmann,Kylian Mbappé Lottin,8
3857266,France,Antoine Griezmann,Marcus Thuram,1
3857266,France,Antoine Griezmann,Olivier Giroud,2
3857266,France,Antoine Griezmann,Ousmane Dembélé,2
3857266,France,Antoine Griezmann,Raphaël Varane,4
3857266,France,Antoine Griezmann,Theo Bernard François Hernández,8
3857266,France,Aurélien Djani Tchouaméni,Adrien Rabiot,6
3857266,France,Aurélien Djani Tchouaméni,Antoine Griezmann,7
3857266,France,Aurélien Djani Tchouaméni,Dayotchanculle Upamecano,6
3857266,France,Aurélien Djani Tchouaméni,Hugo Lloris,1
3857266,France,Aurélien Djani Tchouaméni,Ibrahima Konaté,1
3857266,France,Aurélien Djani Tchouaméni,Jules Koundé,11
3857266,France,Aurélien Djani Tchouaméni,Kingsley Coman,4
3857266,France,Aurélien Djani Tchouaméni,Kylian Mbappé Lottin,4
3857266,France,Aurélien Djani Tchouaméni,Marcus Thuram,1
3857266,France,Aurélien Djani Tchouaméni,Olivier Giroud,3
3857266,France,Aurélien Djani Tchouaméni,Ousmane Dembélé,6
3857266,France,Aurélien Djani Tchouaméni,Raphaël Varane,6
3857266,France,Aurélien Djani Tchouaméni,Theo Bernard François Hernández,10
3857266,France,Aurélien Djani Tchouaméni,Youssouf Fofana,1
3857266,France,Dayotchanculle Upamecano,Adrien Rabiot,3
3857266,France,Dayotchanculle Upamecano,Antoine Griezmann,3
3857266,France,Dayotchanculle Upamecano,Aurélien Djani Tchouaméni,8
3857266,France,Dayotchanculle Upamecano,Hugo Lloris,4
3857266,France,Dayotchanculle Upamecano,Ibrahima Konaté,3
3857266,France,Dayotchanculle Upamecano,Jules Koundé,4
3857266,France,Dayotchanculle Upamecano,Kylian Mbappé Lottin,1
3857266,France,Dayotchanculle Upamecano,Marcus Thuram,1
3857266,France,Dayotchanculle Upamecano,Ousmane Dembélé,2
3857266,France,Dayotchanculle Upamecano,Raphaël Varane,7
3857266,France,Dayotchanculle Upamecano,Theo Bernard François Hernández,18
3857266,France,Hugo Lloris,Adrien Rabiot,1
3857266,France,Hugo Lloris,Aurélien Djani Tchouaméni,1
3857266,France,Hugo Lloris,Dayotchanculle Upamecano,5
3857266,France,Hugo Lloris,Ibrahima Konaté,2
3857266,France,Hugo Lloris,Jules Koundé,2
3857266,France,Hugo Lloris,Olivier Giroud,3
3857266,France,Hugo Lloris,Raphaël Varane,3
3857266,France,Hugo Lloris,Theo Bernard François Hernández,3
3857266,France,Ibrahima Konaté,Adrien Rabiot,1
3857266,France,Ibrahima Konaté,Antoine Griezmann,1
3857266,France,Ibrahima Konaté,Aurélien Djani Tchouaméni,1
3857266,France,Ibrahima Konaté,Dayotchanculle Upamecano,3
3857266,France,Ibrahima Konaté,Hugo Lloris,1
3857266,France,Ibrahima Konaté,Jules Koundé,3
3857266,France,Ibrahima Konaté,Theo Bernard François Hernández,1
3857266,France,Jules Koundé,Adrien Rabiot,2
3857266,France,Jules Koundé,Antoine Griezmann,3
3857266,France,Jules Koundé,Aurélien Djani Tchouaméni,8
3857266,France,Jules Koundé,Dayotchanculle Upamecano,3
3857266,France,Jules Koundé,Hugo Lloris,3
3857266,France,Jules Koundé,Ibrahima Konaté,3
3857266,France,Jules Koundé,Kingsley Coman,7
3857266,France,Jules Koundé,Olivier Giroud,2
3857266,France,Jules Koundé,Ousmane Dembélé,13
3857266,France,Jules Koundé,Raphaël Varane,9
3857266,France,Kingsley Coman,Adrien Rabiot,2
3857266,France,Kingsley Coman,Antoine Griezmann,1
3857266,France,Kingsley Coman,Aurélien Djani Tchouaméni,3
3857266,France,Kingsley Coman,Ibrahima Konaté,1
3857266,France,Kingsley Coman,Jules Koundé,5
3857266,France,Kingsley Coman,Kylian Mbappé Lottin,1
3857266,France,Kylian Mbappé Lottin,Adrien Rabiot,2
3857266,France,Kylian Mbappé Lottin,Antoine Griezmann,2
3857266,France,Kylian Mbappé Lottin,Aurélien Djani Tchouaméni,7
3857266,France,Kylian Mbappé Lottin,Dayotchanculle Upamecano,1
3857266,France,Kylian Mbappé Lottin,Jules Koundé,2
3857266,France,Kylian Mbappé Lottin,Marcus Thuram,1
3857266,France,Kylian Mbappé Lottin,Olivier Giroud,1
3857266,France,Kylian Mbappé Lottin,Ousmane Dembélé,3
3857266,France,Kylian Mbappé Lottin,Theo Bernard François Hernández,11
3857266,France,Raphaël Varane,Adrien Rabiot,5
3857266,France,Raphaël Varane,Antoine Griezmann,3
3857266,France,Raphaël Varane,Aurélien Djani Tchouaméni,5
3857266,France,Raphaël Varane,Dayotchanculle Upamecano,5
3857266,France,Raphaël Varane,Hugo Lloris,2
3857266,France,Raphaël Varane,Jules Koundé,10
3857266,France,Raphaël Varane,Olivier Giroud,2
3857266,France,Raphaël Varane,Ousmane Dembélé,2
3857266,France,Raphaël Varane,Theo Bernard François Hernández,1
3857266,France,Theo Bernard François Hernández,Adrien Rabiot,9
3857266,France,Theo Bernard François Hernández,Antoine Griezmann,4
3857266,France,Theo Bernard François Hernández,Aurélien Djani Tchouaméni,7
3857266,France,Theo Bernard François Hernández,Dayotchanculle Upamecano,17
3857266,France,Theo Bernard François Hernández,Hugo Lloris,3
3857266,France,Theo Bernard François Hernández,Ibrahima Konaté,1
3857266,France,Theo Bernard François Hernández,Kingsley Coman,1
3857266,France,Theo Bernard François Hernández,Kylian Mbappé Lottin,23
3857266,France,Theo Bernard François Hernández,Marcus Thuram,1
3857266,France,Marcus Thuram,Aurélien Djani Tchouaméni,1
3857266,France,Marcus Thuram,Kingsley Coman,1
3857266,France,Marcus Thuram,Kylian Mbappé Lottin,2
3857266,France,Olivier Giroud,Antoine Griezmann,2
3857266,France,Olivier Giroud,Aurélien Djani Tchouaméni,2
3857266,France,Olivier Giroud,Jules Koundé,2
3857266,France,Olivier Giroud,Ousmane Dembélé,1
3857266,France,Olivier Giroud,Raphaël Varane,1
3857266,France,Ousmane Dembélé,Adrien Rabiot,6
3857266,France,Ousmane Dembélé,Antoine Griezmann,2
3857266,France,Ousmane Dembélé,Aurélien Djani Tchouaméni,2
3857266,France,Ousmane Dembélé,Jules Koundé,8
3857266,France,Ousmane Dembélé,Kylian Mbappé Lottin,4
3857266,France,Ousmane Dembélé,Olivier Giroud,1
3857266,France,Youssouf Fofana,Aurélien Djani Tchouaméni,2
3857267,Ecuador,Alan Steven Franco Palma,Angelo Smit Preciado Quiñónez,2
3857267,Ecuador,Alan Steven Franco Palma,Carlos Armando Gruezo Arboleda,1
3857267,Ecuador,Alan Steven Franco Palma,Gonzalo Jordy Plata Jiménez,1
3857267,Ecuador,Angelo Smit Preciado Quiñónez,Alan Steven Franco Palma,2
3857267,Ecuador,Angelo Smit Preciado Quiñónez,Djorkaeff Neicer Reasco González,1
3857267,Ecuador,Angelo Smit Preciado Quiñónez,Felix Eduardo Torres Caicedo,10
3857267,Ecuador,Angelo Smit Preciado Quiñónez,Gonzalo Jordy Plata Jiménez,4
3857267,Ecuador,Angelo Smit Preciado Quiñónez,José Adoni Cifuentes Charcopa,7
3857267,Ecuador,Angelo Smit Preciado Quiñónez,Michael Steveen Estrada Martínez,3
3857267,Ecuador,Angelo Smit Preciado Quiñónez,Moisés Isaac Caicedo Corozo,1
3857267,Ecuador,Angelo Smit Preciado Quiñónez,Piero Martín Hincapié Reyna,1
3857267,Ecuador,Carlos Armando Gruezo Arboleda,Angelo Smit Preciado Quiñónez,2
3857267,Ecuador,Carlos Armando Gruezo Arboleda,Enner Remberto Valencia Lastra,1
3857267,Ecuador,Carlos Armando Gruezo Arboleda,Felix Eduardo Torres Caicedo,2
3857267,Ecuador,Carlos Armando Gruezo Arboleda,Gonzalo Jordy Plata Jiménez,2
3857267,Ecuador,Carlos Armando Gruezo Arboleda,Moisés Isaac Caicedo Corozo,2
3857267,Ecuador,Carlos Armando Gruezo Arboleda,Pervis Josué Estupiñán Tenorio,1
3857267,Ecuador,Carlos Armando Gruezo Arboleda,Piero Martín Hincapié Reyna,3
3857267,Ecuador,Gonzalo Jordy Plata Jiménez,Angelo Smit Preciado Quiñónez,4
3857267,Ecuador,Gonzalo Jordy Plata Jiménez,Carlos Armando Gruezo Arboleda,4
3857267,Ecuador,Gonzalo Jordy Plata Jiménez,Djorkaeff Neicer Reasco González,1
3857267,Ecuador,Gonzalo Jordy Plata Jiménez,Enner Remberto Valencia Lastra,2
3857267,Ecuador,Gonzalo Jordy Plata Jiménez,Felix Eduardo Torres Caicedo,4
3857267,Ecuador,Gonzalo Jordy Plata Jiménez,José Adoni Cifuentes Charcopa,3
3857267,Ecuador,Gonzalo Jordy Plata Jiménez,Michael Steveen Estrada Martínez,1
3857267,Ecuador,Gonzalo Jordy Plata Jiménez,Moisés Isaac Caicedo Corozo,1
3857267,Ecuador,Gonzalo Jordy Plata Jiménez,Pervis Josué Estupiñán Tenorio,1
3857267,Ecuador,Gonzalo Jordy Plata Jiménez,Piero Martín Hincapié Reyna,3
3857267,Ecuador,Djorkaeff Neicer Reasco González,Enner Remberto Valencia Lastra,1
3857267,Ecuador,Djorkaeff Neicer Reasco González,Felix Eduardo Torres Caicedo,1
3857267,Ecuador,Djorkaeff Neicer Reasco González,Moisés Isaac Caicedo Corozo,1
3857267,Ecuador,Felix Eduardo Torres Caicedo,Angelo Smit Preciado Quiñónez,7
3857267,Ecuador,Felix Eduardo Torres Caicedo,Carlos Armando Gruezo Arboleda,3
3857267,Ecuador,Felix Eduardo Torres Caicedo,Enner Remberto Valencia Lastra,1
3857267,Ecuador,Felix Eduardo Torres Caicedo,Gonzalo Jordy Plata Jiménez,5
3857267,Ecuador,Felix Eduardo Torres Caicedo,Hernán Ismael Galíndez,5
3857267,Ecuador,Felix Eduardo Torres Caicedo,José Adoni Cifuentes Charcopa,3
3857267,Ecuador,Felix Eduardo Torres Caicedo,Moisés Isaac Caicedo Corozo,7
3857267,Ecuador,Felix Eduardo Torres Caicedo,Pervis Josué Estupiñán Tenorio,1
3857267,Ecuador,Felix Eduardo Torres Caicedo,Piero Martín Hincapié Reyna,24
3857267,Ecuador,José Adoni Cifuentes Charcopa,Angelo Smit Preciado Quiñónez,5
3857267,Ecuador,José Adoni Cifuentes Charcopa,Djorkaeff Neicer Reasco González,1
3857267,Ecuador,José Adoni Cifuentes Charcopa,Felix Eduardo Torres Caicedo,7
3857267,Ecuador,José Adoni Cifuentes Charcopa,Gonzalo Jordy Plata Jiménez,4
3857267,Ecuador,José Adoni Cifuentes Charcopa,Jackson Gabriel Porozo Vernaza,1
3857267,Ecuador,José Adoni Cifuentes Charcopa,Jeremy Leonel Sarmiento Morante,1
3857267,Ecuador,José Adoni Cifuentes Charcopa,Moisés Isaac Caicedo Corozo,5
3857267,Ecuador,José Adoni Cifuentes Charcopa,Pervis Josué Estupiñán Tenorio,1
3857267,Ecuador,José Adoni Cifuentes Charcopa,Piero Martín Hincapié Reyna,2
3857267,Ecuador,Michael Steveen Estrada Martínez,Angelo Smit Preciado Quiñónez,1
3857267,Ecuador,Michael Steveen Estrada Martínez,Felix Eduardo Torres Caicedo,1
3857267,Ecuador,Michael Steveen Estrada Martínez,Gonzalo Jordy Plata Jiménez,1
3857267,Ecuador,Moisés Isaac Caicedo Corozo,Angelo Smit Preciado Quiñónez,4
3857267,Ecuador,Moisés Isaac Caicedo Corozo,Carlos Armando Gruezo Arboleda,2
3857267,Ecuador,Moisés Isaac Caicedo Corozo,Enner Remberto Valencia Lastra,6
3857267,Ecuador,Moisés Isaac Caicedo Corozo,Felix Eduardo Torres Caicedo,1
3857267,Ecuador,Moisés Isaac Caicedo Corozo,Gonzalo Jordy Plata Jiménez,3
3857267,Ecuador,Moisés Isaac Caicedo Corozo,José Adoni Cifuentes Charcopa,9
3857267,Ecuador,Moisés Isaac Caicedo Corozo,Michael Steveen Estrada Martínez,1
3857267,Ecuador,Moisés Isaac Caicedo Corozo,Pervis Josué Estupiñán Tenorio,4
3857267,Ecuador,Moisés Isaac Caicedo Corozo,Piero Martín Hincapié Reyna,11
3857267,Ecuador,Piero Martín Hincapié Reyna,Carlos Armando Gruezo Arboleda,3
3857267,Ecuador,Piero Martín Hincapié Reyna,Enner Remberto Valencia Lastra,2
3857267,Ecuador,Piero Martín Hincapié Reyna,Felix Eduardo Torres Caicedo,24
3857267,Ecuador,Piero Martín Hincapié Reyna,Gonzalo Jordy Plata Jiménez,2
3857267,Ecuador,Piero Martín Hincapié Reyna,Hernán Ismael Galíndez,8
3857267,Ecuador,Piero Martín Hincapié Reyna,Jeremy Leonel Sarmiento Morante,4
3857267,Ecuador,Piero Martín Hincapié Reyna,José Adoni Cifuentes Charcopa,1
3857267,Ecuador,Piero Martín Hincapié Reyna,Michael Steveen Estrada Martínez,2
3857267,Ecuador,Piero Martín Hincapié Reyna,Moisés Isaac Caicedo Corozo,8
3857267,Ecuador,Piero Martín Hincapié Reyna,Pervis Josué Estupiñán Tenorio,20
3857267,Ecuador,Enner Remberto Valencia Lastra,Jeremy Leonel Sarmiento Morante,1
3857267,Ecuador,Enner Remberto Valencia Lastra,José Adoni Cifuentes Charcopa,2
3857267,Ecuador,Enner Remberto Valencia Lastra,Moisés Isaac Caicedo Corozo,3
3857267,Ecuador,Enner Remberto Valencia Lastra,Pervis Josué Estupiñán Tenorio,2
3857267,Ecuador,Pervis Josué Estupiñán Tenorio,Carlos Armando Gruezo Arboleda,1
3857267,Ecuador,Pervis Josué Estupiñán Tenorio,Djorkaeff Neicer Reasco González,1
3857267,Ecuador,Pervis Josué Estupiñán Tenorio,Enner Remberto Valencia Lastra,2
3857267,Ecuador,Pervis Josué Estupiñán Tenorio,Felix Eduardo Torres Caicedo,2
3857267,Ecuador,Pervis Josué Estupiñán Tenorio,Hernán Ismael Galíndez,1
3857267,Ecuador,Pervis Josué Estupiñán Tenorio,Jeremy Leonel Sarmiento Morante,5
3857267,Ecuador,Pervis Josué Estupiñán Tenorio,José Adoni Cifuentes Charcopa,3
3857267,Ecuador,Pervis Josué Estupiñán Tenorio,Michael Steveen Estrada Martínez,3
3857267,Ecuador,Pervis Josué Estupiñán Tenorio,Moisés Isaac Caicedo Corozo,9
3857267,Ecuador,Pervis Josué Estupiñán Tenorio,Piero Martín Hincapié Reyna,15
3857267,Ecuador,Jeremy Leonel Sarmiento Morante,Djorkaeff Neicer Reasco González,1
3857267,Ecuador,Jeremy Leonel Sarmiento Morante,Enner Remberto Valencia Lastra,1
3857267,Ecuador,Jeremy Leonel Sarmiento Morante,Jackson Gabriel Porozo Vernaza,1
3857267,Ecuador,Jeremy Leonel Sarmiento Morante,Moisés Isaac Caicedo Corozo,2
3857267,Ecuador,Jeremy Leonel Sarmiento Morante,Pervis Josué Estupiñán Tenorio,5
3857267,Ecuador,Jeremy Leonel Sarmiento Morante,Piero Martín Hincapié Reyna,2
3857267,Ecuador,Hernán Ismael Galíndez,Angelo Smit Preciado Quiñónez,1
3857267,Ecuador,Hernán Ismael Galíndez,Enner Remberto Valencia Lastra,1
3857267,Ecuador,Hernán Ismael Galíndez,Felix Eduardo Torres Caicedo,2
3857267,Ecuador,Hernán Ismael Galíndez,Michael Steveen Estrada Martínez,2
3857267,Ecuador,Hernán Ismael Galíndez,Pervis Josué Estupiñán Tenorio,2
3857267,Ecuador,Hernán Ismael Galíndez,Piero Martín Hincapié Reyna,14
3857267,Ecuador,Jackson Gabriel Porozo Vernaza,Enner Remberto Valencia Lastra,1
3857267,Ecuador,Jackson Gabriel Porozo Vernaza,Felix Eduardo Torres Caicedo,1
3857267,Ecuador,Jackson Gabriel Porozo Vernaza,Gonzalo Jordy Plata Jiménez,1
3857267,Ecuador,Jackson Gabriel Porozo Vernaza,José Adoni Cifuentes Charcopa,1
3857267,Senegal,Abdou Diallo,Edouard Mendy,4
3857267,Senegal,Abdou Diallo,Idrissa Gana Gueye,1
3857267,Senegal,Abdou Diallo,Ismail Jakobs,2
3857267,Senegal,Abdou Diallo,Ismaïla Sarr,3
3857267,Senegal,Abdou Diallo,Kalidou Koulibaly,4
3857267,Senegal,Abdou Diallo,Pape Gueye,2
3857267,Senegal,Abdou Diallo,Pathé Ismaël Ciss,3
3857267,Senegal,Abdou Diallo,Youssouf Sabaly,1
3857267,Senegal,Edouard Mendy,Abdou Diallo,4
3857267,Senegal,Edouard Mendy,Ismail Jakobs,2
3857267,Senegal,Edouard Mendy,Ismaïla Sarr,2
3857267,Senegal,Edouard Mendy,Kalidou Koulibaly,5
3857267,Senegal,Edouard Mendy,Pape Gueye,2
3857267,Senegal,Edouard Mendy,Youssouf Sabaly,1
3857267,Senegal,Idrissa Gana Gueye,Abdou Diallo,2
3857267,Senegal,Idrissa Gana Gueye,Boulaye Dia,1
3857267,Senegal,Idrissa Gana Gueye,Iliman Ndiaye,2
3857267,Senegal,Idrissa Gana Gueye,Ismail Jakobs,4
3857267,Senegal,Idrissa Gana Gueye,Ismaïla Sarr,3
3857267,Senegal,Idrissa Gana Gueye,Kalidou Koulibaly,2
3857267,Senegal,Idrissa Gana Gueye,Nampalys Mendy,1
3857267,Senegal,Idrissa Gana Gueye,Pape Gueye,2
3857267,Senegal,Idrissa Gana Gueye,Pathé Ismaël Ciss,2
3857267,Senegal,Idrissa Gana Gueye,Youssouf Sabaly,3
3857267,Senegal,Ismail Jakobs,Abdou Diallo,5
3857267,Senegal,Ismail Jakobs,Boulaye Dia,2
3857267,Senegal,Ismail Jakobs,Cheikh Ahmadou Bamba Mbacke Dieng,1
3857267,Senegal,Ismail Jakobs,Edouard Mendy,1
3857267,Senegal,Ismail Jakobs,Idrissa Gana Gueye,1
3857267,Senegal,Ismail Jakobs,Iliman Ndiaye,1
3857267,Senegal,Ismail Jakobs,Ismaïla Sarr,7
3857267,Senegal,Ismail Jakobs,Pape Gueye,2
3857267,Senegal,Ismail Jakobs,Pathé Ismaël Ciss,1
3857267,Senegal,Ismaïla Sarr,Boulaye Dia,2
3857267,Senegal,Ismaïla Sarr,Cheikh Ahmadou Bamba Mbacke Dieng,2
3857267,Senegal,Ismaïla Sarr,Idrissa Gana Gueye,3
3857267,Senegal,Ismaïla Sarr,Iliman Ndiaye,1
3857267,Senegal,Ismaïla Sarr,Ismail Jakobs,2
3857267,Senegal,Ismaïla Sarr,Nampalys Mendy,1
3857267,Senegal,Ismaïla Sarr,Pape Gueye,3
3857267,Senegal,Ismaïla Sarr,Youssouf Sabaly,1
3857267,Senegal,Kalidou Koulibaly,Abdou Diallo,2
3857267,Senegal,Kalidou Koulibaly,Edouard Mendy,3
3857267,Senegal,Kalidou Koulibaly,Idrissa Gana Gueye,3
3857267,Senegal,Kalidou Koulibaly,Iliman Ndiaye,2
3857267,Senegal,Kalidou Koulibaly,Ismail Jakobs,1
3857267,Senegal,Kalidou Koulibaly,Ismaïla Sarr,2
3857267,Senegal,Kalidou Koulibaly,Nampalys Mendy,2
3857267,Senegal,Kalidou Koulibaly,Pathé Ismaël Ciss,2
3857267,Senegal,Kalidou Koulibaly,Youssouf Sabaly,3
3857267,Senegal,Pape Gueye,Abdou Diallo,2
3857267,Senegal,Pape Gueye,Boulaye Dia,1
3857267,Senegal,Pape Gueye,Idrissa Gana Gueye,1
3857267,Senegal,Pape Gueye,Ismail Jakobs,3
3857267,Senegal,Pape Gueye,Ismaïla Sarr,5
3857267,Senegal,Pape Gueye,Kalidou Koulibaly,1
3857267,Senegal,Pape Gueye,Nampalys Mendy,1
3857267,Senegal,Pape Gueye,Pathé Ismaël Ciss,4
3857267,Senegal,Pape Gueye,Youssouf Sabaly,2
3857267,Senegal,Pathé Ismaël Ciss,Abdou Diallo,1
3857267,Senegal,Pathé Ismaël Ciss,Boulaye Dia,1
3857267,Senegal,Pathé Ismaël Ciss,Idrissa Gana Gueye,3
3857267,Senegal,Pathé Ismaël Ciss,Iliman Ndiaye,3
3857267,Senegal,Pathé Ismaël Ciss,Ismail Jakobs,3
3857267,Senegal,Pathé Ismaël Ciss,Ismaïla Sarr,1
3857267,Senegal,Pathé Ismaël Ciss,Kalidou Koulibaly,1
3857267,Senegal,Pathé Ismaël Ciss,Pape Gueye,3
3857267,Senegal,Pathé Ismaël Ciss,Youssouf Sabaly,6
3857267,Senegal,Youssouf Sabaly,Abdou Diallo,2
3857267,Senegal,Youssouf Sabaly,Boulaye Dia,6
3857267,Senegal,Youssouf Sabaly,Cheikh Ahmadou Bamba Mbacke Dieng,1
3857267,Senegal,Youssouf Sabaly,Edouard Mendy,1
3857267,Senegal,Youssouf Sabaly,Idrissa Gana Gueye,3
3857267,Senegal,Youssouf Sabaly,Iliman Ndiaye,6
3857267,Senegal,Youssouf Sabaly,Kalidou Koulibaly,2
3857267,Senegal,Youssouf Sabaly,Nampalys Mendy,1
3857267,Senegal,Youssouf Sabaly,Pape Gueye,2
3857267,Senegal,Youssouf Sabaly,Pathé Ismaël Ciss,3
3857267,Senegal,Boulaye Dia,Abdou Diallo,1
3857267,Senegal,Boulaye Dia,Idrissa Gana Gueye,1
3857267,Senegal,Boulaye Dia,Pathé Ismaël Ciss,2
3857267,Senegal,Boulaye Dia,Youssouf Sabaly,1
3857267,Senegal,Cheikh Ahmadou Bamba Mbacke Dieng,Boulaye Dia,1
3857267,Senegal,Cheikh Ahmadou Bamba Mbacke Dieng,Ismail Jakobs,1
3857267,Senegal,Cheikh Ahmadou Bamba Mbacke Dieng,Ismaïla Sarr,1
3857267,Senegal,Iliman Ndiaye,Boulaye Dia,1
3857267,Senegal,Iliman Ndiaye,Idrissa Gana Gueye,3
3857267,Senegal,Iliman Ndiaye,Ismaïla Sarr,1
3857267,Senegal,Iliman Ndiaye,Pathé Ismaël Ciss,2
3857267,Senegal,Iliman Ndiaye,Youssouf Sabaly,4
3857267,Senegal,Nampalys Mendy,Boulaye Dia,2
3857267,Senegal,Nampalys Mendy,Cheikh Ahmadou Bamba Mbacke Dieng,1
3857267,Senegal,Nampalys Mendy,Edouard Mendy,1
3857267,Senegal,Nampalys Mendy,Idrissa Gana Gueye,1
3857267,Senegal,Nampalys Mendy,Ismail Jakobs,1
3857267,Senegal,Nampalys Mendy,Kalidou Koulibaly,1
3857267,Senegal,Nampalys Mendy,Pape Gueye,1
3857267,Senegal,Nampalys Mendy,Youssouf Sabaly,3
3857268,Belgium,Amadou Onana,Axel Witsel,1
3857268,Belgium,Amadou Onana,Ikoma Loïs Openda,1
3857268,Belgium,Amadou Onana,Kevin De Bruyne,1
3857268,Belgium,Amadou Onana,Leander Dendoncker,6
3857268,Belgium,Amadou Onana,Leandro Trossard,1
3857268,Belgium,Amadou Onana,Michy Batshuayi Tunga,1
3857268,Belgium,Amadou Onana,Thomas Meunier,6
3857268,Belgium,Amadou Onana,Toby Alderweireld,1
3857268,Belgium,Axel Witsel,Amadou Onana,5
3857268,Belgium,Axel Witsel,Eden Hazard,4
3857268,Belgium,Axel Witsel,Ikoma Loïs Openda,1
3857268,Belgium,Axel Witsel,Jan Vertonghen,6
3857268,Belgium,Axel Witsel,Kevin De Bruyne,4
3857268,Belgium,Axel Witsel,Leander Dendoncker,2
3857268,Belgium,Axel Witsel,Leandro Trossard,2
3857268,Belgium,Axel Witsel,Michy Batshuayi Tunga,2
3857268,Belgium,Axel Witsel,Thibaut Courtois,1
3857268,Belgium,Axel Witsel,Thomas Meunier,1
3857268,Belgium,Axel Witsel,Timothy Castagne,6
3857268,Belgium,Axel Witsel,Toby Alderweireld,9
3857268,Belgium,Axel Witsel,Youri Tielemans,2
3857268,Belgium,Ikoma Loïs Openda,Amadou Onana,1
3857268,Belgium,Ikoma Loïs Openda,Axel Witsel,2
3857268,Belgium,Kevin De Bruyne,Amadou Onana,3
3857268,Belgium,Kevin De Bruyne,Axel Witsel,5
3857268,Belgium,Kevin De Bruyne,Eden Hazard,2
3857268,Belgium,Kevin De Bruyne,Ikoma Loïs Openda,1
3857268,Belgium,Kevin De Bruyne,Jan Vertonghen,2
3857268,Belgium,Kevin De Bruyne,Leander Dendoncker,2
3857268,Belgium,Kevin De Bruyne,Leandro Trossard,4
3857268,Belgium,Kevin De Bruyne,Michy Batshuayi Tunga,4
3857268,Belgium,Kevin De Bruyne,Thomas Meunier,1
3857268,Belgium,Kevin De Bruyne,Timothy Castagne,2
3857268,Belgium,Kevin De Bruyne,Toby Alderweireld,1
3857268,Belgium,Kevin De Bruyne,Youri Tielemans,2
3857268,Belgium,Leander Dendoncker,Amadou Onana,4
3857268,Belgium,Leander Dendoncker,Axel Witsel,4
3857268,Belgium,Leander Dendoncker,Eden Hazard,1
3857268,Belgium,Leander Dendoncker,Jan Vertonghen,5
3857268,Belgium,Leander Dendoncker,Kevin De Bruyne,4
3857268,Belgium,Leander Dendoncker,Thibaut Courtois,9
3857268,Belgium,Leander Dendoncker,Thomas Meunier,9
3857268,Belgium,Leander Dendoncker,Timothy Castagne,8
3857268,Belgium,Leander Dendoncker,Toby Alderweireld,25
3857268,Belgium,Leander Dendoncker,Youri Tielemans,4
3857268,Belgium,Leandro Trossard,Axel Witsel,2
3857268,Belgium,Leandro Trossard,Kevin De Bruyne,5
3857268,Belgium,Leandro Trossard,Leander Dendoncker,1
3857268,Belgium,Leandro Trossard,Thomas Meunier,1
3857268,Belgium,Leandro Trossard,Timothy Castagne,2
3857268,Belgium,Michy Batshuayi Tunga,Amadou Onana,2
3857268,Belgium,Michy Batshuayi Tunga,Jan Vertonghen,1
3857268,Belgium,Michy Batshuayi Tunga,Kevin De Bruyne,2
3857268,Belgium,Michy Batshuayi Tunga,Leandro Trossard,1
3857268,Belgium,Michy Batshuayi Tunga,Youri Tielemans,2
3857268,Belgium,Thomas Meunier,Amadou Onana,3
3857268,Belgium,Thomas Meunier,Axel Witsel,1
3857268,Belgium,Thomas Meunier,Ikoma Loïs Openda,2
3857268,Belgium,Thomas Meunier,Jan Vertonghen,2
3857268,Belgium,Thomas Meunier,Kevin De Bruyne,3
3857268,Belgium,Thomas Meunier,Leander Dendoncker,3
3857268,Belgium,Thomas Meunier,Leandro Trossard,1
3857268,Belgium,Thomas Meunier,Thibaut Courtois,1
3857268,Belgium,Thomas Meunier,Toby Alderweireld,1
3857268,Belgium,Toby Alderweireld,Amadou Onana,1
3857268,Belgium,Toby Alderweireld,Axel Witsel,3
3857268,Belgium,Toby Alderweireld,Eden Hazard,2
3857268,Belgium,Toby Alderweireld,Jan Vertonghen,24
3857268,Belgium,Toby Alderweireld,Kevin De Bruyne,2
3857268,Belgium,Toby Alderweireld,Leander Dendoncker,24
3857268,Belgium,Toby Alderweireld,Leandro Trossard,1
3857268,Belgium,Toby Alderweireld,Michy Batshuayi Tunga,1
3857268,Belgium,Toby Alderweireld,Thibaut Courtois,5
3857268,Belgium,Toby Alderweireld,Timothy Castagne,4
3857268,Belgium,Toby Alderweireld,Youri Tielemans,2
3857268,Belgium,Eden Hazard,Axel Witsel,6
3857268,Belgium,Eden Hazard,Jan Vertonghen,2
3857268,Belgium,Eden Hazard,Kevin De Bruyne,3
3857268,Belgium,Eden Hazard,Leander Dendoncker,2
3857268,Belgium,Eden Hazard,Michy Batshuayi Tunga,2
3857268,Belgium,Eden Hazard,Timothy Castagne,3
3857268,Belgium,Eden Hazard,Yannick Ferreira Carrasco,1
3857268,Belgium,Eden Hazard,Youri Tielemans,1
3857268,Belgium,Jan Vertonghen,Axel Witsel,2
3857268,Belgium,Jan Vertonghen,Eden Hazard,5
3857268,Belgium,Jan Vertonghen,Kevin De Bruyne,1
3857268,Belgium,Jan Vertonghen,Michy Batshuayi Tunga,2
3857268,Belgium,Jan Vertonghen,Thibaut Courtois,7
3857268,Belgium,Jan Vertonghen,Timothy Castagne,6
3857268,Belgium,Jan Vertonghen,Toby Alderweireld,22
3857268,Belgium,Jan Vertonghen,Yannick Ferreira Carrasco,10
3857268,Belgium,Thibaut Courtois,Eden Hazard,1
3857268,Belgium,Thibaut Courtois,Jan Vertonghen,10
3857268,Belgium,Thibaut Courtois,Kevin De Bruyne,2
3857268,Belgium,Thibaut Courtois,Leander Dendoncker,17
3857268,Belgium,Thibaut Courtois,Michy Batshuayi Tunga,4
3857268,Belgium,Thibaut Courtois,Timothy Castagne,5
3857268,Belgium,Thibaut Courtois,Toby Alderweireld,3
3857268,Belgium,Timothy Castagne,Axel Witsel,1
3857268,Belgium,Timothy Castagne,Eden Hazard,3
3857268,Belgium,Timothy Castagne,Ikoma Loïs Openda,1
3857268,Belgium,Timothy Castagne,Jan Vertonghen,3
3857268,Belgium,Timothy Castagne,Kevin De Bruyne,4
3857268,Belgium,Timothy Castagne,Leander Dendoncker,5
3857268,Belgium,Timothy Castagne,Leandro Trossard,4
3857268,Belgium,Timothy Castagne,Michy Batshuayi Tunga,4
3857268,Belgium,Timothy Castagne,Thibaut Courtois,3
3857268,Belgium,Timothy Castagne,Toby Alderweireld,2
3857268,Belgium,Timothy Castagne,Youri Tielemans,4
3857268,Belgium,Youri Tielemans,Axel Witsel,4
3857268,Belgium,Youri Tielemans,Eden Hazard,1
3857268,Belgium,Youri Tielemans,Kevin De Bruyne,2
3857268,Belgium,Youri Tielemans,Leander Dendoncker,5
3857268,Belgium,Youri Tielemans,Michy Batshuayi Tunga,1
3857268,Belgium,Youri Tielemans,Timothy Castagne,1
3857268,Belgium,Yannick Ferreira Carrasco,Axel Witsel,1
3857268,Belgium,Yannick Ferreira Carrasco,Eden Hazard,3
3857268,Belgium,Yannick Ferreira Carrasco,Jan Vertonghen,7
3857268,Belgium,Yannick Ferreira Carrasco,Toby Alderweireld,2
3857268,Canada,Alistair Johnston,Alphonso Davies,1
3857268,Canada,Alistair Johnston,Atiba Hutchinson,5
3857268,Canada,Alistair Johnston,Cyle Larin,5
3857268,Canada,Alistair Johnston,David Junior Hoilett,1
3857268,Canada,Alistair Johnston,Ismael Koné,2
3857268,Canada,Alistair Johnston,Jonathan David,4
3857268,Canada,Alistair Johnston,Jonathan Osorio,1
3857268,Canada,Alistair Johnston,Milan Borjan,2
3857268,Canada,Alistair Johnston,Richie Laryea,6
3857268,Canada,Alistair Johnston,Stephen Antunes Eustáquio,8
3857268,Canada,Alistair Johnston,Steven de Sousa Vitoria,4
3857268,Canada,Alistair Johnston,Tajon Buchanan,7
3857268,Canada,Alphonso Davies,Alistair Johnston,2
3857268,Canada,Alphonso Davies,Atiba Hutchinson,3
3857268,Canada,Alphonso Davies,David Junior Hoilett,2
3857268,Canada,Alphonso Davies,Ismael Koné,2
3857268,Canada,Alphonso Davies,Jonathan David,4
3857268,Canada,Alphonso Davies,Jonathan Osorio,1
3857268,Canada,Alphonso Davies,Kamal Miller,5
3857268,Canada,Alphonso Davies,Liam Millar,1
3857268,Canada,Alphonso Davies,Stephen Antunes Eustáquio,8
3857268,Canada,Alphonso Davies,Steven de Sousa Vitoria,3
3857268,Canada,Alphonso Davies,Tajon Buchanan,2
3857268,Canada,Atiba Hutchinson,Alistair Johnston,4
3857268,Canada,Atiba Hutchinson,Alphonso Davies,3
3857268,Canada,Atiba Hutchinson,David Junior Hoilett,2
3857268,Canada,Atiba Hutchinson,Jonathan David,3
3857268,Canada,Atiba Hutchinson,Kamal Miller,1
3857268,Canada,Atiba Hutchinson,Milan Borjan,1
3857268,Canada,Atiba Hutchinson,Richie Laryea,1
3857268,Canada,Atiba Hutchinson,Stephen Antunes Eustáquio,8
3857268,Canada,Atiba Hutchinson,Steven de Sousa Vitoria,4
3857268,Canada,Cyle Larin,Alistair Johnston,1
3857268,Canada,Cyle Larin,Alphonso Davies,3
3857268,Canada,Cyle Larin,Ismael Koné,2
3857268,Canada,Cyle Larin,Jonathan David,1
3857268,Canada,Cyle Larin,Stephen Antunes Eustáquio,1
3857268,Canada,Cyle Larin,Tajon Buchanan,1
3857268,Canada,David Junior Hoilett,Alphonso Davies,1
3857268,Canada,David Junior Hoilett,Atiba Hutchinson,1
3857268,Canada,David Junior Hoilett,Jonathan David,1
3857268,Canada,David Junior Hoilett,Kamal Miller,1
3857268,Canada,David Junior Hoilett,Tajon Buchanan,2
3857268,Canada,Ismael Koné,Alistair Johnston,4
3857268,Canada,Ismael Koné,Alphonso Davies,1
3857268,Canada,Ismael Koné,Cyle Larin,1
3857268,Canada,Ismael Koné,Jonathan Osorio,2
3857268,Canada,Ismael Koné,Kamal Miller,2
3857268,Canada,Ismael Koné,Liam Millar,1
3857268,Canada,Ismael Koné,Milan Borjan,2
3857268,Canada,Ismael Koné,Sam Adekugbe,4
3857268,Canada,Ismael Koné,Stephen Antunes Eustáquio,4
3857268,Canada,Ismael Koné,Steven de Sousa Vitoria,8
3857268,Canada,Ismael Koné,Tajon Buchanan,1
3857268,Canada,Jonathan David,Alphonso Davies,1
3857268,Canada,Jonathan David,Atiba Hutchinson,1
3857268,Canada,Jonathan David,David Junior Hoilett,1
3857268,Canada,Jonathan David,Liam Millar,1
3857268,Canada,Jonathan David,Richie Laryea,4
3857268,Canada,Jonathan David,Stephen Antunes Eustáquio,6
3857268,Canada,Jonathan David,Tajon Buchanan,3
3857268,Canada,Jonathan Osorio,Ismael Koné,3
3857268,Canada,Jonathan Osorio,Kamal Miller,1
3857268,Canada,Jonathan Osorio,Liam Millar,2
3857268,Canada,Jonathan Osorio,Sam Adekugbe,2
3857268,Canada,Milan Borjan,Alistair Johnston,5
3857268,Canada,Milan Borjan,Atiba Hutchinson,1
3857268,Canada,Milan Borjan,Ismael Koné,3
3857268,Canada,Milan Borjan,Kamal Miller,8
3857268,Canada,Milan Borjan,Sam Adekugbe,2
3857268,Canada,Milan Borjan,Stephen Antunes Eustáquio,1
3857268,Canada,Milan Borjan,Steven de Sousa Vitoria,7
3857268,Canada,Richie Laryea,Alistair Johnston,4
3857268,Canada,Richie Laryea,Alphonso Davies,1
3857268,Canada,Richie Laryea,Cyle Larin,3
3857268,Canada,Richie Laryea,Jonathan David,1
3857268,Canada,Richie Laryea,Stephen Antunes Eustáquio,2
3857268,Canada,Richie Laryea,Tajon Buchanan,3
3857268,Canada,Stephen Antunes Eustáquio,Alistair Johnston,4
3857268,Canada,Stephen Antunes Eustáquio,Alphonso Davies,10
3857268,Canada,Stephen Antunes Eustáquio,Atiba Hutchinson,6
3857268,Canada,Stephen Antunes Eustáquio,Cyle Larin,1
3857268,Canada,Stephen Antunes Eustáquio,David Junior Hoilett,1
3857268,Canada,Stephen Antunes Eustáquio,Ismael Koné,2
3857268,Canada,Stephen Antunes Eustáquio,Jonathan David,9
3857268,Canada,Stephen Antunes Eustáquio,Kamal Miller,4
3857268,Canada,Stephen Antunes Eustáquio,Richie Laryea,5
3857268,Canada,Stephen Antunes Eustáquio,Steven de Sousa Vitoria,10
3857268,Canada,Stephen Antunes Eustáquio,Tajon Buchanan,6
3857268,Canada,Steven de Sousa Vitoria,Alistair Johnston,7
3857268,Canada,Steven de Sousa Vitoria,Alphonso Davies,1
3857268,Canada,Steven de Sousa Vitoria,Atiba Hutchinson,3
3857268,Canada,Steven de Sousa Vitoria,Ismael Koné,3
3857268,Canada,Steven de Sousa Vitoria,Jonathan David,2
3857268,Canada,Steven de Sousa Vitoria,Kamal Miller,7
3857268,Canada,Steven de Sousa Vitoria,Milan Borjan,6
3857268,Canada,Steven de Sousa Vitoria,Richie Laryea,3
3857268,Canada,Steven de Sousa Vitoria,Sam Adekugbe,3
3857268,Canada,Steven de Sousa Vitoria,Stephen Antunes Eustáquio,6
3857268,Canada,Steven de Sousa Vitoria,Tajon Buchanan,3
3857268,Canada,Tajon Buchanan,Alistair Johnston,5
3857268,Canada,Tajon Buchanan,Alphonso Davies,1
3857268,Canada,Tajon Buchanan,Atiba Hutchinson,1
3857268,Canada,Tajon Buchanan,Cyle Larin,3
3857268,Canada,Tajon Buchanan,Ismael Koné,3
3857268,Canada,Tajon Buchanan,Jonathan David,2
3857268,Canada,Tajon Buchanan,Stephen Antunes Eustáquio,3
3857268,Canada,Kamal Miller,Alphonso Davies,6
3857268,Canada,Kamal Miller,Atiba Hutchinson,3
3857268,Canada,Kamal Miller,David Junior Hoilett,2
3857268,Canada,Kamal Miller,Ismael Koné,7
3857268,Canada,Kamal Miller,Jonathan David,1
3857268,Canada,Kamal Miller,Liam Millar,1
3857268,Canada,Kamal Miller,Milan Borjan,4
3857268,Canada,Kamal Miller,Sam Adekugbe,4
3857268,Canada,Kamal Miller,Stephen Antunes Eustáquio,5
3857268,Canada,Kamal Miller,Steven de Sousa Vitoria,4
3857268,Canada,Kamal Miller,Tajon Buchanan,2
3857268,Canada,Liam Millar,Cyle Larin,1
3857268,Canada,Liam Millar,Jonathan David,1
3857268,Canada,Liam Millar,Kamal Miller,1
3857268,Canada,Liam Millar,Sam Adekugbe,2
3857268,Canada,Sam Adekugbe,Alphonso Davies,1
3857268,Canada,Sam Adekugbe,Cyle Larin,2
3857268,Canada,Sam Adekugbe,Ismael Koné,3
3857268,Canada,Sam Adekugbe,Jonathan Osorio,5
3857268,Canada,Sam Adekugbe,Kamal Miller,5
3857268,Canada,Sam Adekugbe,Liam Millar,1
3857268,Canada,Sam Adekugbe,Stephen Antunes Eustáquio,3
3857269,Brazil,Alex Nicolao Telles,Alisson Ramsés Becker,1
3857269,Brazil,Alex Nicolao Telles,Bruno Guimarães Rodriguez Moura,1
3857269,Brazil,Alex Nicolao Telles,Carlos Henrique Casimiro,1
3857269,Brazil,Alex Nicolao Telles,Gabriel Fernando de Jesus,2
3857269,Brazil,Alex Nicolao Telles,Rodrygo Silva de Goes,1
3857269,Brazil,Alex Nicolao Telles,Thiago Emiliano da Silva,1
3857269,Brazil,Alex Nicolao Telles,Vinícius José Paixão de Oliveira Júnior,3
3857269,Brazil,Alisson Ramsés Becker,Alex Nicolao Telles,1
3857269,Brazil,Alisson Ramsés Becker,Alex Sandro Lobo Silva,1
3857269,Brazil,Alisson Ramsés Becker,Marcos Aoás Corrêa,5
3857269,Brazil,Alisson Ramsés Becker,Thiago Emiliano da Silva,2
3857269,Brazil,Alisson Ramsés Becker,Éder Gabriel Militão,2
3857269,Brazil,Bruno Guimarães Rodriguez Moura,Alex Nicolao Telles,1
3857269,Brazil,Bruno Guimarães Rodriguez Moura,Alex Sandro Lobo Silva,3
3857269,Brazil,Bruno Guimarães Rodriguez Moura,Antony Matheus dos Santos,2
3857269,Brazil,Bruno Guimarães Rodriguez Moura,Carlos Henrique Casimiro,4
3857269,Brazil,Bruno Guimarães Rodriguez Moura,Gabriel Fernando de Jesus,1
3857269,Brazil,Bruno Guimarães Rodriguez Moura,Marcos Aoás Corrêa,2
3857269,Brazil,Bruno Guimarães Rodriguez Moura,Raphael Dias Belloli,1
3857269,Brazil,Bruno Guimarães Rodriguez Moura,Rodrygo Silva de Goes,1
3857269,Brazil,Bruno Guimarães Rodriguez Moura,Thiago Emiliano da Silva,2
3857269,Brazil,Bruno Guimarães Rodriguez Moura,Vinícius José Paixão de Oliveira Júnior,1
3857269,Brazil,Bruno Guimarães Rodriguez Moura,Éder Gabriel Militão,2
3857269,Brazil,Carlos Henrique Casimiro,Alex Sandro Lobo Silva,6
3857269,Brazil,Carlos Henrique Casimiro,Antony Matheus dos Santos,1
3857269,Brazil,Carlos Henrique Casimiro,Bruno Guimarães Rodriguez Moura,3
3857269,Brazil,Carlos Henrique Casimiro,Frederico Rodrigues Santos,4
3857269,Brazil,Carlos Henrique Casimiro,Lucas Tolentino Coelho de Lima,5
3857269,Brazil,Carlos Henrique Casimiro,Marcos Aoás Corrêa,3
3857269,Brazil,Carlos Henrique Casimiro,Raphael Dias Belloli,1
3857269,Brazil,Carlos Henrique Casimiro,Richarlison de Andrade,4
3857269,Brazil,Carlos Henrique Casimiro,Rodrygo Silva de Goes,2
3857269,Brazil,Carlos Henrique Casimiro,Thiago Emiliano da Silva,4
3857269,Brazil,Carlos Henrique Casimiro,Vinícius José Paixão de Oliveira Júnior,3
3857269,Brazil,Carlos Henrique Casimiro,Éder Gabriel Militão,4
3857269,Brazil,Gabriel Fernando de Jesus,Alex Nicolao Telles,1
3857269,Brazil,Gabriel Fernando de Jesus,Antony Matheus dos Santos,1
3857269,Brazil,Gabriel Fernando de Jesus,Rodrygo Silva de Goes,1
3857269,Brazil,Gabriel Fernando de Jesus,Vinícius José Paixão de Oliveira Júnior,1
3857269,Brazil,Rodrygo Silva de Goes,Alex Nicolao Telles,2
3857269,Brazil,Rodrygo Silva de Goes,Alex Sandro Lobo Silva,4
3857269,Brazil,Rodrygo Silva de Goes,Bruno Guimarães Rodriguez Moura,3
3857269,Brazil,Rodrygo Silva de Goes,Carlos Henrique Casimiro,3
3857269,Brazil,Rodrygo Silva de Goes,Gabriel Fernando de Jesus,1
3857269,Brazil,Rodrygo Silva de Goes,Raphael Dias Belloli,1
3857269,Brazil,Rodrygo Silva de Goes,Thiago Emiliano da Silva,4
3857269,Brazil,Rodrygo Silva de Goes,Vinícius José Paixão de Oliveira Júnior,2
3857269,Brazil,Rodrygo Silva de Goes,Éder Gabriel Militão,1
3857269,Brazil,Thiago Emiliano da Silva,Alex Nicolao Telles,1
3857269,Brazil,Thiago Emiliano da Silva,Alex Sandro Lobo Silva,13
3857269,Brazil,Thiago Emiliano da Silva,Alisson Ramsés Becker,1
3857269,Brazil,Thiago Emiliano da Silva,Antony Matheus dos Santos,1
3857269,Brazil,Thiago Emiliano da Silva,Bruno Guimarães Rodriguez Moura,4
3857269,Brazil,Thiago Emiliano da Silva,Carlos Henrique Casimiro,2
3857269,Brazil,Thiago Emiliano da Silva,Frederico Rodrigues Santos,2
3857269,Brazil,Thiago Emiliano da Silva,Lucas Tolentino Coelho de Lima,3
3857269,Brazil,Thiago Emiliano da Silva,Marcos Aoás Corrêa,31
3857269,Brazil,Thiago Emiliano da Silva,Raphael Dias Belloli,5
3857269,Brazil,Thiago Emiliano da Silva,Rodrygo Silva de Goes,2
3857269,Brazil,Thiago Emiliano da Silva,Vinícius José Paixão de Oliveira Júnior,3
3857269,Brazil,Thiago Emiliano da Silva,Éder Gabriel Militão,9
3857269,Brazil,Vinícius José Paixão de Oliveira Júnior,Alex Sandro Lobo Silva,8
3857269,Brazil,Vinícius José Paixão de Oliveira Júnior,Carlos Henrique Casimiro,1
3857269,Brazil,Vinícius José Paixão de Oliveira Júnior,Frederico Rodrigues Santos,1
3857269,Brazil,Vinícius José Paixão de Oliveira Júnior,Lucas Tolentino Coelho de Lima,1
3857269,Brazil,Vinícius José Paixão de Oliveira Júnior,Marcos Aoás Corrêa,2
3857269,Brazil,Vinícius José Paixão de Oliveira Júnior,Richarlison de Andrade,1
3857269,Brazil,Vinícius José Paixão de Oliveira Júnior,Rodrygo Silva de Goes,4
3857269,Brazil,Alex Sandro Lobo Silva,Carlos Henrique Casimiro,4
3857269,Brazil,Alex Sandro Lobo Silva,Frederico Rodrigues Santos,2
3857269,Brazil,Alex Sandro Lobo Silva,Lucas Tolentino Coelho de Lima,9
3857269,Brazil,Alex Sandro Lobo Silva,Marcos Aoás Corrêa,15
3857269,Brazil,Alex Sandro Lobo Silva,Raphael Dias Belloli,1
3857269,Brazil,Alex Sandro Lobo Silva,Richarlison de Andrade,1
3857269,Brazil,Alex Sandro Lobo Silva,Rodrygo Silva de Goes,6
3857269,Brazil,Alex Sandro Lobo Silva,Thiago Emiliano da Silva,17
3857269,Brazil,Alex Sandro Lobo Silva,Vinícius José Paixão de Oliveira Júnior,8
3857269,Brazil,Frederico Rodrigues Santos,Alex Sandro Lobo Silva,1
3857269,Brazil,Frederico Rodrigues Santos,Lucas Tolentino Coelho de Lima,4
3857269,Brazil,Frederico Rodrigues Santos,Marcos Aoás Corrêa,3
3857269,Brazil,Frederico Rodrigues Santos,Raphael Dias Belloli,3
3857269,Brazil,Frederico Rodrigues Santos,Richarlison de Andrade,1
3857269,Brazil,Frederico Rodrigues Santos,Rodrygo Silva de Goes,1
3857269,Brazil,Frederico Rodrigues Santos,Thiago Emiliano da Silva,1
3857269,Brazil,Frederico Rodrigues Santos,Vinícius José Paixão de Oliveira Júnior,2
3857269,Brazil,Frederico Rodrigues Santos,Éder Gabriel Militão,7
3857269,Brazil,Lucas Tolentino Coelho de Lima,Alex Sandro Lobo Silva,6
3857269,Brazil,Lucas Tolentino Coelho de Lima,Carlos Henrique Casimiro,4
3857269,Brazil,Lucas Tolentino Coelho de Lima,Frederico Rodrigues Santos,2
3857269,Brazil,Lucas Tolentino Coelho de Lima,Marcos Aoás Corrêa,8
3857269,Brazil,Lucas Tolentino Coelho de Lima,Richarlison de Andrade,3
3857269,Brazil,Lucas Tolentino Coelho de Lima,Thiago Emiliano da Silva,3
3857269,Brazil,Lucas Tolentino Coelho de Lima,Vinícius José Paixão de Oliveira Júnior,6
3857269,Brazil,Lucas Tolentino Coelho de Lima,Éder Gabriel Militão,1
3857269,Brazil,Marcos Aoás Corrêa,Alex Sandro Lobo Silva,7
3857269,Brazil,Marcos Aoás Corrêa,Alisson Ramsés Becker,2
3857269,Brazil,Marcos Aoás Corrêa,Antony Matheus dos Santos,3
3857269,Brazil,Marcos Aoás Corrêa,Bruno Guimarães Rodriguez Moura,5
3857269,Brazil,Marcos Aoás Corrêa,Carlos Henrique Casimiro,7
3857269,Brazil,Marcos Aoás Corrêa,Frederico Rodrigues Santos,4
3857269,Brazil,Marcos Aoás Corrêa,Lucas Tolentino Coelho de Lima,12
3857269,Brazil,Marcos Aoás Corrêa,Raphael Dias Belloli,2
3857269,Brazil,Marcos Aoás Corrêa,Rodrygo Silva de Goes,1
3857269,Brazil,Marcos Aoás Corrêa,Thiago Emiliano da Silva,29
3857269,Brazil,Marcos Aoás Corrêa,Vinícius José Paixão de Oliveira Júnior,5
3857269,Brazil,Marcos Aoás Corrêa,Éder Gabriel Militão,15
3857269,Brazil,Raphael Dias Belloli,Bruno Guimarães Rodriguez Moura,1
3857269,Brazil,Raphael Dias Belloli,Carlos Henrique Casimiro,2
3857269,Brazil,Raphael Dias Belloli,Frederico Rodrigues Santos,5
3857269,Brazil,Raphael Dias Belloli,Lucas Tolentino Coelho de Lima,1
3857269,Brazil,Raphael Dias Belloli,Marcos Aoás Corrêa,1
3857269,Brazil,Raphael Dias Belloli,Richarlison de Andrade,2
3857269,Brazil,Raphael Dias Belloli,Thiago Emiliano da Silva,4
3857269,Brazil,Raphael Dias Belloli,Vinícius José Paixão de Oliveira Júnior,1
3857269,Brazil,Raphael Dias Belloli,Éder Gabriel Militão,8
3857269,Brazil,Richarlison de Andrade,Alex Sandro Lobo Silva,1
3857269,Brazil,Richarlison de Andrade,Carlos Henrique Casimiro,1
3857269,Brazil,Richarlison de Andrade,Raphael Dias Belloli,1
3857269,Brazil,Éder Gabriel Militão,Alisson Ramsés Becker,4
3857269,Brazil,Éder Gabriel Militão,Antony Matheus dos Santos,3
3857269,Brazil,Éder Gabriel Militão,Bruno Guimarães Rodriguez Moura,4
3857269,Brazil,Éder Gabriel Militão,Carlos Henrique Casimiro,4
3857269,Brazil,Éder Gabriel Militão,Frederico Rodrigues Santos,5
3857269,Brazil,Éder Gabriel Militão,Gabriel Fernando de Jesus,1
3857269,Brazil,Éder Gabriel Militão,Lucas Tolentino Coelho de Lima,1
3857269,Brazil,Éder Gabriel Militão,Marcos Aoás Corrêa,9
3857269,Brazil,Éder Gabriel Militão,Raphael Dias Belloli,13
3857269,Brazil,Éder Gabriel Militão,Rodrygo Silva de Goes,1
3857269,Brazil,Éder Gabriel Militão,Thiago Emiliano da Silva,9
3857269,Brazil,Éder Gabriel Militão,Vinícius José Paixão de Oliveira Júnior,2
3857269,Brazil,Antony Matheus dos Santos,Bruno Guimarães Rodriguez Moura,2
3857269,Brazil,Antony Matheus dos Santos,Carlos Henrique Casimiro,2
3857269,Brazil,Antony Matheus dos Santos,Marcos Aoás Corrêa,2
3857269,Brazil,Antony Matheus dos Santos,Rodrygo Silva de Goes,3
3857269,Brazil,Antony Matheus dos Santos,Éder Gabriel Militão,2
3857269,Switzerland,Breel-Donald Embolo,Djibril Sow,1
3857269,Switzerland,Breel-Donald Embolo,Edimilson Fernandes,1
3857269,Switzerland,Breel-Donald Embolo,Fabian Rieder,1
3857269,Switzerland,Breel-Donald Embolo,Granit Xhaka,1
3857269,Switzerland,Breel-Donald Embolo,Nico Elvedi,1
3857269,Switzerland,Breel-Donald Embolo,Renato Steffen,1
3857269,Switzerland,Breel-Donald Embolo,Ruben Vargas,2
3857269,Switzerland,Djibril Sow,Breel-Donald Embolo,2
3857269,Switzerland,Djibril Sow,Edimilson Fernandes,1
3857269,Switzerland,Djibril Sow,Fabian Rieder,1
3857269,Switzerland,Djibril Sow,Granit Xhaka,4
3857269,Switzerland,Djibril Sow,Manuel Obafemi Akanji,4
3857269,Switzerland,Djibril Sow,Remo Freuler,1
3857269,Switzerland,Djibril Sow,Ruben Vargas,1
3857269,Switzerland,Djibril Sow,Silvan Widmer,5
3857269,Switzerland,Edimilson Fernandes,Djibril Sow,1
3857269,Switzerland,Edimilson Fernandes,Fabian Frei,1
3857269,Switzerland,Edimilson Fernandes,Granit Xhaka,4
3857269,Switzerland,Edimilson Fernandes,Manuel Obafemi Akanji,1
3857269,Switzerland,Edimilson Fernandes,Remo Freuler,1
3857269,Switzerland,Edimilson Fernandes,Renato Steffen,1
3857269,Switzerland,Edimilson Fernandes,Ricardo Iván Rodríguez Araya,2
3857269,Switzerland,Fabian Rieder,Breel-Donald Embolo,1
3857269,Switzerland,Fabian Rieder,Djibril Sow,1
3857269,Switzerland,Fabian Rieder,Granit Xhaka,1
3857269,Switzerland,Fabian Rieder,Manuel Obafemi Akanji,1
3857269,Switzerland,Fabian Rieder,Remo Freuler,1
3857269,Switzerland,Fabian Rieder,Silvan Widmer,4
3857269,Switzerland,Granit Xhaka,Breel-Donald Embolo,2
3857269,Switzerland,Granit Xhaka,Djibril Sow,1
3857269,Switzerland,Granit Xhaka,Edimilson Fernandes,3
3857269,Switzerland,Granit Xhaka,Fabian Rieder,1
3857269,Switzerland,Granit Xhaka,Manuel Obafemi Akanji,11
3857269,Switzerland,Granit Xhaka,Michel Aebischer,1
3857269,Switzerland,Granit Xhaka,Nico Elvedi,13
3857269,Switzerland,Granit Xhaka,Remo Freuler,5
3857269,Switzerland,Granit Xhaka,Ricardo Iván Rodríguez Araya,6
3857269,Switzerland,Granit Xhaka,Ruben Vargas,4
3857269,Switzerland,Granit Xhaka,Silvan Widmer,11
3857269,Switzerland,Granit Xhaka,Yann Sommer,1
3857269,Switzerland,Nico Elvedi,Breel-Donald Embolo,3
3857269,Switzerland,Nico Elvedi,Djibril Sow,1
3857269,Switzerland,Nico Elvedi,Fabian Frei,1
3857269,Switzerland,Nico Elvedi,Granit Xhaka,14
3857269,Switzerland,Nico Elvedi,Manuel Obafemi Akanji,9
3857269,Switzerland,Nico Elvedi,Remo Freuler,7
3857269,Switzerland,Nico Elvedi,Renato Steffen,1
3857269,Switzerland,Nico Elvedi,Ricardo Iván Rodríguez Araya,13
3857269,Switzerland,Nico Elvedi,Ruben Vargas,2
3857269,Switzerland,Nico Elvedi,Yann Sommer,16
3857269,Switzerland,Renato Steffen,Granit Xhaka,1
3857269,Switzerland,Renato Steffen,Haris Seferović,1
3857269,Switzerland,Renato Steffen,Nico Elvedi,1
3857269,Switzerland,Renato Steffen,Remo Freuler,2
3857269,Switzerland,Renato Steffen,Ricardo Iván Rodríguez Araya,2
3857269,Switzerland,Renato Steffen,Silvan Widmer,5
3857269,Switzerland,Ruben Vargas,Breel-Donald Embolo,1
3857269,Switzerland,Ruben Vargas,Granit Xhaka,3
3857269,Switzerland,Ruben Vargas,Manuel Obafemi Akanji,1
3857269,Switzerland,Ruben Vargas,Remo Freuler,1
3857269,Switzerland,Ruben Vargas,Ricardo Iván Rodríguez Araya,6
3857269,Switzerland,Ruben Vargas,Silvan Widmer,1
3857269,Switzerland,Manuel Obafemi Akanji,Breel-Donald Embolo,2
3857269,Switzerland,Manuel Obafemi Akanji,Djibril Sow,5
3857269,Switzerland,Manuel Obafemi Akanji,Edimilson Fernandes,3
3857269,Switzerland,Manuel Obafemi Akanji,Fabian Rieder,4
3857269,Switzerland,Manuel Obafemi Akanji,Granit Xhaka,11
3857269,Switzerland,Manuel Obafemi Akanji,Michel Aebischer,2
3857269,Switzerland,Manuel Obafemi Akanji,Nico Elvedi,18
3857269,Switzerland,Manuel Obafemi Akanji,Remo Freuler,5
3857269,Switzerland,Manuel Obafemi Akanji,Renato Steffen,2
3857269,Switzerland,Manuel Obafemi Akanji,Ricardo Iván Rodríguez Araya,1
3857269,Switzerland,Manuel Obafemi Akanji,Silvan Widmer,6
3857269,Switzerland,Manuel Obafemi Akanji,Yann Sommer,8
3857269,Switzerland,Remo Freuler,Breel-Donald Embolo,3
3857269,Switzerland,Remo Freuler,Edimilson Fernandes,1
3857269,Switzerland,Remo Freuler,Fabian Rieder,2
3857269,Switzerland,Remo Freuler,Granit Xhaka,5
3857269,Switzerland,Remo Freuler,Manuel Obafemi Akanji,6
3857269,Switzerland,Remo Freuler,Nico Elvedi,5
3857269,Switzerland,Remo Freuler,Renato Steffen,1
3857269,Switzerland,Remo Freuler,Ricardo Iván Rodríguez Araya,1
3857269,Switzerland,Remo Freuler,Ruben Vargas,3
3857269,Switzerland,Remo Freuler,Silvan Widmer,7
3857269,Switzerland,Remo Freuler,Yann Sommer,1
3857269,Switzerland,Silvan Widmer,Breel-Donald Embolo,2
3857269,Switzerland,Silvan Widmer,Djibril Sow,5
3857269,Switzerland,Silvan Widmer,Edimilson Fernandes,1
3857269,Switzerland,Silvan Widmer,Fabian Rieder,5
3857269,Switzerland,Silvan Widmer,Granit Xhaka,1
3857269,Switzerland,Silvan Widmer,Manuel Obafemi Akanji,11
3857269,Switzerland,Silvan Widmer,Michel Aebischer,1
3857269,Switzerland,Silvan Widmer,Remo Freuler,6
3857269,Switzerland,Silvan Widmer,Renato Steffen,2
3857269,Switzerland,Silvan Widmer,Yann Sommer,1
3857269,Switzerland,Fabian Frei,Manuel Obafemi Akanji,1
3857269,Switzerland,Fabian Frei,Renato Steffen,1
3857269,Switzerland,Ricardo Iván Rodríguez Araya,Breel-Donald Embolo,1
3857269,Switzerland,Ricardo Iván Rodríguez Araya,Djibril Sow,3
3857269,Switzerland,Ricardo Iván Rodríguez Araya,Edimilson Fernandes,3
3857269,Switzerland,Ricardo Iván Rodríguez Araya,Granit Xhaka,10
3857269,Switzerland,Ricardo Iván Rodríguez Araya,Haris Seferović,1
3857269,Switzerland,Ricardo Iván Rodríguez Araya,Manuel Obafemi Akanji,3
3857269,Switzerland,Ricardo Iván Rodríguez Araya,Nico Elvedi,9
3857269,Switzerland,Ricardo Iván Rodríguez Araya,Ruben Vargas,8
3857269,Switzerland,Ricardo Iván Rodríguez Araya,Yann Sommer,3
3857269,Switzerland,Michel Aebischer,Silvan Widmer,2
3857269,Switzerland,Yann Sommer,Fabian Frei,1
3857269,Switzerland,Yann Sommer,Granit Xhaka,2
3857269,Switzerland,Yann Sommer,Haris Seferović,1
3857269,Switzerland,Yann Sommer,Manuel Obafemi Akanji,22
3857269,Switzerland,Yann Sommer,Nico Elvedi,15
3857269,Switzerland,Yann Sommer,Ricardo Iván Rodríguez Araya,2
3857269,Switzerland,Yann Sommer,Silvan Widmer,3
3857269,Switzerland,Haris Seferović,Fabian Frei,1
3857269,Switzerland,Haris Seferović,Remo Freuler,1
3857270,Portugal,Bernardo Mota Veiga de Carvalho e Silva,Bruno Miguel Borges Fernandes,11
3857270,Portugal,Bernardo Mota Veiga de Carvalho e Silva,Cristiano Ronaldo dos Santos Aveiro,3
3857270,Portugal,Bernardo Mota Veiga de Carvalho e Silva,Diogo Meireles Costa,1
3857270,Portugal,Bernardo Mota Veiga de Carvalho e Silva,Gonçalo Matias Ramos,1
3857270,Portugal,Bernardo Mota Veiga de Carvalho e Silva,João Félix Sequeira,4
3857270,Portugal,Bernardo Mota Veiga de Carvalho e Silva,João Pedro Cavaco Cancelo,3
3857270,Portugal,Bernardo Mota Veiga de Carvalho e Silva,Kléper Laveran Lima Ferreira,3
3857270,Portugal,Bernardo Mota Veiga de Carvalho e Silva,Nuno Mendes,2
3857270,Portugal,Bernardo Mota Veiga de Carvalho e Silva,Rafael Alexandre Conceição Leão,3
3857270,Portugal,Bernardo Mota Veiga de Carvalho e Silva,Raphaël Adelino José Guerreiro,3
3857270,Portugal,Bernardo Mota Veiga de Carvalho e Silva,Rúben Diogo Da Silva Neves,8
3857270,Portugal,Bernardo Mota Veiga de Carvalho e Silva,Rúben Santos Gato Alves Dias,7
3857270,Portugal,Bernardo Mota Veiga de Carvalho e Silva,William Silva de Carvalho,6
3857270,Portugal,Bruno Miguel Borges Fernandes,Bernardo Mota Veiga de Carvalho e Silva,8
3857270,Portugal,Bruno Miguel Borges Fernandes,Cristiano Ronaldo dos Santos Aveiro,7
3857270,Portugal,Bruno Miguel Borges Fernandes,Gonçalo Matias Ramos,1
3857270,Portugal,Bruno Miguel Borges Fernandes,João Félix Sequeira,6
3857270,Portugal,Bruno Miguel Borges Fernandes,João Pedro Cavaco Cancelo,12
3857270,Portugal,Bruno Miguel Borges Fernandes,Kléper Laveran Lima Ferreira,2
3857270,Portugal,Bruno Miguel Borges Fernandes,Matheus Luiz Nunes,2
3857270,Portugal,Bruno Miguel Borges Fernandes,Nuno Mendes,1
3857270,Portugal,Bruno Miguel Borges Fernandes,Raphaël Adelino José Guerreiro,1
3857270,Portugal,Bruno Miguel Borges Fernandes,Rúben Santos Gato Alves Dias,1
3857270,Portugal,Bruno Miguel Borges Fernandes,William Silva de Carvalho,7
3857270,Portugal,Cristiano Ronaldo dos Santos Aveiro,Bernardo Mota Veiga de Carvalho e Silva,3
3857270,Portugal,Cristiano Ronaldo dos Santos Aveiro,Bruno Miguel Borges Fernandes,8
3857270,Portugal,Cristiano Ronaldo dos Santos Aveiro,João Félix Sequeira,5
3857270,Portugal,Cristiano Ronaldo dos Santos Aveiro,Nuno Mendes,6
3857270,Portugal,Cristiano Ronaldo dos Santos Aveiro,Rafael Alexandre Conceição Leão,1
3857270,Portugal,Cristiano Ronaldo dos Santos Aveiro,Raphaël Adelino José Guerreiro,1
3857270,Portugal,Cristiano Ronaldo dos Santos Aveiro,Rúben Diogo Da Silva Neves,1
3857270,Portugal,Cristiano Ronaldo dos Santos Aveiro,Rúben Santos Gato Alves Dias,1
3857270,Portugal,Cristiano Ronaldo dos Santos Aveiro,William Silva de Carvalho,4
3857270,Portugal,Diogo Meireles Costa,Bernardo Mota Veiga de Carvalho e Silva,1
3857270,Portugal,Diogo Meireles Costa,João Pedro Cavaco Cancelo,2
3857270,Portugal,Diogo Meireles Costa,Kléper Laveran Lima Ferreira,3
3857270,Portugal,Diogo Meireles Costa,Rafael Alexandre Conceição Leão,2
3857270,Portugal,Diogo Meireles Costa,Raphaël Adelino José Guerreiro,1
3857270,Portugal,Diogo Meireles Costa,Rúben Diogo Da Silva Neves,1
3857270,Portugal,Diogo Meireles Costa,Rúben Santos Gato Alves Dias,11
3857270,Portugal,Diogo Meireles Costa,William Silva de Carvalho,1
3857270,Portugal,Gonçalo Matias Ramos,Bernardo Mota Veiga de Carvalho e Silva,4
3857270,Portugal,Gonçalo Matias Ramos,João Pedro Cavaco Cancelo,1
3857270,Portugal,João Félix Sequeira,Bernardo Mota Veiga de Carvalho e Silva,4
3857270,Portugal,João Félix Sequeira,Bruno Miguel Borges Fernandes,2
3857270,Portugal,João Félix Sequeira,Cristiano Ronaldo dos Santos Aveiro,6
3857270,Portugal,João Félix Sequeira,João Pedro Cavaco Cancelo,1
3857270,Portugal,João Félix Sequeira,Nuno Mendes,2
3857270,Portugal,João Félix Sequeira,Raphaël Adelino José Guerreiro,4
3857270,Portugal,João Félix Sequeira,Rúben Diogo Da Silva Neves,4
3857270,Portugal,João Félix Sequeira,Rúben Santos Gato Alves Dias,1
3857270,Portugal,João Félix Sequeira,William Silva de Carvalho,6
3857270,Portugal,João Pedro Cavaco Cancelo,Bernardo Mota Veiga de Carvalho e Silva,2
3857270,Portugal,João Pedro Cavaco Cancelo,Bruno Miguel Borges Fernandes,16
3857270,Portugal,João Pedro Cavaco Cancelo,Cristiano Ronaldo dos Santos Aveiro,1
3857270,Portugal,João Pedro Cavaco Cancelo,Diogo Meireles Costa,2
3857270,Portugal,João Pedro Cavaco Cancelo,Gonçalo Matias Ramos,1
3857270,Portugal,João Pedro Cavaco Cancelo,Kléper Laveran Lima Ferreira,12
3857270,Portugal,João Pedro Cavaco Cancelo,Matheus Luiz Nunes,1
3857270,Portugal,João Pedro Cavaco Cancelo,Raphaël Adelino José Guerreiro,1
3857270,Portugal,João Pedro Cavaco Cancelo,Rúben Diogo Da Silva Neves,6
3857270,Portugal,João Pedro Cavaco Cancelo,Rúben Santos Gato Alves Dias,2
3857270,Portugal,João Pedro Cavaco Cancelo,William Silva de Carvalho,7
3857270,Portugal,Kléper Laveran Lima Ferreira,Bernardo Mota Veiga de Carvalho e Silva,8
3857270,Portugal,Kléper Laveran Lima Ferreira,Bruno Miguel Borges Fernandes,3
3857270,Portugal,Kléper Laveran Lima Ferreira,Cristiano Ronaldo dos Santos Aveiro,3
3857270,Portugal,Kléper Laveran Lima Ferreira,Diogo Meireles Costa,11
3857270,Portugal,Kléper Laveran Lima Ferreira,Gonçalo Matias Ramos,1
3857270,Portugal,Kléper Laveran Lima Ferreira,João Félix Sequeira,2
3857270,Portugal,Kléper Laveran Lima Ferreira,João Pedro Cavaco Cancelo,11
3857270,Portugal,Kléper Laveran Lima Ferreira,Raphaël Adelino José Guerreiro,1
3857270,Portugal,Kléper Laveran Lima Ferreira,Rúben Diogo Da Silva Neves,2
3857270,Portugal,Kléper Laveran Lima Ferreira,Rúben Santos Gato Alves Dias,3
3857270,Portugal,Kléper Laveran Lima Ferreira,William Silva de Carvalho,6
3857270,Portugal,Nuno Mendes,Bernardo Mota Veiga de Carvalho e Silva,1
3857270,Portugal,Nuno Mendes,Bruno Miguel Borges Fernandes,5
3857270,Portugal,Nuno Mendes,Cristiano Ronaldo dos Santos Aveiro,6
3857270,Portugal,Nuno Mendes,João Félix Sequeira,4
3857270,Portugal,Nuno Mendes,Rúben Diogo Da Silva Neves,4
3857270,Portugal,Nuno Mendes,Rúben Santos Gato Alves Dias,6
3857270,Portugal,Nuno Mendes,William Silva de Carvalho,4
3857270,Portugal,Rafael Alexandre Conceição Leão,Bernardo Mota Veiga de Carvalho e Silva,2
3857270,Portugal,Rafael Alexandre Conceição Leão,Cristiano Ronaldo dos Santos Aveiro,1
3857270,Portugal,Rafael Alexandre Conceição Leão,João Maria Lobo Alves Palhinha Gonçalves,3
3857270,Portugal,Rafael Alexandre Conceição Leão,Matheus Luiz Nunes,1
3857270,Portugal,Rafael Alexandre Conceição Leão,Raphaël Adelino José Guerreiro,1
3857270,Portugal,Raphaël Adelino José Guerreiro,Bernardo Mota Veiga de Carvalho e Silva,3
3857270,Portugal,Raphaël Adelino José Guerreiro,Bruno Miguel Borges Fernandes,1
3857270,Portugal,Raphaël Adelino José Guerreiro,Cristiano Ronaldo dos Santos Aveiro,3
3857270,Portugal,Raphaël Adelino José Guerreiro,Diogo Meireles Costa,1
3857270,Portugal,Raphaël Adelino José Guerreiro,João Félix Sequeira,6
3857270,Portugal,Raphaël Adelino José Guerreiro,João Maria Lobo Alves Palhinha Gonçalves,2
3857270,Portugal,Raphaël Adelino José Guerreiro,Rafael Alexandre Conceição Leão,4
3857270,Portugal,Raphaël Adelino José Guerreiro,Rúben Diogo Da Silva Neves,1
3857270,Portugal,Raphaël Adelino José Guerreiro,Rúben Santos Gato Alves Dias,2
3857270,Portugal,Raphaël Adelino José Guerreiro,William Silva de Carvalho,1
3857270,Portugal,Rúben Diogo Da Silva Neves,Bernardo Mota Veiga de Carvalho e Silva,4
3857270,Portugal,Rúben Diogo Da Silva Neves,Bruno Miguel Borges Fernandes,3
3857270,Portugal,Rúben Diogo Da Silva Neves,Cristiano Ronaldo dos Santos Aveiro,2
3857270,Portugal,Rúben Diogo Da Silva Neves,Diogo Meireles Costa,2
3857270,Portugal,Rúben Diogo Da Silva Neves,João Félix Sequeira,1
3857270,Portugal,Rúben Diogo Da Silva Neves,João Pedro Cavaco Cancelo,7
3857270,Portugal,Rúben Diogo Da Silva Neves,Kléper Laveran Lima Ferreira,9
3857270,Portugal,Rúben Diogo Da Silva Neves,Nuno Mendes,3
3857270,Portugal,Rúben Diogo Da Silva Neves,Raphaël Adelino José Guerreiro,2
3857270,Portugal,Rúben Diogo Da Silva Neves,Rúben Santos Gato Alves Dias,5
3857270,Portugal,Rúben Diogo Da Silva Neves,William Silva de Carvalho,6
3857270,Portugal,Rúben Santos Gato Alves Dias,Bernardo Mota Veiga de Carvalho e Silva,7
3857270,Portugal,Rúben Santos Gato Alves Dias,Bruno Miguel Borges Fernandes,2
3857270,Portugal,Rúben Santos Gato Alves Dias,Diogo Meireles Costa,9
3857270,Portugal,Rúben Santos Gato Alves Dias,João Félix Sequeira,4
3857270,Portugal,Rúben Santos Gato Alves Dias,João Pedro Cavaco Cancelo,2
3857270,Portugal,Rúben Santos Gato Alves Dias,Kléper Laveran Lima Ferreira,6
3857270,Portugal,Rúben Santos Gato Alves Dias,Nuno Mendes,7
3857270,Portugal,Rúben Santos Gato Alves Dias,Raphaël Adelino José Guerreiro,3
3857270,Portugal,Rúben Santos Gato Alves Dias,Rúben Diogo Da Silva Neves,10
3857270,Portugal,Rúben Santos Gato Alves Dias,William Silva de Carvalho,7
3857270,Portugal,William Silva de Carvalho,Bernardo Mota Veiga de Carvalho e Silva,4
3857270,Portugal,William Silva de Carvalho,Bruno Miguel Borges Fernandes,5
3857270,Portugal,William Silva de Carvalho,Cristiano Ronaldo dos Santos Aveiro,8
3857270,Portugal,William Silva de Carvalho,João Félix Sequeira,9
3857270,Portugal,William Silva de Carvalho,João Pedro Cavaco Cancelo,5
3857270,Portugal,William Silva de Carvalho,Kléper Laveran Lima Ferreira,7
3857270,Portugal,William Silva de Carvalho,Nuno Mendes,7
3857270,Portugal,William Silva de Carvalho,Rúben Diogo Da Silva Neves,6
3857270,Portugal,William Silva de Carvalho,Rúben Santos Gato Alves Dias,8
3857270,Portugal,Matheus Luiz Nunes,Bernardo Mota Veiga de Carvalho e Silva,1
3857270,Portugal,Matheus Luiz Nunes,João Maria Lobo Alves Palhinha Gonçalves,1
3857270,Portugal,Matheus Luiz Nunes,Kléper Laveran Lima Ferreira,1
3857270,Portugal,Matheus Luiz Nunes,Raphaël Adelino José Guerreiro,1
3857270,Portugal,João Maria Lobo Alves Palhinha Gonçalves,Bruno Miguel Borges Fernandes,2
3857270,Portugal,João Maria Lobo Alves Palhinha Gonçalves,Gonçalo Matias Ramos,1
3857270,Portugal,João Maria Lobo Alves Palhinha Gonçalves,João Pedro Cavaco Cancelo,1
3857270,Portugal,João Maria Lobo Alves Palhinha Gonçalves,Matheus Luiz Nunes,1
3857270,Portugal,João Maria Lobo Alves Palhinha Gonçalves,Rafael Alexandre Conceição Leão,1
3857270,Portugal,João Maria Lobo Alves Palhinha Gonçalves,Rúben Santos Gato Alves Dias,1
3857270,Uruguay,Darwin Gabriel Núñez Ribeiro,Edinson Roberto Cavani Gómez,1
3857270,Uruguay,Darwin Gabriel Núñez Ribeiro,Facundo Pellistri Rebollo,1
3857270,Uruguay,Darwin Gabriel Núñez Ribeiro,Federico Santiago Valverde Dipetta,1
3857270,Uruguay,Darwin Gabriel Núñez Ribeiro,Guillermo Varela Olivera,2
3857270,Uruguay,Darwin Gabriel Núñez Ribeiro,Mathías Olivera Miramontes,2
3857270,Uruguay,Darwin Gabriel Núñez Ribeiro,Matías Vecino Falero,2
3857270,Uruguay,Darwin Gabriel Núñez Ribeiro,Rodrigo Bentancur Colmán,2
3857270,Uruguay,Edinson Roberto Cavani Gómez,Darwin Gabriel Núñez Ribeiro,1
3857270,Uruguay,Edinson Roberto Cavani Gómez,Federico Santiago Valverde Dipetta,2
3857270,Uruguay,Edinson Roberto Cavani Gómez,Giorgian Daniel De Arrascaeta Benedetti,1
3857270,Uruguay,Edinson Roberto Cavani Gómez,Guillermo Varela Olivera,1
3857270,Uruguay,Edinson Roberto Cavani Gómez,José María Giménez de Vargas,2
3857270,Uruguay,Edinson Roberto Cavani Gómez,Mathías Olivera Miramontes,2
3857270,Uruguay,Edinson Roberto Cavani Gómez,Matías Vecino Falero,2
3857270,Uruguay,Edinson Roberto Cavani Gómez,Rodrigo Bentancur Colmán,2
3857270,Uruguay,Facundo Pellistri Rebollo,Federico Santiago Valverde Dipetta,1
3857270,Uruguay,Facundo Pellistri Rebollo,Giorgian Daniel De Arrascaeta Benedetti,2
3857270,Uruguay,Facundo Pellistri Rebollo,Guillermo Varela Olivera,2
3857270,Uruguay,Facundo Pellistri Rebollo,Mathías Olivera Miramontes,1
3857270,Uruguay,Facundo Pellistri Rebollo,Maximiliano Gómez González,1
3857270,Uruguay,Facundo Pellistri Rebollo,Rodrigo Bentancur Colmán,1
3857270,Uruguay,Facundo Pellistri Rebollo,Sebastián Coates Nión,1
3857270,Uruguay,Federico Santiago Valverde Dipetta,Darwin Gabriel Núñez Ribeiro,2
3857270,Uruguay,Federico Santiago Valverde Dipetta,Diego Roberto Godín Leal,1
3857270,Uruguay,Federico Santiago Valverde Dipetta,Edinson Roberto Cavani Gómez,1
3857270,Uruguay,Federico Santiago Valverde Dipetta,Facundo Pellistri Rebollo,5
3857270,Uruguay,Federico Santiago Valverde Dipetta,Giorgian Daniel De Arrascaeta Benedetti,2
3857270,Uruguay,Federico Santiago Valverde Dipetta,Guillermo Varela Olivera,7
3857270,Uruguay,Federico Santiago Valverde Dipetta,José María Giménez de Vargas,3
3857270,Uruguay,Federico Santiago Valverde Dipetta,Luis Alberto Suárez Díaz,1
3857270,Uruguay,Federico Santiago Valverde Dipetta,Mathías Olivera Miramontes,2
3857270,Uruguay,Federico Santiago Valverde Dipetta,Matías Nicolás Viña Susperreguy,2
3857270,Uruguay,Federico Santiago Valverde Dipetta,Rodrigo Bentancur Colmán,8
3857270,Uruguay,Federico Santiago Valverde Dipetta,Sebastián Coates Nión,3
3857270,Uruguay,Federico Santiago Valverde Dipetta,Sergio Rochet Álvarez,1
3857270,Uruguay,Guillermo Varela Olivera,Darwin Gabriel Núñez Ribeiro,1
3857270,Uruguay,Guillermo Varela Olivera,Diego Roberto Godín Leal,1
3857270,Uruguay,Guillermo Varela Olivera,Edinson Roberto Cavani Gómez,6
3857270,Uruguay,Guillermo Varela Olivera,Facundo Pellistri Rebollo,3
3857270,Uruguay,Guillermo Varela Olivera,Federico Santiago Valverde Dipetta,2
3857270,Uruguay,Guillermo Varela Olivera,José María Giménez de Vargas,7
3857270,Uruguay,Guillermo Varela Olivera,Rodrigo Bentancur Colmán,2
3857270,Uruguay,Guillermo Varela Olivera,Sergio Rochet Álvarez,1
3857270,Uruguay,Mathías Olivera Miramontes,Darwin Gabriel Núñez Ribeiro,5
3857270,Uruguay,Mathías Olivera Miramontes,Edinson Roberto Cavani Gómez,2
3857270,Uruguay,Mathías Olivera Miramontes,Federico Santiago Valverde Dipetta,2
3857270,Uruguay,Mathías Olivera Miramontes,Giorgian Daniel De Arrascaeta Benedetti,3
3857270,Uruguay,Mathías Olivera Miramontes,José María Giménez de Vargas,3
3857270,Uruguay,Mathías Olivera Miramontes,Luis Alberto Suárez Díaz,1
3857270,Uruguay,Mathías Olivera Miramontes,Matías Vecino Falero,2
3857270,Uruguay,Mathías Olivera Miramontes,Rodrigo Bentancur Colmán,5
3857270,Uruguay,Mathías Olivera Miramontes,Sebastián Coates Nión,4
3857270,Uruguay,Matías Vecino Falero,Darwin Gabriel Núñez Ribeiro,4
3857270,Uruguay,Matías Vecino Falero,Diego Roberto Godín Leal,1
3857270,Uruguay,Matías Vecino Falero,Edinson Roberto Cavani Gómez,1
3857270,Uruguay,Matías Vecino Falero,Federico Santiago Valverde Dipetta,3
3857270,Uruguay,Matías Vecino Falero,José María Giménez de Vargas,1
3857270,Uruguay,Matías Vecino Falero,Mathías Olivera Miramontes,1
3857270,Uruguay,Rodrigo Bentancur Colmán,Darwin Gabriel Núñez Ribeiro,4
3857270,Uruguay,Rodrigo Bentancur Colmán,Edinson Roberto Cavani Gómez,2
3857270,Uruguay,Rodrigo Bentancur Colmán,Federico Santiago Valverde Dipetta,10
3857270,Uruguay,Rodrigo Bentancur Colmán,Giorgian Daniel De Arrascaeta Benedetti,6
3857270,Uruguay,Rodrigo Bentancur Colmán,Guillermo Varela Olivera,2
3857270,Uruguay,Rodrigo Bentancur Colmán,José María Giménez de Vargas,5
3857270,Uruguay,Rodrigo Bentancur Colmán,Luis Alberto Suárez Díaz,2
3857270,Uruguay,Rodrigo Bentancur Colmán,Mathías Olivera Miramontes,3
3857270,Uruguay,Rodrigo Bentancur Colmán,Matías Nicolás Viña Susperreguy,1
3857270,Uruguay,Rodrigo Bentancur Colmán,Matías Vecino Falero,2
3857270,Uruguay,Rodrigo Bentancur Colmán,Sebastián Coates Nión,10
3857270,Uruguay,Rodrigo Bentancur Colmán,Sergio Rochet Álvarez,2
3857270,Uruguay,Diego Roberto Godín Leal,Edinson Roberto Cavani Gómez,1
3857270,Uruguay,Diego Roberto Godín Leal,Federico Santiago Valverde Dipetta,1
3857270,Uruguay,Diego Roberto Godín Leal,Guillermo Varela Olivera,1
3857270,Uruguay,Diego Roberto Godín Leal,José María Giménez de Vargas,2
3857270,Uruguay,Diego Roberto Godín Leal,Mathías Olivera Miramontes,2
3857270,Uruguay,Diego Roberto Godín Leal,Matías Vecino Falero,1
3857270,Uruguay,Diego Roberto Godín Leal,Rodrigo Bentancur Colmán,1
3857270,Uruguay,Diego Roberto Godín Leal,Sebastián Coates Nión,2
3857270,Uruguay,Diego Roberto Godín Leal,Sergio Rochet Álvarez,8
3857270,Uruguay,José María Giménez de Vargas,Diego Roberto Godín Leal,2
3857270,Uruguay,José María Giménez de Vargas,Edinson Roberto Cavani Gómez,1
3857270,Uruguay,José María Giménez de Vargas,Federico Santiago Valverde Dipetta,9
3857270,Uruguay,José María Giménez de Vargas,Giorgian Daniel De Arrascaeta Benedetti,1
3857270,Uruguay,José María Giménez de Vargas,Guillermo Varela Olivera,6
3857270,Uruguay,José María Giménez de Vargas,Mathías Olivera Miramontes,3
3857270,Uruguay,José María Giménez de Vargas,Matías Vecino Falero,1
3857270,Uruguay,José María Giménez de Vargas,Maximiliano Gómez González,1
3857270,Uruguay,José María Giménez de Vargas,Rodrigo Bentancur Colmán,7
3857270,Uruguay,José María Giménez de Vargas,Sebastián Coates Nión,8
3857270,Uruguay,José María Giménez de Vargas,Sergio Rochet Álvarez,1
3857270,Uruguay,Sebastián Coates Nión,Darwin Gabriel Núñez Ribeiro,1
3857270,Uruguay,Sebastián Coates Nión,Diego Roberto Godín Leal,5
3857270,Uruguay,Sebastián Coates Nión,Edinson Roberto Cavani Gómez,1
3857270,Uruguay,Sebastián Coates Nión,Facundo Pellistri Rebollo,1
3857270,Uruguay,Sebastián Coates Nión,Federico Santiago Valverde Dipetta,2
3857270,Uruguay,Sebastián Coates Nión,Giorgian Daniel De Arrascaeta Benedetti,3
3857270,Uruguay,Sebastián Coates Nión,José María Giménez de Vargas,9
3857270,Uruguay,Sebastián Coates Nión,Luis Alberto Suárez Díaz,2
3857270,Uruguay,Sebastián Coates Nión,Mathías Olivera Miramontes,5
3857270,Uruguay,Sebastián Coates Nión,Matías Nicolás Viña Susperreguy,2
3857270,Uruguay,Sebastián Coates Nión,Matías Vecino Falero,2
3857270,Uruguay,Sebastián Coates Nión,Maximiliano Gómez González,1
3857270,Uruguay,Sebastián Coates Nión,Rodrigo Bentancur Colmán,3
3857270,Uruguay,Sebastián Coates Nión,Sergio Rochet Álvarez,1
3857270,Uruguay,Sergio Rochet Álvarez,Darwin Gabriel Núñez Ribeiro,1
3857270,Uruguay,Sergio Rochet Álvarez,Diego Roberto Godín Leal,3
3857270,Uruguay,Sergio Rochet Álvarez,Edinson Roberto Cavani Gómez,1
3857270,Uruguay,Sergio Rochet Álvarez,José María Giménez de Vargas,4
3857270,Uruguay,Sergio Rochet Álvarez,Matías Vecino Falero,1
3857270,Uruguay,Sergio Rochet Álvarez,Rodrigo Bentancur Colmán,4
3857270,Uruguay,Sergio Rochet Álvarez,Sebastián Coates Nión,1
3857270,Uruguay,Giorgian Daniel De Arrascaeta Benedetti,Darwin Gabriel Núñez Ribeiro,2
3857270,Uruguay,Giorgian Daniel De Arrascaeta Benedetti,Edinson Roberto Cavani Gómez,1
3857270,Uruguay,Giorgian Daniel De Arrascaeta Benedetti,Facundo Pellistri Rebollo,3
3857270,Uruguay,Giorgian Daniel De Arrascaeta Benedetti,Federico Santiago Valverde Dipetta,3
3857270,Uruguay,Giorgian Daniel De Arrascaeta Benedetti,Guillermo Varela Olivera,2
3857270,Uruguay,Giorgian Daniel De Arrascaeta Benedetti,Luis Alberto Suárez Díaz,2
3857270,Uruguay,Giorgian Daniel De Arrascaeta Benedetti,Mathías Olivera Miramontes,1
3857270,Uruguay,Giorgian Daniel De Arrascaeta Benedetti,Matías Nicolás Viña Susperreguy,1
3857270,Uruguay,Giorgian Daniel De Arrascaeta Benedetti,Rodrigo Bentancur Colmán,5
3857270,Uruguay,Maximiliano Gómez González,Federico Santiago Valverde Dipetta,1
3857270,Uruguay,Maximiliano Gómez González,José María Giménez de Vargas,1
3857270,Uruguay,Luis Alberto Suárez Díaz,Federico Santiago Valverde Dipetta,1
3857270,Uruguay,Luis Alberto Suárez Díaz,Giorgian Daniel De Arrascaeta Benedetti,1
3857270,Uruguay,Luis Alberto Suárez Díaz,Mathías Olivera Miramontes,1
3857270,Uruguay,Luis Alberto Suárez Díaz,Maximiliano Gómez González,1
3857270,Uruguay,Luis Alberto Suárez Díaz,Rodrigo Bentancur Colmán,1
3857270,Uruguay,Matías Nicolás Viña Susperreguy,Federico Santiago Valverde Dipetta,1
3857270,Uruguay,Matías Nicolás Viña Susperreguy,Giorgian Daniel De Arrascaeta Benedetti,2
3857270,Uruguay,Matías Nicolás Viña Susperreguy,Sebastián Coates Nión,1
3857271,England,Bukayo Saka,Declan Rice,1
3857271,England,Bukayo Saka,Harry Kane,1
3857271,England,Bukayo Saka,John Stones,6
3857271,England,Bukayo Saka,Jude Bellingham,3
3857271,England,Bukayo Saka,Kieran Trippier,5
3857271,England,Bukayo Saka,Luke Shaw,1
3857271,England,Bukayo Saka,Mason Mount,3
3857271,England,Bukayo Saka,Raheem Sterling,2
3857271,England,Declan Rice,Bukayo Saka,3
3857271,England,Declan Rice,Callum Wilson,1
3857271,England,Declan Rice,Eric Dier,1
3857271,England,Declan Rice,Harry Maguire,4
3857271,England,Declan Rice,Jack Grealish,2
3857271,England,Declan Rice,John Stones,28
3857271,England,Declan Rice,Jordan Pickford,4
3857271,England,Declan Rice,Jude Bellingham,13
3857271,England,Declan Rice,Kieran Trippier,16
3857271,England,Declan Rice,Luke Shaw,8
3857271,England,Declan Rice,Marcus Rashford,4
3857271,England,Declan Rice,Mason Mount,5
3857271,England,Declan Rice,Phil Foden,1
3857271,England,Declan Rice,Raheem Sterling,2
3857271,England,Harry Kane,Bukayo Saka,2
3857271,England,Harry Kane,Declan Rice,2
3857271,England,Harry Kane,Eric Dier,1
3857271,England,Harry Kane,Marcus Rashford,1
3857271,England,Harry Kane,Mason Mount,2
3857271,England,Harry Kane,Raheem Sterling,2
3857271,England,John Stones,Bukayo Saka,6
3857271,England,John Stones,Callum Wilson,1
3857271,England,John Stones,Declan Rice,16
3857271,England,John Stones,Eric Dier,5
3857271,England,John Stones,Harry Kane,1
3857271,England,John Stones,Harry Maguire,19
3857271,England,John Stones,Jordan Pickford,6
3857271,England,John Stones,Jude Bellingham,14
3857271,England,John Stones,Kieran Trippier,19
3857271,England,John Stones,Luke Shaw,17
3857271,England,John Stones,Marcus Rashford,3
3857271,England,John Stones,Mason Mount,5
3857271,England,John Stones,Phil Foden,3
3857271,England,John Stones,Raheem Sterling,2
3857271,England,Jude Bellingham,Bukayo Saka,6
3857271,England,Jude Bellingham,Callum Wilson,1
3857271,England,Jude Bellingham,Declan Rice,13
3857271,England,Jude Bellingham,Eric Dier,5
3857271,England,Jude Bellingham,Harry Kane,1
3857271,England,Jude Bellingham,Harry Maguire,5
3857271,England,Jude Bellingham,Jack Grealish,4
3857271,England,Jude Bellingham,John Stones,9
3857271,England,Jude Bellingham,Jordan Pickford,1
3857271,England,Jude Bellingham,Kieran Trippier,16
3857271,England,Jude Bellingham,Luke Shaw,17
3857271,England,Jude Bellingham,Marcus Rashford,5
3857271,England,Jude Bellingham,Mason Mount,5
3857271,England,Jude Bellingham,Phil Foden,5
3857271,England,Jude Bellingham,Raheem Sterling,1
3857271,England,Kieran Trippier,Bukayo Saka,9
3857271,England,Kieran Trippier,Declan Rice,16
3857271,England,Kieran Trippier,Harry Kane,3
3857271,England,Kieran Trippier,Harry Maguire,4
3857271,England,Kieran Trippier,John Stones,29
3857271,England,Kieran Trippier,Jordan Pickford,3
3857271,England,Kieran Trippier,Jude Bellingham,12
3857271,England,Kieran Trippier,Luke Shaw,1
3857271,England,Kieran Trippier,Marcus Rashford,1
3857271,England,Kieran Trippier,Phil Foden,2
3857271,England,Kieran Trippier,Raheem Sterling,4
3857271,England,Luke Shaw,Declan Rice,11
3857271,England,Luke Shaw,Eric Dier,9
3857271,England,Luke Shaw,Harry Kane,3
3857271,England,Luke Shaw,Harry Maguire,18
3857271,England,Luke Shaw,Jack Grealish,10
3857271,England,Luke Shaw,John Stones,5
3857271,England,Luke Shaw,Jordan Pickford,2
3857271,England,Luke Shaw,Jude Bellingham,16
3857271,England,Luke Shaw,Kieran Trippier,2
3857271,England,Luke Shaw,Marcus Rashford,1
3857271,England,Luke Shaw,Mason Mount,10
3857271,England,Luke Shaw,Phil Foden,3
3857271,England,Luke Shaw,Raheem Sterling,14
3857271,England,Mason Mount,Bukayo Saka,2
3857271,England,Mason Mount,Declan Rice,4
3857271,England,Mason Mount,Harry Kane,2
3857271,England,Mason Mount,Harry Maguire,3
3857271,England,Mason Mount,John Stones,2
3857271,England,Mason Mount,Jordan Pickford,1
3857271,England,Mason Mount,Jude Bellingham,3
3857271,England,Mason Mount,Kieran Trippier,4
3857271,England,Mason Mount,Luke Shaw,9
3857271,England,Mason Mount,Raheem Sterling,2
3857271,England,Raheem Sterling,Bukayo Saka,2
3857271,England,Raheem Sterling,Declan Rice,3
3857271,England,Raheem Sterling,Harry Kane,3
3857271,England,Raheem Sterling,Harry Maguire,4
3857271,England,Raheem Sterling,Jude Bellingham,2
3857271,England,Raheem Sterling,Kieran Trippier,1
3857271,England,Raheem Sterling,Luke Shaw,9
3857271,England,Raheem Sterling,Mason Mount,1
3857271,England,Callum Wilson,Jack Grealish,1
3857271,England,Callum Wilson,Marcus Rashford,1
3857271,England,Callum Wilson,Phil Foden,2
3857271,England,Jack Grealish,John Stones,1
3857271,England,Jack Grealish,Jude Bellingham,9
3857271,England,Jack Grealish,Kieran Trippier,2
3857271,England,Jack Grealish,Luke Shaw,2
3857271,England,Jack Grealish,Marcus Rashford,3
3857271,England,Jack Grealish,Phil Foden,2
3857271,England,Marcus Rashford,Declan Rice,5
3857271,England,Marcus Rashford,Jack Grealish,1
3857271,England,Marcus Rashford,John Stones,1
3857271,England,Marcus Rashford,Jude Bellingham,3
3857271,England,Marcus Rashford,Kieran Trippier,2
3857271,England,Marcus Rashford,Phil Foden,3
3857271,England,Phil Foden,Callum Wilson,1
3857271,England,Phil Foden,Eric Dier,3
3857271,England,Phil Foden,Jack Grealish,2
3857271,England,Phil Foden,Jude Bellingham,3
3857271,England,Phil Foden,Luke Shaw,3
3857271,England,Phil Foden,Marcus Rashford,5
3857271,England,Eric Dier,Declan Rice,6
3857271,England,Eric Dier,Jack Grealish,2
3857271,England,Eric Dier,John Stones,6
3857271,England,Eric Dier,Jordan Pickford,1
3857271,England,Eric Dier,Jude Bellingham,1
3857271,England,Eric Dier,Luke Shaw,12
3857271,England,Eric Dier,Phil Foden,1
3857271,England,Harry Maguire,Bukayo Saka,1
3857271,England,Harry Maguire,Declan Rice,7
3857271,England,Harry Maguire,John Stones,17
3857271,England,Harry Maguire,Jordan Pickford,5
3857271,England,Harry Maguire,Jude Bellingham,5
3857271,England,Harry Maguire,Kieran Trippier,3
3857271,England,Harry Maguire,Luke Shaw,18
3857271,England,Harry Maguire,Mason Mount,4
3857271,England,Harry Maguire,Raheem Sterling,4
3857271,England,Jordan Pickford,Declan Rice,1
3857271,England,Jordan Pickford,Eric Dier,1
3857271,England,Jordan Pickford,Harry Kane,2
3857271,England,Jordan Pickford,John Stones,8
3857271,England,Jordan Pickford,Jude Bellingham,2
3857271,England,Jordan Pickford,Kieran Trippier,4
3857271,Iran,Ahmad Nourollahi,Alireza Jahanbakhsh,1
3857271,Iran,Ahmad Nourollahi,Ehsan Hajsafi,1
3857271,Iran,Ahmad Nourollahi,Mehdi Taremi,3
3857271,Iran,Ahmad Nourollahi,Milad Mohammadi,1
3857271,Iran,Ahmad Nourollahi,Sadegh Moharrami,3
3857271,Iran,Ahmad Nourollahi,Saeid Ezatolahi Afagh,2
3857271,Iran,Ahmad Nourollahi,Seyed Majid Hosseini,1
3857271,Iran,Alireza Jahanbakhsh,Ahmad Nourollahi,1
3857271,Iran,Alireza Jahanbakhsh,Morteza Pouraliganji,1
3857271,Iran,Alireza Jahanbakhsh,Sadegh Moharrami,3
3857271,Iran,Ehsan Hajsafi,Ali Gholizadeh,3
3857271,Iran,Ehsan Hajsafi,Ali Karimi,1
3857271,Iran,Ehsan Hajsafi,Alireza Jahanbakhsh,2
3857271,Iran,Ehsan Hajsafi,Mehdi Taremi,2
3857271,Iran,Ehsan Hajsafi,Mehdi Torabi,2
3857271,Iran,Ehsan Hajsafi,Milad Mohammadi,4
3857271,Iran,Ehsan Hajsafi,Seyed Majid Hosseini,2
3857271,Iran,Mehdi Taremi,Ahmad Nourollahi,1
3857271,Iran,Mehdi Taremi,Ali Gholizadeh,1
3857271,Iran,Mehdi Taremi,Alireza Jahanbakhsh,1
3857271,Iran,Mehdi Taremi,Ehsan Hajsafi,3
3857271,Iran,Mehdi Taremi,Milad Mohammadi,2
3857271,Iran,Mehdi Taremi,Morteza Pouraliganji,2
3857271,Iran,Mehdi Taremi,Roozbeh Cheshmi,1
3857271,Iran,Mehdi Taremi,Sadegh Moharrami,1
3857271,Iran,Mehdi Taremi,Saeid Ezatolahi Afagh,2
3857271,Iran,Mehdi Taremi,Sardar Azmoun,1
3857271,Iran,Mehdi Taremi,Seyed Hossein Hosseini,1
3857271,Iran,Mehdi Taremi,Seyed Majid Hosseini,1
3857271,Iran,Milad Mohammadi,Ahmad Nourollahi,2
3857271,Iran,Milad Mohammadi,Ehsan Hajsafi,4
3857271,Iran,Milad Mohammadi,Mehdi Taremi,2
3857271,Iran,Milad Mohammadi,Seyed Majid Hosseini,1
3857271,Iran,Sadegh Moharrami,Ahmad Nourollahi,5
3857271,Iran,Sadegh Moharrami,Ali Gholizadeh,3
3857271,Iran,Sadegh Moharrami,Alireza Jahanbakhsh,1
3857271,Iran,Sadegh Moharrami,Mehdi Taremi,4
3857271,Iran,Sadegh Moharrami,Mohammad Hossein Kanani Zadegan,1
3857271,Iran,Sadegh Moharrami,Morteza Pouraliganji,4
3857271,Iran,Sadegh Moharrami,Sardar Azmoun,1
3857271,Iran,Saeid Ezatolahi Afagh,Ahmad Nourollahi,1
3857271,Iran,Saeid Ezatolahi Afagh,Ali Gholizadeh,1
3857271,Iran,Saeid Ezatolahi Afagh,Mehdi Taremi,1
3857271,Iran,Saeid Ezatolahi Afagh,Mohammad Hossein Kanani Zadegan,2
3857271,Iran,Saeid Ezatolahi Afagh,Morteza Pouraliganji,3
3857271,Iran,Saeid Ezatolahi Afagh,Sadegh Moharrami,1
3857271,Iran,Seyed Majid Hosseini,Ehsan Hajsafi,2
3857271,Iran,Seyed Majid Hosseini,Mehdi Taremi,1
3857271,Iran,Seyed Majid Hosseini,Milad Mohammadi,1
3857271,Iran,Seyed Majid Hosseini,Morteza Pouraliganji,2
3857271,Iran,Seyed Majid Hosseini,Roozbeh Cheshmi,1
3857271,Iran,Seyed Majid Hosseini,Sadegh Moharrami,1
3857271,Iran,Seyed Majid Hosseini,Saeid Ezatolahi Afagh,2
3857271,Iran,Seyed Majid Hosseini,Seyed Hossein Hosseini,2
3857271,Iran,Ali Gholizadeh,Ehsan Hajsafi,3
3857271,Iran,Ali Gholizadeh,Mehdi Taremi,3
3857271,Iran,Ali Gholizadeh,Mehdi Torabi,3
3857271,Iran,Ali Gholizadeh,Sardar Azmoun,1
3857271,Iran,Mehdi Torabi,Ali Gholizadeh,3
3857271,Iran,Mehdi Torabi,Mohammad Hossein Kanani Zadegan,1
3857271,Iran,Mehdi Torabi,Sadegh Moharrami,1
3857271,Iran,Mehdi Torabi,Saeid Ezatolahi Afagh,2
3857271,Iran,Mehdi Torabi,Sardar Azmoun,1
3857271,Iran,Mehdi Torabi,Seyed Majid Hosseini,1
3857271,Iran,Sardar Azmoun,Ali Gholizadeh,1
3857271,Iran,Sardar Azmoun,Mehdi Torabi,1
3857271,Iran,Sardar Azmoun,Sadegh Moharrami,2
3857271,Iran,Ali Karimi,Ahmad Nourollahi,1
3857271,Iran,Ali Karimi,Ehsan Hajsafi,1
3857271,Iran,Ali Karimi,Seyed Majid Hosseini,1
3857271,Iran,Morteza Pouraliganji,Ali Karimi,1
3857271,Iran,Morteza Pouraliganji,Alireza Jahanbakhsh,1
3857271,Iran,Morteza Pouraliganji,Ehsan Hajsafi,2
3857271,Iran,Morteza Pouraliganji,Mehdi Taremi,3
3857271,Iran,Morteza Pouraliganji,Mehdi Torabi,1
3857271,Iran,Morteza Pouraliganji,Mohammad Hossein Kanani Zadegan,2
3857271,Iran,Morteza Pouraliganji,Roozbeh Cheshmi,2
3857271,Iran,Morteza Pouraliganji,Seyed Hossein Hosseini,4
3857271,Iran,Morteza Pouraliganji,Seyed Majid Hosseini,2
3857271,Iran,Roozbeh Cheshmi,Ali Karimi,1
3857271,Iran,Roozbeh Cheshmi,Alireza Safar Beiranvand,1
3857271,Iran,Roozbeh Cheshmi,Morteza Pouraliganji,1
3857271,Iran,Roozbeh Cheshmi,Seyed Majid Hosseini,2
3857271,Iran,Seyed Hossein Hosseini,Ehsan Hajsafi,2
3857271,Iran,Seyed Hossein Hosseini,Mehdi Torabi,1
3857271,Iran,Seyed Hossein Hosseini,Mohammad Hossein Kanani Zadegan,1
3857271,Iran,Seyed Hossein Hosseini,Morteza Pouraliganji,2
3857271,Iran,Seyed Hossein Hosseini,Sadegh Moharrami,1
3857271,Iran,Mohammad Hossein Kanani Zadegan,Ahmad Nourollahi,2
3857271,Iran,Mohammad Hossein Kanani Zadegan,Ali Gholizadeh,1
3857271,Iran,Mohammad Hossein Kanani Zadegan,Ehsan Hajsafi,1
3857271,Iran,Mohammad Hossein Kanani Zadegan,Mehdi Taremi,1
3857271,Iran,Mohammad Hossein Kanani Zadegan,Morteza Pouraliganji,1
3857271,Iran,Mohammad Hossein Kanani Zadegan,Sadegh Moharrami,1
3857271,Iran,Mohammad Hossein Kanani Zadegan,Seyed Hossein Hosseini,1
3857272,England,Bukayo Saka,Declan Rice,1
3857272,England,Bukayo Saka,Harry Kane,3
3857272,England,Bukayo Saka,Jude Bellingham,4
3857272,England,Bukayo Saka,Kieran Trippier,8
3857272,England,Bukayo Saka,Luke Shaw,3
3857272,England,Bukayo Saka,Raheem Sterling,1
3857272,England,Declan Rice,Bukayo Saka,1
3857272,England,Declan Rice,Harry Kane,2
3857272,England,Declan Rice,Harry Maguire,6
3857272,England,Declan Rice,Jack Grealish,4
3857272,England,Declan Rice,John Stones,16
3857272,England,Declan Rice,Jude Bellingham,2
3857272,England,Declan Rice,Kieran Trippier,10
3857272,England,Declan Rice,Luke Shaw,10
3857272,England,Declan Rice,Mason Mount,4
3857272,England,Declan Rice,Raheem Sterling,1
3857272,England,Harry Kane,Bukayo Saka,5
3857272,England,Harry Kane,Declan Rice,1
3857272,England,Harry Kane,John Stones,2
3857272,England,Harry Kane,Jude Bellingham,1
3857272,England,Harry Kane,Kieran Trippier,2
3857272,England,Harry Kane,Luke Shaw,1
3857272,England,Harry Kane,Marcus Rashford,1
3857272,England,Harry Kane,Mason Mount,3
3857272,England,Jude Bellingham,Bukayo Saka,3
3857272,England,Jude Bellingham,Declan Rice,4
3857272,England,Jude Bellingham,Harry Maguire,5
3857272,England,Jude Bellingham,John Stones,4
3857272,England,Jude Bellingham,Jordan Pickford,2
3857272,England,Jude Bellingham,Kieran Trippier,7
3857272,England,Jude Bellingham,Luke Shaw,4
3857272,England,Jude Bellingham,Mason Mount,1
3857272,England,Jude Bellingham,Raheem Sterling,3
3857272,England,Kieran Trippier,Bukayo Saka,6
3857272,England,Kieran Trippier,Declan Rice,11
3857272,England,Kieran Trippier,Harry Kane,5
3857272,England,Kieran Trippier,Harry Maguire,6
3857272,England,Kieran Trippier,John Stones,15
3857272,England,Kieran Trippier,Jordan Brian Henderson,3
3857272,England,Kieran Trippier,Jordan Pickford,4
3857272,England,Kieran Trippier,Jude Bellingham,8
3857272,England,Kieran Trippier,Mason Mount,5
3857272,England,Kieran Trippier,Raheem Sterling,1
3857272,England,Luke Shaw,Bukayo Saka,1
3857272,England,Luke Shaw,Declan Rice,7
3857272,England,Luke Shaw,Harry Kane,5
3857272,England,Luke Shaw,Harry Maguire,19
3857272,England,Luke Shaw,Jack Grealish,5
3857272,England,Luke Shaw,Jordan Brian Henderson,2
3857272,England,Luke Shaw,Jordan Pickford,4
3857272,England,Luke Shaw,Jude Bellingham,1
3857272,England,Luke Shaw,Kieran Trippier,2
3857272,England,Luke Shaw,Mason Mount,11
3857272,England,Luke Shaw,Raheem Sterling,12
3857272,England,Raheem Sterling,Bukayo Saka,2
3857272,England,Raheem Sterling,Harry Kane,2
3857272,England,Raheem Sterling,Harry Maguire,1
3857272,England,Raheem Sterling,John Stones,2
3857272,England,Raheem Sterling,Jude Bellingham,1
3857272,England,Raheem Sterling,Luke Shaw,8
3857272,England,Raheem Sterling,Mason Mount,2
3857272,England,Harry Maguire,Bukayo Saka,1
3857272,England,Harry Maguire,Declan Rice,5
3857272,England,Harry Maguire,Harry Kane,3
3857272,England,Harry Maguire,Jack Grealish,1
3857272,England,Harry Maguire,John Stones,35
3857272,England,Harry Maguire,Jordan Brian Henderson,1
3857272,England,Harry Maguire,Jordan Pickford,2
3857272,England,Harry Maguire,Jude Bellingham,3
3857272,England,Harry Maguire,Kieran Trippier,1
3857272,England,Harry Maguire,Luke Shaw,14
3857272,England,Harry Maguire,Mason Mount,3
3857272,England,Harry Maguire,Raheem Sterling,1
3857272,England,Jack Grealish,Harry Kane,2
3857272,England,Jack Grealish,Harry Maguire,2
3857272,England,Jack Grealish,Jordan Pickford,1
3857272,England,Jack Grealish,Luke Shaw,1
3857272,England,Jack Grealish,Marcus Rashford,1
3857272,England,Jack Grealish,Mason Mount,2
3857272,England,John Stones,Bukayo Saka,5
3857272,England,John Stones,Declan Rice,10
3857272,England,John Stones,Harry Kane,2
3857272,England,John Stones,Harry Maguire,21
3857272,England,John Stones,Jordan Brian Henderson,4
3857272,England,John Stones,Jordan Pickford,3
3857272,England,John Stones,Jude Bellingham,13
3857272,England,John Stones,Kieran Trippier,15
3857272,England,John Stones,Luke Shaw,10
3857272,England,John Stones,Mason Mount,3
3857272,England,Mason Mount,Bukayo Saka,2
3857272,England,Mason Mount,Declan Rice,4
3857272,England,Mason Mount,Harry Kane,3
3857272,England,Mason Mount,Harry Maguire,1
3857272,England,Mason Mount,Jack Grealish,3
3857272,England,Mason Mount,John Stones,2
3857272,England,Mason Mount,Jude Bellingham,2
3857272,England,Mason Mount,Kieran Trippier,3
3857272,England,Mason Mount,Luke Shaw,5
3857272,England,Mason Mount,Raheem Sterling,2
3857272,England,Marcus Rashford,Jack Grealish,1
3857272,England,Marcus Rashford,Jordan Brian Henderson,1
3857272,England,Jordan Brian Henderson,Bukayo Saka,1
3857272,England,Jordan Brian Henderson,Declan Rice,4
3857272,England,Jordan Brian Henderson,Harry Maguire,1
3857272,England,Jordan Brian Henderson,Kieran Trippier,1
3857272,England,Jordan Brian Henderson,Luke Shaw,1
3857272,England,Jordan Brian Henderson,Marcus Rashford,1
3857272,England,Jordan Pickford,Harry Kane,2
3857272,England,Jordan Pickford,Harry Maguire,2
3857272,England,Jordan Pickford,John Stones,9
3857272,England,Jordan Pickford,Jude Bellingham,1
3857272,England,Jordan Pickford,Kieran Trippier,2
3857272,England,Jordan Pickford,Luke Shaw,5
3857272,United States,Antonee Robinson,Christian Pulisic,13
3857272,United States,Antonee Robinson,Haji Wright,1
3857272,United States,Antonee Robinson,Shaquell Moore,1
3857272,United States,Antonee Robinson,Tim Ream,6
3857272,United States,Antonee Robinson,Tyler Adams,6
3857272,United States,Antonee Robinson,Walker Zimmerman,1
3857272,United States,Antonee Robinson,Weston McKennie,2
3857272,United States,Antonee Robinson,Yunus Dimoara Musah,3
3857272,United States,Christian Pulisic,Antonee Robinson,5
3857272,United States,Christian Pulisic,Brenden Aaronson,1
3857272,United States,Christian Pulisic,Giovanni Reyna,1
3857272,United States,Christian Pulisic,Haji Wright,2
3857272,United States,Christian Pulisic,Shaquell Moore,1
3857272,United States,Christian Pulisic,Timothy Weah,2
3857272,United States,Christian Pulisic,Tyler Adams,2
3857272,United States,Christian Pulisic,Walker Zimmerman,1
3857272,United States,Christian Pulisic,Weston McKennie,2
3857272,United States,Christian Pulisic,Yunus Dimoara Musah,6
3857272,United States,Haji Wright,Sergino Dest,1
3857272,United States,Haji Wright,Timothy Weah,1
3857272,United States,Haji Wright,Tyler Adams,1
3857272,United States,Haji Wright,Weston McKennie,1
3857272,United States,Haji Wright,Yunus Dimoara Musah,3
3857272,United States,Shaquell Moore,Brenden Aaronson,2
3857272,United States,Shaquell Moore,Giovanni Reyna,2
3857272,United States,Shaquell Moore,Matthew Charles Turner,1
3857272,United States,Shaquell Moore,Timothy Weah,4
3857272,United States,Shaquell Moore,Walker Zimmerman,3
3857272,United States,Tim Ream,Antonee Robinson,10
3857272,United States,Tim Ream,Christian Pulisic,4
3857272,United States,Tim Ream,Matthew Charles Turner,3
3857272,United States,Tim Ream,Tyler Adams,3
3857272,United States,Tim Ream,Walker Zimmerman,23
3857272,United States,Tim Ream,Weston McKennie,1
3857272,United States,Tim Ream,Yunus Dimoara Musah,3
3857272,United States,Tyler Adams,Antonee Robinson,5
3857272,United States,Tyler Adams,Brenden Aaronson,4
3857272,United States,Tyler Adams,Christian Pulisic,4
3857272,United States,Tyler Adams,Haji Wright,2
3857272,United States,Tyler Adams,Matthew Charles Turner,1
3857272,United States,Tyler Adams,Sergino Dest,4
3857272,United States,Tyler Adams,Shaquell Moore,1
3857272,United States,Tyler Adams,Tim Ream,6
3857272,United States,Tyler Adams,Timothy Weah,2
3857272,United States,Tyler Adams,Walker Zimmerman,5
3857272,United States,Tyler Adams,Weston McKennie,2
3857272,United States,Tyler Adams,Yunus Dimoara Musah,5
3857272,United States,Walker Zimmerman,Brenden Aaronson,2
3857272,United States,Walker Zimmerman,Joshua Sargent,1
3857272,United States,Walker Zimmerman,Matthew Charles Turner,13
3857272,United States,Walker Zimmerman,Sergino Dest,15
3857272,United States,Walker Zimmerman,Shaquell Moore,4
3857272,United States,Walker Zimmerman,Tim Ream,16
3857272,United States,Walker Zimmerman,Timothy Weah,1
3857272,United States,Walker Zimmerman,Tyler Adams,6
3857272,United States,Walker Zimmerman,Weston McKennie,1
3857272,United States,Walker Zimmerman,Yunus Dimoara Musah,3
3857272,United States,Weston McKennie,Antonee Robinson,1
3857272,United States,Weston McKennie,Christian Pulisic,3
3857272,United States,Weston McKennie,Haji Wright,4
3857272,United States,Weston McKennie,Sergino Dest,2
3857272,United States,Weston McKennie,Tim Ream,1
3857272,United States,Weston McKennie,Timothy Weah,9
3857272,United States,Weston McKennie,Tyler Adams,5
3857272,United States,Weston McKennie,Yunus Dimoara Musah,4
3857272,United States,Yunus Dimoara Musah,Antonee Robinson,6
3857272,United States,Yunus Dimoara Musah,Christian Pulisic,7
3857272,United States,Yunus Dimoara Musah,Joshua Sargent,1
3857272,United States,Yunus Dimoara Musah,Matthew Charles Turner,1
3857272,United States,Yunus Dimoara Musah,Sergino Dest,4
3857272,United States,Yunus Dimoara Musah,Tim Ream,4
3857272,United States,Yunus Dimoara Musah,Tyler Adams,1
3857272,United States,Yunus Dimoara Musah,Walker Zimmerman,3
3857272,United States,Yunus Dimoara Musah,Weston McKennie,3
3857272,United States,Brenden Aaronson,Giovanni Reyna,1
3857272,United States,Brenden Aaronson,Shaquell Moore,2
3857272,United States,Brenden Aaronson,Tim Ream,1
3857272,United States,Brenden Aaronson,Tyler Adams,2
3857272,United States,Brenden Aaronson,Walker Zimmerman,2
3857272,United States,Brenden Aaronson,Yunus Dimoara Musah,1
3857272,United States,Giovanni Reyna,Walker Zimmerman,2
3857272,United States,Timothy Weah,Antonee Robinson,1
3857272,United States,Timothy Weah,Haji Wright,1
3857272,United States,Timothy Weah,Sergino Dest,5
3857272,United States,Timothy Weah,Shaquell Moore,2
3857272,United States,Timothy Weah,Tyler Adams,2
3857272,United States,Timothy Weah,Walker Zimmerman,1
3857272,United States,Timothy Weah,Weston McKennie,5
3857272,United States,Timothy Weah,Yunus Dimoara Musah,2
3857272,United States,Sergino Dest,Christian Pulisic,2
3857272,United States,Sergino Dest,Matthew Charles Turner,3
3857272,United States,Sergino Dest,Tim Ream,1
3857272,United States,Sergino Dest,Timothy Weah,4
3857272,United States,Sergino Dest,Tyler Adams,3
3857272,United States,Sergino Dest,Walker Zimmerman,9
3857272,United States,Sergino Dest,Weston McKennie,8
3857272,United States,Sergino Dest,Yunus Dimoara Musah,3
3857272,United States,Joshua Sargent,Christian Pulisic,1
3857272,United States,Matthew Charles Turner,Antonee Robinson,4
3857272,United States,Matthew Charles Turner,Haji Wright,1
3857272,United States,Matthew Charles Turner,Sergino Dest,1
3857272,United States,Matthew Charles Turner,Shaquell Moore,1
3857272,United States,Matthew Charles Turner,Tim Ream,10
3857272,United States,Matthew Charles Turner,Tyler Adams,2
3857272,United States,Matthew Charles Turner,Walker Zimmerman,7
3857272,United States,Matthew Charles Turner,Weston McKennie,3
3857273,Iran,Ahmad Nourollahi,Ali Gholizadeh,1
3857273,Iran,Ahmad Nourollahi,Mehdi Taremi,1
3857273,Iran,Ahmad Nourollahi,Milad Mohammadi,2
3857273,Iran,Ahmad Nourollahi,Ramin Rezaeian,4
3857273,Iran,Ahmad Nourollahi,Saeid Ezatolahi Afagh,2
3857273,Iran,Ahmad Nourollahi,Sardar Azmoun,1
3857273,Iran,Ahmad Nourollahi,Seyed Majid Hosseini,2
3857273,Iran,Ali Gholizadeh,Ahmad Nourollahi,2
3857273,Iran,Ali Gholizadeh,Ehsan Hajsafi,1
3857273,Iran,Ali Gholizadeh,Mehdi Taremi,3
3857273,Iran,Ali Gholizadeh,Ramin Rezaeian,11
3857273,Iran,Ali Gholizadeh,Saeid Ezatolahi Afagh,1
3857273,Iran,Ali Gholizadeh,Sardar Azmoun,3
3857273,Iran,Mehdi Taremi,Ali Gholizadeh,2
3857273,Iran,Mehdi Taremi,Alireza Jahanbakhsh,2
3857273,Iran,Mehdi Taremi,Ehsan Hajsafi,3
3857273,Iran,Mehdi Taremi,Karim Ansarifard,1
3857273,Iran,Mehdi Taremi,Mehdi Torabi,1
3857273,Iran,Mehdi Taremi,Ramin Rezaeian,3
3857273,Iran,Mehdi Taremi,Saeid Ezatolahi Afagh,2
3857273,Iran,Mehdi Taremi,Sardar Azmoun,2
3857273,Iran,Mehdi Taremi,Seyed Majid Hosseini,1
3857273,Iran,Milad Mohammadi,Ahmad Nourollahi,1
3857273,Iran,Milad Mohammadi,Ali Gholizadeh,1
3857273,Iran,Milad Mohammadi,Ali Karimi,2
3857273,Iran,Milad Mohammadi,Ehsan Hajsafi,7
3857273,Iran,Milad Mohammadi,Mehdi Taremi,2
3857273,Iran,Milad Mohammadi,Mehdi Torabi,4
3857273,Iran,Milad Mohammadi,Morteza Pouraliganji,1
3857273,Iran,Milad Mohammadi,Ramin Rezaeian,1
3857273,Iran,Milad Mohammadi,Saeid Ezatolahi Afagh,2
3857273,Iran,Milad Mohammadi,Sardar Azmoun,1
3857273,Iran,Milad Mohammadi,Seyed Hossein Hosseini,1
3857273,Iran,Ramin Rezaeian,Ahmad Nourollahi,5
3857273,Iran,Ramin Rezaeian,Ali Gholizadeh,10
3857273,Iran,Ramin Rezaeian,Ali Karimi,1
3857273,Iran,Ramin Rezaeian,Alireza Jahanbakhsh,2
3857273,Iran,Ramin Rezaeian,Ehsan Hajsafi,1
3857273,Iran,Ramin Rezaeian,Karim Ansarifard,1
3857273,Iran,Ramin Rezaeian,Mehdi Taremi,2
3857273,Iran,Ramin Rezaeian,Mehdi Torabi,1
3857273,Iran,Ramin Rezaeian,Saeid Ezatolahi Afagh,4
3857273,Iran,Ramin Rezaeian,Sardar Azmoun,3
3857273,Iran,Ramin Rezaeian,Seyed Majid Hosseini,2
3857273,Iran,Saeid Ezatolahi Afagh,Ahmad Nourollahi,2
3857273,Iran,Saeid Ezatolahi Afagh,Ali Gholizadeh,2
3857273,Iran,Saeid Ezatolahi Afagh,Ehsan Hajsafi,4
3857273,Iran,Saeid Ezatolahi Afagh,Mehdi Taremi,4
3857273,Iran,Saeid Ezatolahi Afagh,Milad Mohammadi,1
3857273,Iran,Saeid Ezatolahi Afagh,Morteza Pouraliganji,1
3857273,Iran,Saeid Ezatolahi Afagh,Sardar Azmoun,1
3857273,Iran,Saeid Ezatolahi Afagh,Seyed Majid Hosseini,3
3857273,Iran,Sardar Azmoun,Ali Gholizadeh,5
3857273,Iran,Sardar Azmoun,Ehsan Hajsafi,1
3857273,Iran,Sardar Azmoun,Mehdi Taremi,2
3857273,Iran,Seyed Majid Hosseini,Ahmad Nourollahi,2
3857273,Iran,Seyed Majid Hosseini,Ali Karimi,1
3857273,Iran,Seyed Majid Hosseini,Ehsan Hajsafi,2
3857273,Iran,Seyed Majid Hosseini,Mehdi Taremi,1
3857273,Iran,Seyed Majid Hosseini,Milad Mohammadi,2
3857273,Iran,Seyed Majid Hosseini,Morteza Pouraliganji,3
3857273,Iran,Seyed Majid Hosseini,Ramin Rezaeian,8
3857273,Iran,Seyed Majid Hosseini,Saeid Ezatolahi Afagh,2
3857273,Iran,Seyed Majid Hosseini,Seyed Hossein Hosseini,3
3857273,Iran,Ehsan Hajsafi,Ahmad Nourollahi,1
3857273,Iran,Ehsan Hajsafi,Ali Gholizadeh,3
3857273,Iran,Ehsan Hajsafi,Karim Ansarifard,1
3857273,Iran,Ehsan Hajsafi,Mehdi Taremi,4
3857273,Iran,Ehsan Hajsafi,Milad Mohammadi,6
3857273,Iran,Ehsan Hajsafi,Morteza Pouraliganji,3
3857273,Iran,Ehsan Hajsafi,Ramin Rezaeian,1
3857273,Iran,Ehsan Hajsafi,Sardar Azmoun,2
3857273,Iran,Ali Karimi,Mehdi Taremi,2
3857273,Iran,Ali Karimi,Milad Mohammadi,1
3857273,Iran,Alireza Jahanbakhsh,Ali Karimi,1
3857273,Iran,Alireza Jahanbakhsh,Karim Ansarifard,1
3857273,Iran,Alireza Jahanbakhsh,Mehdi Taremi,2
3857273,Iran,Alireza Jahanbakhsh,Mehdi Torabi,1
3857273,Iran,Alireza Jahanbakhsh,Ramin Rezaeian,1
3857273,Iran,Karim Ansarifard,Ali Gholizadeh,1
3857273,Iran,Karim Ansarifard,Ali Karimi,1
3857273,Iran,Karim Ansarifard,Mehdi Torabi,1
3857273,Iran,Mehdi Torabi,Alireza Jahanbakhsh,3
3857273,Iran,Mehdi Torabi,Mehdi Taremi,2
3857273,Iran,Mehdi Torabi,Milad Mohammadi,1
3857273,Iran,Morteza Pouraliganji,Ahmad Nourollahi,1
3857273,Iran,Morteza Pouraliganji,Alireza Jahanbakhsh,1
3857273,Iran,Morteza Pouraliganji,Ehsan Hajsafi,2
3857273,Iran,Morteza Pouraliganji,Mehdi Taremi,2
3857273,Iran,Morteza Pouraliganji,Mehdi Torabi,1
3857273,Iran,Morteza Pouraliganji,Milad Mohammadi,2
3857273,Iran,Morteza Pouraliganji,Saeid Ezatolahi Afagh,1
3857273,Iran,Morteza Pouraliganji,Seyed Hossein Hosseini,4
3857273,Iran,Morteza Pouraliganji,Seyed Majid Hosseini,1
3857273,Iran,Seyed Hossein Hosseini,Mehdi Torabi,2
3857273,Iran,Seyed Hossein Hosseini,Morteza Pouraliganji,4
3857273,Iran,Seyed Hossein Hosseini,Ramin Rezaeian,3
3857273,Iran,Seyed Hossein Hosseini,Saeid Ezatolahi Afagh,1
3857273,Iran,Seyed Hossein Hosseini,Sardar Azmoun,4
3857273,Iran,Seyed Hossein Hosseini,Seyed Majid Hosseini,1
3857273,Iran,Roozbeh Cheshmi,Mehdi Taremi,2
3857273,Wales,Aaron Ramsey,Ben Davies,2
3857273,Wales,Aaron Ramsey,Chris Mepham,4
3857273,Wales,Aaron Ramsey,Connor Roberts,7
3857273,Wales,Aaron Ramsey,Daniel James,2
3857273,Wales,Aaron Ramsey,Ethan Ampadu,6
3857273,Wales,Aaron Ramsey,Gareth Frank Bale,2
3857273,Wales,Aaron Ramsey,Harry Wilson,1
3857273,Wales,Aaron Ramsey,Joe Rodon,6
3857273,Wales,Aaron Ramsey,Kieffer Roberto Francisco Moore,2
3857273,Wales,Aaron Ramsey,Neco Williams,5
3857273,Wales,Aaron Ramsey,Wayne Hennessey,1
3857273,Wales,Ben Davies,Aaron Ramsey,5
3857273,Wales,Ben Davies,Brennan Johnson,1
3857273,Wales,Ben Davies,Chris Mepham,2
3857273,Wales,Ben Davies,Connor Roberts,2
3857273,Wales,Ben Davies,Daniel James,3
3857273,Wales,Ben Davies,Ethan Ampadu,12
3857273,Wales,Ben Davies,Gareth Frank Bale,3
3857273,Wales,Ben Davies,Harry Wilson,3
3857273,Wales,Ben Davies,Joe Allen,2
3857273,Wales,Ben Davies,Joe Rodon,17
3857273,Wales,Ben Davies,Kieffer Roberto Francisco Moore,7
3857273,Wales,Ben Davies,Neco Williams,8
3857273,Wales,Chris Mepham,Aaron Ramsey,5
3857273,Wales,Chris Mepham,Ben Davies,3
3857273,Wales,Chris Mepham,Brennan Johnson,1
3857273,Wales,Chris Mepham,Connor Roberts,6
3857273,Wales,Chris Mepham,Ethan Ampadu,6
3857273,Wales,Chris Mepham,Gareth Frank Bale,5
3857273,Wales,Chris Mepham,Harry Wilson,2
3857273,Wales,Chris Mepham,Joe Rodon,9
3857273,Wales,Chris Mepham,Kieffer Roberto Francisco Moore,2
3857273,Wales,Chris Mepham,Neco Williams,5
3857273,Wales,Chris Mepham,Wayne Hennessey,5
3857273,Wales,Connor Roberts,Aaron Ramsey,6
3857273,Wales,Connor Roberts,Ben Davies,1
3857273,Wales,Connor Roberts,Chris Mepham,5
3857273,Wales,Connor Roberts,Ethan Ampadu,4
3857273,Wales,Connor Roberts,Gareth Frank Bale,4
3857273,Wales,Connor Roberts,Harry Wilson,3
3857273,Wales,Connor Roberts,Kieffer Roberto Francisco Moore,4
3857273,Wales,Daniel James,Aaron Ramsey,3
3857273,Wales,Daniel James,Gareth Frank Bale,2
3857273,Wales,Daniel James,Kieffer Roberto Francisco Moore,1
3857273,Wales,Ethan Ampadu,Aaron Ramsey,8
3857273,Wales,Ethan Ampadu,Ben Davies,11
3857273,Wales,Ethan Ampadu,Brennan Johnson,2
3857273,Wales,Ethan Ampadu,Chris Mepham,9
3857273,Wales,Ethan Ampadu,Connor Roberts,4
3857273,Wales,Ethan Ampadu,Gareth Frank Bale,4
3857273,Wales,Ethan Ampadu,Harry Wilson,6
3857273,Wales,Ethan Ampadu,Joe Rodon,5
3857273,Wales,Ethan Ampadu,Kieffer Roberto Francisco Moore,4
3857273,Wales,Ethan Ampadu,Neco Williams,1
3857273,Wales,Gareth Frank Bale,Aaron Ramsey,4
3857273,Wales,Gareth Frank Bale,Brennan Johnson,2
3857273,Wales,Gareth Frank Bale,Connor Roberts,3
3857273,Wales,Gareth Frank Bale,Daniel James,3
3857273,Wales,Gareth Frank Bale,Ethan Ampadu,1
3857273,Wales,Gareth Frank Bale,Kieffer Roberto Francisco Moore,3
3857273,Wales,Gareth Frank Bale,Neco Williams,3
3857273,Wales,Harry Wilson,Ben Davies,3
3857273,Wales,Harry Wilson,Chris Mepham,2
3857273,Wales,Harry Wilson,Connor Roberts,4
3857273,Wales,Harry Wilson,Ethan Ampadu,3
3857273,Wales,Harry Wilson,Neco Williams,7
3857273,Wales,Joe Rodon,Aaron Ramsey,6
3857273,Wales,Joe Rodon,Ben Davies,18
3857273,Wales,Joe Rodon,Chris Mepham,13
3857273,Wales,Joe Rodon,Daniel James,2
3857273,Wales,Joe Rodon,Daniel Ward,2
3857273,Wales,Joe Rodon,Ethan Ampadu,3
3857273,Wales,Joe Rodon,Harry Wilson,2
3857273,Wales,Joe Rodon,Neco Williams,2
3857273,Wales,Joe Rodon,Wayne Hennessey,6
3857273,Wales,Kieffer Roberto Francisco Moore,Ben Davies,3
3857273,Wales,Kieffer Roberto Francisco Moore,Chris Mepham,1
3857273,Wales,Kieffer Roberto Francisco Moore,Connor Roberts,3
3857273,Wales,Kieffer Roberto Francisco Moore,Daniel James,3
3857273,Wales,Kieffer Roberto Francisco Moore,Ethan Ampadu,2
3857273,Wales,Kieffer Roberto Francisco Moore,Gareth Frank Bale,1
3857273,Wales,Kieffer Roberto Francisco Moore,Harry Wilson,2
3857273,Wales,Kieffer Roberto Francisco Moore,Neco Williams,2
3857273,Wales,Neco Williams,Aaron Ramsey,7
3857273,Wales,Neco Williams,Ben Davies,5
3857273,Wales,Neco Williams,Brennan Johnson,4
3857273,Wales,Neco Williams,Chris Mepham,6
3857273,Wales,Neco Williams,Ethan Ampadu,9
3857273,Wales,Neco Williams,Gareth Frank Bale,5
3857273,Wales,Neco Williams,Harry Wilson,4
3857273,Wales,Neco Williams,Joe Rodon,1
3857273,Wales,Neco Williams,Kieffer Roberto Francisco Moore,1
3857273,Wales,Wayne Hennessey,Aaron Ramsey,3
3857273,Wales,Wayne Hennessey,Ben Davies,10
3857273,Wales,Wayne Hennessey,Chris Mepham,2
3857273,Wales,Wayne Hennessey,Connor Roberts,1
3857273,Wales,Wayne Hennessey,Ethan Ampadu,7
3857273,Wales,Wayne Hennessey,Joe Rodon,4
3857273,Wales,Wayne Hennessey,Kieffer Roberto Francisco Moore,1
3857273,Wales,Wayne Hennessey,Neco Williams,2
3857273,Wales,Brennan Johnson,Aaron Ramsey,1
3857273,Wales,Brennan Johnson,Chris Mepham,2
3857273,Wales,Brennan Johnson,Gareth Frank Bale,1
3857273,Wales,Brennan Johnson,Joe Allen,1
3857273,Wales,Brennan Johnson,Kieffer Roberto Francisco Moore,1
3857273,Wales,Brennan Johnson,Neco Williams,1
3857273,Wales,Joe Allen,Ben Davies,2
3857273,Wales,Joe Allen,Chris Mepham,1
3857273,Wales,Joe Allen,Daniel Ward,1
3857273,Wales,Joe Allen,Joe Rodon,1
3857273,Wales,Joe Allen,Neco Williams,2
3857273,Wales,Daniel Ward,Kieffer Roberto Francisco Moore,4
3857274,Ecuador,Angelo Smit Preciado Quiñónez,Enner Remberto Valencia Lastra,4
3857274,Ecuador,Angelo Smit Preciado Quiñónez,Gonzalo Jordy Plata Jiménez,5
3857274,Ecuador,Angelo Smit Preciado Quiñónez,Jackson Gabriel Porozo Vernaza,3
3857274,Ecuador,Angelo Smit Preciado Quiñónez,Jeremy Leonel Sarmiento Morante,2
3857274,Ecuador,Angelo Smit Preciado Quiñónez,Jhegson Sebastián Méndez Carabalí,5
3857274,Ecuador,Angelo Smit Preciado Quiñónez,Michael Steveen Estrada Martínez,1
3857274,Ecuador,Angelo Smit Preciado Quiñónez,Moisés Isaac Caicedo Corozo,4
3857274,Ecuador,Angelo Smit Preciado Quiñónez,Pervis Josué Estupiñán Tenorio,1
3857274,Ecuador,Angelo Smit Preciado Quiñónez,Romario Andrés Ibarra Mina,1
3857274,Ecuador,Enner Remberto Valencia Lastra,Angelo Smit Preciado Quiñónez,1
3857274,Ecuador,Enner Remberto Valencia Lastra,Felix Eduardo Torres Caicedo,1
3857274,Ecuador,Enner Remberto Valencia Lastra,Gonzalo Jordy Plata Jiménez,1
3857274,Ecuador,Enner Remberto Valencia Lastra,Jackson Gabriel Porozo Vernaza,1
3857274,Ecuador,Enner Remberto Valencia Lastra,Jhegson Sebastián Méndez Carabalí,2
3857274,Ecuador,Enner Remberto Valencia Lastra,Michael Steveen Estrada Martínez,2
3857274,Ecuador,Enner Remberto Valencia Lastra,Moisés Isaac Caicedo Corozo,5
3857274,Ecuador,Enner Remberto Valencia Lastra,Pervis Josué Estupiñán Tenorio,2
3857274,Ecuador,Enner Remberto Valencia Lastra,Piero Martín Hincapié Reyna,2
3857274,Ecuador,Gonzalo Jordy Plata Jiménez,Angelo Smit Preciado Quiñónez,5
3857274,Ecuador,Gonzalo Jordy Plata Jiménez,Enner Remberto Valencia Lastra,3
3857274,Ecuador,Gonzalo Jordy Plata Jiménez,Jackson Gabriel Porozo Vernaza,2
3857274,Ecuador,Gonzalo Jordy Plata Jiménez,Jeremy Leonel Sarmiento Morante,1
3857274,Ecuador,Gonzalo Jordy Plata Jiménez,Jhegson Sebastián Méndez Carabalí,3
3857274,Ecuador,Gonzalo Jordy Plata Jiménez,Michael Steveen Estrada Martínez,3
3857274,Ecuador,Gonzalo Jordy Plata Jiménez,Moisés Isaac Caicedo Corozo,3
3857274,Ecuador,Gonzalo Jordy Plata Jiménez,Pervis Josué Estupiñán Tenorio,6
3857274,Ecuador,Gonzalo Jordy Plata Jiménez,Piero Martín Hincapié Reyna,1
3857274,Ecuador,Jackson Gabriel Porozo Vernaza,Angelo Smit Preciado Quiñónez,3
3857274,Ecuador,Jackson Gabriel Porozo Vernaza,Enner Remberto Valencia Lastra,1
3857274,Ecuador,Jackson Gabriel Porozo Vernaza,Felix Eduardo Torres Caicedo,6
3857274,Ecuador,Jackson Gabriel Porozo Vernaza,Gonzalo Jordy Plata Jiménez,3
3857274,Ecuador,Jackson Gabriel Porozo Vernaza,Hernán Ismael Galíndez,5
3857274,Ecuador,Jackson Gabriel Porozo Vernaza,Jhegson Sebastián Méndez Carabalí,8
3857274,Ecuador,Jackson Gabriel Porozo Vernaza,Michael Steveen Estrada Martínez,1
3857274,Ecuador,Jackson Gabriel Porozo Vernaza,Moisés Isaac Caicedo Corozo,5
3857274,Ecuador,Jackson Gabriel Porozo Vernaza,Piero Martín Hincapié Reyna,1
3857274,Ecuador,Jeremy Leonel Sarmiento Morante,Angelo Smit Preciado Quiñónez,1
3857274,Ecuador,Jeremy Leonel Sarmiento Morante,Felix Eduardo Torres Caicedo,1
3857274,Ecuador,Jeremy Leonel Sarmiento Morante,Jhegson Sebastián Méndez Carabalí,1
3857274,Ecuador,Jeremy Leonel Sarmiento Morante,Moisés Isaac Caicedo Corozo,2
3857274,Ecuador,Jeremy Leonel Sarmiento Morante,Pervis Josué Estupiñán Tenorio,1
3857274,Ecuador,Jhegson Sebastián Méndez Carabalí,Angelo Smit Preciado Quiñónez,4
3857274,Ecuador,Jhegson Sebastián Méndez Carabalí,Enner Remberto Valencia Lastra,2
3857274,Ecuador,Jhegson Sebastián Méndez Carabalí,Felix Eduardo Torres Caicedo,13
3857274,Ecuador,Jhegson Sebastián Méndez Carabalí,Gonzalo Jordy Plata Jiménez,3
3857274,Ecuador,Jhegson Sebastián Méndez Carabalí,Jackson Gabriel Porozo Vernaza,9
3857274,Ecuador,Jhegson Sebastián Méndez Carabalí,Jeremy Leonel Sarmiento Morante,1
3857274,Ecuador,Jhegson Sebastián Méndez Carabalí,Michael Steveen Estrada Martínez,2
3857274,Ecuador,Jhegson Sebastián Méndez Carabalí,Moisés Isaac Caicedo Corozo,12
3857274,Ecuador,Jhegson Sebastián Méndez Carabalí,Pervis Josué Estupiñán Tenorio,6
3857274,Ecuador,Jhegson Sebastián Méndez Carabalí,Piero Martín Hincapié Reyna,2
3857274,Ecuador,Michael Steveen Estrada Martínez,Angelo Smit Preciado Quiñónez,1
3857274,Ecuador,Michael Steveen Estrada Martínez,Enner Remberto Valencia Lastra,7
3857274,Ecuador,Michael Steveen Estrada Martínez,Gonzalo Jordy Plata Jiménez,2
3857274,Ecuador,Michael Steveen Estrada Martínez,Jackson Gabriel Porozo Vernaza,2
3857274,Ecuador,Michael Steveen Estrada Martínez,Jhegson Sebastián Méndez Carabalí,1
3857274,Ecuador,Michael Steveen Estrada Martínez,Pervis Josué Estupiñán Tenorio,2
3857274,Ecuador,Moisés Isaac Caicedo Corozo,Angelo Smit Preciado Quiñónez,4
3857274,Ecuador,Moisés Isaac Caicedo Corozo,Enner Remberto Valencia Lastra,4
3857274,Ecuador,Moisés Isaac Caicedo Corozo,Felix Eduardo Torres Caicedo,3
3857274,Ecuador,Moisés Isaac Caicedo Corozo,Gonzalo Jordy Plata Jiménez,4
3857274,Ecuador,Moisés Isaac Caicedo Corozo,Jeremy Leonel Sarmiento Morante,2
3857274,Ecuador,Moisés Isaac Caicedo Corozo,Jhegson Sebastián Méndez Carabalí,11
3857274,Ecuador,Moisés Isaac Caicedo Corozo,Michael Steveen Estrada Martínez,2
3857274,Ecuador,Moisés Isaac Caicedo Corozo,Pervis Josué Estupiñán Tenorio,8
3857274,Ecuador,Moisés Isaac Caicedo Corozo,Piero Martín Hincapié Reyna,5
3857274,Ecuador,Pervis Josué Estupiñán Tenorio,Enner Remberto Valencia Lastra,8
3857274,Ecuador,Pervis Josué Estupiñán Tenorio,Felix Eduardo Torres Caicedo,6
3857274,Ecuador,Pervis Josué Estupiñán Tenorio,Gonzalo Jordy Plata Jiménez,7
3857274,Ecuador,Pervis Josué Estupiñán Tenorio,Jeremy Leonel Sarmiento Morante,3
3857274,Ecuador,Pervis Josué Estupiñán Tenorio,Jhegson Sebastián Méndez Carabalí,3
3857274,Ecuador,Pervis Josué Estupiñán Tenorio,Michael Steveen Estrada Martínez,4
3857274,Ecuador,Pervis Josué Estupiñán Tenorio,Moisés Isaac Caicedo Corozo,5
3857274,Ecuador,Pervis Josué Estupiñán Tenorio,Piero Martín Hincapié Reyna,8
3857274,Ecuador,Felix Eduardo Torres Caicedo,Angelo Smit Preciado Quiñónez,4
3857274,Ecuador,Felix Eduardo Torres Caicedo,Enner Remberto Valencia Lastra,3
3857274,Ecuador,Felix Eduardo Torres Caicedo,Gonzalo Jordy Plata Jiménez,5
3857274,Ecuador,Felix Eduardo Torres Caicedo,Jackson Gabriel Porozo Vernaza,8
3857274,Ecuador,Felix Eduardo Torres Caicedo,Jeremy Leonel Sarmiento Morante,1
3857274,Ecuador,Felix Eduardo Torres Caicedo,Jhegson Sebastián Méndez Carabalí,9
3857274,Ecuador,Felix Eduardo Torres Caicedo,Michael Steveen Estrada Martínez,6
3857274,Ecuador,Felix Eduardo Torres Caicedo,Moisés Isaac Caicedo Corozo,5
3857274,Ecuador,Felix Eduardo Torres Caicedo,Pervis Josué Estupiñán Tenorio,5
3857274,Ecuador,Felix Eduardo Torres Caicedo,Piero Martín Hincapié Reyna,7
3857274,Ecuador,Piero Martín Hincapié Reyna,Enner Remberto Valencia Lastra,1
3857274,Ecuador,Piero Martín Hincapié Reyna,Felix Eduardo Torres Caicedo,10
3857274,Ecuador,Piero Martín Hincapié Reyna,Gonzalo Jordy Plata Jiménez,2
3857274,Ecuador,Piero Martín Hincapié Reyna,Hernán Ismael Galíndez,3
3857274,Ecuador,Piero Martín Hincapié Reyna,Jackson Gabriel Porozo Vernaza,2
3857274,Ecuador,Piero Martín Hincapié Reyna,Jhegson Sebastián Méndez Carabalí,2
3857274,Ecuador,Piero Martín Hincapié Reyna,Kevin José Rodríguez Cortez,1
3857274,Ecuador,Piero Martín Hincapié Reyna,Moisés Isaac Caicedo Corozo,3
3857274,Ecuador,Piero Martín Hincapié Reyna,Pervis Josué Estupiñán Tenorio,4
3857274,Ecuador,Piero Martín Hincapié Reyna,Romario Andrés Ibarra Mina,1
3857274,Ecuador,Hernán Ismael Galíndez,Felix Eduardo Torres Caicedo,9
3857274,Ecuador,Hernán Ismael Galíndez,Jackson Gabriel Porozo Vernaza,2
3857274,Ecuador,Hernán Ismael Galíndez,Michael Steveen Estrada Martínez,1
3857274,Netherlands,Andries Noppert,Daley Blind,2
3857274,Netherlands,Andries Noppert,Denzel Dumfries,1
3857274,Netherlands,Andries Noppert,Frenkie de Jong,6
3857274,Netherlands,Andries Noppert,Jurriën David Norman Timber,2
3857274,Netherlands,Andries Noppert,Nathan Aké,13
3857274,Netherlands,Andries Noppert,Virgil van Dijk,12
3857274,Netherlands,Daley Blind,Andries Noppert,2
3857274,Netherlands,Daley Blind,Cody Mathès Gakpo,1
3857274,Netherlands,Daley Blind,Davy Klaassen,9
3857274,Netherlands,Daley Blind,Frenkie de Jong,9
3857274,Netherlands,Daley Blind,Marten de Roon,2
3857274,Netherlands,Daley Blind,Memphis Depay,8
3857274,Netherlands,Daley Blind,Nathan Aké,15
3857274,Netherlands,Daley Blind,Steven Berghuis,4
3857274,Netherlands,Daley Blind,Steven Bergwijn,3
3857274,Netherlands,Daley Blind,Teun Koopmeiners,1
3857274,Netherlands,Daley Blind,Virgil van Dijk,2
3857274,Netherlands,Denzel Dumfries,Cody Mathès Gakpo,6
3857274,Netherlands,Denzel Dumfries,Jurriën David Norman Timber,2
3857274,Netherlands,Denzel Dumfries,Memphis Depay,1
3857274,Netherlands,Denzel Dumfries,Steven Berghuis,1
3857274,Netherlands,Denzel Dumfries,Steven Bergwijn,2
3857274,Netherlands,Denzel Dumfries,Teun Koopmeiners,7
3857274,Netherlands,Frenkie de Jong,Andries Noppert,1
3857274,Netherlands,Frenkie de Jong,Cody Mathès Gakpo,1
3857274,Netherlands,Frenkie de Jong,Daley Blind,10
3857274,Netherlands,Frenkie de Jong,Davy Klaassen,2
3857274,Netherlands,Frenkie de Jong,Denzel Dumfries,1
3857274,Netherlands,Frenkie de Jong,Jurriën David Norman Timber,15
3857274,Netherlands,Frenkie de Jong,Marten de Roon,3
3857274,Netherlands,Frenkie de Jong,Memphis Depay,1
3857274,Netherlands,Frenkie de Jong,Nathan Aké,14
3857274,Netherlands,Frenkie de Jong,Steven Bergwijn,3
3857274,Netherlands,Frenkie de Jong,Teun Koopmeiners,9
3857274,Netherlands,Frenkie de Jong,Virgil van Dijk,7
3857274,Netherlands,Jurriën David Norman Timber,Andries Noppert,7
3857274,Netherlands,Jurriën David Norman Timber,Cody Mathès Gakpo,4
3857274,Netherlands,Jurriën David Norman Timber,Denzel Dumfries,5
3857274,Netherlands,Jurriën David Norman Timber,Frenkie de Jong,10
3857274,Netherlands,Jurriën David Norman Timber,Marten de Roon,1
3857274,Netherlands,Jurriën David Norman Timber,Nathan Aké,5
3857274,Netherlands,Jurriën David Norman Timber,Steven Berghuis,4
3857274,Netherlands,Jurriën David Norman Timber,Steven Bergwijn,1
3857274,Netherlands,Jurriën David Norman Timber,Teun Koopmeiners,9
3857274,Netherlands,Jurriën David Norman Timber,Virgil van Dijk,10
3857274,Netherlands,Nathan Aké,Andries Noppert,9
3857274,Netherlands,Nathan Aké,Daley Blind,26
3857274,Netherlands,Nathan Aké,Davy Klaassen,6
3857274,Netherlands,Nathan Aké,Frenkie de Jong,9
3857274,Netherlands,Nathan Aké,Jurriën David Norman Timber,3
3857274,Netherlands,Nathan Aké,Memphis Depay,2
3857274,Netherlands,Nathan Aké,Steven Berghuis,1
3857274,Netherlands,Nathan Aké,Steven Bergwijn,4
3857274,Netherlands,Nathan Aké,Teun Koopmeiners,2
3857274,Netherlands,Nathan Aké,Virgil van Dijk,11
3857274,Netherlands,Virgil van Dijk,Andries Noppert,7
3857274,Netherlands,Virgil van Dijk,Cody Mathès Gakpo,1
3857274,Netherlands,Virgil van Dijk,Daley Blind,2
3857274,Netherlands,Virgil van Dijk,Davy Klaassen,1
3857274,Netherlands,Virgil van Dijk,Frenkie de Jong,6
3857274,Netherlands,Virgil van Dijk,Jurriën David Norman Timber,16
3857274,Netherlands,Virgil van Dijk,Nathan Aké,12
3857274,Netherlands,Virgil van Dijk,Steven Berghuis,2
3857274,Netherlands,Virgil van Dijk,Steven Bergwijn,1
3857274,Netherlands,Cody Mathès Gakpo,Davy Klaassen,2
3857274,Netherlands,Cody Mathès Gakpo,Denzel Dumfries,4
3857274,Netherlands,Cody Mathès Gakpo,Jurriën David Norman Timber,3
3857274,Netherlands,Cody Mathès Gakpo,Memphis Depay,1
3857274,Netherlands,Cody Mathès Gakpo,Teun Koopmeiners,2
3857274,Netherlands,Davy Klaassen,Andries Noppert,1
3857274,Netherlands,Davy Klaassen,Cody Mathès Gakpo,2
3857274,Netherlands,Davy Klaassen,Daley Blind,4
3857274,Netherlands,Davy Klaassen,Denzel Dumfries,2
3857274,Netherlands,Davy Klaassen,Frenkie de Jong,6
3857274,Netherlands,Davy Klaassen,Memphis Depay,2
3857274,Netherlands,Davy Klaassen,Nathan Aké,2
3857274,Netherlands,Davy Klaassen,Steven Bergwijn,1
3857274,Netherlands,Davy Klaassen,Virgil van Dijk,1
3857274,Netherlands,Memphis Depay,Cody Mathès Gakpo,2
3857274,Netherlands,Memphis Depay,Daley Blind,1
3857274,Netherlands,Memphis Depay,Davy Klaassen,1
3857274,Netherlands,Memphis Depay,Frenkie de Jong,5
3857274,Netherlands,Teun Koopmeiners,Andries Noppert,1
3857274,Netherlands,Teun Koopmeiners,Cody Mathès Gakpo,3
3857274,Netherlands,Teun Koopmeiners,Daley Blind,1
3857274,Netherlands,Teun Koopmeiners,Davy Klaassen,1
3857274,Netherlands,Teun Koopmeiners,Denzel Dumfries,4
3857274,Netherlands,Teun Koopmeiners,Frenkie de Jong,7
3857274,Netherlands,Teun Koopmeiners,Jurriën David Norman Timber,5
3857274,Netherlands,Teun Koopmeiners,Memphis Depay,2
3857274,Netherlands,Teun Koopmeiners,Nathan Aké,2
3857274,Netherlands,Teun Koopmeiners,Steven Berghuis,1
3857274,Netherlands,Teun Koopmeiners,Steven Bergwijn,2
3857274,Netherlands,Marten de Roon,Daley Blind,2
3857274,Netherlands,Marten de Roon,Frenkie de Jong,1
3857274,Netherlands,Marten de Roon,Jurriën David Norman Timber,2
3857274,Netherlands,Marten de Roon,Nathan Aké,1
3857274,Netherlands,Marten de Roon,Virgil van Dijk,1
3857274,Netherlands,Steven Berghuis,Cody Mathès Gakpo,1
3857274,Netherlands,Steven Berghuis,Daley Blind,1
3857274,Netherlands,Steven Berghuis,Denzel Dumfries,2
3857274,Netherlands,Steven Berghuis,Jurriën David Norman Timber,2
3857274,Netherlands,Steven Berghuis,Memphis Depay,1
3857274,Netherlands,Steven Berghuis,Wout Weghorst,1
3857274,Netherlands,Steven Bergwijn,Daley Blind,5
3857274,Netherlands,Steven Bergwijn,Denzel Dumfries,2
3857274,Netherlands,Steven Bergwijn,Frenkie de Jong,2
3857274,Netherlands,Steven Bergwijn,Nathan Aké,2
3857274,Netherlands,Steven Bergwijn,Teun Koopmeiners,4
3857274,Netherlands,Wout Weghorst,Steven Berghuis,1
3857275,France,Adrien Rabiot,Antoine Griezmann,3
3857275,France,Adrien Rabiot,Aurélien Djani Tchouaméni,1
3857275,France,Adrien Rabiot,Axel Disasi,1
3857275,France,Adrien Rabiot,Eduardo Camavinga,3
3857275,France,Adrien Rabiot,Ibrahima Konaté,1
3857275,France,Adrien Rabiot,Kylian Mbappé Lottin,2
3857275,France,Adrien Rabiot,Ousmane Dembélé,1
3857275,France,Adrien Rabiot,William Saliba,1
3857275,France,Adrien Rabiot,Youssouf Fofana,1
3857275,France,Antoine Griezmann,Adrien Rabiot,2
3857275,France,Antoine Griezmann,Axel Disasi,6
3857275,France,Antoine Griezmann,Eduardo Camavinga,7
3857275,France,Antoine Griezmann,Ibrahima Konaté,2
3857275,France,Antoine Griezmann,Kylian Mbappé Lottin,5
3857275,France,Antoine Griezmann,Ousmane Dembélé,1
3857275,France,Antoine Griezmann,Randal Kolo Muani,4
3857275,France,Antoine Griezmann,William Saliba,2
3857275,France,Aurélien Djani Tchouaméni,Adrien Rabiot,3
3857275,France,Aurélien Djani Tchouaméni,Antoine Griezmann,4
3857275,France,Aurélien Djani Tchouaméni,Axel Disasi,9
3857275,France,Aurélien Djani Tchouaméni,Eduardo Camavinga,10
3857275,France,Aurélien Djani Tchouaméni,Ibrahima Konaté,17
3857275,France,Aurélien Djani Tchouaméni,Jordan Veretout,7
3857275,France,Aurélien Djani Tchouaméni,Kingsley Coman,3
3857275,France,Aurélien Djani Tchouaméni,Kylian Mbappé Lottin,4
3857275,France,Aurélien Djani Tchouaméni,Mattéo Guendouzi Olié,6
3857275,France,Aurélien Djani Tchouaméni,Ousmane Dembélé,2
3857275,France,Aurélien Djani Tchouaméni,Randal Kolo Muani,1
3857275,France,Aurélien Djani Tchouaméni,Raphaël Varane,7
3857275,France,Aurélien Djani Tchouaméni,William Saliba,5
3857275,France,Aurélien Djani Tchouaméni,Youssouf Fofana,11
3857275,France,Axel Disasi,Antoine Griezmann,1
3857275,France,Axel Disasi,Aurélien Djani Tchouaméni,14
3857275,France,Axel Disasi,Eduardo Camavinga,1
3857275,France,Axel Disasi,Jordan Veretout,2
3857275,France,Axel Disasi,Kingsley Coman,10
3857275,France,Axel Disasi,Kylian Mbappé Lottin,1
3857275,France,Axel Disasi,Mattéo Guendouzi Olié,3
3857275,France,Axel Disasi,Ousmane Dembélé,1
3857275,France,Axel Disasi,Randal Kolo Muani,4
3857275,France,Axel Disasi,Raphaël Varane,6
3857275,France,Axel Disasi,William Saliba,8
3857275,France,Axel Disasi,Youssouf Fofana,4
3857275,France,Eduardo Camavinga,Adrien Rabiot,4
3857275,France,Eduardo Camavinga,Antoine Griezmann,1
3857275,France,Eduardo Camavinga,Aurélien Djani Tchouaméni,15
3857275,France,Eduardo Camavinga,Ibrahima Konaté,10
3857275,France,Eduardo Camavinga,Jordan Veretout,7
3857275,France,Eduardo Camavinga,Kingsley Coman,1
3857275,France,Eduardo Camavinga,Kylian Mbappé Lottin,13
3857275,France,Eduardo Camavinga,Mattéo Guendouzi Olié,4
3857275,France,Eduardo Camavinga,Randal Kolo Muani,7
3857275,France,Eduardo Camavinga,Raphaël Varane,1
3857275,France,Eduardo Camavinga,Steve Mandanda,1
3857275,France,Eduardo Camavinga,William Saliba,3
3857275,France,Eduardo Camavinga,Youssouf Fofana,3
3857275,France,Ibrahima Konaté,Adrien Rabiot,6
3857275,France,Ibrahima Konaté,Antoine Griezmann,3
3857275,France,Ibrahima Konaté,Aurélien Djani Tchouaméni,9
3857275,France,Ibrahima Konaté,Axel Disasi,1
3857275,France,Ibrahima Konaté,Eduardo Camavinga,16
3857275,France,Ibrahima Konaté,Jordan Veretout,3
3857275,France,Ibrahima Konaté,Kylian Mbappé Lottin,2
3857275,France,Ibrahima Konaté,Mattéo Guendouzi Olié,1
3857275,France,Ibrahima Konaté,Randal Kolo Muani,2
3857275,France,Ibrahima Konaté,Raphaël Varane,11
3857275,France,Ibrahima Konaté,Steve Mandanda,3
3857275,France,Ibrahima Konaté,William Saliba,4
3857275,France,Ibrahima Konaté,Youssouf Fofana,5
3857275,France,Kylian Mbappé Lottin,Adrien Rabiot,1
3857275,France,Kylian Mbappé Lottin,Antoine Griezmann,8
3857275,France,Kylian Mbappé Lottin,Aurélien Djani Tchouaméni,1
3857275,France,Kylian Mbappé Lottin,Eduardo Camavinga,4
3857275,France,Kylian Mbappé Lottin,Ibrahima Konaté,1
3857275,France,Kylian Mbappé Lottin,Ousmane Dembélé,2
3857275,France,Ousmane Dembélé,Adrien Rabiot,2
3857275,France,Ousmane Dembélé,Antoine Griezmann,2
3857275,France,Ousmane Dembélé,Aurélien Djani Tchouaméni,1
3857275,France,Ousmane Dembélé,Axel Disasi,4
3857275,France,Ousmane Dembélé,Eduardo Camavinga,2
3857275,France,Ousmane Dembélé,Kylian Mbappé Lottin,1
3857275,France,Ousmane Dembélé,William Saliba,1
3857275,France,William Saliba,Adrien Rabiot,2
3857275,France,William Saliba,Antoine Griezmann,3
3857275,France,William Saliba,Aurélien Djani Tchouaméni,8
3857275,France,William Saliba,Axel Disasi,3
3857275,France,William Saliba,Ibrahima Konaté,7
3857275,France,William Saliba,Mattéo Guendouzi Olié,5
3857275,France,William Saliba,Ousmane Dembélé,7
3857275,France,William Saliba,Steve Mandanda,1
3857275,France,William Saliba,Youssouf Fofana,1
3857275,France,Youssouf Fofana,Adrien Rabiot,1
3857275,France,Youssouf Fofana,Aurélien Djani Tchouaméni,1
3857275,France,Youssouf Fofana,Axel Disasi,4
3857275,France,Youssouf Fofana,Eduardo Camavinga,2
3857275,France,Youssouf Fofana,Ibrahima Konaté,6
3857275,France,Youssouf Fofana,Kingsley Coman,6
3857275,France,Youssouf Fofana,Kylian Mbappé Lottin,1
3857275,France,Youssouf Fofana,Raphaël Varane,4
3857275,France,Youssouf Fofana,Steve Mandanda,1
3857275,France,Youssouf Fofana,William Saliba,1
3857275,France,Randal Kolo Muani,Antoine Griezmann,1
3857275,France,Randal Kolo Muani,Aurélien Djani Tchouaméni,1
3857275,France,Randal Kolo Muani,Axel Disasi,1
3857275,France,Randal Kolo Muani,Eduardo Camavinga,2
3857275,France,Randal Kolo Muani,Jordan Veretout,1
3857275,France,Randal Kolo Muani,Kylian Mbappé Lottin,1
3857275,France,Randal Kolo Muani,Mattéo Guendouzi Olié,2
3857275,France,Randal Kolo Muani,Ousmane Dembélé,1
3857275,France,Randal Kolo Muani,Raphaël Varane,1
3857275,France,Randal Kolo Muani,Youssouf Fofana,1
3857275,France,Jordan Veretout,Aurélien Djani Tchouaméni,8
3857275,France,Jordan Veretout,Axel Disasi,2
3857275,France,Jordan Veretout,Eduardo Camavinga,10
3857275,France,Jordan Veretout,Ibrahima Konaté,5
3857275,France,Jordan Veretout,Mattéo Guendouzi Olié,2
3857275,France,Jordan Veretout,Randal Kolo Muani,2
3857275,France,Jordan Veretout,Raphaël Varane,2
3857275,France,Jordan Veretout,Youssouf Fofana,1
3857275,France,Kingsley Coman,Aurélien Djani Tchouaméni,7
3857275,France,Kingsley Coman,Axel Disasi,3
3857275,France,Kingsley Coman,Jordan Veretout,1
3857275,France,Kingsley Coman,Mattéo Guendouzi Olié,2
3857275,France,Kingsley Coman,Raphaël Varane,2
3857275,France,Kingsley Coman,Youssouf Fofana,1
3857275,France,Mattéo Guendouzi Olié,Antoine Griezmann,2
3857275,France,Mattéo Guendouzi Olié,Aurélien Djani Tchouaméni,6
3857275,France,Mattéo Guendouzi Olié,Axel Disasi,2
3857275,France,Mattéo Guendouzi Olié,Eduardo Camavinga,2
3857275,France,Mattéo Guendouzi Olié,Ibrahima Konaté,1
3857275,France,Mattéo Guendouzi Olié,Jordan Veretout,7
3857275,France,Mattéo Guendouzi Olié,Randal Kolo Muani,5
3857275,France,Mattéo Guendouzi Olié,Raphaël Varane,1
3857275,France,Mattéo Guendouzi Olié,William Saliba,2
3857275,France,Raphaël Varane,Aurélien Djani Tchouaméni,9
3857275,France,Raphaël Varane,Axel Disasi,11
3857275,France,Raphaël Varane,Eduardo Camavinga,1
3857275,France,Raphaël Varane,Ibrahima Konaté,7
3857275,France,Raphaël Varane,Jordan Veretout,1
3857275,France,Raphaël Varane,Kingsley Coman,2
3857275,France,Raphaël Varane,Steve Mandanda,3
3857275,France,Raphaël Varane,Youssouf Fofana,7
3857275,France,Steve Mandanda,Aurélien Djani Tchouaméni,4
3857275,France,Steve Mandanda,Eduardo Camavinga,2
3857275,France,Steve Mandanda,Ibrahima Konaté,2
3857275,France,Steve Mandanda,Jordan Veretout,1
3857275,France,Steve Mandanda,Kingsley Coman,1
3857275,France,Steve Mandanda,Raphaël Varane,5
3857275,France,Steve Mandanda,William Saliba,2
3857275,France,Steve Mandanda,Youssouf Fofana,1
3857275,Tunisia,Ali Abdi,Issam Jebali,1
3857275,Tunisia,Issam Jebali,Ali Maâloul,1
3857275,Tunisia,Issam Jebali,Aïssa Bilal Laïdouni,1
3857275,Tunisia,Issam Jebali,Mohamed Ali Ben Romdhane,1
3857275,Tunisia,Ali Maâloul,Anis Ben Slimane,4
3857275,Tunisia,Ali Maâloul,Aïssa Bilal Laïdouni,11
3857275,Tunisia,Ali Maâloul,Ellyes Joris Skhiri,7
3857275,Tunisia,Ali Maâloul,Issam Jebali,2
3857275,Tunisia,Ali Maâloul,Mohamed Ali Ben Romdhane,8
3857275,Tunisia,Ali Maâloul,Montassar Omar Talbi,3
3857275,Tunisia,Ali Maâloul,Wahbi Khazri,4
3857275,Tunisia,Anis Ben Slimane,Ali Maâloul,1
3857275,Tunisia,Anis Ben Slimane,Aïssa Bilal Laïdouni,4
3857275,Tunisia,Anis Ben Slimane,Ellyes Joris Skhiri,2
3857275,Tunisia,Anis Ben Slimane,Wahbi Khazri,1
3857275,Tunisia,Anis Ben Slimane,Wajdi Kechrida,8
3857275,Tunisia,Anis Ben Slimane,Yassine Meriah,2
3857275,Tunisia,Aïssa Bilal Laïdouni,Ali Maâloul,11
3857275,Tunisia,Aïssa Bilal Laïdouni,Anis Ben Slimane,5
3857275,Tunisia,Aïssa Bilal Laïdouni,Aymen Dahmen,1
3857275,Tunisia,Aïssa Bilal Laïdouni,Ellyes Joris Skhiri,4
3857275,Tunisia,Aïssa Bilal Laïdouni,Ghilane Chalali,1
3857275,Tunisia,Aïssa Bilal Laïdouni,Mohamed Ali Ben Romdhane,2
3857275,Tunisia,Aïssa Bilal Laïdouni,Montassar Omar Talbi,1
3857275,Tunisia,Aïssa Bilal Laïdouni,Nader Ghandri,2
3857275,Tunisia,Aïssa Bilal Laïdouni,Wahbi Khazri,3
3857275,Tunisia,Aïssa Bilal Laïdouni,Wajdi Kechrida,5
3857275,Tunisia,Aïssa Bilal Laïdouni,Yassine Meriah,2
3857275,Tunisia,Ellyes Joris Skhiri,Ali Maâloul,7
3857275,Tunisia,Ellyes Joris Skhiri,Anis Ben Slimane,1
3857275,Tunisia,Ellyes Joris Skhiri,Aïssa Bilal Laïdouni,6
3857275,Tunisia,Ellyes Joris Skhiri,Ghilane Chalali,1
3857275,Tunisia,Ellyes Joris Skhiri,Mohamed Ali Ben Romdhane,2
3857275,Tunisia,Ellyes Joris Skhiri,Montassar Omar Talbi,2
3857275,Tunisia,Ellyes Joris Skhiri,Nader Ghandri,2
3857275,Tunisia,Ellyes Joris Skhiri,Wahbi Khazri,2
3857275,Tunisia,Ellyes Joris Skhiri,Wajdi Kechrida,3
3857275,Tunisia,Ellyes Joris Skhiri,Yassine Meriah,4
3857275,Tunisia,Mohamed Ali Ben Romdhane,Ali Maâloul,4
3857275,Tunisia,Mohamed Ali Ben Romdhane,Anis Ben Slimane,2
3857275,Tunisia,Mohamed Ali Ben Romdhane,Aïssa Bilal Laïdouni,2
3857275,Tunisia,Mohamed Ali Ben Romdhane,Ellyes Joris Skhiri,3
3857275,Tunisia,Mohamed Ali Ben Romdhane,Montassar Omar Talbi,2
3857275,Tunisia,Mohamed Ali Ben Romdhane,Wajdi Kechrida,1
3857275,Tunisia,Montassar Omar Talbi,Ali Maâloul,8
3857275,Tunisia,Montassar Omar Talbi,Anis Ben Slimane,1
3857275,Tunisia,Montassar Omar Talbi,Aïssa Bilal Laïdouni,2
3857275,Tunisia,Montassar Omar Talbi,Ellyes Joris Skhiri,2
3857275,Tunisia,Montassar Omar Talbi,Issam Jebali,1
3857275,Tunisia,Montassar Omar Talbi,Mohamed Ali Ben Romdhane,2
3857275,Tunisia,Montassar Omar Talbi,Nader Ghandri,9
3857275,Tunisia,Wahbi Khazri,Anis Ben Slimane,2
3857275,Tunisia,Wahbi Khazri,Aïssa Bilal Laïdouni,2
3857275,Tunisia,Wahbi Khazri,Ellyes Joris Skhiri,2
3857275,Tunisia,Wahbi Khazri,Wajdi Kechrida,1
3857275,Tunisia,Wahbi Khazri,Yassine Meriah,1
3857275,Tunisia,Wajdi Kechrida,Ali Maâloul,1
3857275,Tunisia,Wajdi Kechrida,Anis Ben Slimane,11
3857275,Tunisia,Wajdi Kechrida,Aïssa Bilal Laïdouni,4
3857275,Tunisia,Wajdi Kechrida,Ellyes Joris Skhiri,3
3857275,Tunisia,Wajdi Kechrida,Issam Jebali,1
3857275,Tunisia,Wajdi Kechrida,Yassine Meriah,9
3857275,Tunisia,Yassine Meriah,Anis Ben Slimane,2
3857275,Tunisia,Yassine Meriah,Aymen Dahmen,2
3857275,Tunisia,Yassine Meriah,Aïssa Bilal Laïdouni,3
3857275,Tunisia,Yassine Meriah,Ellyes Joris Skhiri,6
3857275,Tunisia,Yassine Meriah,Nader Ghandri,7
3857275,Tunisia,Yassine Meriah,Wahbi Khazri,1
3857275,Tunisia,Yassine Meriah,Wajdi Kechrida,11
3857275,Tunisia,Aymen Dahmen,Ali Maâloul,1
3857275,Tunisia,Aymen Dahmen,Issam Jebali,1
3857275,Tunisia,Aymen Dahmen,Montassar Omar Talbi,2
3857275,Tunisia,Aymen Dahmen,Nader Ghandri,1
3857275,Tunisia,Aymen Dahmen,Wajdi Kechrida,1
3857275,Tunisia,Aymen Dahmen,Yassine Meriah,2
3857275,Tunisia,Nader Ghandri,Anis Ben Slimane,2
3857275,Tunisia,Nader Ghandri,Aymen Dahmen,3
3857275,Tunisia,Nader Ghandri,Aïssa Bilal Laïdouni,1
3857275,Tunisia,Nader Ghandri,Ellyes Joris Skhiri,1
3857275,Tunisia,Nader Ghandri,Mohamed Ali Ben Romdhane,2
3857275,Tunisia,Nader Ghandri,Montassar Omar Talbi,8
3857275,Tunisia,Nader Ghandri,Wahbi Khazri,1
3857275,Tunisia,Nader Ghandri,Wajdi Kechrida,1
3857275,Tunisia,Nader Ghandri,Yassine Meriah,8
3857275,Tunisia,Ghilane Chalali,Ali Maâloul,1
3857275,Tunisia,Ghilane Chalali,Ellyes Joris Skhiri,1
3857275,Tunisia,Ghilane Chalali,Wajdi Kechrida,2
3857276,Canada,Alistair Johnston,Alphonso Davies,2
3857276,Canada,Alistair Johnston,Atiba Hutchinson,1
3857276,Canada,Alistair Johnston,Cyle Larin,3
3857276,Canada,Alistair Johnston,David Junior Hoilett,5
3857276,Canada,Alistair Johnston,Ismael Koné,5
3857276,Canada,Alistair Johnston,Jonathan David,2
3857276,Canada,Alistair Johnston,Jonathan Osorio,9
3857276,Canada,Alistair Johnston,Kamal Miller,1
3857276,Canada,Alistair Johnston,Mark Anthony Kaye,7
3857276,Canada,Alistair Johnston,Milan Borjan,3
3857276,Canada,Alistair Johnston,Steven de Sousa Vitoria,18
3857276,Canada,Alistair Johnston,Tajon Buchanan,2
3857276,Canada,Alphonso Davies,Alistair Johnston,3
3857276,Canada,Alphonso Davies,Atiba Hutchinson,1
3857276,Canada,Alphonso Davies,Cyle Larin,1
3857276,Canada,Alphonso Davies,David Junior Hoilett,1
3857276,Canada,Alphonso Davies,Jonathan David,1
3857276,Canada,Alphonso Davies,Jonathan Osorio,1
3857276,Canada,Alphonso Davies,Kamal Miller,3
3857276,Canada,Alphonso Davies,Mark Anthony Kaye,4
3857276,Canada,Alphonso Davies,Milan Borjan,1
3857276,Canada,Alphonso Davies,Sam Adekugbe,2
3857276,Canada,Alphonso Davies,Steven de Sousa Vitoria,1
3857276,Canada,Atiba Hutchinson,Alistair Johnston,3
3857276,Canada,Atiba Hutchinson,Alphonso Davies,1
3857276,Canada,Atiba Hutchinson,David Junior Hoilett,1
3857276,Canada,Atiba Hutchinson,David Wallace Wotherspoon,4
3857276,Canada,Atiba Hutchinson,Ismael Koné,5
3857276,Canada,Atiba Hutchinson,Jonathan David,3
3857276,Canada,Atiba Hutchinson,Jonathan Osorio,1
3857276,Canada,Atiba Hutchinson,Kamal Miller,3
3857276,Canada,Atiba Hutchinson,Richie Laryea,1
3857276,Canada,Atiba Hutchinson,Steven de Sousa Vitoria,3
3857276,Canada,Atiba Hutchinson,Tajon Buchanan,3
3857276,Canada,Cyle Larin,Alistair Johnston,1
3857276,Canada,Cyle Larin,Alphonso Davies,1
3857276,Canada,Cyle Larin,David Junior Hoilett,1
3857276,Canada,Cyle Larin,Jonathan Osorio,1
3857276,Canada,Cyle Larin,Tajon Buchanan,2
3857276,Canada,David Junior Hoilett,Alphonso Davies,2
3857276,Canada,David Junior Hoilett,Atiba Hutchinson,1
3857276,Canada,David Junior Hoilett,Cyle Larin,3
3857276,Canada,David Junior Hoilett,Ismael Koné,1
3857276,Canada,David Junior Hoilett,Jonathan Osorio,4
3857276,Canada,David Junior Hoilett,Kamal Miller,1
3857276,Canada,David Junior Hoilett,Mark Anthony Kaye,5
3857276,Canada,David Junior Hoilett,Richie Laryea,1
3857276,Canada,David Junior Hoilett,Steven de Sousa Vitoria,2
3857276,Canada,Ismael Koné,Alistair Johnston,2
3857276,Canada,Ismael Koné,Alphonso Davies,1
3857276,Canada,Ismael Koné,Atiba Hutchinson,5
3857276,Canada,Ismael Koné,David Junior Hoilett,3
3857276,Canada,Ismael Koné,Jonathan David,2
3857276,Canada,Ismael Koné,Jonathan Osorio,1
3857276,Canada,Ismael Koné,Kamal Miller,5
3857276,Canada,Ismael Koné,Milan Borjan,1
3857276,Canada,Ismael Koné,Steven de Sousa Vitoria,2
3857276,Canada,Ismael Koné,Tajon Buchanan,5
3857276,Canada,Jonathan David,Alistair Johnston,1
3857276,Canada,Jonathan David,Alphonso Davies,1
3857276,Canada,Jonathan David,Atiba Hutchinson,3
3857276,Canada,Jonathan David,Ismael Koné,1
3857276,Canada,Jonathan David,Kamal Miller,1
3857276,Canada,Jonathan David,Richie Laryea,3
3857276,Canada,Jonathan David,Steven de Sousa Vitoria,1
3857276,Canada,Jonathan Osorio,Alistair Johnston,3
3857276,Canada,Jonathan Osorio,Alphonso Davies,2
3857276,Canada,Jonathan Osorio,Atiba Hutchinson,1
3857276,Canada,Jonathan Osorio,Cyle Larin,1
3857276,Canada,Jonathan Osorio,David Junior Hoilett,4
3857276,Canada,Jonathan Osorio,Kamal Miller,7
3857276,Canada,Jonathan Osorio,Mark Anthony Kaye,2
3857276,Canada,Jonathan Osorio,Sam Adekugbe,3
3857276,Canada,Jonathan Osorio,Steven de Sousa Vitoria,2
3857276,Canada,Jonathan Osorio,Tajon Buchanan,2
3857276,Canada,Kamal Miller,Alphonso Davies,5
3857276,Canada,Kamal Miller,Atiba Hutchinson,3
3857276,Canada,Kamal Miller,Cyle Larin,1
3857276,Canada,Kamal Miller,David Junior Hoilett,3
3857276,Canada,Kamal Miller,David Wallace Wotherspoon,3
3857276,Canada,Kamal Miller,Ismael Koné,8
3857276,Canada,Kamal Miller,Jonathan Osorio,2
3857276,Canada,Kamal Miller,Mark Anthony Kaye,15
3857276,Canada,Kamal Miller,Milan Borjan,1
3857276,Canada,Kamal Miller,Sam Adekugbe,13
3857276,Canada,Kamal Miller,Steven de Sousa Vitoria,18
3857276,Canada,Kamal Miller,Tajon Buchanan,11
3857276,Canada,Mark Anthony Kaye,Alistair Johnston,8
3857276,Canada,Mark Anthony Kaye,Alphonso Davies,2
3857276,Canada,Mark Anthony Kaye,Cyle Larin,1
3857276,Canada,Mark Anthony Kaye,Jonathan Osorio,3
3857276,Canada,Mark Anthony Kaye,Kamal Miller,17
3857276,Canada,Mark Anthony Kaye,Milan Borjan,2
3857276,Canada,Mark Anthony Kaye,Sam Adekugbe,6
3857276,Canada,Mark Anthony Kaye,Steven de Sousa Vitoria,10
3857276,Canada,Mark Anthony Kaye,Tajon Buchanan,1
3857276,Canada,Milan Borjan,Alistair Johnston,1
3857276,Canada,Milan Borjan,Atiba Hutchinson,3
3857276,Canada,Milan Borjan,David Junior Hoilett,1
3857276,Canada,Milan Borjan,Kamal Miller,6
3857276,Canada,Milan Borjan,Richie Laryea,1
3857276,Canada,Milan Borjan,Sam Adekugbe,2
3857276,Canada,Milan Borjan,Steven de Sousa Vitoria,6
3857276,Canada,Milan Borjan,Tajon Buchanan,1
3857276,Canada,Steven de Sousa Vitoria,Alistair Johnston,16
3857276,Canada,Steven de Sousa Vitoria,Alphonso Davies,4
3857276,Canada,Steven de Sousa Vitoria,Atiba Hutchinson,3
3857276,Canada,Steven de Sousa Vitoria,Cyle Larin,1
3857276,Canada,Steven de Sousa Vitoria,David Junior Hoilett,1
3857276,Canada,Steven de Sousa Vitoria,Ismael Koné,4
3857276,Canada,Steven de Sousa Vitoria,Jonathan David,2
3857276,Canada,Steven de Sousa Vitoria,Jonathan Osorio,2
3857276,Canada,Steven de Sousa Vitoria,Kamal Miller,20
3857276,Canada,Steven de Sousa Vitoria,Mark Anthony Kaye,12
3857276,Canada,Steven de Sousa Vitoria,Milan Borjan,3
3857276,Canada,Steven de Sousa Vitoria,Richie Laryea,1
3857276,Canada,Steven de Sousa Vitoria,Sam Adekugbe,1
3857276,Canada,Tajon Buchanan,Alistair Johnston,1
3857276,Canada,Tajon Buchanan,Alphonso Davies,5
3857276,Canada,Tajon Buchanan,Atiba Hutchinson,1
3857276,Canada,Tajon Buchanan,David Junior Hoilett,2
3857276,Canada,Tajon Buchanan,Ismael Koné,1
3857276,Canada,Tajon Buchanan,Jonathan David,2
3857276,Canada,Tajon Buchanan,Jonathan Osorio,1
3857276,Canada,Tajon Buchanan,Kamal Miller,3
3857276,Canada,Tajon Buchanan,Mark Anthony Kaye,1
3857276,Canada,Tajon Buchanan,Richie Laryea,1
3857276,Canada,Tajon Buchanan,Sam Adekugbe,3
3857276,Canada,Sam Adekugbe,Alistair Johnston,1
3857276,Canada,Sam Adekugbe,Alphonso Davies,1
3857276,Canada,Sam Adekugbe,Cyle Larin,1
3857276,Canada,Sam Adekugbe,Jonathan Osorio,4
3857276,Canada,Sam Adekugbe,Kamal Miller,9
3857276,Canada,Sam Adekugbe,Mark Anthony Kaye,10
3857276,Canada,Sam Adekugbe,Tajon Buchanan,5
3857276,Canada,David Wallace Wotherspoon,Ismael Koné,1
3857276,Canada,David Wallace Wotherspoon,Tajon Buchanan,2
3857276,Canada,Richie Laryea,Alistair Johnston,3
3857276,Canada,Richie Laryea,Jonathan David,1
3857276,Canada,Richie Laryea,Milan Borjan,1
3857276,Morocco,Abdelhamid Sabiri,Achraf Hakimi Mouh,1
3857276,Morocco,Abdelhamid Sabiri,Azzedine Ounahi,3
3857276,Morocco,Abdelhamid Sabiri,Hakim Ziyech,2
3857276,Morocco,Abdelhamid Sabiri,Noussair Mazraoui,1
3857276,Morocco,Abdelhamid Sabiri,Romain Saïss,1
3857276,Morocco,Abdelhamid Sabiri,Sofiane Boufal,5
3857276,Morocco,Abdelhamid Sabiri,Sofyan Amrabat,7
3857276,Morocco,Abdelhamid Sabiri,Yassine Bounou,1
3857276,Morocco,Achraf Hakimi Mouh,Abdelhamid Sabiri,1
3857276,Morocco,Achraf Hakimi Mouh,Abderrazak Hamdallah,1
3857276,Morocco,Achraf Hakimi Mouh,Azzedine Ounahi,10
3857276,Morocco,Achraf Hakimi Mouh,Hakim Ziyech,12
3857276,Morocco,Achraf Hakimi Mouh,Nayef Aguerd,9
3857276,Morocco,Achraf Hakimi Mouh,Sofiane Boufal,2
3857276,Morocco,Achraf Hakimi Mouh,Sofyan Amrabat,8
3857276,Morocco,Achraf Hakimi Mouh,Youssef En-Nesyri,6
3857276,Morocco,Azzedine Ounahi,Abdelhamid Sabiri,1
3857276,Morocco,Azzedine Ounahi,Achraf Hakimi Mouh,3
3857276,Morocco,Azzedine Ounahi,Hakim Ziyech,9
3857276,Morocco,Azzedine Ounahi,Nayef Aguerd,1
3857276,Morocco,Azzedine Ounahi,Romain Saïss,3
3857276,Morocco,Azzedine Ounahi,Sofiane Boufal,2
3857276,Morocco,Azzedine Ounahi,Sofyan Amrabat,5
3857276,Morocco,Azzedine Ounahi,Yassine Bounou,1
3857276,Morocco,Azzedine Ounahi,Youssef En-Nesyri,2
3857276,Morocco,Hakim Ziyech,Abdelhamid Sabiri,1
3857276,Morocco,Hakim Ziyech,Achraf Hakimi Mouh,13
3857276,Morocco,Hakim Ziyech,Azzedine Ounahi,4
3857276,Morocco,Hakim Ziyech,Nayef Aguerd,2
3857276,Morocco,Hakim Ziyech,Noussair Mazraoui,2
3857276,Morocco,Hakim Ziyech,Romain Saïss,1
3857276,Morocco,Hakim Ziyech,Sofiane Boufal,1
3857276,Morocco,Hakim Ziyech,Yassine Bounou,1
3857276,Morocco,Hakim Ziyech,Youssef En-Nesyri,1
3857276,Morocco,Noussair Mazraoui,Abdelhamid Sabiri,2
3857276,Morocco,Noussair Mazraoui,Achraf Hakimi Mouh,2
3857276,Morocco,Noussair Mazraoui,Romain Saïss,5
3857276,Morocco,Noussair Mazraoui,Sofiane Boufal,5
3857276,Morocco,Noussair Mazraoui,Yassine Bounou,2
3857276,Morocco,Noussair Mazraoui,Youssef En-Nesyri,1
3857276,Morocco,Noussair Mazraoui,Zakaria Aboukhlal,1
3857276,Morocco,Romain Saïss,Abdelhamid Sabiri,3
3857276,Morocco,Romain Saïss,Achraf Hakimi Mouh,3
3857276,Morocco,Romain Saïss,Azzedine Ounahi,1
3857276,Morocco,Romain Saïss,Nayef Aguerd,5
3857276,Morocco,Romain Saïss,Noussair Mazraoui,3
3857276,Morocco,Romain Saïss,Sofiane Boufal,3
3857276,Morocco,Romain Saïss,Sofyan Amrabat,4
3857276,Morocco,Romain Saïss,Yassine Bounou,3
3857276,Morocco,Romain Saïss,Youssef En-Nesyri,5
3857276,Morocco,Sofiane Boufal,Abdelhamid Sabiri,6
3857276,Morocco,Sofiane Boufal,Achraf Hakimi Mouh,1
3857276,Morocco,Sofiane Boufal,Azzedine Ounahi,1
3857276,Morocco,Sofiane Boufal,Hakim Ziyech,2
3857276,Morocco,Sofiane Boufal,Noussair Mazraoui,1
3857276,Morocco,Sofiane Boufal,Romain Saïss,2
3857276,Morocco,Sofiane Boufal,Sofyan Amrabat,2
3857276,Morocco,Sofyan Amrabat,Abdelhamid Sabiri,4
3857276,Morocco,Sofyan Amrabat,Abderrazak Hamdallah,2
3857276,Morocco,Sofyan Amrabat,Achraf Hakimi Mouh,6
3857276,Morocco,Sofyan Amrabat,Azzedine Ounahi,4
3857276,Morocco,Sofyan Amrabat,Hakim Ziyech,2
3857276,Morocco,Sofyan Amrabat,Nayef Aguerd,7
3857276,Morocco,Sofyan Amrabat,Noussair Mazraoui,3
3857276,Morocco,Sofyan Amrabat,Romain Saïss,8
3857276,Morocco,Sofyan Amrabat,Selim Amallah,1
3857276,Morocco,Sofyan Amrabat,Sofiane Boufal,1
3857276,Morocco,Sofyan Amrabat,Yassine Bounou,3
3857276,Morocco,Sofyan Amrabat,Youssef En-Nesyri,2
3857276,Morocco,Yassine Bounou,Abdelhamid Sabiri,3
3857276,Morocco,Yassine Bounou,Abderrazak Hamdallah,1
3857276,Morocco,Yassine Bounou,Nayef Aguerd,9
3857276,Morocco,Yassine Bounou,Noussair Mazraoui,1
3857276,Morocco,Yassine Bounou,Romain Saïss,5
3857276,Morocco,Yassine Bounou,Selim Amallah,1
3857276,Morocco,Yassine Bounou,Sofyan Amrabat,4
3857276,Morocco,Yassine Bounou,Youssef En-Nesyri,1
3857276,Morocco,Abderrazak Hamdallah,Sofyan Amrabat,1
3857276,Morocco,Abderrazak Hamdallah,Zakaria Aboukhlal,2
3857276,Morocco,Zakaria Aboukhlal,Abderrazak Hamdallah,2
3857276,Morocco,Zakaria Aboukhlal,Romain Saïss,1
3857276,Morocco,Nayef Aguerd,Achraf Hakimi Mouh,11
3857276,Morocco,Nayef Aguerd,Azzedine Ounahi,4
3857276,Morocco,Nayef Aguerd,Hakim Ziyech,2
3857276,Morocco,Nayef Aguerd,Noussair Mazraoui,1
3857276,Morocco,Nayef Aguerd,Romain Saïss,2
3857276,Morocco,Nayef Aguerd,Sofiane Boufal,1
3857276,Morocco,Nayef Aguerd,Sofyan Amrabat,5
3857276,Morocco,Nayef Aguerd,Yassine Bounou,9
3857276,Morocco,Youssef En-Nesyri,Abdelhamid Sabiri,1
3857276,Morocco,Youssef En-Nesyri,Abderrazak Hamdallah,1
3857276,Morocco,Youssef En-Nesyri,Achraf Hakimi Mouh,1
3857276,Morocco,Youssef En-Nesyri,Azzedine Ounahi,1
3857276,Morocco,Youssef En-Nesyri,Hakim Ziyech,3
3857276,Morocco,Youssef En-Nesyri,Noussair Mazraoui,2
3857276,Morocco,Youssef En-Nesyri,Sofiane Boufal,1
3857276,Morocco,Youssef En-Nesyri,Sofyan Amrabat,2
3857276,Morocco,Jawad El Yamiq,Achraf Hakimi Mouh,1
3857276,Morocco,Yahya Jabrane,Yassine Bounou,1
3857276,Morocco,Yahya Jabrane,Youssef En-Nesyri,1
3857277,Croatia,Andrej Kramarić,Borna Sosa,1
3857277,Croatia,Andrej Kramarić,Dejan Lovren,2
3857277,Croatia,Andrej Kramarić,Ivan Perišić,1
3857277,Croatia,Andrej Kramarić,Joško Gvardiol,1
3857277,Croatia,Andrej Kramarić,Luka Modrić,1
3857277,Croatia,Andrej Kramarić,Marcelo Brozović,2
3857277,Croatia,Andrej Kramarić,Nikola Vlašić,2
3857277,Croatia,Borna Sosa,Andrej Kramarić,1
3857277,Croatia,Borna Sosa,Dejan Lovren,1
3857277,Croatia,Borna Sosa,Dominik Livaković,1
3857277,Croatia,Borna Sosa,Ivan Perišić,8
3857277,Croatia,Borna Sosa,Joško Gvardiol,11
3857277,Croatia,Borna Sosa,Lovro Majer,1
3857277,Croatia,Borna Sosa,Luka Modrić,2
3857277,Croatia,Borna Sosa,Marcelo Brozović,6
3857277,Croatia,Borna Sosa,Mario Pašalić,4
3857277,Croatia,Borna Sosa,Marko Livaja,1
3857277,Croatia,Borna Sosa,Mateo Kovačić,9
3857277,Croatia,Borna Sosa,Mislav Oršić,1
3857277,Croatia,Borna Sosa,Nikola Vlašić,1
3857277,Croatia,Dejan Lovren,Borna Sosa,1
3857277,Croatia,Dejan Lovren,Dominik Livaković,6
3857277,Croatia,Dejan Lovren,Ivan Perišić,1
3857277,Croatia,Dejan Lovren,Josip Juranović,10
3857277,Croatia,Dejan Lovren,Joško Gvardiol,36
3857277,Croatia,Dejan Lovren,Lovro Majer,1
3857277,Croatia,Dejan Lovren,Luka Modrić,11
3857277,Croatia,Dejan Lovren,Marcelo Brozović,12
3857277,Croatia,Dejan Lovren,Mario Pašalić,1
3857277,Croatia,Dejan Lovren,Mateo Kovačić,3
3857277,Croatia,Ivan Perišić,Andrej Kramarić,2
3857277,Croatia,Ivan Perišić,Borna Sosa,6
3857277,Croatia,Ivan Perišić,Dejan Lovren,1
3857277,Croatia,Ivan Perišić,Dominik Livaković,1
3857277,Croatia,Ivan Perišić,Josip Juranović,1
3857277,Croatia,Ivan Perišić,Joško Gvardiol,6
3857277,Croatia,Ivan Perišić,Luka Modrić,2
3857277,Croatia,Ivan Perišić,Marcelo Brozović,6
3857277,Croatia,Ivan Perišić,Mateo Kovačić,3
3857277,Croatia,Ivan Perišić,Nikola Vlašić,1
3857277,Croatia,Joško Gvardiol,Andrej Kramarić,4
3857277,Croatia,Joško Gvardiol,Borna Sosa,16
3857277,Croatia,Joško Gvardiol,Dejan Lovren,35
3857277,Croatia,Joško Gvardiol,Dominik Livaković,4
3857277,Croatia,Joško Gvardiol,Ivan Perišić,7
3857277,Croatia,Joško Gvardiol,Josip Juranović,1
3857277,Croatia,Joško Gvardiol,Lovro Majer,1
3857277,Croatia,Joško Gvardiol,Luka Modrić,8
3857277,Croatia,Joško Gvardiol,Marcelo Brozović,12
3857277,Croatia,Joško Gvardiol,Mario Pašalić,1
3857277,Croatia,Joško Gvardiol,Marko Livaja,1
3857277,Croatia,Joško Gvardiol,Mateo Kovačić,11
3857277,Croatia,Joško Gvardiol,Nikola Vlašić,1
3857277,Croatia,Luka Modrić,Andrej Kramarić,1
3857277,Croatia,Luka Modrić,Borna Sosa,5
3857277,Croatia,Luka Modrić,Dejan Lovren,5
3857277,Croatia,Luka Modrić,Ivan Perišić,7
3857277,Croatia,Luka Modrić,Josip Juranović,14
3857277,Croatia,Luka Modrić,Joško Gvardiol,8
3857277,Croatia,Luka Modrić,Lovro Majer,3
3857277,Croatia,Luka Modrić,Marcelo Brozović,21
3857277,Croatia,Luka Modrić,Mario Pašalić,3
3857277,Croatia,Luka Modrić,Marko Livaja,1
3857277,Croatia,Luka Modrić,Mateo Kovačić,5
3857277,Croatia,Luka Modrić,Nikola Vlašić,4
3857277,Croatia,Marcelo Brozović,Borna Sosa,8
3857277,Croatia,Marcelo Brozović,Dejan Lovren,6
3857277,Croatia,Marcelo Brozović,Ivan Perišić,3
3857277,Croatia,Marcelo Brozović,Josip Juranović,5
3857277,Croatia,Marcelo Brozović,Joško Gvardiol,16
3857277,Croatia,Marcelo Brozović,Luka Modrić,22
3857277,Croatia,Marcelo Brozović,Mario Pašalić,3
3857277,Croatia,Marcelo Brozović,Mateo Kovačić,11
3857277,Croatia,Marcelo Brozović,Nikola Vlašić,3
3857277,Croatia,Nikola Vlašić,Andrej Kramarić,1
3857277,Croatia,Nikola Vlašić,Dejan Lovren,1
3857277,Croatia,Nikola Vlašić,Josip Juranović,1
3857277,Croatia,Nikola Vlašić,Luka Modrić,2
3857277,Croatia,Nikola Vlašić,Marcelo Brozović,1
3857277,Croatia,Nikola Vlašić,Mateo Kovačić,1
3857277,Croatia,Dominik Livaković,Dejan Lovren,6
3857277,Croatia,Dominik Livaković,Ivan Perišić,1
3857277,Croatia,Dominik Livaković,Josip Juranović,3
3857277,Croatia,Dominik Livaković,Joško Gvardiol,9
3857277,Croatia,Dominik Livaković,Lovro Majer,1
3857277,Croatia,Dominik Livaković,Luka Modrić,1
3857277,Croatia,Dominik Livaković,Marcelo Brozović,4
3857277,Croatia,Dominik Livaković,Mateo Kovačić,1
3857277,Croatia,Lovro Majer,Borna Sosa,3
3857277,Croatia,Lovro Majer,Dejan Lovren,1
3857277,Croatia,Lovro Majer,Josip Juranović,1
3857277,Croatia,Lovro Majer,Luka Modrić,2
3857277,Croatia,Lovro Majer,Marko Livaja,2
3857277,Croatia,Mario Pašalić,Andrej Kramarić,1
3857277,Croatia,Mario Pašalić,Borna Sosa,3
3857277,Croatia,Mario Pašalić,Dejan Lovren,2
3857277,Croatia,Mario Pašalić,Josip Juranović,2
3857277,Croatia,Mario Pašalić,Joško Gvardiol,1
3857277,Croatia,Mario Pašalić,Luka Modrić,3
3857277,Croatia,Mario Pašalić,Marko Livaja,1
3857277,Croatia,Mario Pašalić,Mateo Kovačić,1
3857277,Croatia,Marko Livaja,Lovro Majer,2
3857277,Croatia,Marko Livaja,Mateo Kovačić,1
3857277,Croatia,Mateo Kovačić,Andrej Kramarić,3
3857277,Croatia,Mateo Kovačić,Borna Sosa,7
3857277,Croatia,Mateo Kovačić,Dejan Lovren,4
3857277,Croatia,Mateo Kovačić,Dominik Livaković,1
3857277,Croatia,Mateo Kovačić,Ivan Perišić,3
3857277,Croatia,Mateo Kovačić,Josip Juranović,1
3857277,Croatia,Mateo Kovačić,Joško Gvardiol,9
3857277,Croatia,Mateo Kovačić,Luka Modrić,9
3857277,Croatia,Mateo Kovačić,Marcelo Brozović,7
3857277,Croatia,Mateo Kovačić,Mario Pašalić,2
3857277,Croatia,Mateo Kovačić,Nikola Vlašić,2
3857277,Croatia,Mislav Oršić,Marko Livaja,1
3857277,Croatia,Josip Juranović,Andrej Kramarić,1
3857277,Croatia,Josip Juranović,Borna Sosa,1
3857277,Croatia,Josip Juranović,Dejan Lovren,15
3857277,Croatia,Josip Juranović,Ivan Perišić,1
3857277,Croatia,Josip Juranović,Joško Gvardiol,4
3857277,Croatia,Josip Juranović,Lovro Majer,1
3857277,Croatia,Josip Juranović,Luka Modrić,11
3857277,Croatia,Josip Juranović,Marcelo Brozović,8
3857277,Croatia,Josip Juranović,Mario Pašalić,1
3857277,Croatia,Josip Juranović,Marko Livaja,1
3857277,Croatia,Josip Juranović,Nikola Vlašić,1
3857277,Morocco,Abdelhamid Sabiri,Nayef Aguerd,2
3857277,Morocco,Abdelhamid Sabiri,Romain Saïss,1
3857277,Morocco,Abdelhamid Sabiri,Sofyan Amrabat,2
3857277,Morocco,Abdelhamid Sabiri,Yahia Attiyat allah,1
3857277,Morocco,Abdelhamid Sabiri,Yassine Bounou,1
3857277,Morocco,Nayef Aguerd,Achraf Hakimi Mouh,11
3857277,Morocco,Nayef Aguerd,Azzedine Ounahi,6
3857277,Morocco,Nayef Aguerd,Hakim Ziyech,4
3857277,Morocco,Nayef Aguerd,Romain Saïss,8
3857277,Morocco,Nayef Aguerd,Sofyan Amrabat,7
3857277,Morocco,Nayef Aguerd,Yahia Attiyat allah,1
3857277,Morocco,Nayef Aguerd,Yassine Bounou,3
3857277,Morocco,Nayef Aguerd,Youssef En-Nesyri,1
3857277,Morocco,Romain Saïss,Abdessamad Ezzalzouli,2
3857277,Morocco,Romain Saïss,Achraf Hakimi Mouh,1
3857277,Morocco,Romain Saïss,Azzedine Ounahi,1
3857277,Morocco,Romain Saïss,Hakim Ziyech,2
3857277,Morocco,Romain Saïss,Nayef Aguerd,13
3857277,Morocco,Romain Saïss,Noussair Mazraoui,5
3857277,Morocco,Romain Saïss,Selim Amallah,5
3857277,Morocco,Romain Saïss,Sofiane Boufal,8
3857277,Morocco,Romain Saïss,Sofyan Amrabat,3
3857277,Morocco,Romain Saïss,Yahia Attiyat allah,1
3857277,Morocco,Romain Saïss,Yassine Bounou,4
3857277,Morocco,Sofyan Amrabat,Abdelhamid Sabiri,3
3857277,Morocco,Sofyan Amrabat,Achraf Hakimi Mouh,4
3857277,Morocco,Sofyan Amrabat,Azzedine Ounahi,2
3857277,Morocco,Sofyan Amrabat,Hakim Ziyech,5
3857277,Morocco,Sofyan Amrabat,Nayef Aguerd,6
3857277,Morocco,Sofyan Amrabat,Noussair Mazraoui,1
3857277,Morocco,Sofyan Amrabat,Romain Saïss,10
3857277,Morocco,Sofyan Amrabat,Selim Amallah,3
3857277,Morocco,Sofyan Amrabat,Sofiane Boufal,2
3857277,Morocco,Sofyan Amrabat,Yahia Attiyat allah,2
3857277,Morocco,Sofyan Amrabat,Yassine Bounou,1
3857277,Morocco,Sofyan Amrabat,Youssef En-Nesyri,2
3857277,Morocco,Yahia Attiyat allah,Abdelhamid Sabiri,5
3857277,Morocco,Yahia Attiyat allah,Abderrazak Hamdallah,1
3857277,Morocco,Yahia Attiyat allah,Abdessamad Ezzalzouli,1
3857277,Morocco,Yahia Attiyat allah,Azzedine Ounahi,1
3857277,Morocco,Yahia Attiyat allah,Romain Saïss,2
3857277,Morocco,Yahia Attiyat allah,Sofyan Amrabat,2
3857277,Morocco,Yahia Attiyat allah,Yassine Bounou,1
3857277,Morocco,Yahia Attiyat allah,Youssef En-Nesyri,1
3857277,Morocco,Yassine Bounou,Abdelhamid Sabiri,1
3857277,Morocco,Yassine Bounou,Abdessamad Ezzalzouli,1
3857277,Morocco,Yassine Bounou,Achraf Hakimi Mouh,1
3857277,Morocco,Yassine Bounou,Nayef Aguerd,5
3857277,Morocco,Yassine Bounou,Romain Saïss,4
3857277,Morocco,Yassine Bounou,Selim Amallah,1
3857277,Morocco,Yassine Bounou,Sofyan Amrabat,4
3857277,Morocco,Yassine Bounou,Youssef En-Nesyri,3
3857277,Morocco,Achraf Hakimi Mouh,Abdelhamid Sabiri,1
3857277,Morocco,Achraf Hakimi Mouh,Azzedine Ounahi,12
3857277,Morocco,Achraf Hakimi Mouh,Hakim Ziyech,14
3857277,Morocco,Achraf Hakimi Mouh,Nayef Aguerd,5
3857277,Morocco,Achraf Hakimi Mouh,Selim Amallah,2
3857277,Morocco,Achraf Hakimi Mouh,Sofiane Boufal,1
3857277,Morocco,Achraf Hakimi Mouh,Sofyan Amrabat,7
3857277,Morocco,Achraf Hakimi Mouh,Youssef En-Nesyri,1
3857277,Morocco,Azzedine Ounahi,Achraf Hakimi Mouh,6
3857277,Morocco,Azzedine Ounahi,Hakim Ziyech,5
3857277,Morocco,Azzedine Ounahi,Nayef Aguerd,5
3857277,Morocco,Azzedine Ounahi,Romain Saïss,2
3857277,Morocco,Azzedine Ounahi,Selim Amallah,2
3857277,Morocco,Azzedine Ounahi,Sofiane Boufal,1
3857277,Morocco,Azzedine Ounahi,Yahia Attiyat allah,1
3857277,Morocco,Hakim Ziyech,Achraf Hakimi Mouh,6
3857277,Morocco,Hakim Ziyech,Azzedine Ounahi,6
3857277,Morocco,Hakim Ziyech,Romain Saïss,3
3857277,Morocco,Hakim Ziyech,Sofiane Boufal,1
3857277,Morocco,Hakim Ziyech,Sofyan Amrabat,3
3857277,Morocco,Hakim Ziyech,Yassine Bounou,1
3857277,Morocco,Selim Amallah,Achraf Hakimi Mouh,2
3857277,Morocco,Selim Amallah,Azzedine Ounahi,1
3857277,Morocco,Selim Amallah,Hakim Ziyech,2
3857277,Morocco,Selim Amallah,Romain Saïss,1
3857277,Morocco,Selim Amallah,Sofiane Boufal,1
3857277,Morocco,Selim Amallah,Sofyan Amrabat,1
3857277,Morocco,Selim Amallah,Yahia Attiyat allah,1
3857277,Morocco,Selim Amallah,Youssef En-Nesyri,1
3857277,Morocco,Sofiane Boufal,Achraf Hakimi Mouh,3
3857277,Morocco,Sofiane Boufal,Azzedine Ounahi,1
3857277,Morocco,Sofiane Boufal,Noussair Mazraoui,5
3857277,Morocco,Sofiane Boufal,Romain Saïss,2
3857277,Morocco,Sofiane Boufal,Selim Amallah,2
3857277,Morocco,Sofiane Boufal,Youssef En-Nesyri,1
3857277,Morocco,Youssef En-Nesyri,Azzedine Ounahi,1
3857277,Morocco,Youssef En-Nesyri,Selim Amallah,1
3857277,Morocco,Youssef En-Nesyri,Sofiane Boufal,3
3857277,Morocco,Youssef En-Nesyri,Sofyan Amrabat,2
3857277,Morocco,Noussair Mazraoui,Romain Saïss,8
3857277,Morocco,Noussair Mazraoui,Selim Amallah,2
3857277,Morocco,Noussair Mazraoui,Sofiane Boufal,4
3857277,Morocco,Noussair Mazraoui,Sofyan Amrabat,2
3857277,Morocco,Noussair Mazraoui,Youssef En-Nesyri,1
3857278,Iran,Abolfazl Jalali,Ali Karimi,4
3857278,Iran,Abolfazl Jalali,Mehdi Taremi,2
3857278,Iran,Abolfazl Jalali,Morteza Pouraliganji,9
3857278,Iran,Abolfazl Jalali,Saeid Ezatolahi Afagh,1
3857278,Iran,Abolfazl Jalali,Saman Ghoddos,3
3857278,Iran,Abolfazl Jalali,Seyed Majid Hosseini,2
3857278,Iran,Ali Karimi,Abolfazl Jalali,1
3857278,Iran,Ali Karimi,Ahmad Nourollahi,2
3857278,Iran,Ali Karimi,Ehsan Hajsafi,3
3857278,Iran,Ali Karimi,Mehdi Taremi,1
3857278,Iran,Ali Karimi,Mehdi Torabi,2
3857278,Iran,Ali Karimi,Morteza Pouraliganji,4
3857278,Iran,Ali Karimi,Ramin Rezaeian,7
3857278,Iran,Ali Karimi,Saeid Ezatolahi Afagh,5
3857278,Iran,Ali Karimi,Saman Ghoddos,2
3857278,Iran,Ali Karimi,Sardar Azmoun,1
3857278,Iran,Ali Karimi,Seyed Majid Hosseini,2
3857278,Iran,Mehdi Taremi,Ahmad Nourollahi,1
3857278,Iran,Mehdi Taremi,Ali Gholizadeh,3
3857278,Iran,Mehdi Taremi,Ali Karimi,4
3857278,Iran,Mehdi Taremi,Alireza Safar Beiranvand,1
3857278,Iran,Mehdi Taremi,Ehsan Hajsafi,4
3857278,Iran,Mehdi Taremi,Mehdi Torabi,1
3857278,Iran,Mehdi Taremi,Morteza Pouraliganji,1
3857278,Iran,Mehdi Taremi,Ramin Rezaeian,4
3857278,Iran,Mehdi Taremi,Saeid Ezatolahi Afagh,2
3857278,Iran,Mehdi Taremi,Saman Ghoddos,2
3857278,Iran,Mehdi Taremi,Sardar Azmoun,2
3857278,Iran,Mehdi Taremi,Seyed Majid Hosseini,2
3857278,Iran,Morteza Pouraliganji,Abolfazl Jalali,6
3857278,Iran,Morteza Pouraliganji,Ali Karimi,2
3857278,Iran,Morteza Pouraliganji,Alireza Safar Beiranvand,9
3857278,Iran,Morteza Pouraliganji,Ehsan Hajsafi,7
3857278,Iran,Morteza Pouraliganji,Mehdi Taremi,4
3857278,Iran,Morteza Pouraliganji,Mehdi Torabi,1
3857278,Iran,Morteza Pouraliganji,Milad Mohammadi,8
3857278,Iran,Morteza Pouraliganji,Ramin Rezaeian,3
3857278,Iran,Morteza Pouraliganji,Saeid Ezatolahi Afagh,4
3857278,Iran,Morteza Pouraliganji,Saman Ghoddos,1
3857278,Iran,Morteza Pouraliganji,Seyed Majid Hosseini,15
3857278,Iran,Saeid Ezatolahi Afagh,Abolfazl Jalali,2
3857278,Iran,Saeid Ezatolahi Afagh,Ahmad Nourollahi,1
3857278,Iran,Saeid Ezatolahi Afagh,Ali Karimi,5
3857278,Iran,Saeid Ezatolahi Afagh,Ehsan Hajsafi,5
3857278,Iran,Saeid Ezatolahi Afagh,Karim Ansarifard,1
3857278,Iran,Saeid Ezatolahi Afagh,Mehdi Taremi,5
3857278,Iran,Saeid Ezatolahi Afagh,Mehdi Torabi,2
3857278,Iran,Saeid Ezatolahi Afagh,Milad Mohammadi,3
3857278,Iran,Saeid Ezatolahi Afagh,Morteza Pouraliganji,5
3857278,Iran,Saeid Ezatolahi Afagh,Ramin Rezaeian,5
3857278,Iran,Saeid Ezatolahi Afagh,Saman Ghoddos,4
3857278,Iran,Saeid Ezatolahi Afagh,Sardar Azmoun,1
3857278,Iran,Saeid Ezatolahi Afagh,Seyed Majid Hosseini,5
3857278,Iran,Saman Ghoddos,Abolfazl Jalali,6
3857278,Iran,Saman Ghoddos,Ali Karimi,2
3857278,Iran,Saman Ghoddos,Ehsan Hajsafi,1
3857278,Iran,Saman Ghoddos,Morteza Pouraliganji,1
3857278,Iran,Saman Ghoddos,Saeid Ezatolahi Afagh,4
3857278,Iran,Saman Ghoddos,Seyed Majid Hosseini,1
3857278,Iran,Seyed Majid Hosseini,Abolfazl Jalali,3
3857278,Iran,Seyed Majid Hosseini,Ahmad Nourollahi,1
3857278,Iran,Seyed Majid Hosseini,Ali Gholizadeh,2
3857278,Iran,Seyed Majid Hosseini,Ali Karimi,1
3857278,Iran,Seyed Majid Hosseini,Alireza Safar Beiranvand,3
3857278,Iran,Seyed Majid Hosseini,Ehsan Hajsafi,1
3857278,Iran,Seyed Majid Hosseini,Karim Ansarifard,1
3857278,Iran,Seyed Majid Hosseini,Mehdi Taremi,2
3857278,Iran,Seyed Majid Hosseini,Mehdi Torabi,2
3857278,Iran,Seyed Majid Hosseini,Morteza Pouraliganji,19
3857278,Iran,Seyed Majid Hosseini,Ramin Rezaeian,11
3857278,Iran,Seyed Majid Hosseini,Saeid Ezatolahi Afagh,5
3857278,Iran,Ahmad Nourollahi,Ali Gholizadeh,2
3857278,Iran,Ahmad Nourollahi,Ali Karimi,1
3857278,Iran,Ahmad Nourollahi,Ehsan Hajsafi,2
3857278,Iran,Ahmad Nourollahi,Mehdi Taremi,3
3857278,Iran,Ahmad Nourollahi,Ramin Rezaeian,3
3857278,Iran,Ahmad Nourollahi,Saeid Ezatolahi Afagh,1
3857278,Iran,Ahmad Nourollahi,Saman Ghoddos,2
3857278,Iran,Ali Gholizadeh,Ahmad Nourollahi,2
3857278,Iran,Ali Gholizadeh,Ali Karimi,1
3857278,Iran,Ali Gholizadeh,Mehdi Taremi,2
3857278,Iran,Ali Gholizadeh,Ramin Rezaeian,4
3857278,Iran,Ali Gholizadeh,Saeid Ezatolahi Afagh,4
3857278,Iran,Ali Gholizadeh,Sardar Azmoun,2
3857278,Iran,Ali Gholizadeh,Seyed Majid Hosseini,1
3857278,Iran,Ehsan Hajsafi,Ahmad Nourollahi,3
3857278,Iran,Ehsan Hajsafi,Ali Karimi,1
3857278,Iran,Ehsan Hajsafi,Mehdi Taremi,6
3857278,Iran,Ehsan Hajsafi,Milad Mohammadi,1
3857278,Iran,Ehsan Hajsafi,Morteza Pouraliganji,5
3857278,Iran,Ehsan Hajsafi,Ramin Rezaeian,1
3857278,Iran,Ehsan Hajsafi,Saeid Ezatolahi Afagh,6
3857278,Iran,Ehsan Hajsafi,Saman Ghoddos,4
3857278,Iran,Ramin Rezaeian,Ahmad Nourollahi,1
3857278,Iran,Ramin Rezaeian,Ali Gholizadeh,6
3857278,Iran,Ramin Rezaeian,Ali Karimi,4
3857278,Iran,Ramin Rezaeian,Alireza Safar Beiranvand,3
3857278,Iran,Ramin Rezaeian,Ehsan Hajsafi,2
3857278,Iran,Ramin Rezaeian,Mehdi Taremi,2
3857278,Iran,Ramin Rezaeian,Mehdi Torabi,6
3857278,Iran,Ramin Rezaeian,Morteza Pouraliganji,4
3857278,Iran,Ramin Rezaeian,Saeid Ezatolahi Afagh,3
3857278,Iran,Ramin Rezaeian,Saman Ghoddos,1
3857278,Iran,Ramin Rezaeian,Sardar Azmoun,4
3857278,Iran,Ramin Rezaeian,Seyed Majid Hosseini,3
3857278,Iran,Sardar Azmoun,Ahmad Nourollahi,1
3857278,Iran,Sardar Azmoun,Mehdi Taremi,3
3857278,Iran,Sardar Azmoun,Ramin Rezaeian,2
3857278,Iran,Mehdi Torabi,Abolfazl Jalali,1
3857278,Iran,Mehdi Torabi,Ali Karimi,1
3857278,Iran,Mehdi Torabi,Karim Ansarifard,1
3857278,Iran,Mehdi Torabi,Mehdi Taremi,1
3857278,Iran,Mehdi Torabi,Morteza Pouraliganji,2
3857278,Iran,Mehdi Torabi,Ramin Rezaeian,1
3857278,Iran,Mehdi Torabi,Saeid Ezatolahi Afagh,4
3857278,Iran,Mehdi Torabi,Saman Ghoddos,2
3857278,Iran,Mehdi Torabi,Seyed Majid Hosseini,3
3857278,Iran,Alireza Safar Beiranvand,Ahmad Nourollahi,1
3857278,Iran,Alireza Safar Beiranvand,Ali Karimi,1
3857278,Iran,Alireza Safar Beiranvand,Mehdi Taremi,3
3857278,Iran,Alireza Safar Beiranvand,Morteza Pouraliganji,4
3857278,Iran,Alireza Safar Beiranvand,Saeid Ezatolahi Afagh,3
3857278,Iran,Alireza Safar Beiranvand,Sardar Azmoun,1
3857278,Iran,Alireza Safar Beiranvand,Seyed Majid Hosseini,8
3857278,Iran,Milad Mohammadi,Ehsan Hajsafi,5
3857278,Iran,Milad Mohammadi,Mehdi Taremi,2
3857278,Iran,Milad Mohammadi,Morteza Pouraliganji,5
3857278,Iran,Milad Mohammadi,Saeid Ezatolahi Afagh,1
3857278,Iran,Karim Ansarifard,Mehdi Taremi,1
3857278,Iran,Karim Ansarifard,Saeid Ezatolahi Afagh,1
3857278,United States,Antonee Robinson,Brenden Aaronson,2
3857278,United States,Antonee Robinson,Cameron Carter-Vickers,2
3857278,United States,Antonee Robinson,Christian Pulisic,2
3857278,United States,Antonee Robinson,Haji Wright,3
3857278,United States,Antonee Robinson,Joshua Sargent,2
3857278,United States,Antonee Robinson,Kellyn Kai Perry-Acosta,1
3857278,United States,Antonee Robinson,Matthew Charles Turner,3
3857278,United States,Antonee Robinson,Sergino Dest,3
3857278,United States,Antonee Robinson,Tim Ream,8
3857278,United States,Antonee Robinson,Timothy Weah,1
3857278,United States,Antonee Robinson,Tyler Adams,4
3857278,United States,Antonee Robinson,Weston McKennie,3
3857278,United States,Antonee Robinson,Yunus Dimoara Musah,2
3857278,United States,Brenden Aaronson,Antonee Robinson,2
3857278,United States,Brenden Aaronson,Haji Wright,1
3857278,United States,Brenden Aaronson,Joshua Sargent,1
3857278,United States,Brenden Aaronson,Shaquell Moore,1
3857278,United States,Brenden Aaronson,Timothy Weah,1
3857278,United States,Brenden Aaronson,Tyler Adams,1
3857278,United States,Cameron Carter-Vickers,Antonee Robinson,1
3857278,United States,Cameron Carter-Vickers,Joshua Sargent,1
3857278,United States,Cameron Carter-Vickers,Matthew Charles Turner,6
3857278,United States,Cameron Carter-Vickers,Sergino Dest,5
3857278,United States,Cameron Carter-Vickers,Shaquell Moore,1
3857278,United States,Cameron Carter-Vickers,Tim Ream,13
3857278,United States,Cameron Carter-Vickers,Timothy Weah,4
3857278,United States,Cameron Carter-Vickers,Tyler Adams,9
3857278,United States,Cameron Carter-Vickers,Yunus Dimoara Musah,10
3857278,United States,Christian Pulisic,Antonee Robinson,4
3857278,United States,Christian Pulisic,Joshua Sargent,1
3857278,United States,Christian Pulisic,Sergino Dest,2
3857278,United States,Christian Pulisic,Tim Ream,2
3857278,United States,Christian Pulisic,Tyler Adams,1
3857278,United States,Christian Pulisic,Weston McKennie,1
3857278,United States,Christian Pulisic,Yunus Dimoara Musah,1
3857278,United States,Haji Wright,Brenden Aaronson,1
3857278,United States,Joshua Sargent,Brenden Aaronson,1
3857278,United States,Joshua Sargent,Cameron Carter-Vickers,1
3857278,United States,Joshua Sargent,Christian Pulisic,4
3857278,United States,Joshua Sargent,Sergino Dest,3
3857278,United States,Joshua Sargent,Tim Ream,1
3857278,United States,Joshua Sargent,Timothy Weah,5
3857278,United States,Joshua Sargent,Tyler Adams,1
3857278,United States,Joshua Sargent,Weston McKennie,2
3857278,United States,Joshua Sargent,Yunus Dimoara Musah,1
3857278,United States,Kellyn Kai Perry-Acosta,Antonee Robinson,1
3857278,United States,Kellyn Kai Perry-Acosta,Joshua Sargent,1
3857278,United States,Kellyn Kai Perry-Acosta,Tim Ream,1
3857278,United States,Matthew Charles Turner,Antonee Robinson,1
3857278,United States,Matthew Charles Turner,Cameron Carter-Vickers,5
3857278,United States,Matthew Charles Turner,Haji Wright,2
3857278,United States,Matthew Charles Turner,Joshua Sargent,1
3857278,United States,Matthew Charles Turner,Sergino Dest,2
3857278,United States,Matthew Charles Turner,Tim Ream,11
3857278,United States,Matthew Charles Turner,Timothy Weah,2
3857278,United States,Matthew Charles Turner,Tyler Adams,1
3857278,United States,Matthew Charles Turner,Weston McKennie,2
3857278,United States,Matthew Charles Turner,Yunus Dimoara Musah,2
3857278,United States,Sergino Dest,Antonee Robinson,1
3857278,United States,Sergino Dest,Brenden Aaronson,1
3857278,United States,Sergino Dest,Cameron Carter-Vickers,4
3857278,United States,Sergino Dest,Christian Pulisic,2
3857278,United States,Sergino Dest,Joshua Sargent,3
3857278,United States,Sergino Dest,Kellyn Kai Perry-Acosta,1
3857278,United States,Sergino Dest,Matthew Charles Turner,1
3857278,United States,Sergino Dest,Tim Ream,1
3857278,United States,Sergino Dest,Timothy Weah,8
3857278,United States,Sergino Dest,Tyler Adams,10
3857278,United States,Sergino Dest,Weston McKennie,1
3857278,United States,Sergino Dest,Yunus Dimoara Musah,10
3857278,United States,Tim Ream,Antonee Robinson,8
3857278,United States,Tim Ream,Brenden Aaronson,4
3857278,United States,Tim Ream,Cameron Carter-Vickers,13
3857278,United States,Tim Ream,Christian Pulisic,3
3857278,United States,Tim Ream,Joshua Sargent,1
3857278,United States,Tim Ream,Matthew Charles Turner,3
3857278,United States,Tim Ream,Sergino Dest,4
3857278,United States,Tim Ream,Tyler Adams,7
3857278,United States,Tim Ream,Weston McKennie,8
3857278,United States,Tim Ream,Yunus Dimoara Musah,3
3857278,United States,Timothy Weah,Cameron Carter-Vickers,1
3857278,United States,Timothy Weah,Christian Pulisic,1
3857278,United States,Timothy Weah,Joshua Sargent,3
3857278,United States,Timothy Weah,Sergino Dest,9
3857278,United States,Timothy Weah,Tyler Adams,2
3857278,United States,Timothy Weah,Weston McKennie,2
3857278,United States,Timothy Weah,Yunus Dimoara Musah,9
3857278,United States,Tyler Adams,Antonee Robinson,10
3857278,United States,Tyler Adams,Brenden Aaronson,2
3857278,United States,Tyler Adams,Cameron Carter-Vickers,10
3857278,United States,Tyler Adams,Christian Pulisic,1
3857278,United States,Tyler Adams,Joshua Sargent,3
3857278,United States,Tyler Adams,Matthew Charles Turner,2
3857278,United States,Tyler Adams,Sergino Dest,3
3857278,United States,Tyler Adams,Shaquell Moore,2
3857278,United States,Tyler Adams,Tim Ream,7
3857278,United States,Tyler Adams,Timothy Weah,4
3857278,United States,Tyler Adams,Weston McKennie,15
3857278,United States,Tyler Adams,Yunus Dimoara Musah,4
3857278,United States,Weston McKennie,Antonee Robinson,7
3857278,United States,Weston McKennie,Brenden Aaronson,1
3857278,United States,Weston McKennie,Cameron Carter-Vickers,3
3857278,United States,Weston McKennie,Christian Pulisic,3
3857278,United States,Weston McKennie,Joshua Sargent,6
3857278,United States,Weston McKennie,Sergino Dest,2
3857278,United States,Weston McKennie,Tim Ream,1
3857278,United States,Weston McKennie,Timothy Weah,1
3857278,United States,Weston McKennie,Tyler Adams,5
3857278,United States,Weston McKennie,Yunus Dimoara Musah,2
3857278,United States,Yunus Dimoara Musah,Antonee Robinson,4
3857278,United States,Yunus Dimoara Musah,Brenden Aaronson,2
3857278,United States,Yunus Dimoara Musah,Cameron Carter-Vickers,3
3857278,United States,Yunus Dimoara Musah,Christian Pulisic,1
3857278,United States,Yunus Dimoara Musah,Joshua Sargent,2
3857278,United States,Yunus Dimoara Musah,Sergino Dest,15
3857278,United States,Yunus Dimoara Musah,Tim Ream,2
3857278,United States,Yunus Dimoara Musah,Timothy Weah,7
3857278,United States,Yunus Dimoara Musah,Tyler Adams,8
3857278,United States,Yunus Dimoara Musah,Weston McKennie,3
3857278,United States,Shaquell Moore,Haji Wright,1
3857278,United States,Shaquell Moore,Yunus Dimoara Musah,1
3857278,United States,Walker Zimmerman,Haji Wright,1
3857278,United States,Walker Zimmerman,Kellyn Kai Perry-Acosta,1
3857279,Australia,Aaron Mooy,Awer Denis Bul Mabil,2
3857279,Australia,Aaron Mooy,Aziz Eraltay Behich,9
3857279,Australia,Aaron Mooy,Craig Goodwin,1
3857279,Australia,Aaron Mooy,Garang Kuol,3
3857279,Australia,Aaron Mooy,Harry Souttar,6
3857279,Australia,Aaron Mooy,Jackson Irvine,5
3857279,Australia,Aaron Mooy,Jason Cummings,2
3857279,Australia,Aaron Mooy,Keanu Baccus,1
3857279,Australia,Aaron Mooy,Kye Rowles,13
3857279,Australia,Aaron Mooy,Mathew Leckie,6
3857279,Australia,Aaron Mooy,Miloš Degenek,2
3857279,Australia,Aaron Mooy,Mitchell Thomas Duke,2
3857279,Australia,Aaron Mooy,Nathaniel Atkinson,2
3857279,Australia,Aaron Mooy,Riley McGree,4
3857279,Australia,Awer Denis Bul Mabil,Aaron Mooy,2
3857279,Australia,Awer Denis Bul Mabil,Aziz Eraltay Behich,3
3857279,Australia,Awer Denis Bul Mabil,Keanu Baccus,1
3857279,Australia,Awer Denis Bul Mabil,Kye Rowles,1
3857279,Australia,Awer Denis Bul Mabil,Miloš Degenek,2
3857279,Australia,Aziz Eraltay Behich,Aaron Mooy,12
3857279,Australia,Aziz Eraltay Behich,Awer Denis Bul Mabil,4
3857279,Australia,Aziz Eraltay Behich,Craig Goodwin,5
3857279,Australia,Aziz Eraltay Behich,Harry Souttar,2
3857279,Australia,Aziz Eraltay Behich,Jackson Irvine,2
3857279,Australia,Aziz Eraltay Behich,Kye Rowles,20
3857279,Australia,Aziz Eraltay Behich,Mathew Leckie,1
3857279,Australia,Aziz Eraltay Behich,Mathew Ryan,5
3857279,Australia,Aziz Eraltay Behich,Mitchell Thomas Duke,1
3857279,Australia,Aziz Eraltay Behich,Riley McGree,3
3857279,Australia,Craig Goodwin,Aaron Mooy,2
3857279,Australia,Craig Goodwin,Aziz Eraltay Behich,8
3857279,Australia,Craig Goodwin,Jackson Irvine,1
3857279,Australia,Craig Goodwin,Kye Rowles,2
3857279,Australia,Craig Goodwin,Mathew Leckie,1
3857279,Australia,Craig Goodwin,Riley McGree,4
3857279,Australia,Garang Kuol,Aaron Mooy,1
3857279,Australia,Garang Kuol,Mathew Leckie,1
3857279,Australia,Harry Souttar,Aaron Mooy,10
3857279,Australia,Harry Souttar,Jackson Irvine,7
3857279,Australia,Harry Souttar,Kye Rowles,11
3857279,Australia,Harry Souttar,Mathew Leckie,4
3857279,Australia,Harry Souttar,Mathew Ryan,2
3857279,Australia,Harry Souttar,Miloš Degenek,3
3857279,Australia,Harry Souttar,Mitchell Thomas Duke,2
3857279,Australia,Harry Souttar,Nathaniel Atkinson,3
3857279,Australia,Harry Souttar,Riley McGree,1
3857279,Australia,Jackson Irvine,Aaron Mooy,2
3857279,Australia,Jackson Irvine,Aziz Eraltay Behich,1
3857279,Australia,Jackson Irvine,Craig Goodwin,2
3857279,Australia,Jackson Irvine,Harry Souttar,6
3857279,Australia,Jackson Irvine,Jason Cummings,2
3857279,Australia,Jackson Irvine,Kye Rowles,3
3857279,Australia,Jackson Irvine,Mathew Leckie,3
3857279,Australia,Jackson Irvine,Mathew Ryan,1
3857279,Australia,Jackson Irvine,Nathaniel Atkinson,6
3857279,Australia,Jackson Irvine,Riley McGree,2
3857279,Australia,Jason Cummings,Aaron Mooy,1
3857279,Australia,Jason Cummings,Aziz Eraltay Behich,1
3857279,Australia,Jason Cummings,Mathew Leckie,1
3857279,Australia,Jason Cummings,Nathaniel Atkinson,1
3857279,Australia,Keanu Baccus,Aaron Mooy,2
3857279,Australia,Keanu Baccus,Aziz Eraltay Behich,2
3857279,Australia,Keanu Baccus,Mathew Leckie,1
3857279,Australia,Keanu Baccus,Miloš Degenek,1
3857279,Australia,Kye Rowles,Aaron Mooy,8
3857279,Australia,Kye Rowles,Aziz Eraltay Behich,13
3857279,Australia,Kye Rowles,Craig Goodwin,4
3857279,Australia,Kye Rowles,Harry Souttar,18
3857279,Australia,Kye Rowles,Jackson Irvine,3
3857279,Australia,Kye Rowles,Keanu Baccus,2
3857279,Australia,Kye Rowles,Mathew Ryan,6
3857279,Australia,Kye Rowles,Nathaniel Atkinson,1
3857279,Australia,Kye Rowles,Riley McGree,4
3857279,Australia,Mathew Leckie,Aaron Mooy,4
3857279,Australia,Mathew Leckie,Awer Denis Bul Mabil,1
3857279,Australia,Mathew Leckie,Aziz Eraltay Behich,2
3857279,Australia,Mathew Leckie,Craig Goodwin,1
3857279,Australia,Mathew Leckie,Jackson Irvine,6
3857279,Australia,Mathew Leckie,Keanu Baccus,1
3857279,Australia,Mathew Leckie,Mitchell Thomas Duke,1
3857279,Australia,Mathew Leckie,Nathaniel Atkinson,5
3857279,Australia,Miloš Degenek,Aaron Mooy,1
3857279,Australia,Miloš Degenek,Awer Denis Bul Mabil,5
3857279,Australia,Miloš Degenek,Harry Souttar,2
3857279,Australia,Miloš Degenek,Keanu Baccus,1
3857279,Australia,Miloš Degenek,Kye Rowles,1
3857279,Australia,Mitchell Thomas Duke,Aaron Mooy,2
3857279,Australia,Mitchell Thomas Duke,Harry Souttar,1
3857279,Australia,Mitchell Thomas Duke,Mathew Leckie,2
3857279,Australia,Mitchell Thomas Duke,Mathew Ryan,1
3857279,Australia,Mitchell Thomas Duke,Riley McGree,1
3857279,Australia,Nathaniel Atkinson,Aaron Mooy,7
3857279,Australia,Nathaniel Atkinson,Aziz Eraltay Behich,3
3857279,Australia,Nathaniel Atkinson,Garang Kuol,1
3857279,Australia,Nathaniel Atkinson,Harry Souttar,6
3857279,Australia,Nathaniel Atkinson,Jackson Irvine,4
3857279,Australia,Nathaniel Atkinson,Mathew Leckie,6
3857279,Australia,Nathaniel Atkinson,Mathew Ryan,1
3857279,Australia,Nathaniel Atkinson,Mitchell Thomas Duke,2
3857279,Australia,Riley McGree,Aaron Mooy,1
3857279,Australia,Riley McGree,Aziz Eraltay Behich,3
3857279,Australia,Riley McGree,Craig Goodwin,7
3857279,Australia,Riley McGree,Harry Souttar,1
3857279,Australia,Riley McGree,Jackson Irvine,3
3857279,Australia,Riley McGree,Kye Rowles,1
3857279,Australia,Riley McGree,Mitchell Thomas Duke,2
3857279,Australia,Mathew Ryan,Aaron Mooy,5
3857279,Australia,Mathew Ryan,Aziz Eraltay Behich,4
3857279,Australia,Mathew Ryan,Craig Goodwin,1
3857279,Australia,Mathew Ryan,Harry Souttar,2
3857279,Australia,Mathew Ryan,Jackson Irvine,2
3857279,Australia,Mathew Ryan,Kye Rowles,4
3857279,Australia,Mathew Ryan,Mathew Leckie,5
3857279,Australia,Mathew Ryan,Miloš Degenek,1
3857279,Australia,Mathew Ryan,Nathaniel Atkinson,2
3857279,France,Adrien Rabiot,Antoine Griezmann,6
3857279,France,Adrien Rabiot,Aurélien Djani Tchouaméni,6
3857279,France,Adrien Rabiot,Benjamin Pavard,7
3857279,France,Adrien Rabiot,Dayotchanculle Upamecano,10
3857279,France,Adrien Rabiot,Ibrahima Konaté,8
3857279,France,Adrien Rabiot,Jules Koundé,2
3857279,France,Adrien Rabiot,Kingsley Coman,2
3857279,France,Adrien Rabiot,Kylian Mbappé Lottin,9
3857279,France,Adrien Rabiot,Olivier Giroud,1
3857279,France,Adrien Rabiot,Ousmane Dembélé,3
3857279,France,Adrien Rabiot,Theo Bernard François Hernández,5
3857279,France,Adrien Rabiot,Youssouf Fofana,2
3857279,France,Antoine Griezmann,Adrien Rabiot,7
3857279,France,Antoine Griezmann,Aurélien Djani Tchouaméni,4
3857279,France,Antoine Griezmann,Benjamin Pavard,9
3857279,France,Antoine Griezmann,Dayotchanculle Upamecano,11
3857279,France,Antoine Griezmann,Ibrahima Konaté,9
3857279,France,Antoine Griezmann,Jules Koundé,2
3857279,France,Antoine Griezmann,Kingsley Coman,1
3857279,France,Antoine Griezmann,Kylian Mbappé Lottin,11
3857279,France,Antoine Griezmann,Olivier Giroud,2
3857279,France,Antoine Griezmann,Ousmane Dembélé,3
3857279,France,Antoine Griezmann,Theo Bernard François Hernández,5
3857279,France,Antoine Griezmann,Youssouf Fofana,2
3857279,France,Aurélien Djani Tchouaméni,Adrien Rabiot,10
3857279,France,Aurélien Djani Tchouaméni,Antoine Griezmann,7
3857279,France,Aurélien Djani Tchouaméni,Benjamin Pavard,10
3857279,France,Aurélien Djani Tchouaméni,Dayotchanculle Upamecano,12
3857279,France,Aurélien Djani Tchouaméni,Ibrahima Konaté,11
3857279,France,Aurélien Djani Tchouaméni,Kylian Mbappé Lottin,6
3857279,France,Aurélien Djani Tchouaméni,Lucas Hernández Pi,1
3857279,France,Aurélien Djani Tchouaméni,Olivier Giroud,3
3857279,France,Aurélien Djani Tchouaméni,Ousmane Dembélé,5
3857279,France,Aurélien Djani Tchouaméni,Theo Bernard François Hernández,9
3857279,France,Benjamin Pavard,Adrien Rabiot,5
3857279,France,Benjamin Pavard,Antoine Griezmann,11
3857279,France,Benjamin Pavard,Aurélien Djani Tchouaméni,10
3857279,France,Benjamin Pavard,Dayotchanculle Upamecano,10
3857279,France,Benjamin Pavard,Hugo Lloris,1
3857279,France,Benjamin Pavard,Ibrahima Konaté,23
3857279,France,Benjamin Pavard,Kingsley Coman,3
3857279,France,Benjamin Pavard,Olivier Giroud,2
3857279,France,Benjamin Pavard,Ousmane Dembélé,15
3857279,France,Benjamin Pavard,Youssouf Fofana,1
3857279,France,Dayotchanculle Upamecano,Adrien Rabiot,16
3857279,France,Dayotchanculle Upamecano,Antoine Griezmann,11
3857279,France,Dayotchanculle Upamecano,Aurélien Djani Tchouaméni,17
3857279,France,Dayotchanculle Upamecano,Benjamin Pavard,7
3857279,France,Dayotchanculle Upamecano,Hugo Lloris,4
3857279,France,Dayotchanculle Upamecano,Ibrahima Konaté,20
3857279,France,Dayotchanculle Upamecano,Kylian Mbappé Lottin,8
3857279,France,Dayotchanculle Upamecano,Lucas Hernández Pi,2
3857279,France,Dayotchanculle Upamecano,Olivier Giroud,2
3857279,France,Dayotchanculle Upamecano,Ousmane Dembélé,1
3857279,France,Dayotchanculle Upamecano,Theo Bernard François Hernández,20
3857279,France,Dayotchanculle Upamecano,Youssouf Fofana,4
3857279,France,Ibrahima Konaté,Adrien Rabiot,8
3857279,France,Ibrahima Konaté,Antoine Griezmann,8
3857279,France,Ibrahima Konaté,Aurélien Djani Tchouaméni,9
3857279,France,Ibrahima Konaté,Benjamin Pavard,22
3857279,France,Ibrahima Konaté,Dayotchanculle Upamecano,24
3857279,France,Ibrahima Konaté,Hugo Lloris,3
3857279,France,Ibrahima Konaté,Kingsley Coman,2
3857279,France,Ibrahima Konaté,Kylian Mbappé Lottin,2
3857279,France,Ibrahima Konaté,Ousmane Dembélé,4
3857279,France,Ibrahima Konaté,Theo Bernard François Hernández,2
3857279,France,Ibrahima Konaté,Youssouf Fofana,3
3857279,France,Jules Koundé,Adrien Rabiot,1
3857279,France,Jules Koundé,Antoine Griezmann,1
3857279,France,Jules Koundé,Hugo Lloris,2
3857279,France,Jules Koundé,Ibrahima Konaté,1
3857279,France,Jules Koundé,Kingsley Coman,1
3857279,France,Jules Koundé,Youssouf Fofana,1
3857279,France,Kingsley Coman,Adrien Rabiot,1
3857279,France,Kingsley Coman,Antoine Griezmann,2
3857279,France,Kingsley Coman,Benjamin Pavard,3
3857279,France,Kingsley Coman,Dayotchanculle Upamecano,1
3857279,France,Kingsley Coman,Ibrahima Konaté,1
3857279,France,Kingsley Coman,Kylian Mbappé Lottin,1
3857279,France,Kingsley Coman,Youssouf Fofana,3
3857279,France,Kylian Mbappé Lottin,Adrien Rabiot,6
3857279,France,Kylian Mbappé Lottin,Antoine Griezmann,9
3857279,France,Kylian Mbappé Lottin,Aurélien Djani Tchouaméni,3
3857279,France,Kylian Mbappé Lottin,Benjamin Pavard,2
3857279,France,Kylian Mbappé Lottin,Dayotchanculle Upamecano,3
3857279,France,Kylian Mbappé Lottin,Ibrahima Konaté,1
3857279,France,Kylian Mbappé Lottin,Kingsley Coman,1
3857279,France,Kylian Mbappé Lottin,Lucas Hernández Pi,3
3857279,France,Kylian Mbappé Lottin,Olivier Giroud,2
3857279,France,Kylian Mbappé Lottin,Ousmane Dembélé,2
3857279,France,Kylian Mbappé Lottin,Theo Bernard François Hernández,9
3857279,France,Kylian Mbappé Lottin,Youssouf Fofana,1
3857279,France,Olivier Giroud,Antoine Griezmann,2
3857279,France,Olivier Giroud,Aurélien Djani Tchouaméni,5
3857279,France,Olivier Giroud,Kylian Mbappé Lottin,1
3857279,France,Olivier Giroud,Theo Bernard François Hernández,2
3857279,France,Ousmane Dembélé,Adrien Rabiot,1
3857279,France,Ousmane Dembélé,Antoine Griezmann,5
3857279,France,Ousmane Dembélé,Aurélien Djani Tchouaméni,2
3857279,France,Ousmane Dembélé,Benjamin Pavard,7
3857279,France,Ousmane Dembélé,Ibrahima Konaté,3
3857279,France,Ousmane Dembélé,Kylian Mbappé Lottin,6
3857279,France,Ousmane Dembélé,Theo Bernard François Hernández,1
3857279,France,Theo Bernard François Hernández,Adrien Rabiot,4
3857279,France,Theo Bernard François Hernández,Antoine Griezmann,3
3857279,France,Theo Bernard François Hernández,Aurélien Djani Tchouaméni,13
3857279,France,Theo Bernard François Hernández,Dayotchanculle Upamecano,20
3857279,France,Theo Bernard François Hernández,Hugo Lloris,1
3857279,France,Theo Bernard François Hernández,Ibrahima Konaté,1
3857279,France,Theo Bernard François Hernández,Kylian Mbappé Lottin,16
3857279,France,Theo Bernard François Hernández,Olivier Giroud,2
3857279,France,Youssouf Fofana,Adrien Rabiot,1
3857279,France,Youssouf Fofana,Antoine Griezmann,3
3857279,France,Youssouf Fofana,Benjamin Pavard,2
3857279,France,Youssouf Fofana,Dayotchanculle Upamecano,5
3857279,France,Youssouf Fofana,Ibrahima Konaté,3
3857279,France,Youssouf Fofana,Jules Koundé,1
3857279,France,Youssouf Fofana,Kingsley Coman,3
3857279,France,Lucas Hernández Pi,Dayotchanculle Upamecano,3
3857279,France,Lucas Hernández Pi,Kylian Mbappé Lottin,3
3857279,France,Hugo Lloris,Adrien Rabiot,1
3857279,France,Hugo Lloris,Antoine Griezmann,2
3857279,France,Hugo Lloris,Aurélien Djani Tchouaméni,2
3857279,France,Hugo Lloris,Benjamin Pavard,1
3857279,France,Hugo Lloris,Dayotchanculle Upamecano,4
3857279,France,Hugo Lloris,Ibrahima Konaté,8
3857279,France,Hugo Lloris,Theo Bernard François Hernández,1
3857280,Brazil,Alex Nicolao Telles,Ederson Santana de Moraes,1
3857280,Brazil,Alex Nicolao Telles,Frederico Rodrigues Santos,1
3857280,Brazil,Alex Nicolao Telles,Fábio Henrique Tavares,2
3857280,Brazil,Alex Nicolao Telles,Gabriel Fernando de Jesus,1
3857280,Brazil,Alex Nicolao Telles,Gabriel Teodoro Martinelli Silva,6
3857280,Brazil,Alex Nicolao Telles,Gleison Bremer Silva Nascimento,12
3857280,Brazil,Alex Nicolao Telles,Rodrygo Silva de Goes,1
3857280,Brazil,Alex Nicolao Telles,Éder Gabriel Militão,1
3857280,Brazil,Ederson Santana de Moraes,Alex Nicolao Telles,1
3857280,Brazil,Ederson Santana de Moraes,Antony Matheus dos Santos,1
3857280,Brazil,Ederson Santana de Moraes,Bruno Guimarães Rodriguez Moura,1
3857280,Brazil,Ederson Santana de Moraes,Daniel Alves da Silva,2
3857280,Brazil,Ederson Santana de Moraes,Frederico Rodrigues Santos,3
3857280,Brazil,Ederson Santana de Moraes,Fábio Henrique Tavares,1
3857280,Brazil,Ederson Santana de Moraes,Gabriel Fernando de Jesus,1
3857280,Brazil,Ederson Santana de Moraes,Gleison Bremer Silva Nascimento,5
3857280,Brazil,Ederson Santana de Moraes,Marcos Aoás Corrêa,2
3857280,Brazil,Ederson Santana de Moraes,Rodrygo Silva de Goes,3
3857280,Brazil,Ederson Santana de Moraes,Éder Gabriel Militão,7
3857280,Brazil,Ederson Santana de Moraes,Éverton Augusto de Barros Ribeiro,1
3857280,Brazil,Frederico Rodrigues Santos,Antony Matheus dos Santos,10
3857280,Brazil,Frederico Rodrigues Santos,Daniel Alves da Silva,6
3857280,Brazil,Frederico Rodrigues Santos,Fábio Henrique Tavares,2
3857280,Brazil,Frederico Rodrigues Santos,Gabriel Fernando de Jesus,1
3857280,Brazil,Frederico Rodrigues Santos,Gabriel Teodoro Martinelli Silva,4
3857280,Brazil,Frederico Rodrigues Santos,Gleison Bremer Silva Nascimento,2
3857280,Brazil,Frederico Rodrigues Santos,Rodrygo Silva de Goes,2
3857280,Brazil,Frederico Rodrigues Santos,Éder Gabriel Militão,2
3857280,Brazil,Fábio Henrique Tavares,Alex Nicolao Telles,6
3857280,Brazil,Fábio Henrique Tavares,Antony Matheus dos Santos,8
3857280,Brazil,Fábio Henrique Tavares,Bruno Guimarães Rodriguez Moura,3
3857280,Brazil,Fábio Henrique Tavares,Daniel Alves da Silva,4
3857280,Brazil,Fábio Henrique Tavares,Gabriel Fernando de Jesus,3
3857280,Brazil,Fábio Henrique Tavares,Gabriel Teodoro Martinelli Silva,5
3857280,Brazil,Fábio Henrique Tavares,Gleison Bremer Silva Nascimento,5
3857280,Brazil,Fábio Henrique Tavares,Marcos Aoás Corrêa,3
3857280,Brazil,Fábio Henrique Tavares,Pedro Guilherme Abreu dos Santos,1
3857280,Brazil,Fábio Henrique Tavares,Raphael Dias Belloli,2
3857280,Brazil,Fábio Henrique Tavares,Rodrygo Silva de Goes,4
3857280,Brazil,Fábio Henrique Tavares,Éder Gabriel Militão,5
3857280,Brazil,Fábio Henrique Tavares,Éverton Augusto de Barros Ribeiro,1
3857280,Brazil,Gabriel Fernando de Jesus,Antony Matheus dos Santos,2
3857280,Brazil,Gabriel Fernando de Jesus,Daniel Alves da Silva,2
3857280,Brazil,Gabriel Fernando de Jesus,Frederico Rodrigues Santos,1
3857280,Brazil,Gabriel Fernando de Jesus,Fábio Henrique Tavares,2
3857280,Brazil,Gabriel Fernando de Jesus,Gabriel Teodoro Martinelli Silva,1
3857280,Brazil,Gabriel Fernando de Jesus,Marcos Aoás Corrêa,1
3857280,Brazil,Gabriel Fernando de Jesus,Rodrygo Silva de Goes,3
3857280,Brazil,Gabriel Teodoro Martinelli Silva,Alex Nicolao Telles,5
3857280,Brazil,Gabriel Teodoro Martinelli Silva,Bruno Guimarães Rodriguez Moura,2
3857280,Brazil,Gabriel Teodoro Martinelli Silva,Frederico Rodrigues Santos,1
3857280,Brazil,Gabriel Teodoro Martinelli Silva,Fábio Henrique Tavares,3
3857280,Brazil,Gabriel Teodoro Martinelli Silva,Marcos Aoás Corrêa,5
3857280,Brazil,Gabriel Teodoro Martinelli Silva,Pedro Guilherme Abreu dos Santos,2
3857280,Brazil,Gabriel Teodoro Martinelli Silva,Rodrygo Silva de Goes,3
3857280,Brazil,Gabriel Teodoro Martinelli Silva,Éverton Augusto de Barros Ribeiro,2
3857280,Brazil,Gleison Bremer Silva Nascimento,Alex Nicolao Telles,8
3857280,Brazil,Gleison Bremer Silva Nascimento,Daniel Alves da Silva,5
3857280,Brazil,Gleison Bremer Silva Nascimento,Ederson Santana de Moraes,6
3857280,Brazil,Gleison Bremer Silva Nascimento,Frederico Rodrigues Santos,1
3857280,Brazil,Gleison Bremer Silva Nascimento,Fábio Henrique Tavares,3
3857280,Brazil,Gleison Bremer Silva Nascimento,Marcos Aoás Corrêa,5
3857280,Brazil,Gleison Bremer Silva Nascimento,Rodrygo Silva de Goes,5
3857280,Brazil,Gleison Bremer Silva Nascimento,Éder Gabriel Militão,27
3857280,Brazil,Gleison Bremer Silva Nascimento,Éverton Augusto de Barros Ribeiro,2
3857280,Brazil,Rodrygo Silva de Goes,Alex Nicolao Telles,3
3857280,Brazil,Rodrygo Silva de Goes,Antony Matheus dos Santos,6
3857280,Brazil,Rodrygo Silva de Goes,Daniel Alves da Silva,1
3857280,Brazil,Rodrygo Silva de Goes,Frederico Rodrigues Santos,6
3857280,Brazil,Rodrygo Silva de Goes,Fábio Henrique Tavares,2
3857280,Brazil,Rodrygo Silva de Goes,Gabriel Fernando de Jesus,2
3857280,Brazil,Rodrygo Silva de Goes,Gabriel Teodoro Martinelli Silva,2
3857280,Brazil,Éder Gabriel Militão,Antony Matheus dos Santos,8
3857280,Brazil,Éder Gabriel Militão,Bruno Guimarães Rodriguez Moura,2
3857280,Brazil,Éder Gabriel Militão,Daniel Alves da Silva,16
3857280,Brazil,Éder Gabriel Militão,Ederson Santana de Moraes,3
3857280,Brazil,Éder Gabriel Militão,Frederico Rodrigues Santos,4
3857280,Brazil,Éder Gabriel Militão,Fábio Henrique Tavares,6
3857280,Brazil,Éder Gabriel Militão,Gabriel Teodoro Martinelli Silva,1
3857280,Brazil,Éder Gabriel Militão,Gleison Bremer Silva Nascimento,23
3857280,Brazil,Éder Gabriel Militão,Marcos Aoás Corrêa,1
3857280,Brazil,Éder Gabriel Militão,Rodrygo Silva de Goes,3
3857280,Brazil,Éder Gabriel Militão,Éverton Augusto de Barros Ribeiro,2
3857280,Brazil,Antony Matheus dos Santos,Alex Nicolao Telles,2
3857280,Brazil,Antony Matheus dos Santos,Bruno Guimarães Rodriguez Moura,2
3857280,Brazil,Antony Matheus dos Santos,Daniel Alves da Silva,15
3857280,Brazil,Antony Matheus dos Santos,Frederico Rodrigues Santos,4
3857280,Brazil,Antony Matheus dos Santos,Fábio Henrique Tavares,2
3857280,Brazil,Antony Matheus dos Santos,Rodrygo Silva de Goes,5
3857280,Brazil,Antony Matheus dos Santos,Éder Gabriel Militão,3
3857280,Brazil,Antony Matheus dos Santos,Éverton Augusto de Barros Ribeiro,3
3857280,Brazil,Bruno Guimarães Rodriguez Moura,Antony Matheus dos Santos,3
3857280,Brazil,Bruno Guimarães Rodriguez Moura,Daniel Alves da Silva,3
3857280,Brazil,Bruno Guimarães Rodriguez Moura,Ederson Santana de Moraes,1
3857280,Brazil,Bruno Guimarães Rodriguez Moura,Fábio Henrique Tavares,2
3857280,Brazil,Bruno Guimarães Rodriguez Moura,Gabriel Fernando de Jesus,2
3857280,Brazil,Bruno Guimarães Rodriguez Moura,Gabriel Teodoro Martinelli Silva,5
3857280,Brazil,Bruno Guimarães Rodriguez Moura,Gleison Bremer Silva Nascimento,1
3857280,Brazil,Bruno Guimarães Rodriguez Moura,Marcos Aoás Corrêa,1
3857280,Brazil,Bruno Guimarães Rodriguez Moura,Pedro Guilherme Abreu dos Santos,2
3857280,Brazil,Bruno Guimarães Rodriguez Moura,Raphael Dias Belloli,3
3857280,Brazil,Bruno Guimarães Rodriguez Moura,Éverton Augusto de Barros Ribeiro,3
3857280,Brazil,Daniel Alves da Silva,Antony Matheus dos Santos,13
3857280,Brazil,Daniel Alves da Silva,Bruno Guimarães Rodriguez Moura,10
3857280,Brazil,Daniel Alves da Silva,Ederson Santana de Moraes,1
3857280,Brazil,Daniel Alves da Silva,Frederico Rodrigues Santos,12
3857280,Brazil,Daniel Alves da Silva,Fábio Henrique Tavares,6
3857280,Brazil,Daniel Alves da Silva,Gabriel Fernando de Jesus,1
3857280,Brazil,Daniel Alves da Silva,Gabriel Teodoro Martinelli Silva,1
3857280,Brazil,Daniel Alves da Silva,Gleison Bremer Silva Nascimento,2
3857280,Brazil,Daniel Alves da Silva,Marcos Aoás Corrêa,1
3857280,Brazil,Daniel Alves da Silva,Raphael Dias Belloli,3
3857280,Brazil,Daniel Alves da Silva,Rodrygo Silva de Goes,2
3857280,Brazil,Daniel Alves da Silva,Éder Gabriel Militão,16
3857280,Brazil,Daniel Alves da Silva,Éverton Augusto de Barros Ribeiro,3
3857280,Brazil,Éverton Augusto de Barros Ribeiro,Antony Matheus dos Santos,2
3857280,Brazil,Éverton Augusto de Barros Ribeiro,Bruno Guimarães Rodriguez Moura,3
3857280,Brazil,Éverton Augusto de Barros Ribeiro,Daniel Alves da Silva,1
3857280,Brazil,Éverton Augusto de Barros Ribeiro,Marcos Aoás Corrêa,4
3857280,Brazil,Éverton Augusto de Barros Ribeiro,Pedro Guilherme Abreu dos Santos,3
3857280,Brazil,Éverton Augusto de Barros Ribeiro,Raphael Dias Belloli,1
3857280,Brazil,Éverton Augusto de Barros Ribeiro,Éder Gabriel Militão,1
3857280,Brazil,Marcos Aoás Corrêa,Bruno Guimarães Rodriguez Moura,4
3857280,Brazil,Marcos Aoás Corrêa,Ederson Santana de Moraes,2
3857280,Brazil,Marcos Aoás Corrêa,Fábio Henrique Tavares,6
3857280,Brazil,Marcos Aoás Corrêa,Gabriel Teodoro Martinelli Silva,12
3857280,Brazil,Marcos Aoás Corrêa,Gleison Bremer Silva Nascimento,4
3857280,Brazil,Marcos Aoás Corrêa,Pedro Guilherme Abreu dos Santos,1
3857280,Brazil,Marcos Aoás Corrêa,Éder Gabriel Militão,2
3857280,Brazil,Marcos Aoás Corrêa,Éverton Augusto de Barros Ribeiro,1
3857280,Brazil,Pedro Guilherme Abreu dos Santos,Bruno Guimarães Rodriguez Moura,2
3857280,Brazil,Pedro Guilherme Abreu dos Santos,Gabriel Teodoro Martinelli Silva,1
3857280,Brazil,Pedro Guilherme Abreu dos Santos,Marcos Aoás Corrêa,1
3857280,Brazil,Pedro Guilherme Abreu dos Santos,Éverton Augusto de Barros Ribeiro,1
3857280,Brazil,Raphael Dias Belloli,Bruno Guimarães Rodriguez Moura,1
3857280,Brazil,Raphael Dias Belloli,Daniel Alves da Silva,1
3857280,Brazil,Raphael Dias Belloli,Fábio Henrique Tavares,3
3857280,Brazil,Raphael Dias Belloli,Pedro Guilherme Abreu dos Santos,2
3857280,Cameroon,André-Frank Zambo Anguissa,Bryan Mbeumo,1
3857280,Cameroon,André-Frank Zambo Anguissa,Christopher Wooh,2
3857280,Cameroon,André-Frank Zambo Anguissa,Enzo Ebosse,4
3857280,Cameroon,André-Frank Zambo Anguissa,Jean-Eric Maxim Choupo-Moting,2
3857280,Cameroon,André-Frank Zambo Anguissa,Jules Olivier Ntcham,8
3857280,Cameroon,André-Frank Zambo Anguissa,Karl Brillant Toko Ekambi,4
3857280,Cameroon,André-Frank Zambo Anguissa,Ngoran Suiru Fai Collins,2
3857280,Cameroon,André-Frank Zambo Anguissa,Nicolas Moumi Ngamaleu,3
3857280,Cameroon,André-Frank Zambo Anguissa,Nouhou Tolo,4
3857280,Cameroon,André-Frank Zambo Anguissa,Pierre Kunde Malong,5
3857280,Cameroon,André-Frank Zambo Anguissa,Vincent Paté Aboubakar,4
3857280,Cameroon,Bryan Mbeumo,André-Frank Zambo Anguissa,2
3857280,Cameroon,Bryan Mbeumo,Jean-Eric Maxim Choupo-Moting,2
3857280,Cameroon,Bryan Mbeumo,Ngoran Suiru Fai Collins,1
3857280,Cameroon,Bryan Mbeumo,Vincent Paté Aboubakar,3
3857280,Cameroon,Christopher Wooh,André-Frank Zambo Anguissa,5
3857280,Cameroon,Christopher Wooh,Bryan Mbeumo,3
3857280,Cameroon,Christopher Wooh,Devis Rogers Epassy Mboka,7
3857280,Cameroon,Christopher Wooh,Enzo Ebosse,7
3857280,Cameroon,Christopher Wooh,Jean-Eric Maxim Choupo-Moting,1
3857280,Cameroon,Christopher Wooh,Ngoran Suiru Fai Collins,3
3857280,Cameroon,Christopher Wooh,Pierre Kunde Malong,1
3857280,Cameroon,Enzo Ebosse,André-Frank Zambo Anguissa,7
3857280,Cameroon,Enzo Ebosse,Christopher Wooh,9
3857280,Cameroon,Enzo Ebosse,Devis Rogers Epassy Mboka,6
3857280,Cameroon,Enzo Ebosse,Jean-Eric Maxim Choupo-Moting,3
3857280,Cameroon,Enzo Ebosse,Jerome Ngom Mbekeli,1
3857280,Cameroon,Enzo Ebosse,Nicolas Moumi Ngamaleu,4
3857280,Cameroon,Enzo Ebosse,Pierre Kunde Malong,4
3857280,Cameroon,Jean-Eric Maxim Choupo-Moting,André-Frank Zambo Anguissa,4
3857280,Cameroon,Jean-Eric Maxim Choupo-Moting,Bryan Mbeumo,1
3857280,Cameroon,Jean-Eric Maxim Choupo-Moting,Jerome Ngom Mbekeli,1
3857280,Cameroon,Jean-Eric Maxim Choupo-Moting,Karl Brillant Toko Ekambi,1
3857280,Cameroon,Jean-Eric Maxim Choupo-Moting,Nicolas Moumi Ngamaleu,2
3857280,Cameroon,Jean-Eric Maxim Choupo-Moting,Nouhou Tolo,2
3857280,Cameroon,Jean-Eric Maxim Choupo-Moting,Pierre Kunde Malong,2
3857280,Cameroon,Jules Olivier Ntcham,André-Frank Zambo Anguissa,1
3857280,Cameroon,Jules Olivier Ntcham,Christopher Wooh,3
3857280,Cameroon,Jules Olivier Ntcham,Jean-Eric Maxim Choupo-Moting,2
3857280,Cameroon,Jules Olivier Ntcham,Jerome Ngom Mbekeli,1
3857280,Cameroon,Jules Olivier Ntcham,Ngoran Suiru Fai Collins,1
3857280,Cameroon,Jules Olivier Ntcham,Nicolas Moumi Ngamaleu,1
3857280,Cameroon,Jules Olivier Ntcham,Nouhou Tolo,1
3857280,Cameroon,Jules Olivier Ntcham,Vincent Paté Aboubakar,1
3857280,Cameroon,Karl Brillant Toko Ekambi,André-Frank Zambo Anguissa,5
3857280,Cameroon,Karl Brillant Toko Ekambi,Christopher Wooh,1
3857280,Cameroon,Karl Brillant Toko Ekambi,Jules Olivier Ntcham,1
3857280,Cameroon,Karl Brillant Toko Ekambi,Nicolas Moumi Ngamaleu,1
3857280,Cameroon,Ngoran Suiru Fai Collins,André-Frank Zambo Anguissa,4
3857280,Cameroon,Ngoran Suiru Fai Collins,Bryan Mbeumo,2
3857280,Cameroon,Ngoran Suiru Fai Collins,Christopher Wooh,1
3857280,Cameroon,Ngoran Suiru Fai Collins,Devis Rogers Epassy Mboka,2
3857280,Cameroon,Ngoran Suiru Fai Collins,Jean-Eric Maxim Choupo-Moting,3
3857280,Cameroon,Ngoran Suiru Fai Collins,Jerome Ngom Mbekeli,1
3857280,Cameroon,Ngoran Suiru Fai Collins,Nicolas Moumi Ngamaleu,1
3857280,Cameroon,Ngoran Suiru Fai Collins,Pierre Kunde Malong,2
3857280,Cameroon,Ngoran Suiru Fai Collins,Vincent Paté Aboubakar,3
3857280,Cameroon,Nicolas Moumi Ngamaleu,André-Frank Zambo Anguissa,3
3857280,Cameroon,Nicolas Moumi Ngamaleu,Bryan Mbeumo,2
3857280,Cameroon,Nicolas Moumi Ngamaleu,Enzo Ebosse,2
3857280,Cameroon,Nicolas Moumi Ngamaleu,Jean-Eric Maxim Choupo-Moting,4
3857280,Cameroon,Nicolas Moumi Ngamaleu,Jules Olivier Ntcham,1
3857280,Cameroon,Nicolas Moumi Ngamaleu,Ngoran Suiru Fai Collins,1
3857280,Cameroon,Nicolas Moumi Ngamaleu,Nouhou Tolo,4
3857280,Cameroon,Nicolas Moumi Ngamaleu,Vincent Paté Aboubakar,2
3857280,Cameroon,Nouhou Tolo,André-Frank Zambo Anguissa,3
3857280,Cameroon,Nouhou Tolo,Enzo Ebosse,2
3857280,Cameroon,Nouhou Tolo,Jean-Eric Maxim Choupo-Moting,2
3857280,Cameroon,Nouhou Tolo,Karl Brillant Toko Ekambi,1
3857280,Cameroon,Nouhou Tolo,Nicolas Moumi Ngamaleu,6
3857280,Cameroon,Nouhou Tolo,Pierre Kunde Malong,1
3857280,Cameroon,Nouhou Tolo,Vincent Paté Aboubakar,1
3857280,Cameroon,Pierre Kunde Malong,André-Frank Zambo Anguissa,5
3857280,Cameroon,Pierre Kunde Malong,Bryan Mbeumo,2
3857280,Cameroon,Pierre Kunde Malong,Christopher Wooh,5
3857280,Cameroon,Pierre Kunde Malong,Enzo Ebosse,6
3857280,Cameroon,Pierre Kunde Malong,Ngoran Suiru Fai Collins,2
3857280,Cameroon,Pierre Kunde Malong,Vincent Paté Aboubakar,2
3857280,Cameroon,Vincent Paté Aboubakar,André-Frank Zambo Anguissa,3
3857280,Cameroon,Vincent Paté Aboubakar,Bryan Mbeumo,1
3857280,Cameroon,Vincent Paté Aboubakar,Karl Brillant Toko Ekambi,1
3857280,Cameroon,Vincent Paté Aboubakar,Nouhou Tolo,1
3857280,Cameroon,Vincent Paté Aboubakar,Pierre Kunde Malong,1
3857280,Cameroon,Devis Rogers Epassy Mboka,André-Frank Zambo Anguissa,1
3857280,Cameroon,Devis Rogers Epassy Mboka,Christopher Wooh,7
3857280,Cameroon,Devis Rogers Epassy Mboka,Enzo Ebosse,9
3857280,Cameroon,Devis Rogers Epassy Mboka,Jean-Eric Maxim Choupo-Moting,7
3857280,Cameroon,Devis Rogers Epassy Mboka,Nicolas Moumi Ngamaleu,3
3857280,Cameroon,Devis Rogers Epassy Mboka,Vincent Paté Aboubakar,3
3857280,Cameroon,Jerome Ngom Mbekeli,Vincent Paté Aboubakar,1
3857281,Canada,Alistair Johnston,Alphonso Davies,5
3857281,Canada,Alistair Johnston,Atiba Hutchinson,8
3857281,Canada,Alistair Johnston,Cyle Larin,1
3857281,Canada,Alistair Johnston,David Junior Hoilett,4
3857281,Canada,Alistair Johnston,Ismael Koné,3
3857281,Canada,Alistair Johnston,Jonathan David,4
3857281,Canada,Alistair Johnston,Jonathan Osorio,3
3857281,Canada,Alistair Johnston,Kamal Miller,4
3857281,Canada,Alistair Johnston,Milan Borjan,1
3857281,Canada,Alistair Johnston,Richie Laryea,2
3857281,Canada,Alistair Johnston,Sam Adekugbe,1
3857281,Canada,Alistair Johnston,Stephen Antunes Eustáquio,1
3857281,Canada,Alistair Johnston,Steven de Sousa Vitoria,5
3857281,Canada,Alistair Johnston,Tajon Buchanan,10
3857281,Canada,Alphonso Davies,Alistair Johnston,4
3857281,Canada,Alphonso Davies,Atiba Hutchinson,4
3857281,Canada,Alphonso Davies,David Junior Hoilett,3
3857281,Canada,Alphonso Davies,Ismael Koné,4
3857281,Canada,Alphonso Davies,Jonathan David,2
3857281,Canada,Alphonso Davies,Jonathan Osorio,2
3857281,Canada,Alphonso Davies,Kamal Miller,4
3857281,Canada,Alphonso Davies,Richie Laryea,1
3857281,Canada,Alphonso Davies,Stephen Antunes Eustáquio,2
3857281,Canada,Alphonso Davies,Steven de Sousa Vitoria,2
3857281,Canada,Alphonso Davies,Tajon Buchanan,2
3857281,Canada,Atiba Hutchinson,Alistair Johnston,7
3857281,Canada,Atiba Hutchinson,Alphonso Davies,2
3857281,Canada,Atiba Hutchinson,Cyle Larin,3
3857281,Canada,Atiba Hutchinson,Ismael Koné,4
3857281,Canada,Atiba Hutchinson,Jonathan David,3
3857281,Canada,Atiba Hutchinson,Kamal Miller,10
3857281,Canada,Atiba Hutchinson,Milan Borjan,1
3857281,Canada,Atiba Hutchinson,Richie Laryea,3
3857281,Canada,Atiba Hutchinson,Stephen Antunes Eustáquio,8
3857281,Canada,Atiba Hutchinson,Steven de Sousa Vitoria,2
3857281,Canada,Atiba Hutchinson,Tajon Buchanan,5
3857281,Canada,Cyle Larin,Alistair Johnston,1
3857281,Canada,Cyle Larin,Alphonso Davies,1
3857281,Canada,Cyle Larin,Atiba Hutchinson,1
3857281,Canada,Cyle Larin,Stephen Antunes Eustáquio,1
3857281,Canada,Cyle Larin,Tajon Buchanan,2
3857281,Canada,David Junior Hoilett,Alistair Johnston,1
3857281,Canada,David Junior Hoilett,Alphonso Davies,4
3857281,Canada,David Junior Hoilett,Atiba Hutchinson,2
3857281,Canada,David Junior Hoilett,Ismael Koné,2
3857281,Canada,David Junior Hoilett,Jonathan David,1
3857281,Canada,David Junior Hoilett,Jonathan Osorio,1
3857281,Canada,David Junior Hoilett,Sam Adekugbe,1
3857281,Canada,David Junior Hoilett,Steven de Sousa Vitoria,1
3857281,Canada,David Junior Hoilett,Tajon Buchanan,1
3857281,Canada,Ismael Koné,Alistair Johnston,4
3857281,Canada,Ismael Koné,Alphonso Davies,6
3857281,Canada,Ismael Koné,David Junior Hoilett,2
3857281,Canada,Ismael Koné,Jonathan Osorio,6
3857281,Canada,Ismael Koné,Kamal Miller,4
3857281,Canada,Ismael Koné,Milan Borjan,3
3857281,Canada,Ismael Koné,Richie Laryea,3
3857281,Canada,Ismael Koné,Sam Adekugbe,4
3857281,Canada,Ismael Koné,Steven de Sousa Vitoria,5
3857281,Canada,Ismael Koné,Tajon Buchanan,2
3857281,Canada,Jonathan David,Alistair Johnston,4
3857281,Canada,Jonathan David,Alphonso Davies,2
3857281,Canada,Jonathan David,Atiba Hutchinson,1
3857281,Canada,Jonathan David,Ismael Koné,2
3857281,Canada,Jonathan David,Jonathan Osorio,1
3857281,Canada,Jonathan David,Stephen Antunes Eustáquio,1
3857281,Canada,Jonathan David,Tajon Buchanan,4
3857281,Canada,Jonathan Osorio,Atiba Hutchinson,2
3857281,Canada,Jonathan Osorio,David Junior Hoilett,2
3857281,Canada,Jonathan Osorio,Ismael Koné,7
3857281,Canada,Jonathan Osorio,Kamal Miller,2
3857281,Canada,Jonathan Osorio,Milan Borjan,1
3857281,Canada,Jonathan Osorio,Sam Adekugbe,1
3857281,Canada,Jonathan Osorio,Steven de Sousa Vitoria,3
3857281,Canada,Jonathan Osorio,Tajon Buchanan,1
3857281,Canada,Kamal Miller,Alistair Johnston,1
3857281,Canada,Kamal Miller,Alphonso Davies,3
3857281,Canada,Kamal Miller,Atiba Hutchinson,11
3857281,Canada,Kamal Miller,Cyle Larin,1
3857281,Canada,Kamal Miller,David Junior Hoilett,3
3857281,Canada,Kamal Miller,Ismael Koné,9
3857281,Canada,Kamal Miller,Jonathan David,3
3857281,Canada,Kamal Miller,Jonathan Osorio,2
3857281,Canada,Kamal Miller,Lucas Daniel Cavallini,1
3857281,Canada,Kamal Miller,Milan Borjan,5
3857281,Canada,Kamal Miller,Richie Laryea,3
3857281,Canada,Kamal Miller,Sam Adekugbe,2
3857281,Canada,Kamal Miller,Stephen Antunes Eustáquio,7
3857281,Canada,Kamal Miller,Steven de Sousa Vitoria,10
3857281,Canada,Kamal Miller,Tajon Buchanan,1
3857281,Canada,Milan Borjan,Alistair Johnston,1
3857281,Canada,Milan Borjan,Alphonso Davies,2
3857281,Canada,Milan Borjan,Atiba Hutchinson,4
3857281,Canada,Milan Borjan,Cyle Larin,1
3857281,Canada,Milan Borjan,Ismael Koné,3
3857281,Canada,Milan Borjan,Jonathan David,1
3857281,Canada,Milan Borjan,Jonathan Osorio,1
3857281,Canada,Milan Borjan,Kamal Miller,8
3857281,Canada,Milan Borjan,Richie Laryea,1
3857281,Canada,Milan Borjan,Steven de Sousa Vitoria,4
3857281,Canada,Milan Borjan,Tajon Buchanan,1
3857281,Canada,Richie Laryea,Alphonso Davies,3
3857281,Canada,Richie Laryea,Atiba Hutchinson,2
3857281,Canada,Richie Laryea,Ismael Koné,1
3857281,Canada,Richie Laryea,Kamal Miller,5
3857281,Canada,Richie Laryea,Milan Borjan,3
3857281,Canada,Richie Laryea,Stephen Antunes Eustáquio,1
3857281,Canada,Richie Laryea,Steven de Sousa Vitoria,1
3857281,Canada,Sam Adekugbe,Ismael Koné,2
3857281,Canada,Sam Adekugbe,Jonathan Osorio,3
3857281,Canada,Sam Adekugbe,Kamal Miller,4
3857281,Canada,Sam Adekugbe,Lucas Daniel Cavallini,1
3857281,Canada,Sam Adekugbe,Tajon Buchanan,1
3857281,Canada,Stephen Antunes Eustáquio,Alistair Johnston,3
3857281,Canada,Stephen Antunes Eustáquio,Alphonso Davies,5
3857281,Canada,Stephen Antunes Eustáquio,Atiba Hutchinson,3
3857281,Canada,Stephen Antunes Eustáquio,Cyle Larin,2
3857281,Canada,Stephen Antunes Eustáquio,Jonathan David,2
3857281,Canada,Stephen Antunes Eustáquio,Kamal Miller,4
3857281,Canada,Stephen Antunes Eustáquio,Richie Laryea,3
3857281,Canada,Stephen Antunes Eustáquio,Steven de Sousa Vitoria,5
3857281,Canada,Steven de Sousa Vitoria,Alistair Johnston,12
3857281,Canada,Steven de Sousa Vitoria,Alphonso Davies,1
3857281,Canada,Steven de Sousa Vitoria,Atiba Hutchinson,7
3857281,Canada,Steven de Sousa Vitoria,David Junior Hoilett,3
3857281,Canada,Steven de Sousa Vitoria,Jonathan David,1
3857281,Canada,Steven de Sousa Vitoria,Jonathan Osorio,1
3857281,Canada,Steven de Sousa Vitoria,Kamal Miller,11
3857281,Canada,Steven de Sousa Vitoria,Lucas Daniel Cavallini,1
3857281,Canada,Steven de Sousa Vitoria,Milan Borjan,4
3857281,Canada,Steven de Sousa Vitoria,Sam Adekugbe,1
3857281,Canada,Steven de Sousa Vitoria,Stephen Antunes Eustáquio,1
3857281,Canada,Steven de Sousa Vitoria,Tajon Buchanan,3
3857281,Canada,Tajon Buchanan,Alistair Johnston,4
3857281,Canada,Tajon Buchanan,Alphonso Davies,3
3857281,Canada,Tajon Buchanan,Atiba Hutchinson,2
3857281,Canada,Tajon Buchanan,Cyle Larin,1
3857281,Canada,Tajon Buchanan,David Junior Hoilett,1
3857281,Canada,Tajon Buchanan,Ismael Koné,1
3857281,Canada,Tajon Buchanan,Jonathan David,3
3857281,Canada,Tajon Buchanan,Kamal Miller,3
3857281,Canada,Tajon Buchanan,Richie Laryea,1
3857281,Canada,Tajon Buchanan,Steven de Sousa Vitoria,3
3857281,Canada,Lucas Daniel Cavallini,Alphonso Davies,2
3857281,Canada,Lucas Daniel Cavallini,David Junior Hoilett,1
3857281,Croatia,Andrej Kramarić,Borna Sosa,4
3857281,Croatia,Andrej Kramarić,Dejan Lovren,1
3857281,Croatia,Andrej Kramarić,Dominik Livaković,1
3857281,Croatia,Andrej Kramarić,Ivan Perišić,1
3857281,Croatia,Andrej Kramarić,Josip Juranović,1
3857281,Croatia,Andrej Kramarić,Joško Gvardiol,1
3857281,Croatia,Andrej Kramarić,Luka Modrić,12
3857281,Croatia,Andrej Kramarić,Marcelo Brozović,5
3857281,Croatia,Andrej Kramarić,Marko Livaja,1
3857281,Croatia,Andrej Kramarić,Mateo Kovačić,1
3857281,Croatia,Borna Sosa,Andrej Kramarić,3
3857281,Croatia,Borna Sosa,Bruno Petković,4
3857281,Croatia,Borna Sosa,Dominik Livaković,1
3857281,Croatia,Borna Sosa,Ivan Perišić,13
3857281,Croatia,Borna Sosa,Joško Gvardiol,14
3857281,Croatia,Borna Sosa,Marcelo Brozović,1
3857281,Croatia,Borna Sosa,Marko Livaja,5
3857281,Croatia,Borna Sosa,Mateo Kovačić,4
3857281,Croatia,Dejan Lovren,Andrej Kramarić,2
3857281,Croatia,Dejan Lovren,Borna Sosa,3
3857281,Croatia,Dejan Lovren,Dominik Livaković,4
3857281,Croatia,Dejan Lovren,Ivan Perišić,1
3857281,Croatia,Dejan Lovren,Josip Juranović,13
3857281,Croatia,Dejan Lovren,Joško Gvardiol,10
3857281,Croatia,Dejan Lovren,Luka Modrić,2
3857281,Croatia,Dejan Lovren,Marcelo Brozović,6
3857281,Croatia,Dejan Lovren,Mateo Kovačić,2
3857281,Croatia,Dominik Livaković,Borna Sosa,1
3857281,Croatia,Dominik Livaković,Bruno Petković,5
3857281,Croatia,Dominik Livaković,Dejan Lovren,4
3857281,Croatia,Dominik Livaković,Josip Juranović,1
3857281,Croatia,Dominik Livaković,Joško Gvardiol,2
3857281,Croatia,Dominik Livaković,Marcelo Brozović,1
3857281,Croatia,Ivan Perišić,Andrej Kramarić,4
3857281,Croatia,Ivan Perišić,Borna Sosa,6
3857281,Croatia,Ivan Perišić,Bruno Petković,2
3857281,Croatia,Ivan Perišić,Josip Juranović,1
3857281,Croatia,Ivan Perišić,Joško Gvardiol,1
3857281,Croatia,Ivan Perišić,Luka Modrić,5
3857281,Croatia,Ivan Perišić,Marcelo Brozović,1
3857281,Croatia,Ivan Perišić,Marko Livaja,4
3857281,Croatia,Ivan Perišić,Mateo Kovačić,5
3857281,Croatia,Ivan Perišić,Nikola Vlašić,1
3857281,Croatia,Josip Juranović,Andrej Kramarić,5
3857281,Croatia,Josip Juranović,Bruno Petković,1
3857281,Croatia,Josip Juranović,Dejan Lovren,7
3857281,Croatia,Josip Juranović,Dominik Livaković,3
3857281,Croatia,Josip Juranović,Ivan Perišić,1
3857281,Croatia,Josip Juranović,Joško Gvardiol,1
3857281,Croatia,Josip Juranović,Lovro Majer,1
3857281,Croatia,Josip Juranović,Luka Modrić,10
3857281,Croatia,Josip Juranović,Marcelo Brozović,5
3857281,Croatia,Josip Juranović,Marko Livaja,3
3857281,Croatia,Joško Gvardiol,Borna Sosa,10
3857281,Croatia,Joško Gvardiol,Dejan Lovren,14
3857281,Croatia,Joško Gvardiol,Dominik Livaković,2
3857281,Croatia,Joško Gvardiol,Ivan Perišić,2
3857281,Croatia,Joško Gvardiol,Luka Modrić,1
3857281,Croatia,Joško Gvardiol,Marcelo Brozović,5
3857281,Croatia,Joško Gvardiol,Marko Livaja,2
3857281,Croatia,Joško Gvardiol,Mateo Kovačić,8
3857281,Croatia,Luka Modrić,Andrej Kramarić,10
3857281,Croatia,Luka Modrić,Borna Sosa,3
3857281,Croatia,Luka Modrić,Bruno Petković,1
3857281,Croatia,Luka Modrić,Ivan Perišić,1
3857281,Croatia,Luka Modrić,Josip Juranović,5
3857281,Croatia,Luka Modrić,Joško Gvardiol,4
3857281,Croatia,Luka Modrić,Marcelo Brozović,17
3857281,Croatia,Luka Modrić,Mateo Kovačić,4
3857281,Croatia,Marcelo Brozović,Andrej Kramarić,6
3857281,Croatia,Marcelo Brozović,Borna Sosa,2
3857281,Croatia,Marcelo Brozović,Dejan Lovren,6
3857281,Croatia,Marcelo Brozović,Dominik Livaković,2
3857281,Croatia,Marcelo Brozović,Ivan Perišić,4
3857281,Croatia,Marcelo Brozović,Josip Juranović,8
3857281,Croatia,Marcelo Brozović,Joško Gvardiol,6
3857281,Croatia,Marcelo Brozović,Luka Modrić,10
3857281,Croatia,Marcelo Brozović,Marko Livaja,1
3857281,Croatia,Marcelo Brozović,Mateo Kovačić,9
3857281,Croatia,Marcelo Brozović,Nikola Vlašić,1
3857281,Croatia,Marko Livaja,Andrej Kramarić,1
3857281,Croatia,Marko Livaja,Dejan Lovren,1
3857281,Croatia,Marko Livaja,Ivan Perišić,3
3857281,Croatia,Marko Livaja,Marcelo Brozović,2
3857281,Croatia,Marko Livaja,Mateo Kovačić,1
3857281,Croatia,Mateo Kovačić,Andrej Kramarić,3
3857281,Croatia,Mateo Kovačić,Borna Sosa,6
3857281,Croatia,Mateo Kovačić,Dejan Lovren,4
3857281,Croatia,Mateo Kovačić,Ivan Perišić,8
3857281,Croatia,Mateo Kovačić,Joško Gvardiol,1
3857281,Croatia,Mateo Kovačić,Luka Modrić,8
3857281,Croatia,Mateo Kovačić,Marcelo Brozović,9
3857281,Croatia,Mateo Kovačić,Marko Livaja,3
3857281,Croatia,Bruno Petković,Ivan Perišić,2
3857281,Croatia,Bruno Petković,Josip Juranović,1
3857281,Croatia,Bruno Petković,Mario Pašalić,1
3857281,Croatia,Bruno Petković,Mislav Oršić,1
3857281,Croatia,Bruno Petković,Nikola Vlašić,1
3857281,Croatia,Mario Pašalić,Lovro Majer,2
3857281,Croatia,Mario Pašalić,Mislav Oršić,2
3857281,Croatia,Mario Pašalić,Nikola Vlašić,1
3857281,Croatia,Mislav Oršić,Bruno Petković,1
3857281,Croatia,Mislav Oršić,Lovro Majer,1
3857281,Croatia,Mislav Oršić,Nikola Vlašić,1
3857281,Croatia,Nikola Vlašić,Bruno Petković,1
3857281,Croatia,Nikola Vlašić,Josip Juranović,3
3857281,Croatia,Lovro Majer,Dejan Lovren,1
3857281,Croatia,Lovro Majer,Marcelo Brozović,1
3857282,United States,Antonee Robinson,Christian Pulisic,21
3857282,United States,Antonee Robinson,Haji Wright,1
3857282,United States,Antonee Robinson,Joshua Sargent,1
3857282,United States,Antonee Robinson,Kellyn Kai Perry-Acosta,2
3857282,United States,Antonee Robinson,Matthew Charles Turner,1
3857282,United States,Antonee Robinson,Sergino Dest,2
3857282,United States,Antonee Robinson,Tim Ream,8
3857282,United States,Antonee Robinson,Timothy Weah,1
3857282,United States,Antonee Robinson,Tyler Adams,2
3857282,United States,Antonee Robinson,Walker Zimmerman,3
3857282,United States,Antonee Robinson,Weston McKennie,1
3857282,United States,Antonee Robinson,Yunus Dimoara Musah,6
3857282,United States,Christian Pulisic,Antonee Robinson,5
3857282,United States,Christian Pulisic,Brenden Aaronson,2
3857282,United States,Christian Pulisic,Jordan Morris,1
3857282,United States,Christian Pulisic,Joshua Sargent,1
3857282,United States,Christian Pulisic,Sergino Dest,1
3857282,United States,Christian Pulisic,Tim Ream,2
3857282,United States,Christian Pulisic,Timothy Weah,1
3857282,United States,Christian Pulisic,Tyler Adams,3
3857282,United States,Christian Pulisic,Walker Zimmerman,1
3857282,United States,Christian Pulisic,Weston McKennie,2
3857282,United States,Christian Pulisic,Yunus Dimoara Musah,11
3857282,United States,Haji Wright,Brenden Aaronson,1
3857282,United States,Haji Wright,Christian Pulisic,1
3857282,United States,Haji Wright,Tyler Adams,2
3857282,United States,Joshua Sargent,Antonee Robinson,2
3857282,United States,Joshua Sargent,Christian Pulisic,2
3857282,United States,Joshua Sargent,Tim Ream,1
3857282,United States,Joshua Sargent,Timothy Weah,1
3857282,United States,Joshua Sargent,Tyler Adams,1
3857282,United States,Joshua Sargent,Weston McKennie,1
3857282,United States,Joshua Sargent,Yunus Dimoara Musah,2
3857282,United States,Kellyn Kai Perry-Acosta,Antonee Robinson,3
3857282,United States,Kellyn Kai Perry-Acosta,Brenden Aaronson,1
3857282,United States,Kellyn Kai Perry-Acosta,Christian Pulisic,1
3857282,United States,Kellyn Kai Perry-Acosta,Jordan Morris,1
3857282,United States,Kellyn Kai Perry-Acosta,Tim Ream,1
3857282,United States,Matthew Charles Turner,Antonee Robinson,2
3857282,United States,Matthew Charles Turner,Brenden Aaronson,1
3857282,United States,Matthew Charles Turner,Haji Wright,1
3857282,United States,Matthew Charles Turner,Sergino Dest,3
3857282,United States,Matthew Charles Turner,Tim Ream,7
3857282,United States,Matthew Charles Turner,Timothy Weah,1
3857282,United States,Matthew Charles Turner,Tyler Adams,1
3857282,United States,Matthew Charles Turner,Walker Zimmerman,5
3857282,United States,Matthew Charles Turner,Yunus Dimoara Musah,1
3857282,United States,Sergino Dest,Antonee Robinson,1
3857282,United States,Sergino Dest,Brenden Aaronson,4
3857282,United States,Sergino Dest,Joshua Sargent,3
3857282,United States,Sergino Dest,Matthew Charles Turner,5
3857282,United States,Sergino Dest,Tim Ream,1
3857282,United States,Sergino Dest,Timothy Weah,12
3857282,United States,Sergino Dest,Tyler Adams,12
3857282,United States,Sergino Dest,Walker Zimmerman,19
3857282,United States,Sergino Dest,Weston McKennie,6
3857282,United States,Sergino Dest,Yunus Dimoara Musah,2
3857282,United States,Tim Ream,Antonee Robinson,11
3857282,United States,Tim Ream,Christian Pulisic,5
3857282,United States,Tim Ream,DeAndre Yedlin,1
3857282,United States,Tim Ream,Joshua Sargent,2
3857282,United States,Tim Ream,Kellyn Kai Perry-Acosta,1
3857282,United States,Tim Ream,Matthew Charles Turner,5
3857282,United States,Tim Ream,Sergino Dest,1
3857282,United States,Tim Ream,Timothy Weah,1
3857282,United States,Tim Ream,Tyler Adams,5
3857282,United States,Tim Ream,Walker Zimmerman,24
3857282,United States,Tim Ream,Weston McKennie,2
3857282,United States,Tim Ream,Yunus Dimoara Musah,10
3857282,United States,Timothy Weah,Antonee Robinson,2
3857282,United States,Timothy Weah,Brenden Aaronson,1
3857282,United States,Timothy Weah,Christian Pulisic,1
3857282,United States,Timothy Weah,Haji Wright,1
3857282,United States,Timothy Weah,Joshua Sargent,1
3857282,United States,Timothy Weah,Matthew Charles Turner,1
3857282,United States,Timothy Weah,Sergino Dest,6
3857282,United States,Timothy Weah,Tyler Adams,3
3857282,United States,Timothy Weah,Walker Zimmerman,3
3857282,United States,Timothy Weah,Weston McKennie,5
3857282,United States,Tyler Adams,Antonee Robinson,4
3857282,United States,Tyler Adams,Brenden Aaronson,3
3857282,United States,Tyler Adams,Christian Pulisic,6
3857282,United States,Tyler Adams,DeAndre Yedlin,2
3857282,United States,Tyler Adams,Haji Wright,2
3857282,United States,Tyler Adams,Joshua Sargent,4
3857282,United States,Tyler Adams,Kellyn Kai Perry-Acosta,4
3857282,United States,Tyler Adams,Sergino Dest,8
3857282,United States,Tyler Adams,Tim Ream,10
3857282,United States,Tyler Adams,Timothy Weah,1
3857282,United States,Tyler Adams,Walker Zimmerman,9
3857282,United States,Tyler Adams,Weston McKennie,4
3857282,United States,Tyler Adams,Yunus Dimoara Musah,6
3857282,United States,Walker Zimmerman,Antonee Robinson,1
3857282,United States,Walker Zimmerman,Brenden Aaronson,6
3857282,United States,Walker Zimmerman,DeAndre Yedlin,2
3857282,United States,Walker Zimmerman,Matthew Charles Turner,4
3857282,United States,Walker Zimmerman,Sergino Dest,28
3857282,United States,Walker Zimmerman,Tim Ream,28
3857282,United States,Walker Zimmerman,Timothy Weah,2
3857282,United States,Walker Zimmerman,Tyler Adams,4
3857282,United States,Walker Zimmerman,Weston McKennie,5
3857282,United States,Walker Zimmerman,Yunus Dimoara Musah,2
3857282,United States,Weston McKennie,Antonee Robinson,2
3857282,United States,Weston McKennie,Christian Pulisic,3
3857282,United States,Weston McKennie,Sergino Dest,8
3857282,United States,Weston McKennie,Tim Ream,3
3857282,United States,Weston McKennie,Timothy Weah,4
3857282,United States,Weston McKennie,Tyler Adams,4
3857282,United States,Weston McKennie,Walker Zimmerman,1
3857282,United States,Weston McKennie,Yunus Dimoara Musah,2
3857282,United States,Yunus Dimoara Musah,Antonee Robinson,9
3857282,United States,Yunus Dimoara Musah,Christian Pulisic,9
3857282,United States,Yunus Dimoara Musah,Joshua Sargent,1
3857282,United States,Yunus Dimoara Musah,Sergino Dest,2
3857282,United States,Yunus Dimoara Musah,Tim Ream,4
3857282,United States,Yunus Dimoara Musah,Tyler Adams,6
3857282,United States,Yunus Dimoara Musah,Walker Zimmerman,6
3857282,United States,Yunus Dimoara Musah,Weston McKennie,1
3857282,United States,Brenden Aaronson,Christian Pulisic,1
3857282,United States,Brenden Aaronson,DeAndre Yedlin,4
3857282,United States,Brenden Aaronson,Kellyn Kai Perry-Acosta,1
3857282,United States,Brenden Aaronson,Sergino Dest,4
3857282,United States,Brenden Aaronson,Timothy Weah,1
3857282,United States,Brenden Aaronson,Tyler Adams,3
3857282,United States,Brenden Aaronson,Walker Zimmerman,3
3857282,United States,DeAndre Yedlin,Brenden Aaronson,1
3857282,United States,DeAndre Yedlin,Christian Pulisic,1
3857282,United States,DeAndre Yedlin,Haji Wright,2
3857282,United States,DeAndre Yedlin,Matthew Charles Turner,1
3857282,United States,DeAndre Yedlin,Timothy Weah,2
3857282,United States,DeAndre Yedlin,Tyler Adams,3
3857282,United States,DeAndre Yedlin,Walker Zimmerman,2
3857282,United States,Jordan Morris,DeAndre Yedlin,2
3857282,Wales,Aaron Ramsey,Chris Mepham,4
3857282,Wales,Aaron Ramsey,Connor Roberts,2
3857282,Wales,Aaron Ramsey,Ethan Ampadu,5
3857282,Wales,Aaron Ramsey,Gareth Frank Bale,7
3857282,Wales,Aaron Ramsey,Harry Wilson,1
3857282,Wales,Aaron Ramsey,Joe Rodon,1
3857282,Wales,Aaron Ramsey,Kieffer Roberto Francisco Moore,2
3857282,Wales,Aaron Ramsey,Neco Williams,1
3857282,Wales,Aaron Ramsey,Wayne Hennessey,1
3857282,Wales,Chris Mepham,Aaron Ramsey,1
3857282,Wales,Chris Mepham,Ben Davies,2
3857282,Wales,Chris Mepham,Connor Roberts,17
3857282,Wales,Chris Mepham,Daniel James,1
3857282,Wales,Chris Mepham,Ethan Ampadu,5
3857282,Wales,Chris Mepham,Gareth Frank Bale,1
3857282,Wales,Chris Mepham,Harry Wilson,1
3857282,Wales,Chris Mepham,Joe Rodon,13
3857282,Wales,Chris Mepham,Kieffer Roberto Francisco Moore,1
3857282,Wales,Chris Mepham,Sorba Thomas,1
3857282,Wales,Chris Mepham,Wayne Hennessey,3
3857282,Wales,Connor Roberts,Aaron Ramsey,6
3857282,Wales,Connor Roberts,Ben Davies,1
3857282,Wales,Connor Roberts,Brennan Johnson,2
3857282,Wales,Connor Roberts,Chris Mepham,8
3857282,Wales,Connor Roberts,Daniel James,3
3857282,Wales,Connor Roberts,Ethan Ampadu,3
3857282,Wales,Connor Roberts,Gareth Frank Bale,5
3857282,Wales,Connor Roberts,Harry Wilson,1
3857282,Wales,Connor Roberts,Joe Rodon,4
3857282,Wales,Connor Roberts,Kieffer Roberto Francisco Moore,4
3857282,Wales,Connor Roberts,Wayne Hennessey,1
3857282,Wales,Ethan Ampadu,Aaron Ramsey,2
3857282,Wales,Ethan Ampadu,Ben Davies,2
3857282,Wales,Ethan Ampadu,Chris Mepham,2
3857282,Wales,Ethan Ampadu,Connor Roberts,2
3857282,Wales,Ethan Ampadu,Daniel James,3
3857282,Wales,Ethan Ampadu,Gareth Frank Bale,3
3857282,Wales,Ethan Ampadu,Harry Wilson,4
3857282,Wales,Ethan Ampadu,Joe Rodon,8
3857282,Wales,Ethan Ampadu,Kieffer Roberto Francisco Moore,2
3857282,Wales,Ethan Ampadu,Neco Williams,1
3857282,Wales,Gareth Frank Bale,Aaron Ramsey,4
3857282,Wales,Gareth Frank Bale,Connor Roberts,1
3857282,Wales,Gareth Frank Bale,Daniel James,1
3857282,Wales,Gareth Frank Bale,Ethan Ampadu,1
3857282,Wales,Gareth Frank Bale,Joe Rodon,1
3857282,Wales,Gareth Frank Bale,Kieffer Roberto Francisco Moore,3
3857282,Wales,Gareth Frank Bale,Neco Williams,3
3857282,Wales,Harry Wilson,Aaron Ramsey,2
3857282,Wales,Harry Wilson,Ben Davies,4
3857282,Wales,Harry Wilson,Chris Mepham,1
3857282,Wales,Harry Wilson,Daniel James,1
3857282,Wales,Harry Wilson,Ethan Ampadu,3
3857282,Wales,Harry Wilson,Joe Rodon,4
3857282,Wales,Harry Wilson,Kieffer Roberto Francisco Moore,2
3857282,Wales,Harry Wilson,Neco Williams,5
3857282,Wales,Harry Wilson,Wayne Hennessey,1
3857282,Wales,Joe Rodon,Aaron Ramsey,2
3857282,Wales,Joe Rodon,Ben Davies,9
3857282,Wales,Joe Rodon,Chris Mepham,22
3857282,Wales,Joe Rodon,Connor Roberts,3
3857282,Wales,Joe Rodon,Ethan Ampadu,3
3857282,Wales,Joe Rodon,Harry Wilson,2
3857282,Wales,Joe Rodon,Neco Williams,3
3857282,Wales,Joe Rodon,Wayne Hennessey,7
3857282,Wales,Kieffer Roberto Francisco Moore,Aaron Ramsey,3
3857282,Wales,Kieffer Roberto Francisco Moore,Brennan Johnson,1
3857282,Wales,Kieffer Roberto Francisco Moore,Connor Roberts,4
3857282,Wales,Kieffer Roberto Francisco Moore,Ethan Ampadu,1
3857282,Wales,Kieffer Roberto Francisco Moore,Gareth Frank Bale,2
3857282,Wales,Kieffer Roberto Francisco Moore,Joe Rodon,1
3857282,Wales,Kieffer Roberto Francisco Moore,Neco Williams,1
3857282,Wales,Neco Williams,Aaron Ramsey,1
3857282,Wales,Neco Williams,Ben Davies,6
3857282,Wales,Neco Williams,Chris Mepham,1
3857282,Wales,Neco Williams,Connor Roberts,1
3857282,Wales,Neco Williams,Daniel James,2
3857282,Wales,Neco Williams,Ethan Ampadu,3
3857282,Wales,Neco Williams,Gareth Frank Bale,3
3857282,Wales,Neco Williams,Harry Wilson,5
3857282,Wales,Neco Williams,Joe Rodon,1
3857282,Wales,Neco Williams,Kieffer Roberto Francisco Moore,1
3857282,Wales,Wayne Hennessey,Aaron Ramsey,1
3857282,Wales,Wayne Hennessey,Ben Davies,2
3857282,Wales,Wayne Hennessey,Chris Mepham,2
3857282,Wales,Wayne Hennessey,Connor Roberts,2
3857282,Wales,Wayne Hennessey,Ethan Ampadu,1
3857282,Wales,Wayne Hennessey,Gareth Frank Bale,2
3857282,Wales,Wayne Hennessey,Joe Rodon,7
3857282,Wales,Wayne Hennessey,Kieffer Roberto Francisco Moore,3
3857282,Wales,Wayne Hennessey,Neco Williams,2
3857282,Wales,Ben Davies,Aaron Ramsey,5
3857282,Wales,Ben Davies,Chris Mepham,3
3857282,Wales,Ben Davies,Connor Roberts,1
3857282,Wales,Ben Davies,Ethan Ampadu,5
3857282,Wales,Ben Davies,Harry Wilson,5
3857282,Wales,Ben Davies,Joe Rodon,15
3857282,Wales,Ben Davies,Neco Williams,3
3857282,Wales,Ben Davies,Sorba Thomas,2
3857282,Wales,Ben Davies,Wayne Hennessey,2
3857282,Wales,Sorba Thomas,Ben Davies,1
3857282,Wales,Sorba Thomas,Gareth Frank Bale,1
3857282,Wales,Sorba Thomas,Kieffer Roberto Francisco Moore,1
3857282,Wales,Brennan Johnson,Aaron Ramsey,3
3857282,Wales,Daniel James,Aaron Ramsey,1
3857282,Wales,Daniel James,Ben Davies,1
3857282,Wales,Daniel James,Gareth Frank Bale,1
3857282,Wales,Daniel James,Harry Wilson,2
3857282,Wales,Daniel James,Neco Williams,1
3857282,Wales,Daniel James,Wayne Hennessey,1
3857282,Wales,Joseff Morrell,Sorba Thomas,1
3857283,Belgium,Amadou Onana,Axel Witsel,8
3857283,Belgium,Amadou Onana,Eden Hazard,2
3857283,Belgium,Amadou Onana,Jan Vertonghen,6
3857283,Belgium,Amadou Onana,Kevin De Bruyne,6
3857283,Belgium,Amadou Onana,Thomas Meunier,5
3857283,Belgium,Amadou Onana,Thorgan Hazard,2
3857283,Belgium,Amadou Onana,Timothy Castagne,5
3857283,Belgium,Amadou Onana,Toby Alderweireld,5
3857283,Belgium,Axel Witsel,Amadou Onana,6
3857283,Belgium,Axel Witsel,Dries Mertens,2
3857283,Belgium,Axel Witsel,Eden Hazard,5
3857283,Belgium,Axel Witsel,Jan Vertonghen,13
3857283,Belgium,Axel Witsel,Kevin De Bruyne,7
3857283,Belgium,Axel Witsel,Leandro Trossard,4
3857283,Belgium,Axel Witsel,Michy Batshuayi Tunga,1
3857283,Belgium,Axel Witsel,Thibaut Courtois,3
3857283,Belgium,Axel Witsel,Thomas Meunier,2
3857283,Belgium,Axel Witsel,Thorgan Hazard,3
3857283,Belgium,Axel Witsel,Timothy Castagne,10
3857283,Belgium,Axel Witsel,Toby Alderweireld,14
3857283,Belgium,Axel Witsel,Youri Tielemans,7
3857283,Belgium,Eden Hazard,Amadou Onana,4
3857283,Belgium,Eden Hazard,Axel Witsel,2
3857283,Belgium,Eden Hazard,Kevin De Bruyne,6
3857283,Belgium,Eden Hazard,Michy Batshuayi Tunga,1
3857283,Belgium,Eden Hazard,Thomas Meunier,3
3857283,Belgium,Eden Hazard,Thorgan Hazard,8
3857283,Belgium,Eden Hazard,Toby Alderweireld,1
3857283,Belgium,Jan Vertonghen,Amadou Onana,4
3857283,Belgium,Jan Vertonghen,Axel Witsel,11
3857283,Belgium,Jan Vertonghen,Dries Mertens,1
3857283,Belgium,Jan Vertonghen,Kevin De Bruyne,4
3857283,Belgium,Jan Vertonghen,Leandro Trossard,3
3857283,Belgium,Jan Vertonghen,Thibaut Courtois,7
3857283,Belgium,Jan Vertonghen,Thomas Meunier,2
3857283,Belgium,Jan Vertonghen,Thorgan Hazard,4
3857283,Belgium,Jan Vertonghen,Timothy Castagne,22
3857283,Belgium,Jan Vertonghen,Toby Alderweireld,34
3857283,Belgium,Jan Vertonghen,Youri Tielemans,5
3857283,Belgium,Kevin De Bruyne,Amadou Onana,4
3857283,Belgium,Kevin De Bruyne,Axel Witsel,5
3857283,Belgium,Kevin De Bruyne,Charles De Ketelaere,2
3857283,Belgium,Kevin De Bruyne,Dries Mertens,6
3857283,Belgium,Kevin De Bruyne,Eden Hazard,6
3857283,Belgium,Kevin De Bruyne,Michy Batshuayi Tunga,4
3857283,Belgium,Kevin De Bruyne,Thomas Meunier,4
3857283,Belgium,Kevin De Bruyne,Thorgan Hazard,5
3857283,Belgium,Kevin De Bruyne,Timothy Castagne,3
3857283,Belgium,Kevin De Bruyne,Toby Alderweireld,4
3857283,Belgium,Kevin De Bruyne,Youri Tielemans,2
3857283,Belgium,Thomas Meunier,Amadou Onana,4
3857283,Belgium,Thomas Meunier,Axel Witsel,4
3857283,Belgium,Thomas Meunier,Eden Hazard,3
3857283,Belgium,Thomas Meunier,Kevin De Bruyne,8
3857283,Belgium,Thomas Meunier,Michy Batshuayi Tunga,2
3857283,Belgium,Thomas Meunier,Thibaut Courtois,2
3857283,Belgium,Thomas Meunier,Thorgan Hazard,1
3857283,Belgium,Thomas Meunier,Toby Alderweireld,14
3857283,Belgium,Thomas Meunier,Youri Tielemans,1
3857283,Belgium,Thorgan Hazard,Amadou Onana,5
3857283,Belgium,Thorgan Hazard,Axel Witsel,1
3857283,Belgium,Thorgan Hazard,Dries Mertens,1
3857283,Belgium,Thorgan Hazard,Eden Hazard,5
3857283,Belgium,Thorgan Hazard,Jan Vertonghen,1
3857283,Belgium,Thorgan Hazard,Kevin De Bruyne,3
3857283,Belgium,Thorgan Hazard,Michy Batshuayi Tunga,4
3857283,Belgium,Thorgan Hazard,Timothy Castagne,10
3857283,Belgium,Timothy Castagne,Amadou Onana,8
3857283,Belgium,Timothy Castagne,Axel Witsel,12
3857283,Belgium,Timothy Castagne,Eden Hazard,5
3857283,Belgium,Timothy Castagne,Jan Vertonghen,14
3857283,Belgium,Timothy Castagne,Kevin De Bruyne,1
3857283,Belgium,Timothy Castagne,Leandro Trossard,2
3857283,Belgium,Timothy Castagne,Michy Batshuayi Tunga,2
3857283,Belgium,Timothy Castagne,Thibaut Courtois,2
3857283,Belgium,Timothy Castagne,Thomas Meunier,1
3857283,Belgium,Timothy Castagne,Thorgan Hazard,9
3857283,Belgium,Timothy Castagne,Toby Alderweireld,6
3857283,Belgium,Timothy Castagne,Youri Tielemans,3
3857283,Belgium,Toby Alderweireld,Amadou Onana,8
3857283,Belgium,Toby Alderweireld,Axel Witsel,10
3857283,Belgium,Toby Alderweireld,Charles De Ketelaere,2
3857283,Belgium,Toby Alderweireld,Eden Hazard,2
3857283,Belgium,Toby Alderweireld,Jan Vertonghen,33
3857283,Belgium,Toby Alderweireld,Kevin De Bruyne,6
3857283,Belgium,Toby Alderweireld,Thibaut Courtois,5
3857283,Belgium,Toby Alderweireld,Thomas Meunier,21
3857283,Belgium,Toby Alderweireld,Timothy Castagne,4
3857283,Belgium,Toby Alderweireld,Youri Tielemans,3
3857283,Belgium,Dries Mertens,Axel Witsel,1
3857283,Belgium,Dries Mertens,Charles De Ketelaere,1
3857283,Belgium,Dries Mertens,Jan Vertonghen,2
3857283,Belgium,Dries Mertens,Kevin De Bruyne,2
3857283,Belgium,Dries Mertens,Leandro Trossard,1
3857283,Belgium,Dries Mertens,Romelu Lukaku Menama,2
3857283,Belgium,Dries Mertens,Youri Tielemans,2
3857283,Belgium,Leandro Trossard,Axel Witsel,2
3857283,Belgium,Leandro Trossard,Dries Mertens,2
3857283,Belgium,Leandro Trossard,Jan Vertonghen,1
3857283,Belgium,Leandro Trossard,Kevin De Bruyne,3
3857283,Belgium,Leandro Trossard,Timothy Castagne,1
3857283,Belgium,Leandro Trossard,Youri Tielemans,1
3857283,Belgium,Michy Batshuayi Tunga,Axel Witsel,1
3857283,Belgium,Michy Batshuayi Tunga,Eden Hazard,5
3857283,Belgium,Michy Batshuayi Tunga,Toby Alderweireld,1
3857283,Belgium,Thibaut Courtois,Axel Witsel,2
3857283,Belgium,Thibaut Courtois,Jan Vertonghen,15
3857283,Belgium,Thibaut Courtois,Kevin De Bruyne,2
3857283,Belgium,Thibaut Courtois,Thomas Meunier,1
3857283,Belgium,Thibaut Courtois,Timothy Castagne,4
3857283,Belgium,Thibaut Courtois,Toby Alderweireld,9
3857283,Belgium,Thibaut Courtois,Youri Tielemans,1
3857283,Belgium,Youri Tielemans,Axel Witsel,5
3857283,Belgium,Youri Tielemans,Dries Mertens,3
3857283,Belgium,Youri Tielemans,Jan Vertonghen,4
3857283,Belgium,Youri Tielemans,Kevin De Bruyne,2
3857283,Belgium,Youri Tielemans,Leandro Trossard,2
3857283,Belgium,Youri Tielemans,Thomas Meunier,1
3857283,Belgium,Youri Tielemans,Thorgan Hazard,1
3857283,Belgium,Youri Tielemans,Timothy Castagne,2
3857283,Belgium,Youri Tielemans,Toby Alderweireld,7
3857283,Belgium,Charles De Ketelaere,Kevin De Bruyne,2
3857283,Belgium,Charles De Ketelaere,Youri Tielemans,1
3857283,Belgium,Romelu Lukaku Menama,Axel Witsel,1
3857283,Morocco,Abdelhamid Sabiri,Abderrazak Hamdallah,1
3857283,Morocco,Abdelhamid Sabiri,Azzedine Ounahi,1
3857283,Morocco,Abdelhamid Sabiri,Munir Mohand Mohamedi,1
3857283,Morocco,Abdelhamid Sabiri,Nayef Aguerd,1
3857283,Morocco,Abdelhamid Sabiri,Romain Saïss,1
3857283,Morocco,Abderrazak Hamdallah,Hakim Ziyech,2
3857283,Morocco,Abderrazak Hamdallah,Zakaria Aboukhlal,1
3857283,Morocco,Azzedine Ounahi,Achraf Hakimi Mouh,3
3857283,Morocco,Azzedine Ounahi,Hakim Ziyech,4
3857283,Morocco,Azzedine Ounahi,Munir Mohand Mohamedi,1
3857283,Morocco,Azzedine Ounahi,Nayef Aguerd,3
3857283,Morocco,Azzedine Ounahi,Noussair Mazraoui,4
3857283,Morocco,Azzedine Ounahi,Romain Saïss,1
3857283,Morocco,Azzedine Ounahi,Sofiane Boufal,5
3857283,Morocco,Azzedine Ounahi,Sofyan Amrabat,5
3857283,Morocco,Munir Mohand Mohamedi,Abderrazak Hamdallah,2
3857283,Morocco,Munir Mohand Mohamedi,Nayef Aguerd,5
3857283,Morocco,Munir Mohand Mohamedi,Noussair Mazraoui,2
3857283,Morocco,Munir Mohand Mohamedi,Romain Saïss,5
3857283,Morocco,Munir Mohand Mohamedi,Sofiane Boufal,1
3857283,Morocco,Munir Mohand Mohamedi,Sofyan Amrabat,2
3857283,Morocco,Munir Mohand Mohamedi,Zakaria Aboukhlal,1
3857283,Morocco,Nayef Aguerd,Abderrazak Hamdallah,1
3857283,Morocco,Nayef Aguerd,Achraf Hakimi Mouh,11
3857283,Morocco,Nayef Aguerd,Azzedine Ounahi,2
3857283,Morocco,Nayef Aguerd,Hakim Ziyech,4
3857283,Morocco,Nayef Aguerd,Munir Mohand Mohamedi,2
3857283,Morocco,Nayef Aguerd,Noussair Mazraoui,1
3857283,Morocco,Nayef Aguerd,Romain Saïss,7
3857283,Morocco,Nayef Aguerd,Selim Amallah,1
3857283,Morocco,Nayef Aguerd,Sofiane Boufal,1
3857283,Morocco,Nayef Aguerd,Sofyan Amrabat,7
3857283,Morocco,Nayef Aguerd,Yahia Attiyat allah,1
3857283,Morocco,Romain Saïss,Achraf Hakimi Mouh,1
3857283,Morocco,Romain Saïss,Azzedine Ounahi,2
3857283,Morocco,Romain Saïss,Hakim Ziyech,2
3857283,Morocco,Romain Saïss,Munir Mohand Mohamedi,2
3857283,Morocco,Romain Saïss,Nayef Aguerd,10
3857283,Morocco,Romain Saïss,Noussair Mazraoui,7
3857283,Morocco,Romain Saïss,Sofiane Boufal,3
3857283,Morocco,Romain Saïss,Sofyan Amrabat,2
3857283,Morocco,Romain Saïss,Yahia Attiyat allah,2
3857283,Morocco,Romain Saïss,Youssef En-Nesyri,1
3857283,Morocco,Hakim Ziyech,Achraf Hakimi Mouh,4
3857283,Morocco,Hakim Ziyech,Azzedine Ounahi,2
3857283,Morocco,Hakim Ziyech,Nayef Aguerd,2
3857283,Morocco,Hakim Ziyech,Noussair Mazraoui,1
3857283,Morocco,Hakim Ziyech,Romain Saïss,1
3857283,Morocco,Hakim Ziyech,Selim Amallah,1
3857283,Morocco,Hakim Ziyech,Sofiane Boufal,4
3857283,Morocco,Hakim Ziyech,Sofyan Amrabat,2
3857283,Morocco,Hakim Ziyech,Youssef En-Nesyri,2
3857283,Morocco,Hakim Ziyech,Zakaria Aboukhlal,2
3857283,Morocco,Zakaria Aboukhlal,Hakim Ziyech,1
3857283,Morocco,Zakaria Aboukhlal,Nayef Aguerd,1
3857283,Morocco,Zakaria Aboukhlal,Yahia Attiyat allah,1
3857283,Morocco,Achraf Hakimi Mouh,Azzedine Ounahi,2
3857283,Morocco,Achraf Hakimi Mouh,Hakim Ziyech,8
3857283,Morocco,Achraf Hakimi Mouh,Nayef Aguerd,3
3857283,Morocco,Achraf Hakimi Mouh,Romain Saïss,1
3857283,Morocco,Achraf Hakimi Mouh,Selim Amallah,11
3857283,Morocco,Achraf Hakimi Mouh,Sofiane Boufal,2
3857283,Morocco,Achraf Hakimi Mouh,Sofyan Amrabat,2
3857283,Morocco,Achraf Hakimi Mouh,Youssef En-Nesyri,1
3857283,Morocco,Selim Amallah,Achraf Hakimi Mouh,5
3857283,Morocco,Selim Amallah,Hakim Ziyech,2
3857283,Morocco,Selim Amallah,Nayef Aguerd,2
3857283,Morocco,Selim Amallah,Noussair Mazraoui,2
3857283,Morocco,Selim Amallah,Romain Saïss,4
3857283,Morocco,Selim Amallah,Sofiane Boufal,1
3857283,Morocco,Selim Amallah,Sofyan Amrabat,1
3857283,Morocco,Sofiane Boufal,Abdelhamid Sabiri,1
3857283,Morocco,Sofiane Boufal,Achraf Hakimi Mouh,2
3857283,Morocco,Sofiane Boufal,Azzedine Ounahi,5
3857283,Morocco,Sofiane Boufal,Hakim Ziyech,4
3857283,Morocco,Sofiane Boufal,Noussair Mazraoui,6
3857283,Morocco,Sofiane Boufal,Romain Saïss,1
3857283,Morocco,Sofiane Boufal,Sofyan Amrabat,1
3857283,Morocco,Sofiane Boufal,Yahia Attiyat allah,1
3857283,Morocco,Sofyan Amrabat,Abdelhamid Sabiri,2
3857283,Morocco,Sofyan Amrabat,Achraf Hakimi Mouh,3
3857283,Morocco,Sofyan Amrabat,Azzedine Ounahi,3
3857283,Morocco,Sofyan Amrabat,Hakim Ziyech,4
3857283,Morocco,Sofyan Amrabat,Munir Mohand Mohamedi,2
3857283,Morocco,Sofyan Amrabat,Nayef Aguerd,7
3857283,Morocco,Sofyan Amrabat,Noussair Mazraoui,3
3857283,Morocco,Sofyan Amrabat,Romain Saïss,4
3857283,Morocco,Sofyan Amrabat,Selim Amallah,4
3857283,Morocco,Sofyan Amrabat,Sofiane Boufal,2
3857283,Morocco,Sofyan Amrabat,Zakaria Aboukhlal,1
3857283,Morocco,Youssef En-Nesyri,Achraf Hakimi Mouh,1
3857283,Morocco,Youssef En-Nesyri,Azzedine Ounahi,1
3857283,Morocco,Youssef En-Nesyri,Selim Amallah,1
3857283,Morocco,Youssef En-Nesyri,Sofyan Amrabat,1
3857283,Morocco,Noussair Mazraoui,Achraf Hakimi Mouh,1
3857283,Morocco,Noussair Mazraoui,Azzedine Ounahi,8
3857283,Morocco,Noussair Mazraoui,Hakim Ziyech,1
3857283,Morocco,Noussair Mazraoui,Nayef Aguerd,1
3857283,Morocco,Noussair Mazraoui,Romain Saïss,4
3857283,Morocco,Noussair Mazraoui,Sofiane Boufal,6
3857283,Morocco,Noussair Mazraoui,Sofyan Amrabat,5
3857283,Morocco,Noussair Mazraoui,Youssef En-Nesyri,2
3857283,Morocco,Jawad El Yamiq,Abdelhamid Sabiri,1
3857283,Morocco,Jawad El Yamiq,Abderrazak Hamdallah,1
3857283,Morocco,Yahia Attiyat allah,Abderrazak Hamdallah,1
3857283,Morocco,Yahia Attiyat allah,Sofiane Boufal,1
3857283,Morocco,Yahia Attiyat allah,Sofyan Amrabat,2
3857284,Germany,Antonio Rüdiger,David Raum,2
3857284,Germany,Antonio Rüdiger,Jamal Musiala,2
3857284,Germany,Antonio Rüdiger,Jonas Hofmann,1
3857284,Germany,Antonio Rüdiger,Joshua Kimmich,15
3857284,Germany,Antonio Rüdiger,Leon Goretzka,1
3857284,Germany,Antonio Rüdiger,Manuel Neuer,18
3857284,Germany,Antonio Rüdiger,Nico Schlotterbeck,25
3857284,Germany,Antonio Rüdiger,Niklas Süle,29
3857284,Germany,Antonio Rüdiger,Serge Gnabry,1
3857284,Germany,Antonio Rüdiger,Thomas Müller,1
3857284,Germany,Antonio Rüdiger,İlkay Gündoğan,11
3857284,Germany,David Raum,Antonio Rüdiger,1
3857284,Germany,David Raum,Jamal Musiala,12
3857284,Germany,David Raum,Joshua Kimmich,4
3857284,Germany,David Raum,Kai Havertz,7
3857284,Germany,David Raum,Leon Goretzka,1
3857284,Germany,David Raum,Mario Götze,1
3857284,Germany,David Raum,Nico Schlotterbeck,23
3857284,Germany,David Raum,Serge Gnabry,3
3857284,Germany,David Raum,Thomas Müller,2
3857284,Germany,David Raum,İlkay Gündoğan,6
3857284,Germany,Jamal Musiala,Antonio Rüdiger,2
3857284,Germany,Jamal Musiala,David Raum,8
3857284,Germany,Jamal Musiala,Joshua Kimmich,7
3857284,Germany,Jamal Musiala,Nico Schlotterbeck,3
3857284,Germany,Jamal Musiala,Serge Gnabry,6
3857284,Germany,Jamal Musiala,Thomas Müller,5
3857284,Germany,Jamal Musiala,İlkay Gündoğan,7
3857284,Germany,Jonas Hofmann,Antonio Rüdiger,2
3857284,Germany,Jonas Hofmann,Leon Goretzka,1
3857284,Germany,Jonas Hofmann,Mario Götze,2
3857284,Germany,Jonas Hofmann,Niclas Füllkrug,1
3857284,Germany,Jonas Hofmann,Niklas Süle,8
3857284,Germany,Jonas Hofmann,Serge Gnabry,1
3857284,Germany,Joshua Kimmich,Antonio Rüdiger,19
3857284,Germany,Joshua Kimmich,David Raum,7
3857284,Germany,Joshua Kimmich,Jamal Musiala,7
3857284,Germany,Joshua Kimmich,Jonas Hofmann,1
3857284,Germany,Joshua Kimmich,Kai Havertz,2
3857284,Germany,Joshua Kimmich,Leon Goretzka,1
3857284,Germany,Joshua Kimmich,Manuel Neuer,4
3857284,Germany,Joshua Kimmich,Mario Götze,1
3857284,Germany,Joshua Kimmich,Niclas Füllkrug,1
3857284,Germany,Joshua Kimmich,Nico Schlotterbeck,12
3857284,Germany,Joshua Kimmich,Niklas Süle,11
3857284,Germany,Joshua Kimmich,Serge Gnabry,7
3857284,Germany,Joshua Kimmich,Thomas Müller,3
3857284,Germany,Joshua Kimmich,İlkay Gündoğan,6
3857284,Germany,Leon Goretzka,David Raum,3
3857284,Germany,Leon Goretzka,Joshua Kimmich,1
3857284,Germany,Leon Goretzka,Kai Havertz,1
3857284,Germany,Leon Goretzka,Niklas Süle,2
3857284,Germany,Manuel Neuer,Antonio Rüdiger,8
3857284,Germany,Manuel Neuer,David Raum,1
3857284,Germany,Manuel Neuer,Joshua Kimmich,6
3857284,Germany,Manuel Neuer,Nico Schlotterbeck,22
3857284,Germany,Manuel Neuer,Niklas Süle,9
3857284,Germany,Manuel Neuer,Thomas Müller,2
3857284,Germany,Manuel Neuer,İlkay Gündoğan,2
3857284,Germany,Nico Schlotterbeck,Antonio Rüdiger,32
3857284,Germany,Nico Schlotterbeck,David Raum,24
3857284,Germany,Nico Schlotterbeck,Jamal Musiala,7
3857284,Germany,Nico Schlotterbeck,Jonas Hofmann,3
3857284,Germany,Nico Schlotterbeck,Joshua Kimmich,12
3857284,Germany,Nico Schlotterbeck,Kai Havertz,1
3857284,Germany,Nico Schlotterbeck,Leon Goretzka,1
3857284,Germany,Nico Schlotterbeck,Manuel Neuer,12
3857284,Germany,Nico Schlotterbeck,Niclas Füllkrug,2
3857284,Germany,Nico Schlotterbeck,Niklas Süle,1
3857284,Germany,Nico Schlotterbeck,Thomas Müller,1
3857284,Germany,Nico Schlotterbeck,İlkay Gündoğan,13
3857284,Germany,Niklas Süle,Antonio Rüdiger,24
3857284,Germany,Niklas Süle,David Raum,1
3857284,Germany,Niklas Süle,Jonas Hofmann,11
3857284,Germany,Niklas Süle,Joshua Kimmich,16
3857284,Germany,Niklas Süle,Kai Havertz,5
3857284,Germany,Niklas Süle,Leon Goretzka,2
3857284,Germany,Niklas Süle,Manuel Neuer,6
3857284,Germany,Niklas Süle,Nico Schlotterbeck,1
3857284,Germany,Niklas Süle,Serge Gnabry,12
3857284,Germany,Niklas Süle,Thomas Müller,10
3857284,Germany,Niklas Süle,İlkay Gündoğan,7
3857284,Germany,Serge Gnabry,Antonio Rüdiger,1
3857284,Germany,Serge Gnabry,David Raum,6
3857284,Germany,Serge Gnabry,Jamal Musiala,4
3857284,Germany,Serge Gnabry,Jonas Hofmann,1
3857284,Germany,Serge Gnabry,Joshua Kimmich,8
3857284,Germany,Serge Gnabry,Kai Havertz,3
3857284,Germany,Serge Gnabry,Niklas Süle,7
3857284,Germany,Serge Gnabry,Thomas Müller,4
3857284,Germany,Serge Gnabry,İlkay Gündoğan,5
3857284,Germany,Thomas Müller,Antonio Rüdiger,2
3857284,Germany,Thomas Müller,David Raum,2
3857284,Germany,Thomas Müller,Jamal Musiala,5
3857284,Germany,Thomas Müller,Joshua Kimmich,4
3857284,Germany,Thomas Müller,Kai Havertz,1
3857284,Germany,Thomas Müller,Niklas Süle,7
3857284,Germany,Thomas Müller,Serge Gnabry,6
3857284,Germany,Thomas Müller,İlkay Gündoğan,5
3857284,Germany,İlkay Gündoğan,Antonio Rüdiger,12
3857284,Germany,İlkay Gündoğan,David Raum,4
3857284,Germany,İlkay Gündoğan,Jamal Musiala,11
3857284,Germany,İlkay Gündoğan,Joshua Kimmich,8
3857284,Germany,İlkay Gündoğan,Kai Havertz,2
3857284,Germany,İlkay Gündoğan,Manuel Neuer,2
3857284,Germany,İlkay Gündoğan,Nico Schlotterbeck,6
3857284,Germany,İlkay Gündoğan,Niklas Süle,7
3857284,Germany,İlkay Gündoğan,Serge Gnabry,7
3857284,Germany,İlkay Gündoğan,Thomas Müller,5
3857284,Germany,Kai Havertz,David Raum,1
3857284,Germany,Kai Havertz,Jamal Musiala,4
3857284,Germany,Kai Havertz,Joshua Kimmich,2
3857284,Germany,Kai Havertz,Nico Schlotterbeck,2
3857284,Germany,Kai Havertz,Niklas Süle,1
3857284,Germany,Kai Havertz,Serge Gnabry,3
3857284,Germany,Kai Havertz,Thomas Müller,4
3857284,Germany,Mario Götze,Antonio Rüdiger,1
3857284,Germany,Mario Götze,Niclas Füllkrug,1
3857284,Germany,Mario Götze,Nico Schlotterbeck,1
3857284,Germany,Mario Götze,Serge Gnabry,1
3857284,Germany,Niclas Füllkrug,Leon Goretzka,1
3857284,Germany,Niclas Füllkrug,Serge Gnabry,1
3857284,Germany,Niclas Füllkrug,Youssoufa Moukoko,1
3857284,Germany,Youssoufa Moukoko,Niclas Füllkrug,1
3857284,Germany,Youssoufa Moukoko,Nico Schlotterbeck,1
3857284,Japan,Ao Tanaka,Daichi Kamada,1
3857284,Japan,Ao Tanaka,Daizen Maeda,1
3857284,Japan,Ao Tanaka,Hiroki Sakai,4
3857284,Japan,Ao Tanaka,Junya Ito,1
3857284,Japan,Ao Tanaka,Ko Itakura,2
3857284,Japan,Ao Tanaka,Maya Yoshida,4
3857284,Japan,Ao Tanaka,Shūichi Gonda,1
3857284,Japan,Ao Tanaka,Takefusa Kubo,1
3857284,Japan,Ao Tanaka,Takehiro Tomiyasu,4
3857284,Japan,Ao Tanaka,Wataru Endo,4
3857284,Japan,Daichi Kamada,Ao Tanaka,5
3857284,Japan,Daichi Kamada,Hiroki Sakai,1
3857284,Japan,Daichi Kamada,Junya Ito,2
3857284,Japan,Daichi Kamada,Kaoru Mitoma,1
3857284,Japan,Daichi Kamada,Ko Itakura,2
3857284,Japan,Daichi Kamada,Maya Yoshida,2
3857284,Japan,Daichi Kamada,Takuma Asano,1
3857284,Japan,Daichi Kamada,Yuto Nagatomo,1
3857284,Japan,Daizen Maeda,Hiroki Sakai,1
3857284,Japan,Daizen Maeda,Maya Yoshida,1
3857284,Japan,Hiroki Sakai,Ao Tanaka,4
3857284,Japan,Hiroki Sakai,Junya Ito,8
3857284,Japan,Hiroki Sakai,Shūichi Gonda,1
3857284,Japan,Hiroki Sakai,Takefusa Kubo,1
3857284,Japan,Hiroki Sakai,Takuma Asano,3
3857284,Japan,Junya Ito,Daichi Kamada,1
3857284,Japan,Junya Ito,Daizen Maeda,1
3857284,Japan,Junya Ito,Hiroki Sakai,2
3857284,Japan,Junya Ito,Ko Itakura,1
3857284,Japan,Junya Ito,Takuma Asano,1
3857284,Japan,Junya Ito,Wataru Endo,1
3857284,Japan,Ko Itakura,Ao Tanaka,3
3857284,Japan,Ko Itakura,Daichi Kamada,1
3857284,Japan,Ko Itakura,Daizen Maeda,1
3857284,Japan,Ko Itakura,Hiroki Sakai,2
3857284,Japan,Ko Itakura,Junya Ito,1
3857284,Japan,Ko Itakura,Maya Yoshida,7
3857284,Japan,Ko Itakura,Shūichi Gonda,2
3857284,Japan,Ko Itakura,Takuma Asano,1
3857284,Japan,Ko Itakura,Wataru Endo,3
3857284,Japan,Ko Itakura,Yuto Nagatomo,1
3857284,Japan,Maya Yoshida,Ao Tanaka,2
3857284,Japan,Maya Yoshida,Daichi Kamada,3
3857284,Japan,Maya Yoshida,Hiroki Sakai,4
3857284,Japan,Maya Yoshida,Ko Itakura,4
3857284,Japan,Maya Yoshida,Shūichi Gonda,8
3857284,Japan,Maya Yoshida,Takehiro Tomiyasu,4
3857284,Japan,Maya Yoshida,Wataru Endo,5
3857284,Japan,Maya Yoshida,Yuto Nagatomo,2
3857284,Japan,Shūichi Gonda,Ao Tanaka,5
3857284,Japan,Shūichi Gonda,Hiroki Sakai,1
3857284,Japan,Shūichi Gonda,Ko Itakura,3
3857284,Japan,Shūichi Gonda,Maya Yoshida,7
3857284,Japan,Shūichi Gonda,Takehiro Tomiyasu,5
3857284,Japan,Shūichi Gonda,Takuma Asano,1
3857284,Japan,Shūichi Gonda,Yuto Nagatomo,1
3857284,Japan,Takefusa Kubo,Wataru Endo,1
3857284,Japan,Takehiro Tomiyasu,Daichi Kamada,6
3857284,Japan,Takehiro Tomiyasu,Kaoru Mitoma,2
3857284,Japan,Takehiro Tomiyasu,Maya Yoshida,5
3857284,Japan,Takehiro Tomiyasu,Shūichi Gonda,3
3857284,Japan,Takehiro Tomiyasu,Takuma Asano,1
3857284,Japan,Takehiro Tomiyasu,Yuto Nagatomo,1
3857284,Japan,Wataru Endo,Ao Tanaka,5
3857284,Japan,Wataru Endo,Daichi Kamada,2
3857284,Japan,Wataru Endo,Hiroki Sakai,2
3857284,Japan,Wataru Endo,Junya Ito,2
3857284,Japan,Wataru Endo,Kaoru Mitoma,2
3857284,Japan,Wataru Endo,Ko Itakura,4
3857284,Japan,Wataru Endo,Maya Yoshida,3
3857284,Japan,Wataru Endo,Shūichi Gonda,1
3857284,Japan,Wataru Endo,Takehiro Tomiyasu,1
3857284,Japan,Wataru Endo,Takuma Asano,1
3857284,Japan,Wataru Endo,Takumi Minamino,1
3857284,Japan,Kaoru Mitoma,Ao Tanaka,1
3857284,Japan,Kaoru Mitoma,Ko Itakura,1
3857284,Japan,Kaoru Mitoma,Maya Yoshida,2
3857284,Japan,Kaoru Mitoma,Shūichi Gonda,1
3857284,Japan,Kaoru Mitoma,Takehiro Tomiyasu,1
3857284,Japan,Kaoru Mitoma,Takuma Asano,1
3857284,Japan,Kaoru Mitoma,Takumi Minamino,3
3857284,Japan,Kaoru Mitoma,Wataru Endo,3
3857284,Japan,Takuma Asano,Junya Ito,1
3857284,Japan,Takuma Asano,Ritsu Doan,4
3857284,Japan,Yuto Nagatomo,Ao Tanaka,3
3857284,Japan,Yuto Nagatomo,Daichi Kamada,3
3857284,Japan,Yuto Nagatomo,Daizen Maeda,1
3857284,Japan,Yuto Nagatomo,Maya Yoshida,1
3857284,Japan,Yuto Nagatomo,Shūichi Gonda,1
3857284,Japan,Yuto Nagatomo,Takefusa Kubo,1
3857284,Japan,Takumi Minamino,Kaoru Mitoma,1
3857284,Japan,Ritsu Doan,Takumi Minamino,1
3857284,Japan,Ritsu Doan,Wataru Endo,1
3857285,Netherlands,Andries Noppert,Denzel Dumfries,3
3857285,Netherlands,Andries Noppert,Frenkie de Jong,4
3857285,Netherlands,Andries Noppert,Matthijs de Ligt,2
3857285,Netherlands,Andries Noppert,Nathan Aké,8
3857285,Netherlands,Andries Noppert,Steven Berghuis,1
3857285,Netherlands,Andries Noppert,Teun Koopmeiners,1
3857285,Netherlands,Andries Noppert,Virgil van Dijk,6
3857285,Netherlands,Denzel Dumfries,Cody Mathès Gakpo,4
3857285,Netherlands,Denzel Dumfries,Frenkie de Jong,1
3857285,Netherlands,Denzel Dumfries,Matthijs de Ligt,8
3857285,Netherlands,Denzel Dumfries,Memphis Depay,1
3857285,Netherlands,Denzel Dumfries,Steven Berghuis,1
3857285,Netherlands,Denzel Dumfries,Steven Bergwijn,4
3857285,Netherlands,Denzel Dumfries,Vincent Janssen,4
3857285,Netherlands,Denzel Dumfries,Virgil van Dijk,2
3857285,Netherlands,Frenkie de Jong,Cody Mathès Gakpo,2
3857285,Netherlands,Frenkie de Jong,Daley Blind,9
3857285,Netherlands,Frenkie de Jong,Denzel Dumfries,4
3857285,Netherlands,Frenkie de Jong,Matthijs de Ligt,7
3857285,Netherlands,Frenkie de Jong,Memphis Depay,2
3857285,Netherlands,Frenkie de Jong,Nathan Aké,9
3857285,Netherlands,Frenkie de Jong,Steven Berghuis,10
3857285,Netherlands,Frenkie de Jong,Steven Bergwijn,3
3857285,Netherlands,Frenkie de Jong,Virgil van Dijk,11
3857285,Netherlands,Matthijs de Ligt,Andries Noppert,5
3857285,Netherlands,Matthijs de Ligt,Cody Mathès Gakpo,3
3857285,Netherlands,Matthijs de Ligt,Denzel Dumfries,8
3857285,Netherlands,Matthijs de Ligt,Frenkie de Jong,5
3857285,Netherlands,Matthijs de Ligt,Nathan Aké,5
3857285,Netherlands,Matthijs de Ligt,Steven Berghuis,3
3857285,Netherlands,Matthijs de Ligt,Steven Bergwijn,1
3857285,Netherlands,Matthijs de Ligt,Vincent Janssen,1
3857285,Netherlands,Matthijs de Ligt,Virgil van Dijk,9
3857285,Netherlands,Nathan Aké,Andries Noppert,3
3857285,Netherlands,Nathan Aké,Daley Blind,13
3857285,Netherlands,Nathan Aké,Denzel Dumfries,1
3857285,Netherlands,Nathan Aké,Frenkie de Jong,14
3857285,Netherlands,Nathan Aké,Matthijs de Ligt,1
3857285,Netherlands,Nathan Aké,Memphis Depay,1
3857285,Netherlands,Nathan Aké,Steven Berghuis,4
3857285,Netherlands,Nathan Aké,Steven Bergwijn,1
3857285,Netherlands,Nathan Aké,Virgil van Dijk,19
3857285,Netherlands,Steven Berghuis,Andries Noppert,1
3857285,Netherlands,Steven Berghuis,Cody Mathès Gakpo,3
3857285,Netherlands,Steven Berghuis,Daley Blind,7
3857285,Netherlands,Steven Berghuis,Denzel Dumfries,6
3857285,Netherlands,Steven Berghuis,Frenkie de Jong,4
3857285,Netherlands,Steven Berghuis,Matthijs de Ligt,4
3857285,Netherlands,Steven Berghuis,Memphis Depay,2
3857285,Netherlands,Steven Berghuis,Nathan Aké,6
3857285,Netherlands,Steven Berghuis,Steven Bergwijn,2
3857285,Netherlands,Steven Berghuis,Vincent Janssen,2
3857285,Netherlands,Steven Berghuis,Virgil van Dijk,1
3857285,Netherlands,Teun Koopmeiners,Daley Blind,1
3857285,Netherlands,Teun Koopmeiners,Memphis Depay,3
3857285,Netherlands,Virgil van Dijk,Andries Noppert,2
3857285,Netherlands,Virgil van Dijk,Daley Blind,1
3857285,Netherlands,Virgil van Dijk,Denzel Dumfries,2
3857285,Netherlands,Virgil van Dijk,Frenkie de Jong,6
3857285,Netherlands,Virgil van Dijk,Matthijs de Ligt,11
3857285,Netherlands,Virgil van Dijk,Memphis Depay,1
3857285,Netherlands,Virgil van Dijk,Nathan Aké,18
3857285,Netherlands,Virgil van Dijk,Steven Berghuis,8
3857285,Netherlands,Cody Mathès Gakpo,Daley Blind,1
3857285,Netherlands,Cody Mathès Gakpo,Denzel Dumfries,3
3857285,Netherlands,Cody Mathès Gakpo,Matthijs de Ligt,1
3857285,Netherlands,Cody Mathès Gakpo,Memphis Depay,2
3857285,Netherlands,Cody Mathès Gakpo,Steven Berghuis,3
3857285,Netherlands,Cody Mathès Gakpo,Teun Koopmeiners,1
3857285,Netherlands,Cody Mathès Gakpo,Vincent Janssen,1
3857285,Netherlands,Cody Mathès Gakpo,Virgil van Dijk,2
3857285,Netherlands,Daley Blind,Andries Noppert,1
3857285,Netherlands,Daley Blind,Cody Mathès Gakpo,1
3857285,Netherlands,Daley Blind,Davy Klaassen,1
3857285,Netherlands,Daley Blind,Denzel Dumfries,1
3857285,Netherlands,Daley Blind,Frenkie de Jong,9
3857285,Netherlands,Daley Blind,Memphis Depay,6
3857285,Netherlands,Daley Blind,Nathan Aké,11
3857285,Netherlands,Daley Blind,Steven Berghuis,1
3857285,Netherlands,Daley Blind,Steven Bergwijn,11
3857285,Netherlands,Daley Blind,Teun Koopmeiners,2
3857285,Netherlands,Daley Blind,Vincent Janssen,2
3857285,Netherlands,Memphis Depay,Daley Blind,3
3857285,Netherlands,Memphis Depay,Davy Klaassen,1
3857285,Netherlands,Memphis Depay,Denzel Dumfries,1
3857285,Netherlands,Memphis Depay,Frenkie de Jong,3
3857285,Netherlands,Memphis Depay,Nathan Aké,1
3857285,Netherlands,Memphis Depay,Steven Berghuis,1
3857285,Netherlands,Vincent Janssen,Cody Mathès Gakpo,2
3857285,Netherlands,Vincent Janssen,Denzel Dumfries,3
3857285,Netherlands,Vincent Janssen,Frenkie de Jong,2
3857285,Netherlands,Vincent Janssen,Matthijs de Ligt,1
3857285,Netherlands,Vincent Janssen,Steven Berghuis,1
3857285,Netherlands,Davy Klaassen,Frenkie de Jong,1
3857285,Netherlands,Davy Klaassen,Matthijs de Ligt,1
3857285,Netherlands,Davy Klaassen,Virgil van Dijk,1
3857285,Netherlands,Steven Bergwijn,Daley Blind,3
3857285,Netherlands,Steven Bergwijn,Denzel Dumfries,1
3857285,Netherlands,Steven Bergwijn,Frenkie de Jong,7
3857285,Netherlands,Steven Bergwijn,Steven Berghuis,3
3857285,Netherlands,Steven Bergwijn,Vincent Janssen,2
3857285,Senegal,Abdou Diallo,Boulaye Dia,2
3857285,Senegal,Abdou Diallo,Cheikhou Kouyaté,2
3857285,Senegal,Abdou Diallo,Ismaïla Sarr,1
3857285,Senegal,Abdou Diallo,Krépin Diatta,3
3857285,Senegal,Abdou Diallo,Nampalys Mendy,1
3857285,Senegal,Abdou Diallo,Pape Abou Cissé,4
3857285,Senegal,Boulaye Dia,Abdou Diallo,1
3857285,Senegal,Boulaye Dia,Cheikhou Kouyaté,2
3857285,Senegal,Boulaye Dia,Idrissa Gana Gueye,1
3857285,Senegal,Boulaye Dia,Ismaïla Sarr,1
3857285,Senegal,Boulaye Dia,Krépin Diatta,2
3857285,Senegal,Boulaye Dia,Nampalys Mendy,2
3857285,Senegal,Boulaye Dia,Youssouf Sabaly,2
3857285,Senegal,Cheikhou Kouyaté,Abdou Diallo,1
3857285,Senegal,Cheikhou Kouyaté,Boulaye Dia,1
3857285,Senegal,Cheikhou Kouyaté,Idrissa Gana Gueye,3
3857285,Senegal,Cheikhou Kouyaté,Ismaïla Sarr,2
3857285,Senegal,Cheikhou Kouyaté,Kalidou Koulibaly,2
3857285,Senegal,Cheikhou Kouyaté,Krépin Diatta,1
3857285,Senegal,Cheikhou Kouyaté,Nampalys Mendy,6
3857285,Senegal,Cheikhou Kouyaté,Pape Abou Cissé,1
3857285,Senegal,Cheikhou Kouyaté,Youssouf Sabaly,4
3857285,Senegal,Ismaïla Sarr,Abdou Diallo,1
3857285,Senegal,Ismaïla Sarr,Boulaye Dia,2
3857285,Senegal,Ismaïla Sarr,Cheikh Ahmadou Bamba Mbacke Dieng,1
3857285,Senegal,Ismaïla Sarr,Cheikhou Kouyaté,1
3857285,Senegal,Ismaïla Sarr,Idrissa Gana Gueye,3
3857285,Senegal,Ismaïla Sarr,Ismail Jakobs,1
3857285,Senegal,Ismaïla Sarr,Nampalys Mendy,2
3857285,Senegal,Ismaïla Sarr,Pape Abou Cissé,1
3857285,Senegal,Ismaïla Sarr,Youssouf Sabaly,2
3857285,Senegal,Krépin Diatta,Boulaye Dia,2
3857285,Senegal,Krépin Diatta,Cheikhou Kouyaté,2
3857285,Senegal,Krépin Diatta,Idrissa Gana Gueye,10
3857285,Senegal,Krépin Diatta,Ismaïla Sarr,1
3857285,Senegal,Krépin Diatta,Kalidou Koulibaly,3
3857285,Senegal,Krépin Diatta,Nampalys Mendy,3
3857285,Senegal,Krépin Diatta,Pape Abou Cissé,1
3857285,Senegal,Krépin Diatta,Youssouf Sabaly,10
3857285,Senegal,Nampalys Mendy,Abdou Diallo,4
3857285,Senegal,Nampalys Mendy,Boulaye Dia,1
3857285,Senegal,Nampalys Mendy,Cheikhou Kouyaté,2
3857285,Senegal,Nampalys Mendy,Idrissa Gana Gueye,3
3857285,Senegal,Nampalys Mendy,Ismail Jakobs,1
3857285,Senegal,Nampalys Mendy,Ismaïla Sarr,1
3857285,Senegal,Nampalys Mendy,Kalidou Koulibaly,6
3857285,Senegal,Nampalys Mendy,Krépin Diatta,7
3857285,Senegal,Nampalys Mendy,Pape Abou Cissé,2
3857285,Senegal,Nampalys Mendy,Youssouf Sabaly,11
3857285,Senegal,Pape Abou Cissé,Abdou Diallo,3
3857285,Senegal,Pape Abou Cissé,Cheikhou Kouyaté,1
3857285,Senegal,Pape Abou Cissé,Edouard Mendy,6
3857285,Senegal,Pape Abou Cissé,Idrissa Gana Gueye,2
3857285,Senegal,Pape Abou Cissé,Ismail Jakobs,2
3857285,Senegal,Pape Abou Cissé,Ismaïla Sarr,4
3857285,Senegal,Pape Abou Cissé,Nampalys Mendy,1
3857285,Senegal,Pape Abou Cissé,Youssouf Sabaly,2
3857285,Senegal,Idrissa Gana Gueye,Abdou Diallo,7
3857285,Senegal,Idrissa Gana Gueye,Boulaye Dia,1
3857285,Senegal,Idrissa Gana Gueye,Cheikhou Kouyaté,2
3857285,Senegal,Idrissa Gana Gueye,Edouard Mendy,1
3857285,Senegal,Idrissa Gana Gueye,Ismail Jakobs,2
3857285,Senegal,Idrissa Gana Gueye,Ismaïla Sarr,5
3857285,Senegal,Idrissa Gana Gueye,Krépin Diatta,8
3857285,Senegal,Idrissa Gana Gueye,Nampalys Mendy,4
3857285,Senegal,Idrissa Gana Gueye,Pape Abou Cissé,3
3857285,Senegal,Idrissa Gana Gueye,Pape Gueye,1
3857285,Senegal,Idrissa Gana Gueye,Youssouf Sabaly,2
3857285,Senegal,Youssouf Sabaly,Boulaye Dia,2
3857285,Senegal,Youssouf Sabaly,Cheikh Ahmadou Bamba Mbacke Dieng,1
3857285,Senegal,Youssouf Sabaly,Cheikhou Kouyaté,4
3857285,Senegal,Youssouf Sabaly,Idrissa Gana Gueye,4
3857285,Senegal,Youssouf Sabaly,Ismaïla Sarr,3
3857285,Senegal,Youssouf Sabaly,Kalidou Koulibaly,12
3857285,Senegal,Youssouf Sabaly,Krépin Diatta,11
3857285,Senegal,Youssouf Sabaly,Nampalys Mendy,11
3857285,Senegal,Youssouf Sabaly,Nicolas Jackson,8
3857285,Senegal,Youssouf Sabaly,Pape Gueye,5
3857285,Senegal,Cheikh Ahmadou Bamba Mbacke Dieng,Kalidou Koulibaly,1
3857285,Senegal,Cheikh Ahmadou Bamba Mbacke Dieng,Nampalys Mendy,1
3857285,Senegal,Kalidou Koulibaly,Abdou Diallo,2
3857285,Senegal,Kalidou Koulibaly,Boulaye Dia,1
3857285,Senegal,Kalidou Koulibaly,Cheikhou Kouyaté,2
3857285,Senegal,Kalidou Koulibaly,Edouard Mendy,9
3857285,Senegal,Kalidou Koulibaly,Idrissa Gana Gueye,3
3857285,Senegal,Kalidou Koulibaly,Ismail Jakobs,1
3857285,Senegal,Kalidou Koulibaly,Ismaïla Sarr,2
3857285,Senegal,Kalidou Koulibaly,Krépin Diatta,5
3857285,Senegal,Kalidou Koulibaly,Nampalys Mendy,4
3857285,Senegal,Kalidou Koulibaly,Nicolas Jackson,1
3857285,Senegal,Kalidou Koulibaly,Pape Abou Cissé,3
3857285,Senegal,Kalidou Koulibaly,Pape Gueye,2
3857285,Senegal,Kalidou Koulibaly,Youssouf Sabaly,5
3857285,Senegal,Edouard Mendy,Abdou Diallo,1
3857285,Senegal,Edouard Mendy,Cheikhou Kouyaté,1
3857285,Senegal,Edouard Mendy,Ismaïla Sarr,3
3857285,Senegal,Edouard Mendy,Kalidou Koulibaly,10
3857285,Senegal,Edouard Mendy,Pape Abou Cissé,7
3857285,Senegal,Edouard Mendy,Pape Gueye,1
3857285,Senegal,Edouard Mendy,Youssouf Sabaly,4
3857285,Senegal,Pape Gueye,Cheikh Ahmadou Bamba Mbacke Dieng,1
3857285,Senegal,Pape Gueye,Ismail Jakobs,1
3857285,Senegal,Pape Gueye,Kalidou Koulibaly,1
3857285,Senegal,Pape Gueye,Pape Abou Cissé,1
3857285,Senegal,Pape Gueye,Youssouf Sabaly,5
3857285,Senegal,Ismail Jakobs,Cheikh Ahmadou Bamba Mbacke Dieng,1
3857285,Senegal,Ismail Jakobs,Idrissa Gana Gueye,2
3857285,Senegal,Ismail Jakobs,Ismaïla Sarr,5
3857285,Senegal,Ismail Jakobs,Nampalys Mendy,2
3857285,Senegal,Nicolas Jackson,Idrissa Gana Gueye,1
3857285,Senegal,Nicolas Jackson,Pape Abou Cissé,1
3857285,Senegal,Nicolas Jackson,Youssouf Sabaly,7
3857286,Ecuador,Alan Steven Franco Palma,Angelo Smit Preciado Quiñónez,2
3857286,Ecuador,Alan Steven Franco Palma,Gonzalo Jordy Plata Jiménez,1
3857286,Ecuador,Alan Steven Franco Palma,Jhegson Sebastián Méndez Carabalí,1
3857286,Ecuador,Alan Steven Franco Palma,José Adoni Cifuentes Charcopa,1
3857286,Ecuador,Alan Steven Franco Palma,Piero Martín Hincapié Reyna,1
3857286,Ecuador,Angelo Smit Preciado Quiñónez,Enner Remberto Valencia Lastra,4
3857286,Ecuador,Angelo Smit Preciado Quiñónez,Felix Eduardo Torres Caicedo,14
3857286,Ecuador,Angelo Smit Preciado Quiñónez,Gonzalo Jordy Plata Jiménez,12
3857286,Ecuador,Angelo Smit Preciado Quiñónez,Hernán Ismael Galíndez,1
3857286,Ecuador,Angelo Smit Preciado Quiñónez,Jeremy Leonel Sarmiento Morante,1
3857286,Ecuador,Angelo Smit Preciado Quiñónez,Jhegson Sebastián Méndez Carabalí,3
3857286,Ecuador,Angelo Smit Preciado Quiñónez,José Adoni Cifuentes Charcopa,1
3857286,Ecuador,Angelo Smit Preciado Quiñónez,Michael Steveen Estrada Martínez,2
3857286,Ecuador,Angelo Smit Preciado Quiñónez,Moisés Isaac Caicedo Corozo,2
3857286,Ecuador,Angelo Smit Preciado Quiñónez,Romario Andrés Ibarra Mina,2
3857286,Ecuador,Gonzalo Jordy Plata Jiménez,Alan Steven Franco Palma,2
3857286,Ecuador,Gonzalo Jordy Plata Jiménez,Angelo Smit Preciado Quiñónez,2
3857286,Ecuador,Gonzalo Jordy Plata Jiménez,Enner Remberto Valencia Lastra,1
3857286,Ecuador,Gonzalo Jordy Plata Jiménez,Felix Eduardo Torres Caicedo,4
3857286,Ecuador,Gonzalo Jordy Plata Jiménez,Jeremy Leonel Sarmiento Morante,1
3857286,Ecuador,Gonzalo Jordy Plata Jiménez,Jhegson Sebastián Méndez Carabalí,10
3857286,Ecuador,Gonzalo Jordy Plata Jiménez,José Adoni Cifuentes Charcopa,2
3857286,Ecuador,Gonzalo Jordy Plata Jiménez,Michael Steveen Estrada Martínez,2
3857286,Ecuador,Gonzalo Jordy Plata Jiménez,Moisés Isaac Caicedo Corozo,2
3857286,Ecuador,Gonzalo Jordy Plata Jiménez,Pervis Josué Estupiñán Tenorio,1
3857286,Ecuador,Jhegson Sebastián Méndez Carabalí,Alan Steven Franco Palma,2
3857286,Ecuador,Jhegson Sebastián Méndez Carabalí,Angelo Smit Preciado Quiñónez,5
3857286,Ecuador,Jhegson Sebastián Méndez Carabalí,Enner Remberto Valencia Lastra,2
3857286,Ecuador,Jhegson Sebastián Méndez Carabalí,Felix Eduardo Torres Caicedo,19
3857286,Ecuador,Jhegson Sebastián Méndez Carabalí,Gonzalo Jordy Plata Jiménez,6
3857286,Ecuador,Jhegson Sebastián Méndez Carabalí,José Adoni Cifuentes Charcopa,4
3857286,Ecuador,Jhegson Sebastián Méndez Carabalí,Michael Steveen Estrada Martínez,2
3857286,Ecuador,Jhegson Sebastián Méndez Carabalí,Moisés Isaac Caicedo Corozo,7
3857286,Ecuador,Jhegson Sebastián Méndez Carabalí,Pervis Josué Estupiñán Tenorio,3
3857286,Ecuador,Jhegson Sebastián Méndez Carabalí,Piero Martín Hincapié Reyna,25
3857286,Ecuador,Jhegson Sebastián Méndez Carabalí,Romario Andrés Ibarra Mina,1
3857286,Ecuador,José Adoni Cifuentes Charcopa,Jhegson Sebastián Méndez Carabalí,4
3857286,Ecuador,José Adoni Cifuentes Charcopa,Moisés Isaac Caicedo Corozo,1
3857286,Ecuador,José Adoni Cifuentes Charcopa,Pervis Josué Estupiñán Tenorio,1
3857286,Ecuador,Piero Martín Hincapié Reyna,Angelo Smit Preciado Quiñónez,2
3857286,Ecuador,Piero Martín Hincapié Reyna,Enner Remberto Valencia Lastra,1
3857286,Ecuador,Piero Martín Hincapié Reyna,Felix Eduardo Torres Caicedo,10
3857286,Ecuador,Piero Martín Hincapié Reyna,Gonzalo Jordy Plata Jiménez,1
3857286,Ecuador,Piero Martín Hincapié Reyna,Hernán Ismael Galíndez,2
3857286,Ecuador,Piero Martín Hincapié Reyna,Jhegson Sebastián Méndez Carabalí,23
3857286,Ecuador,Piero Martín Hincapié Reyna,Michael Steveen Estrada Martínez,2
3857286,Ecuador,Piero Martín Hincapié Reyna,Moisés Isaac Caicedo Corozo,3
3857286,Ecuador,Piero Martín Hincapié Reyna,Pervis Josué Estupiñán Tenorio,23
3857286,Ecuador,Piero Martín Hincapié Reyna,Romario Andrés Ibarra Mina,1
3857286,Ecuador,Enner Remberto Valencia Lastra,Angelo Smit Preciado Quiñónez,2
3857286,Ecuador,Enner Remberto Valencia Lastra,Gonzalo Jordy Plata Jiménez,1
3857286,Ecuador,Enner Remberto Valencia Lastra,Jhegson Sebastián Méndez Carabalí,3
3857286,Ecuador,Enner Remberto Valencia Lastra,Michael Steveen Estrada Martínez,1
3857286,Ecuador,Enner Remberto Valencia Lastra,Moisés Isaac Caicedo Corozo,4
3857286,Ecuador,Enner Remberto Valencia Lastra,Pervis Josué Estupiñán Tenorio,2
3857286,Ecuador,Enner Remberto Valencia Lastra,Piero Martín Hincapié Reyna,1
3857286,Ecuador,Felix Eduardo Torres Caicedo,Alan Steven Franco Palma,1
3857286,Ecuador,Felix Eduardo Torres Caicedo,Angelo Smit Preciado Quiñónez,14
3857286,Ecuador,Felix Eduardo Torres Caicedo,Gonzalo Jordy Plata Jiménez,4
3857286,Ecuador,Felix Eduardo Torres Caicedo,Hernán Ismael Galíndez,3
3857286,Ecuador,Felix Eduardo Torres Caicedo,Jhegson Sebastián Méndez Carabalí,12
3857286,Ecuador,Felix Eduardo Torres Caicedo,José Adoni Cifuentes Charcopa,1
3857286,Ecuador,Felix Eduardo Torres Caicedo,Michael Steveen Estrada Martínez,1
3857286,Ecuador,Felix Eduardo Torres Caicedo,Moisés Isaac Caicedo Corozo,4
3857286,Ecuador,Felix Eduardo Torres Caicedo,Pervis Josué Estupiñán Tenorio,2
3857286,Ecuador,Felix Eduardo Torres Caicedo,Piero Martín Hincapié Reyna,8
3857286,Ecuador,Hernán Ismael Galíndez,Felix Eduardo Torres Caicedo,1
3857286,Ecuador,Hernán Ismael Galíndez,Gonzalo Jordy Plata Jiménez,2
3857286,Ecuador,Hernán Ismael Galíndez,Jeremy Leonel Sarmiento Morante,1
3857286,Ecuador,Hernán Ismael Galíndez,Michael Steveen Estrada Martínez,2
3857286,Ecuador,Hernán Ismael Galíndez,Moisés Isaac Caicedo Corozo,1
3857286,Ecuador,Hernán Ismael Galíndez,Piero Martín Hincapié Reyna,3
3857286,Ecuador,Jeremy Leonel Sarmiento Morante,Alan Steven Franco Palma,1
3857286,Ecuador,Jeremy Leonel Sarmiento Morante,Gonzalo Jordy Plata Jiménez,2
3857286,Ecuador,Jeremy Leonel Sarmiento Morante,Michael Steveen Estrada Martínez,2
3857286,Ecuador,Jeremy Leonel Sarmiento Morante,Pervis Josué Estupiñán Tenorio,1
3857286,Ecuador,Michael Steveen Estrada Martínez,Angelo Smit Preciado Quiñónez,1
3857286,Ecuador,Michael Steveen Estrada Martínez,Enner Remberto Valencia Lastra,2
3857286,Ecuador,Michael Steveen Estrada Martínez,Felix Eduardo Torres Caicedo,1
3857286,Ecuador,Michael Steveen Estrada Martínez,Gonzalo Jordy Plata Jiménez,2
3857286,Ecuador,Michael Steveen Estrada Martínez,Moisés Isaac Caicedo Corozo,3
3857286,Ecuador,Michael Steveen Estrada Martínez,Piero Martín Hincapié Reyna,2
3857286,Ecuador,Michael Steveen Estrada Martínez,Romario Andrés Ibarra Mina,1
3857286,Ecuador,Moisés Isaac Caicedo Corozo,Angelo Smit Preciado Quiñónez,2
3857286,Ecuador,Moisés Isaac Caicedo Corozo,Enner Remberto Valencia Lastra,5
3857286,Ecuador,Moisés Isaac Caicedo Corozo,Gonzalo Jordy Plata Jiménez,2
3857286,Ecuador,Moisés Isaac Caicedo Corozo,Jhegson Sebastián Méndez Carabalí,6
3857286,Ecuador,Moisés Isaac Caicedo Corozo,José Adoni Cifuentes Charcopa,2
3857286,Ecuador,Moisés Isaac Caicedo Corozo,Michael Steveen Estrada Martínez,4
3857286,Ecuador,Moisés Isaac Caicedo Corozo,Pervis Josué Estupiñán Tenorio,13
3857286,Ecuador,Moisés Isaac Caicedo Corozo,Piero Martín Hincapié Reyna,6
3857286,Ecuador,Moisés Isaac Caicedo Corozo,Romario Andrés Ibarra Mina,4
3857286,Ecuador,Romario Andrés Ibarra Mina,Enner Remberto Valencia Lastra,2
3857286,Ecuador,Romario Andrés Ibarra Mina,Michael Steveen Estrada Martínez,1
3857286,Ecuador,Romario Andrés Ibarra Mina,Moisés Isaac Caicedo Corozo,2
3857286,Ecuador,Romario Andrés Ibarra Mina,Pervis Josué Estupiñán Tenorio,6
3857286,Ecuador,Pervis Josué Estupiñán Tenorio,Angelo Smit Preciado Quiñónez,1
3857286,Ecuador,Pervis Josué Estupiñán Tenorio,Enner Remberto Valencia Lastra,9
3857286,Ecuador,Pervis Josué Estupiñán Tenorio,Felix Eduardo Torres Caicedo,1
3857286,Ecuador,Pervis Josué Estupiñán Tenorio,Gonzalo Jordy Plata Jiménez,1
3857286,Ecuador,Pervis Josué Estupiñán Tenorio,Hernán Ismael Galíndez,1
3857286,Ecuador,Pervis Josué Estupiñán Tenorio,Jeremy Leonel Sarmiento Morante,3
3857286,Ecuador,Pervis Josué Estupiñán Tenorio,Jhegson Sebastián Méndez Carabalí,5
3857286,Ecuador,Pervis Josué Estupiñán Tenorio,Kevin José Rodríguez Cortez,1
3857286,Ecuador,Pervis Josué Estupiñán Tenorio,Michael Steveen Estrada Martínez,3
3857286,Ecuador,Pervis Josué Estupiñán Tenorio,Moisés Isaac Caicedo Corozo,11
3857286,Ecuador,Pervis Josué Estupiñán Tenorio,Piero Martín Hincapié Reyna,20
3857286,Ecuador,Pervis Josué Estupiñán Tenorio,Romario Andrés Ibarra Mina,4
3857286,Qatar,Abdelkarim Hassan Al Haj Fadlalla,Abdulaziz Hatem Mohammed Abdullah,6
3857286,Qatar,Abdelkarim Hassan Al Haj Fadlalla,Akram Hassan Afif,6
3857286,Qatar,Abdelkarim Hassan Al Haj Fadlalla,Almoez Ali Zainalabiddin Abdulla,1
3857286,Qatar,Abdelkarim Hassan Al Haj Fadlalla,Bassam Hisham Al Rawi,3
3857286,Qatar,Abdelkarim Hassan Al Haj Fadlalla,Boualem Khoukhi,14
3857286,Qatar,Abdelkarim Hassan Al Haj Fadlalla,Hassan Khalid Al Heidos,1
3857286,Qatar,Abdelkarim Hassan Al Haj Fadlalla,Homam Alamin Ahmed,8
3857286,Qatar,Abdelkarim Hassan Al Haj Fadlalla,Karim Boudiaf,12
3857286,Qatar,Abdelkarim Hassan Al Haj Fadlalla,Pedro Miguel Correia,3
3857286,Qatar,Abdelkarim Hassan Al Haj Fadlalla,Saad Abdullah Al Sheeb,3
3857286,Qatar,Abdulaziz Hatem Mohammed Abdullah,Abdelkarim Hassan Al Haj Fadlalla,10
3857286,Qatar,Abdulaziz Hatem Mohammed Abdullah,Akram Hassan Afif,7
3857286,Qatar,Abdulaziz Hatem Mohammed Abdullah,Almoez Ali Zainalabiddin Abdulla,1
3857286,Qatar,Abdulaziz Hatem Mohammed Abdullah,Bassam Hisham Al Rawi,1
3857286,Qatar,Abdulaziz Hatem Mohammed Abdullah,Boualem Khoukhi,1
3857286,Qatar,Abdulaziz Hatem Mohammed Abdullah,Homam Alamin Ahmed,5
3857286,Qatar,Abdulaziz Hatem Mohammed Abdullah,Karim Boudiaf,3
3857286,Qatar,Abdulaziz Hatem Mohammed Abdullah,Pedro Miguel Correia,2
3857286,Qatar,Akram Hassan Afif,Abdelkarim Hassan Al Haj Fadlalla,6
3857286,Qatar,Akram Hassan Afif,Abdulaziz Hatem Mohammed Abdullah,6
3857286,Qatar,Akram Hassan Afif,Bassam Hisham Al Rawi,6
3857286,Qatar,Akram Hassan Afif,Boualem Khoukhi,3
3857286,Qatar,Akram Hassan Afif,Hassan Khalid Al Heidos,6
3857286,Qatar,Akram Hassan Afif,Karim Boudiaf,6
3857286,Qatar,Almoez Ali Zainalabiddin Abdulla,Abdulaziz Hatem Mohammed Abdullah,1
3857286,Qatar,Almoez Ali Zainalabiddin Abdulla,Akram Hassan Afif,2
3857286,Qatar,Almoez Ali Zainalabiddin Abdulla,Boualem Khoukhi,2
3857286,Qatar,Almoez Ali Zainalabiddin Abdulla,Hassan Khalid Al Heidos,1
3857286,Qatar,Almoez Ali Zainalabiddin Abdulla,Pedro Miguel Correia,1
3857286,Qatar,Bassam Hisham Al Rawi,Abdelkarim Hassan Al Haj Fadlalla,1
3857286,Qatar,Bassam Hisham Al Rawi,Akram Hassan Afif,1
3857286,Qatar,Bassam Hisham Al Rawi,Almoez Ali Zainalabiddin Abdulla,1
3857286,Qatar,Bassam Hisham Al Rawi,Boualem Khoukhi,22
3857286,Qatar,Bassam Hisham Al Rawi,Hassan Khalid Al Heidos,3
3857286,Qatar,Bassam Hisham Al Rawi,Homam Alamin Ahmed,3
3857286,Qatar,Bassam Hisham Al Rawi,Karim Boudiaf,3
3857286,Qatar,Bassam Hisham Al Rawi,Mohammed Muntari,1
3857286,Qatar,Bassam Hisham Al Rawi,Mohammed Waed Abdulwahhab Al Bayati,1
3857286,Qatar,Bassam Hisham Al Rawi,Pedro Miguel Correia,10
3857286,Qatar,Bassam Hisham Al Rawi,Saad Abdullah Al Sheeb,2
3857286,Qatar,Boualem Khoukhi,Abdelkarim Hassan Al Haj Fadlalla,24
3857286,Qatar,Boualem Khoukhi,Abdulaziz Hatem Mohammed Abdullah,10
3857286,Qatar,Boualem Khoukhi,Akram Hassan Afif,9
3857286,Qatar,Boualem Khoukhi,Bassam Hisham Al Rawi,13
3857286,Qatar,Boualem Khoukhi,Hassan Khalid Al Heidos,6
3857286,Qatar,Boualem Khoukhi,Homam Alamin Ahmed,1
3857286,Qatar,Boualem Khoukhi,Karim Boudiaf,1
3857286,Qatar,Boualem Khoukhi,Pedro Miguel Correia,1
3857286,Qatar,Boualem Khoukhi,Saad Abdullah Al Sheeb,1
3857286,Qatar,Hassan Khalid Al Heidos,Abdulaziz Hatem Mohammed Abdullah,1
3857286,Qatar,Hassan Khalid Al Heidos,Akram Hassan Afif,1
3857286,Qatar,Hassan Khalid Al Heidos,Almoez Ali Zainalabiddin Abdulla,2
3857286,Qatar,Hassan Khalid Al Heidos,Bassam Hisham Al Rawi,4
3857286,Qatar,Hassan Khalid Al Heidos,Boualem Khoukhi,3
3857286,Qatar,Hassan Khalid Al Heidos,Homam Alamin Ahmed,1
3857286,Qatar,Hassan Khalid Al Heidos,Karim Boudiaf,5
3857286,Qatar,Hassan Khalid Al Heidos,Pedro Miguel Correia,4
3857286,Qatar,Hassan Khalid Al Heidos,Saad Abdullah Al Sheeb,1
3857286,Qatar,Homam Alamin Ahmed,Abdelkarim Hassan Al Haj Fadlalla,9
3857286,Qatar,Homam Alamin Ahmed,Abdulaziz Hatem Mohammed Abdullah,3
3857286,Qatar,Homam Alamin Ahmed,Akram Hassan Afif,6
3857286,Qatar,Homam Alamin Ahmed,Boualem Khoukhi,4
3857286,Qatar,Homam Alamin Ahmed,Karim Boudiaf,2
3857286,Qatar,Homam Alamin Ahmed,Mohammed Muntari,2
3857286,Qatar,Homam Alamin Ahmed,Mohammed Waed Abdulwahhab Al Bayati,2
3857286,Qatar,Homam Alamin Ahmed,Saad Abdullah Al Sheeb,1
3857286,Qatar,Karim Boudiaf,Abdelkarim Hassan Al Haj Fadlalla,3
3857286,Qatar,Karim Boudiaf,Abdulaziz Hatem Mohammed Abdullah,5
3857286,Qatar,Karim Boudiaf,Akram Hassan Afif,4
3857286,Qatar,Karim Boudiaf,Almoez Ali Zainalabiddin Abdulla,1
3857286,Qatar,Karim Boudiaf,Bassam Hisham Al Rawi,7
3857286,Qatar,Karim Boudiaf,Boualem Khoukhi,7
3857286,Qatar,Karim Boudiaf,Hassan Khalid Al Heidos,8
3857286,Qatar,Karim Boudiaf,Homam Alamin Ahmed,3
3857286,Qatar,Karim Boudiaf,Pedro Miguel Correia,3
3857286,Qatar,Karim Boudiaf,Saad Abdullah Al Sheeb,1
3857286,Qatar,Pedro Miguel Correia,Abdulaziz Hatem Mohammed Abdullah,3
3857286,Qatar,Pedro Miguel Correia,Akram Hassan Afif,1
3857286,Qatar,Pedro Miguel Correia,Almoez Ali Zainalabiddin Abdulla,2
3857286,Qatar,Pedro Miguel Correia,Bassam Hisham Al Rawi,7
3857286,Qatar,Pedro Miguel Correia,Hassan Khalid Al Heidos,5
3857286,Qatar,Pedro Miguel Correia,Homam Alamin Ahmed,1
3857286,Qatar,Pedro Miguel Correia,Karim Boudiaf,7
3857286,Qatar,Saad Abdullah Al Sheeb,Abdelkarim Hassan Al Haj Fadlalla,2
3857286,Qatar,Saad Abdullah Al Sheeb,Abdulaziz Hatem Mohammed Abdullah,3
3857286,Qatar,Saad Abdullah Al Sheeb,Bassam Hisham Al Rawi,4
3857286,Qatar,Saad Abdullah Al Sheeb,Boualem Khoukhi,6
3857286,Qatar,Saad Abdullah Al Sheeb,Mohammed Muntari,1
3857286,Qatar,Saad Abdullah Al Sheeb,Mohammed Waed Abdulwahhab Al Bayati,1
3857286,Qatar,Mohammed Muntari,Homam Alamin Ahmed,2
3857286,Qatar,Mohammed Muntari,Mohammed Waed Abdulwahhab Al Bayati,1
3857286,Qatar,Mohammed Waed Abdulwahhab Al Bayati,Abdulaziz Hatem Mohammed Abdullah,1
3857286,Qatar,Mohammed Waed Abdulwahhab Al Bayati,Homam Alamin Ahmed,1
3857287,South Korea,Gue-Sung Cho,Heung-Min Son,2
3857287,South Korea,Gue-Sung Cho,In-Beom Hwang,1
3857287,South Korea,Gue-Sung Cho,Moon-Hwan Kim,1
3857287,South Korea,Heung-Min Son,In-Beom Hwang,5
3857287,South Korea,Heung-Min Son,Jae-Sung Lee,3
3857287,South Korea,Heung-Min Son,Jin-Su Kim,2
3857287,South Korea,Heung-Min Son,Jun-Ho Son,2
3857287,South Korea,Heung-Min Son,Min Jae Kim,1
3857287,South Korea,Heung-Min Son,Moon-Hwan Kim,3
3857287,South Korea,Heung-Min Son,Sang-Ho Na,1
3857287,South Korea,Heung-Min Son,Woo-Young Jung,1
3857287,South Korea,Heung-Min Son,Young-Gwon Kim,1
3857287,South Korea,In-Beom Hwang,Heung-Min Son,9
3857287,South Korea,In-Beom Hwang,Jae-Sung Lee,6
3857287,South Korea,In-Beom Hwang,Jin-Su Kim,2
3857287,South Korea,In-Beom Hwang,Kang-In Lee,1
3857287,South Korea,In-Beom Hwang,Min Jae Kim,5
3857287,South Korea,In-Beom Hwang,Moon-Hwan Kim,8
3857287,South Korea,In-Beom Hwang,Sang-Ho Na,4
3857287,South Korea,In-Beom Hwang,Seung-Gyu Kim,1
3857287,South Korea,In-Beom Hwang,Ui-Jo Hwang,3
3857287,South Korea,In-Beom Hwang,Woo-Young Jung,4
3857287,South Korea,In-Beom Hwang,Young-Gwon Kim,3
3857287,South Korea,Moon-Hwan Kim,Gue-Sung Cho,2
3857287,South Korea,Moon-Hwan Kim,Heung-Min Son,3
3857287,South Korea,Moon-Hwan Kim,In-Beom Hwang,9
3857287,South Korea,Moon-Hwan Kim,Jae-Sung Lee,3
3857287,South Korea,Moon-Hwan Kim,Jun-Ho Son,3
3857287,South Korea,Moon-Hwan Kim,Kang-In Lee,4
3857287,South Korea,Moon-Hwan Kim,Min Jae Kim,8
3857287,South Korea,Moon-Hwan Kim,Sang-Ho Na,9
3857287,South Korea,Moon-Hwan Kim,Seung-Gyu Kim,2
3857287,South Korea,Moon-Hwan Kim,Ui-Jo Hwang,2
3857287,South Korea,Moon-Hwan Kim,Woo-Young Jung,7
3857287,South Korea,Jae-Sung Lee,Heung-Min Son,4
3857287,South Korea,Jae-Sung Lee,In-Beom Hwang,3
3857287,South Korea,Jae-Sung Lee,Jin-Su Kim,5
3857287,South Korea,Jae-Sung Lee,Min Jae Kim,2
3857287,South Korea,Jae-Sung Lee,Moon-Hwan Kim,2
3857287,South Korea,Jae-Sung Lee,Sang-Ho Na,2
3857287,South Korea,Jae-Sung Lee,Ui-Jo Hwang,2
3857287,South Korea,Jae-Sung Lee,Woo-Young Jung,8
3857287,South Korea,Jae-Sung Lee,Young-Gwon Kim,4
3857287,South Korea,Jin-Su Kim,Gue-Sung Cho,2
3857287,South Korea,Jin-Su Kim,Heung-Min Son,5
3857287,South Korea,Jin-Su Kim,In-Beom Hwang,1
3857287,South Korea,Jin-Su Kim,Jae-Sung Lee,5
3857287,South Korea,Jin-Su Kim,Ui-Jo Hwang,1
3857287,South Korea,Jin-Su Kim,Woo-Young Jung,1
3857287,South Korea,Jin-Su Kim,Young-Gwon Kim,4
3857287,South Korea,Jun-Ho Son,Gue-Sung Cho,1
3857287,South Korea,Jun-Ho Son,In-Beom Hwang,1
3857287,South Korea,Jun-Ho Son,Kang-In Lee,2
3857287,South Korea,Jun-Ho Son,Min Jae Kim,2
3857287,South Korea,Jun-Ho Son,Moon-Hwan Kim,1
3857287,South Korea,Jun-Ho Son,Woo-Young Jung,2
3857287,South Korea,Jun-Ho Son,Young-Gwon Kim,1
3857287,South Korea,Min Jae Kim,Gue-Sung Cho,1
3857287,South Korea,Min Jae Kim,In-Beom Hwang,11
3857287,South Korea,Min Jae Kim,Jae-Sung Lee,3
3857287,South Korea,Min Jae Kim,Jin-Su Kim,2
3857287,South Korea,Min Jae Kim,Jun-Ho Son,3
3857287,South Korea,Min Jae Kim,Moon-Hwan Kim,5
3857287,South Korea,Min Jae Kim,Sang-Ho Na,3
3857287,South Korea,Min Jae Kim,Seung-Gyu Kim,2
3857287,South Korea,Min Jae Kim,Woo-Young Jung,5
3857287,South Korea,Min Jae Kim,Young-Gwon Kim,9
3857287,South Korea,Sang-Ho Na,Heung-Min Son,3
3857287,South Korea,Sang-Ho Na,In-Beom Hwang,3
3857287,South Korea,Sang-Ho Na,Min Jae Kim,1
3857287,South Korea,Sang-Ho Na,Moon-Hwan Kim,5
3857287,South Korea,Sang-Ho Na,Woo-Young Jung,1
3857287,South Korea,Woo-Young Jung,Heung-Min Son,3
3857287,South Korea,Woo-Young Jung,In-Beom Hwang,7
3857287,South Korea,Woo-Young Jung,Jae-Sung Lee,3
3857287,South Korea,Woo-Young Jung,Jin-Su Kim,1
3857287,South Korea,Woo-Young Jung,Kang-In Lee,2
3857287,South Korea,Woo-Young Jung,Min Jae Kim,6
3857287,South Korea,Woo-Young Jung,Moon-Hwan Kim,8
3857287,South Korea,Woo-Young Jung,Sang-Ho Na,3
3857287,South Korea,Woo-Young Jung,Seung-Gyu Kim,2
3857287,South Korea,Woo-Young Jung,Ui-Jo Hwang,1
3857287,South Korea,Woo-Young Jung,Young-Gwon Kim,10
3857287,South Korea,Young-Gwon Kim,Heung-Min Son,1
3857287,South Korea,Young-Gwon Kim,In-Beom Hwang,4
3857287,South Korea,Young-Gwon Kim,Jae-Sung Lee,4
3857287,South Korea,Young-Gwon Kim,Jin-Su Kim,2
3857287,South Korea,Young-Gwon Kim,Min Jae Kim,7
3857287,South Korea,Young-Gwon Kim,Sang-Ho Na,2
3857287,South Korea,Young-Gwon Kim,Seung-Gyu Kim,5
3857287,South Korea,Young-Gwon Kim,Ui-Jo Hwang,1
3857287,South Korea,Young-Gwon Kim,Woo-Young Jung,7
3857287,South Korea,Kang-In Lee,Gue-Sung Cho,2
3857287,South Korea,Kang-In Lee,Heung-Min Son,1
3857287,South Korea,Kang-In Lee,In-Beom Hwang,1
3857287,South Korea,Kang-In Lee,Jun-Ho Son,3
3857287,South Korea,Kang-In Lee,Moon-Hwan Kim,1
3857287,South Korea,Seung-Gyu Kim,Gue-Sung Cho,1
3857287,South Korea,Seung-Gyu Kim,In-Beom Hwang,1
3857287,South Korea,Seung-Gyu Kim,Jin-Su Kim,3
3857287,South Korea,Seung-Gyu Kim,Min Jae Kim,8
3857287,South Korea,Seung-Gyu Kim,Moon-Hwan Kim,1
3857287,South Korea,Seung-Gyu Kim,Woo-Young Jung,3
3857287,South Korea,Seung-Gyu Kim,Young-Gwon Kim,2
3857287,South Korea,Ui-Jo Hwang,Heung-Min Son,1
3857287,South Korea,Ui-Jo Hwang,In-Beom Hwang,1
3857287,South Korea,Ui-Jo Hwang,Jae-Sung Lee,1
3857287,South Korea,Ui-Jo Hwang,Moon-Hwan Kim,1
3857287,South Korea,Ui-Jo Hwang,Woo-Young Jung,2
3857287,Uruguay,Darwin Gabriel Núñez Ribeiro,Federico Santiago Valverde Dipetta,2
3857287,Uruguay,Darwin Gabriel Núñez Ribeiro,José María Giménez de Vargas,1
3857287,Uruguay,Darwin Gabriel Núñez Ribeiro,Luis Alberto Suárez Díaz,3
3857287,Uruguay,Darwin Gabriel Núñez Ribeiro,Mathías Olivera Miramontes,2
3857287,Uruguay,Darwin Gabriel Núñez Ribeiro,Matías Nicolás Viña Susperreguy,1
3857287,Uruguay,Darwin Gabriel Núñez Ribeiro,Matías Vecino Falero,1
3857287,Uruguay,Darwin Gabriel Núñez Ribeiro,Rodrigo Bentancur Colmán,2
3857287,Uruguay,Darwin Gabriel Núñez Ribeiro,Sergio Rochet Álvarez,1
3857287,Uruguay,Federico Santiago Valverde Dipetta,Darwin Gabriel Núñez Ribeiro,1
3857287,Uruguay,Federico Santiago Valverde Dipetta,Diego Nicolás De La Cruz Arcosa,3
3857287,Uruguay,Federico Santiago Valverde Dipetta,Diego Roberto Godín Leal,8
3857287,Uruguay,Federico Santiago Valverde Dipetta,Edinson Roberto Cavani Gómez,1
3857287,Uruguay,Federico Santiago Valverde Dipetta,Facundo Pellistri Rebollo,1
3857287,Uruguay,Federico Santiago Valverde Dipetta,Guillermo Varela Olivera,1
3857287,Uruguay,Federico Santiago Valverde Dipetta,José Martín Cáceres Silva,9
3857287,Uruguay,Federico Santiago Valverde Dipetta,José María Giménez de Vargas,10
3857287,Uruguay,Federico Santiago Valverde Dipetta,Mathías Olivera Miramontes,4
3857287,Uruguay,Federico Santiago Valverde Dipetta,Matías Vecino Falero,5
3857287,Uruguay,Federico Santiago Valverde Dipetta,Rodrigo Bentancur Colmán,8
3857287,Uruguay,José María Giménez de Vargas,Darwin Gabriel Núñez Ribeiro,1
3857287,Uruguay,José María Giménez de Vargas,Diego Nicolás De La Cruz Arcosa,2
3857287,Uruguay,José María Giménez de Vargas,Diego Roberto Godín Leal,15
3857287,Uruguay,José María Giménez de Vargas,Facundo Pellistri Rebollo,1
3857287,Uruguay,José María Giménez de Vargas,Federico Santiago Valverde Dipetta,10
3857287,Uruguay,José María Giménez de Vargas,Guillermo Varela Olivera,1
3857287,Uruguay,José María Giménez de Vargas,José Martín Cáceres Silva,6
3857287,Uruguay,José María Giménez de Vargas,Luis Alberto Suárez Díaz,2
3857287,Uruguay,José María Giménez de Vargas,Mathías Olivera Miramontes,9
3857287,Uruguay,José María Giménez de Vargas,Matías Nicolás Viña Susperreguy,2
3857287,Uruguay,José María Giménez de Vargas,Matías Vecino Falero,3
3857287,Uruguay,José María Giménez de Vargas,Rodrigo Bentancur Colmán,13
3857287,Uruguay,José María Giménez de Vargas,Sergio Rochet Álvarez,2
3857287,Uruguay,Luis Alberto Suárez Díaz,Darwin Gabriel Núñez Ribeiro,1
3857287,Uruguay,Luis Alberto Suárez Díaz,Mathías Olivera Miramontes,2
3857287,Uruguay,Luis Alberto Suárez Díaz,Matías Vecino Falero,2
3857287,Uruguay,Luis Alberto Suárez Díaz,Rodrigo Bentancur Colmán,2
3857287,Uruguay,Mathías Olivera Miramontes,Darwin Gabriel Núñez Ribeiro,8
3857287,Uruguay,Mathías Olivera Miramontes,Facundo Pellistri Rebollo,1
3857287,Uruguay,Mathías Olivera Miramontes,Federico Santiago Valverde Dipetta,6
3857287,Uruguay,Mathías Olivera Miramontes,José María Giménez de Vargas,7
3857287,Uruguay,Mathías Olivera Miramontes,Luis Alberto Suárez Díaz,6
3857287,Uruguay,Mathías Olivera Miramontes,Matías Vecino Falero,7
3857287,Uruguay,Mathías Olivera Miramontes,Rodrigo Bentancur Colmán,5
3857287,Uruguay,Matías Nicolás Viña Susperreguy,Darwin Gabriel Núñez Ribeiro,1
3857287,Uruguay,Matías Nicolás Viña Susperreguy,Diego Nicolás De La Cruz Arcosa,3
3857287,Uruguay,Matías Nicolás Viña Susperreguy,Diego Roberto Godín Leal,1
3857287,Uruguay,Matías Nicolás Viña Susperreguy,Federico Santiago Valverde Dipetta,3
3857287,Uruguay,Matías Vecino Falero,Darwin Gabriel Núñez Ribeiro,3
3857287,Uruguay,Matías Vecino Falero,Diego Roberto Godín Leal,4
3857287,Uruguay,Matías Vecino Falero,Facundo Pellistri Rebollo,2
3857287,Uruguay,Matías Vecino Falero,Federico Santiago Valverde Dipetta,4
3857287,Uruguay,Matías Vecino Falero,José Martín Cáceres Silva,1
3857287,Uruguay,Matías Vecino Falero,José María Giménez de Vargas,7
3857287,Uruguay,Matías Vecino Falero,Luis Alberto Suárez Díaz,1
3857287,Uruguay,Matías Vecino Falero,Mathías Olivera Miramontes,5
3857287,Uruguay,Matías Vecino Falero,Rodrigo Bentancur Colmán,5
3857287,Uruguay,Matías Vecino Falero,Sergio Rochet Álvarez,1
3857287,Uruguay,Rodrigo Bentancur Colmán,Darwin Gabriel Núñez Ribeiro,2
3857287,Uruguay,Rodrigo Bentancur Colmán,Diego Nicolás De La Cruz Arcosa,2
3857287,Uruguay,Rodrigo Bentancur Colmán,Diego Roberto Godín Leal,11
3857287,Uruguay,Rodrigo Bentancur Colmán,Edinson Roberto Cavani Gómez,4
3857287,Uruguay,Rodrigo Bentancur Colmán,Facundo Pellistri Rebollo,3
3857287,Uruguay,Rodrigo Bentancur Colmán,Federico Santiago Valverde Dipetta,11
3857287,Uruguay,Rodrigo Bentancur Colmán,Guillermo Varela Olivera,1
3857287,Uruguay,Rodrigo Bentancur Colmán,José Martín Cáceres Silva,12
3857287,Uruguay,Rodrigo Bentancur Colmán,José María Giménez de Vargas,12
3857287,Uruguay,Rodrigo Bentancur Colmán,Mathías Olivera Miramontes,3
3857287,Uruguay,Rodrigo Bentancur Colmán,Matías Vecino Falero,7
3857287,Uruguay,Sergio Rochet Álvarez,Darwin Gabriel Núñez Ribeiro,2
3857287,Uruguay,Sergio Rochet Álvarez,Diego Roberto Godín Leal,2
3857287,Uruguay,Sergio Rochet Álvarez,José Martín Cáceres Silva,1
3857287,Uruguay,Sergio Rochet Álvarez,José María Giménez de Vargas,8
3857287,Uruguay,Sergio Rochet Álvarez,Matías Vecino Falero,2
3857287,Uruguay,Sergio Rochet Álvarez,Rodrigo Bentancur Colmán,4
3857287,Uruguay,Diego Nicolás De La Cruz Arcosa,Diego Roberto Godín Leal,1
3857287,Uruguay,Diego Nicolás De La Cruz Arcosa,Edinson Roberto Cavani Gómez,2
3857287,Uruguay,Diego Nicolás De La Cruz Arcosa,Federico Santiago Valverde Dipetta,3
3857287,Uruguay,Diego Nicolás De La Cruz Arcosa,José Martín Cáceres Silva,2
3857287,Uruguay,Diego Nicolás De La Cruz Arcosa,Matías Nicolás Viña Susperreguy,1
3857287,Uruguay,Diego Nicolás De La Cruz Arcosa,Rodrigo Bentancur Colmán,1
3857287,Uruguay,Diego Roberto Godín Leal,Darwin Gabriel Núñez Ribeiro,1
3857287,Uruguay,Diego Roberto Godín Leal,Facundo Pellistri Rebollo,4
3857287,Uruguay,Diego Roberto Godín Leal,Federico Santiago Valverde Dipetta,5
3857287,Uruguay,Diego Roberto Godín Leal,José Martín Cáceres Silva,18
3857287,Uruguay,Diego Roberto Godín Leal,José María Giménez de Vargas,21
3857287,Uruguay,Diego Roberto Godín Leal,Luis Alberto Suárez Díaz,1
3857287,Uruguay,Diego Roberto Godín Leal,Mathías Olivera Miramontes,1
3857287,Uruguay,Diego Roberto Godín Leal,Matías Nicolás Viña Susperreguy,1
3857287,Uruguay,Diego Roberto Godín Leal,Matías Vecino Falero,2
3857287,Uruguay,Diego Roberto Godín Leal,Rodrigo Bentancur Colmán,10
3857287,Uruguay,Diego Roberto Godín Leal,Sergio Rochet Álvarez,2
3857287,Uruguay,Edinson Roberto Cavani Gómez,Darwin Gabriel Núñez Ribeiro,2
3857287,Uruguay,Edinson Roberto Cavani Gómez,Federico Santiago Valverde Dipetta,1
3857287,Uruguay,Edinson Roberto Cavani Gómez,José Martín Cáceres Silva,2
3857287,Uruguay,Edinson Roberto Cavani Gómez,Matías Nicolás Viña Susperreguy,1
3857287,Uruguay,José Martín Cáceres Silva,Darwin Gabriel Núñez Ribeiro,3
3857287,Uruguay,José Martín Cáceres Silva,Diego Nicolás De La Cruz Arcosa,1
3857287,Uruguay,José Martín Cáceres Silva,Diego Roberto Godín Leal,23
3857287,Uruguay,José Martín Cáceres Silva,Edinson Roberto Cavani Gómez,1
3857287,Uruguay,José Martín Cáceres Silva,Facundo Pellistri Rebollo,7
3857287,Uruguay,José Martín Cáceres Silva,Federico Santiago Valverde Dipetta,6
3857287,Uruguay,José Martín Cáceres Silva,José María Giménez de Vargas,2
3857287,Uruguay,José Martín Cáceres Silva,Luis Alberto Suárez Díaz,3
3857287,Uruguay,José Martín Cáceres Silva,Mathías Olivera Miramontes,1
3857287,Uruguay,José Martín Cáceres Silva,Matías Vecino Falero,2
3857287,Uruguay,José Martín Cáceres Silva,Rodrigo Bentancur Colmán,13
3857287,Uruguay,José Martín Cáceres Silva,Sergio Rochet Álvarez,6
3857287,Uruguay,Facundo Pellistri Rebollo,Darwin Gabriel Núñez Ribeiro,1
3857287,Uruguay,Facundo Pellistri Rebollo,Diego Roberto Godín Leal,1
3857287,Uruguay,Facundo Pellistri Rebollo,Federico Santiago Valverde Dipetta,1
3857287,Uruguay,Facundo Pellistri Rebollo,José Martín Cáceres Silva,8
3857287,Uruguay,Facundo Pellistri Rebollo,Mathías Olivera Miramontes,1
3857287,Uruguay,Facundo Pellistri Rebollo,Rodrigo Bentancur Colmán,4
3857287,Uruguay,Guillermo Varela Olivera,Diego Nicolás De La Cruz Arcosa,2
3857287,Uruguay,Guillermo Varela Olivera,Edinson Roberto Cavani Gómez,1
3857288,Australia,Aaron Mooy,Ajdin Hrustic,2
3857288,Australia,Aaron Mooy,Awer Denis Bul Mabil,1
3857288,Australia,Aaron Mooy,Aziz Eraltay Behich,9
3857288,Australia,Aaron Mooy,Craig Goodwin,6
3857288,Australia,Aaron Mooy,Harry Souttar,2
3857288,Australia,Aaron Mooy,Jackson Irvine,1
3857288,Australia,Aaron Mooy,Jamie MacLaren,1
3857288,Australia,Aaron Mooy,Mathew Leckie,6
3857288,Australia,Aaron Mooy,Mitchell Thomas Duke,3
3857288,Australia,Aaron Mooy,Riley McGree,7
3857288,Australia,Ajdin Hrustic,Aaron Mooy,3
3857288,Australia,Ajdin Hrustic,Aziz Eraltay Behich,1
3857288,Australia,Ajdin Hrustic,Jackson Irvine,2
3857288,Australia,Ajdin Hrustic,Mathew Leckie,4
3857288,Australia,Awer Denis Bul Mabil,Aaron Mooy,1
3857288,Australia,Aziz Eraltay Behich,Aaron Mooy,1
3857288,Australia,Aziz Eraltay Behich,Ajdin Hrustic,1
3857288,Australia,Aziz Eraltay Behich,Craig Goodwin,5
3857288,Australia,Aziz Eraltay Behich,Harry Souttar,3
3857288,Australia,Aziz Eraltay Behich,Jackson Irvine,1
3857288,Australia,Aziz Eraltay Behich,Jamie MacLaren,1
3857288,Australia,Aziz Eraltay Behich,Kye Rowles,10
3857288,Australia,Aziz Eraltay Behich,Mathew Leckie,1
3857288,Australia,Aziz Eraltay Behich,Mathew Ryan,1
3857288,Australia,Aziz Eraltay Behich,Mitchell Thomas Duke,2
3857288,Australia,Aziz Eraltay Behich,Riley McGree,2
3857288,Australia,Craig Goodwin,Aaron Mooy,4
3857288,Australia,Craig Goodwin,Aziz Eraltay Behich,8
3857288,Australia,Craig Goodwin,Fran Karačić,1
3857288,Australia,Craig Goodwin,Jackson Irvine,1
3857288,Australia,Craig Goodwin,Jamie MacLaren,1
3857288,Australia,Craig Goodwin,Mathew Leckie,2
3857288,Australia,Craig Goodwin,Mitchell Thomas Duke,2
3857288,Australia,Craig Goodwin,Riley McGree,2
3857288,Australia,Harry Souttar,Aaron Mooy,1
3857288,Australia,Harry Souttar,Ajdin Hrustic,1
3857288,Australia,Harry Souttar,Fran Karačić,3
3857288,Australia,Harry Souttar,Jackson Irvine,5
3857288,Australia,Harry Souttar,Jamie MacLaren,1
3857288,Australia,Harry Souttar,Kye Rowles,3
3857288,Australia,Harry Souttar,Mathew Leckie,2
3857288,Australia,Harry Souttar,Mathew Ryan,6
3857288,Australia,Harry Souttar,Mitchell Thomas Duke,3
3857288,Australia,Jackson Irvine,Aaron Mooy,12
3857288,Australia,Jackson Irvine,Ajdin Hrustic,2
3857288,Australia,Jackson Irvine,Craig Goodwin,3
3857288,Australia,Jackson Irvine,Fran Karačić,2
3857288,Australia,Jackson Irvine,Keanu Baccus,2
3857288,Australia,Jackson Irvine,Mathew Leckie,6
3857288,Australia,Jackson Irvine,Mathew Ryan,2
3857288,Australia,Jamie MacLaren,Aaron Mooy,2
3857288,Australia,Jamie MacLaren,Ajdin Hrustic,1
3857288,Australia,Jamie MacLaren,Craig Goodwin,1
3857288,Australia,Jamie MacLaren,Jackson Irvine,1
3857288,Australia,Mathew Leckie,Aaron Mooy,2
3857288,Australia,Mathew Leckie,Ajdin Hrustic,3
3857288,Australia,Mathew Leckie,Aziz Eraltay Behich,1
3857288,Australia,Mathew Leckie,Craig Goodwin,2
3857288,Australia,Mathew Leckie,Fran Karačić,5
3857288,Australia,Mathew Leckie,Harry Souttar,2
3857288,Australia,Mathew Leckie,Jackson Irvine,2
3857288,Australia,Mathew Leckie,Mitchell Thomas Duke,2
3857288,Australia,Mathew Leckie,Riley McGree,1
3857288,Australia,Mitchell Thomas Duke,Aaron Mooy,1
3857288,Australia,Mitchell Thomas Duke,Harry Souttar,2
3857288,Australia,Mitchell Thomas Duke,Jackson Irvine,1
3857288,Australia,Mitchell Thomas Duke,Mathew Leckie,3
3857288,Australia,Mitchell Thomas Duke,Riley McGree,3
3857288,Australia,Riley McGree,Aaron Mooy,1
3857288,Australia,Riley McGree,Aziz Eraltay Behich,2
3857288,Australia,Riley McGree,Craig Goodwin,7
3857288,Australia,Riley McGree,Jackson Irvine,1
3857288,Australia,Riley McGree,Mathew Leckie,2
3857288,Australia,Riley McGree,Mitchell Thomas Duke,1
3857288,Australia,Kye Rowles,Aaron Mooy,1
3857288,Australia,Kye Rowles,Ajdin Hrustic,1
3857288,Australia,Kye Rowles,Aziz Eraltay Behich,4
3857288,Australia,Kye Rowles,Craig Goodwin,4
3857288,Australia,Kye Rowles,Fran Karačić,2
3857288,Australia,Kye Rowles,Harry Souttar,7
3857288,Australia,Kye Rowles,Mathew Ryan,5
3857288,Australia,Kye Rowles,Riley McGree,1
3857288,Australia,Mathew Ryan,Aziz Eraltay Behich,4
3857288,Australia,Mathew Ryan,Fran Karačić,2
3857288,Australia,Mathew Ryan,Harry Souttar,2
3857288,Australia,Mathew Ryan,Kye Rowles,3
3857288,Australia,Mathew Ryan,Mathew Leckie,2
3857288,Australia,Mathew Ryan,Miloš Degenek,1
3857288,Australia,Mathew Ryan,Mitchell Thomas Duke,2
3857288,Australia,Mathew Ryan,Riley McGree,1
3857288,Australia,Fran Karačić,Ajdin Hrustic,2
3857288,Australia,Fran Karačić,Craig Goodwin,2
3857288,Australia,Fran Karačić,Harry Souttar,2
3857288,Australia,Fran Karačić,Jackson Irvine,5
3857288,Australia,Fran Karačić,Kye Rowles,2
3857288,Australia,Fran Karačić,Mathew Leckie,2
3857288,Australia,Fran Karačić,Mitchell Thomas Duke,6
3857288,Australia,Fran Karačić,Riley McGree,2
3857288,Australia,Keanu Baccus,Ajdin Hrustic,1
3857288,Australia,Keanu Baccus,Awer Denis Bul Mabil,1
3857288,Australia,Keanu Baccus,Miloš Degenek,1
3857288,Australia,Miloš Degenek,Jamie MacLaren,4
3857288,Australia,Miloš Degenek,Keanu Baccus,1
3857288,Tunisia,Ali Abdi,Aymen Dahmen,2
3857288,Tunisia,Ali Abdi,Aïssa Bilal Laïdouni,1
3857288,Tunisia,Ali Abdi,Ellyes Joris Skhiri,8
3857288,Tunisia,Ali Abdi,Ferjani Sassi,4
3857288,Tunisia,Ali Abdi,Issam Jebali,2
3857288,Tunisia,Ali Abdi,Mohamed Dräger,1
3857288,Tunisia,Ali Abdi,Montassar Omar Talbi,9
3857288,Tunisia,Ali Abdi,Naïm Sliti,3
3857288,Tunisia,Ali Abdi,Wahbi Khazri,2
3857288,Tunisia,Ali Abdi,Yassine Meriah,4
3857288,Tunisia,Ali Abdi,Youssef Msakni,8
3857288,Tunisia,Aymen Dahmen,Ali Abdi,2
3857288,Tunisia,Aymen Dahmen,Aïssa Bilal Laïdouni,1
3857288,Tunisia,Aymen Dahmen,Ellyes Joris Skhiri,1
3857288,Tunisia,Aymen Dahmen,Issam Jebali,1
3857288,Tunisia,Aymen Dahmen,Montassar Omar Talbi,1
3857288,Tunisia,Aymen Dahmen,Naïm Sliti,1
3857288,Tunisia,Aymen Dahmen,Wajdi Kechrida,1
3857288,Tunisia,Aymen Dahmen,Yassine Meriah,4
3857288,Tunisia,Aymen Dahmen,Youssef Msakni,3
3857288,Tunisia,Aïssa Bilal Laïdouni,Ali Abdi,4
3857288,Tunisia,Aïssa Bilal Laïdouni,Dylan Daniel Mahmoud Bronn,2
3857288,Tunisia,Aïssa Bilal Laïdouni,Ellyes Joris Skhiri,3
3857288,Tunisia,Aïssa Bilal Laïdouni,Issam Jebali,1
3857288,Tunisia,Aïssa Bilal Laïdouni,Mohamed Dräger,1
3857288,Tunisia,Aïssa Bilal Laïdouni,Montassar Omar Talbi,2
3857288,Tunisia,Aïssa Bilal Laïdouni,Naïm Sliti,2
3857288,Tunisia,Aïssa Bilal Laïdouni,Yassine Meriah,2
3857288,Tunisia,Aïssa Bilal Laïdouni,Youssef Msakni,7
3857288,Tunisia,Ellyes Joris Skhiri,Ali Abdi,7
3857288,Tunisia,Ellyes Joris Skhiri,Aymen Dahmen,1
3857288,Tunisia,Ellyes Joris Skhiri,Aïssa Bilal Laïdouni,3
3857288,Tunisia,Ellyes Joris Skhiri,Dylan Daniel Mahmoud Bronn,3
3857288,Tunisia,Ellyes Joris Skhiri,Ferjani Sassi,4
3857288,Tunisia,Ellyes Joris Skhiri,Issam Jebali,2
3857288,Tunisia,Ellyes Joris Skhiri,Mohamed Dräger,2
3857288,Tunisia,Ellyes Joris Skhiri,Montassar Omar Talbi,5
3857288,Tunisia,Ellyes Joris Skhiri,Naïm Sliti,5
3857288,Tunisia,Ellyes Joris Skhiri,Taha Yassine Khenissi,1
3857288,Tunisia,Ellyes Joris Skhiri,Wahbi Khazri,4
3857288,Tunisia,Ellyes Joris Skhiri,Wajdi Kechrida,1
3857288,Tunisia,Ellyes Joris Skhiri,Yassine Meriah,4
3857288,Tunisia,Ellyes Joris Skhiri,Youssef Msakni,7
3857288,Tunisia,Ferjani Sassi,Ali Abdi,2
3857288,Tunisia,Ferjani Sassi,Aïssa Bilal Laïdouni,1
3857288,Tunisia,Ferjani Sassi,Dylan Daniel Mahmoud Bronn,3
3857288,Tunisia,Ferjani Sassi,Ellyes Joris Skhiri,4
3857288,Tunisia,Ferjani Sassi,Montassar Omar Talbi,1
3857288,Tunisia,Ferjani Sassi,Naïm Sliti,3
3857288,Tunisia,Ferjani Sassi,Wahbi Khazri,1
3857288,Tunisia,Ferjani Sassi,Wajdi Kechrida,3
3857288,Tunisia,Ferjani Sassi,Yassine Meriah,3
3857288,Tunisia,Ferjani Sassi,Youssef Msakni,3
3857288,Tunisia,Issam Jebali,Aïssa Bilal Laïdouni,2
3857288,Tunisia,Issam Jebali,Dylan Daniel Mahmoud Bronn,1
3857288,Tunisia,Issam Jebali,Ferjani Sassi,1
3857288,Tunisia,Issam Jebali,Mohamed Dräger,1
3857288,Tunisia,Issam Jebali,Montassar Omar Talbi,2
3857288,Tunisia,Issam Jebali,Naïm Sliti,2
3857288,Tunisia,Issam Jebali,Youssef Msakni,2
3857288,Tunisia,Mohamed Dräger,Ali Abdi,1
3857288,Tunisia,Mohamed Dräger,Dylan Daniel Mahmoud Bronn,4
3857288,Tunisia,Mohamed Dräger,Ellyes Joris Skhiri,1
3857288,Tunisia,Mohamed Dräger,Issam Jebali,3
3857288,Tunisia,Mohamed Dräger,Naïm Sliti,1
3857288,Tunisia,Mohamed Dräger,Yassine Meriah,2
3857288,Tunisia,Montassar Omar Talbi,Ali Abdi,13
3857288,Tunisia,Montassar Omar Talbi,Aymen Dahmen,4
3857288,Tunisia,Montassar Omar Talbi,Aïssa Bilal Laïdouni,2
3857288,Tunisia,Montassar Omar Talbi,Dylan Daniel Mahmoud Bronn,1
3857288,Tunisia,Montassar Omar Talbi,Ellyes Joris Skhiri,8
3857288,Tunisia,Montassar Omar Talbi,Ferjani Sassi,3
3857288,Tunisia,Montassar Omar Talbi,Issam Jebali,1
3857288,Tunisia,Montassar Omar Talbi,Mohamed Dräger,1
3857288,Tunisia,Montassar Omar Talbi,Wajdi Kechrida,1
3857288,Tunisia,Montassar Omar Talbi,Yassine Meriah,15
3857288,Tunisia,Montassar Omar Talbi,Youssef Msakni,3
3857288,Tunisia,Naïm Sliti,Ali Abdi,2
3857288,Tunisia,Naïm Sliti,Aïssa Bilal Laïdouni,3
3857288,Tunisia,Naïm Sliti,Dylan Daniel Mahmoud Bronn,4
3857288,Tunisia,Naïm Sliti,Ellyes Joris Skhiri,2
3857288,Tunisia,Naïm Sliti,Issam Jebali,1
3857288,Tunisia,Naïm Sliti,Mohamed Dräger,1
3857288,Tunisia,Naïm Sliti,Montassar Omar Talbi,1
3857288,Tunisia,Naïm Sliti,Wahbi Khazri,1
3857288,Tunisia,Naïm Sliti,Wajdi Kechrida,2
3857288,Tunisia,Naïm Sliti,Yassine Meriah,2
3857288,Tunisia,Naïm Sliti,Youssef Msakni,4
3857288,Tunisia,Wahbi Khazri,Ali Abdi,1
3857288,Tunisia,Wahbi Khazri,Yassine Meriah,1
3857288,Tunisia,Wahbi Khazri,Youssef Msakni,2
3857288,Tunisia,Yassine Meriah,Aymen Dahmen,5
3857288,Tunisia,Yassine Meriah,Aïssa Bilal Laïdouni,5
3857288,Tunisia,Yassine Meriah,Dylan Daniel Mahmoud Bronn,21
3857288,Tunisia,Yassine Meriah,Ellyes Joris Skhiri,8
3857288,Tunisia,Yassine Meriah,Ferjani Sassi,4
3857288,Tunisia,Yassine Meriah,Issam Jebali,1
3857288,Tunisia,Yassine Meriah,Montassar Omar Talbi,12
3857288,Tunisia,Yassine Meriah,Naïm Sliti,2
3857288,Tunisia,Yassine Meriah,Wajdi Kechrida,1
3857288,Tunisia,Yassine Meriah,Youssef Msakni,3
3857288,Tunisia,Youssef Msakni,Ali Abdi,5
3857288,Tunisia,Youssef Msakni,Aïssa Bilal Laïdouni,3
3857288,Tunisia,Youssef Msakni,Ellyes Joris Skhiri,2
3857288,Tunisia,Youssef Msakni,Ferjani Sassi,3
3857288,Tunisia,Youssef Msakni,Mohamed Dräger,2
3857288,Tunisia,Youssef Msakni,Montassar Omar Talbi,6
3857288,Tunisia,Youssef Msakni,Naïm Sliti,6
3857288,Tunisia,Youssef Msakni,Wahbi Khazri,1
3857288,Tunisia,Youssef Msakni,Wajdi Kechrida,1
3857288,Tunisia,Youssef Msakni,Yassine Meriah,2
3857288,Tunisia,Wajdi Kechrida,Ellyes Joris Skhiri,2
3857288,Tunisia,Wajdi Kechrida,Ferjani Sassi,1
3857288,Tunisia,Wajdi Kechrida,Naïm Sliti,4
3857288,Tunisia,Wajdi Kechrida,Wahbi Khazri,2
3857288,Tunisia,Wajdi Kechrida,Yassine Meriah,4
3857288,Tunisia,Dylan Daniel Mahmoud Bronn,Ali Abdi,1
3857288,Tunisia,Dylan Daniel Mahmoud Bronn,Aymen Dahmen,1
3857288,Tunisia,Dylan Daniel Mahmoud Bronn,Aïssa Bilal Laïdouni,2
3857288,Tunisia,Dylan Daniel Mahmoud Bronn,Ellyes Joris Skhiri,2
3857288,Tunisia,Dylan Daniel Mahmoud Bronn,Ferjani Sassi,4
3857288,Tunisia,Dylan Daniel Mahmoud Bronn,Issam Jebali,1
3857288,Tunisia,Dylan Daniel Mahmoud Bronn,Mohamed Dräger,3
3857288,Tunisia,Dylan Daniel Mahmoud Bronn,Montassar Omar Talbi,3
3857288,Tunisia,Dylan Daniel Mahmoud Bronn,Naïm Sliti,2
3857288,Tunisia,Dylan Daniel Mahmoud Bronn,Yassine Meriah,21
3857288,Tunisia,Dylan Daniel Mahmoud Bronn,Youssef Msakni,1
3857288,Tunisia,Taha Yassine Khenissi,Naïm Sliti,1
3857289,Argentina,Alexis Mac Allister,Enzo Fernandez,1
3857289,Argentina,Alexis Mac Allister,Gonzalo Ariel Montiel,4
3857289,Argentina,Alexis Mac Allister,Guido Rodríguez,5
3857289,Argentina,Alexis Mac Allister,Lautaro Javier Martínez,2
3857289,Argentina,Alexis Mac Allister,Lionel Andrés Messi Cuccittini,6
3857289,Argentina,Alexis Mac Allister,Lisandro Martínez,4
3857289,Argentina,Alexis Mac Allister,Marcos Javier Acuña,7
3857289,Argentina,Alexis Mac Allister,Rodrigo Javier De Paul,2
3857289,Argentina,Alexis Mac Allister,Ángel Fabián Di María Hernández,3
3857289,Argentina,Enzo Fernandez,Cristian Gabriel Romero,1
3857289,Argentina,Enzo Fernandez,Exequiel Alejandro Palacios,2
3857289,Argentina,Enzo Fernandez,Gonzalo Ariel Montiel,2
3857289,Argentina,Enzo Fernandez,Julián Álvarez,2
3857289,Argentina,Enzo Fernandez,Lionel Andrés Messi Cuccittini,4
3857289,Argentina,Enzo Fernandez,Lisandro Martínez,1
3857289,Argentina,Enzo Fernandez,Marcos Javier Acuña,1
3857289,Argentina,Enzo Fernandez,Nahuel Molina Lucero,1
3857289,Argentina,Enzo Fernandez,Nicolás Hernán Otamendi,3
3857289,Argentina,Enzo Fernandez,Rodrigo Javier De Paul,4
3857289,Argentina,Enzo Fernandez,Ángel Fabián Di María Hernández,2
3857289,Argentina,Gonzalo Ariel Montiel,Damián Emiliano Martínez,1
3857289,Argentina,Gonzalo Ariel Montiel,Enzo Fernandez,2
3857289,Argentina,Gonzalo Ariel Montiel,Guido Rodríguez,2
3857289,Argentina,Gonzalo Ariel Montiel,Lautaro Javier Martínez,1
3857289,Argentina,Gonzalo Ariel Montiel,Lionel Andrés Messi Cuccittini,4
3857289,Argentina,Gonzalo Ariel Montiel,Lisandro Martínez,1
3857289,Argentina,Gonzalo Ariel Montiel,Nicolás Hernán Otamendi,13
3857289,Argentina,Gonzalo Ariel Montiel,Rodrigo Javier De Paul,11
3857289,Argentina,Gonzalo Ariel Montiel,Ángel Fabián Di María Hernández,14
3857289,Argentina,Guido Rodríguez,Alexis Mac Allister,7
3857289,Argentina,Guido Rodríguez,Gonzalo Ariel Montiel,5
3857289,Argentina,Guido Rodríguez,Lionel Andrés Messi Cuccittini,7
3857289,Argentina,Guido Rodríguez,Lisandro Martínez,10
3857289,Argentina,Guido Rodríguez,Marcos Javier Acuña,2
3857289,Argentina,Guido Rodríguez,Nicolás Hernán Otamendi,13
3857289,Argentina,Guido Rodríguez,Rodrigo Javier De Paul,8
3857289,Argentina,Guido Rodríguez,Ángel Fabián Di María Hernández,2
3857289,Argentina,Lautaro Javier Martínez,Alexis Mac Allister,1
3857289,Argentina,Lautaro Javier Martínez,Guido Rodríguez,2
3857289,Argentina,Lionel Andrés Messi Cuccittini,Alexis Mac Allister,11
3857289,Argentina,Lionel Andrés Messi Cuccittini,Enzo Fernandez,3
3857289,Argentina,Lionel Andrés Messi Cuccittini,Exequiel Alejandro Palacios,1
3857289,Argentina,Lionel Andrés Messi Cuccittini,Gonzalo Ariel Montiel,1
3857289,Argentina,Lionel Andrés Messi Cuccittini,Guido Rodríguez,3
3857289,Argentina,Lionel Andrés Messi Cuccittini,Julián Álvarez,1
3857289,Argentina,Lionel Andrés Messi Cuccittini,Lautaro Javier Martínez,1
3857289,Argentina,Lionel Andrés Messi Cuccittini,Lisandro Martínez,3
3857289,Argentina,Lionel Andrés Messi Cuccittini,Marcos Javier Acuña,1
3857289,Argentina,Lionel Andrés Messi Cuccittini,Nicolás Hernán Otamendi,3
3857289,Argentina,Lionel Andrés Messi Cuccittini,Rodrigo Javier De Paul,8
3857289,Argentina,Lionel Andrés Messi Cuccittini,Ángel Fabián Di María Hernández,2
3857289,Argentina,Lisandro Martínez,Alexis Mac Allister,6
3857289,Argentina,Lisandro Martínez,Damián Emiliano Martínez,4
3857289,Argentina,Lisandro Martínez,Enzo Fernandez,1
3857289,Argentina,Lisandro Martínez,Gonzalo Ariel Montiel,2
3857289,Argentina,Lisandro Martínez,Guido Rodríguez,14
3857289,Argentina,Lisandro Martínez,Lautaro Javier Martínez,1
3857289,Argentina,Lisandro Martínez,Lionel Andrés Messi Cuccittini,1
3857289,Argentina,Lisandro Martínez,Marcos Javier Acuña,9
3857289,Argentina,Lisandro Martínez,Nicolás Hernán Otamendi,4
3857289,Argentina,Lisandro Martínez,Rodrigo Javier De Paul,3
3857289,Argentina,Lisandro Martínez,Ángel Fabián Di María Hernández,3
3857289,Argentina,Marcos Javier Acuña,Alexis Mac Allister,3
3857289,Argentina,Marcos Javier Acuña,Damián Emiliano Martínez,1
3857289,Argentina,Marcos Javier Acuña,Guido Rodríguez,4
3857289,Argentina,Marcos Javier Acuña,Julián Álvarez,1
3857289,Argentina,Marcos Javier Acuña,Lautaro Javier Martínez,3
3857289,Argentina,Marcos Javier Acuña,Lionel Andrés Messi Cuccittini,3
3857289,Argentina,Marcos Javier Acuña,Lisandro Martínez,8
3857289,Argentina,Marcos Javier Acuña,Nahuel Molina Lucero,1
3857289,Argentina,Marcos Javier Acuña,Nicolás Hernán Otamendi,2
3857289,Argentina,Marcos Javier Acuña,Rodrigo Javier De Paul,2
3857289,Argentina,Rodrigo Javier De Paul,Alexis Mac Allister,5
3857289,Argentina,Rodrigo Javier De Paul,Enzo Fernandez,4
3857289,Argentina,Rodrigo Javier De Paul,Gonzalo Ariel Montiel,6
3857289,Argentina,Rodrigo Javier De Paul,Guido Rodríguez,7
3857289,Argentina,Rodrigo Javier De Paul,Lionel Andrés Messi Cuccittini,9
3857289,Argentina,Rodrigo Javier De Paul,Lisandro Martínez,4
3857289,Argentina,Rodrigo Javier De Paul,Marcos Javier Acuña,1
3857289,Argentina,Rodrigo Javier De Paul,Nahuel Molina Lucero,3
3857289,Argentina,Rodrigo Javier De Paul,Nicolás Hernán Otamendi,17
3857289,Argentina,Rodrigo Javier De Paul,Ángel Fabián Di María Hernández,3
3857289,Argentina,Ángel Fabián Di María Hernández,Alexis Mac Allister,1
3857289,Argentina,Ángel Fabián Di María Hernández,Gonzalo Ariel Montiel,1
3857289,Argentina,Ángel Fabián Di María Hernández,Guido Rodríguez,1
3857289,Argentina,Ángel Fabián Di María Hernández,Lautaro Javier Martínez,1
3857289,Argentina,Ángel Fabián Di María Hernández,Lionel Andrés Messi Cuccittini,4
3857289,Argentina,Ángel Fabián Di María Hernández,Marcos Javier Acuña,2
3857289,Argentina,Ángel Fabián Di María Hernández,Nicolás Hernán Otamendi,4
3857289,Argentina,Ángel Fabián Di María Hernández,Rodrigo Javier De Paul,7
3857289,Argentina,Cristian Gabriel Romero,Damián Emiliano Martínez,2
3857289,Argentina,Cristian Gabriel Romero,Nicolás Hernán Otamendi,1
3857289,Argentina,Damián Emiliano Martínez,Enzo Fernandez,1
3857289,Argentina,Damián Emiliano Martínez,Gonzalo Ariel Montiel,4
3857289,Argentina,Damián Emiliano Martínez,Guido Rodríguez,1
3857289,Argentina,Damián Emiliano Martínez,Lionel Andrés Messi Cuccittini,1
3857289,Argentina,Damián Emiliano Martínez,Lisandro Martínez,2
3857289,Argentina,Damián Emiliano Martínez,Marcos Javier Acuña,1
3857289,Argentina,Damián Emiliano Martínez,Nicolás Hernán Otamendi,7
3857289,Argentina,Damián Emiliano Martínez,Rodrigo Javier De Paul,1
3857289,Argentina,Nicolás Hernán Otamendi,Alexis Mac Allister,2
3857289,Argentina,Nicolás Hernán Otamendi,Cristian Gabriel Romero,2
3857289,Argentina,Nicolás Hernán Otamendi,Damián Emiliano Martínez,4
3857289,Argentina,Nicolás Hernán Otamendi,Enzo Fernandez,2
3857289,Argentina,Nicolás Hernán Otamendi,Gonzalo Ariel Montiel,18
3857289,Argentina,Nicolás Hernán Otamendi,Guido Rodríguez,15
3857289,Argentina,Nicolás Hernán Otamendi,Lionel Andrés Messi Cuccittini,2
3857289,Argentina,Nicolás Hernán Otamendi,Lisandro Martínez,16
3857289,Argentina,Nicolás Hernán Otamendi,Nahuel Molina Lucero,2
3857289,Argentina,Nicolás Hernán Otamendi,Rodrigo Javier De Paul,9
3857289,Argentina,Nicolás Hernán Otamendi,Ángel Fabián Di María Hernández,4
3857289,Argentina,Exequiel Alejandro Palacios,Enzo Fernandez,3
3857289,Argentina,Exequiel Alejandro Palacios,Julián Álvarez,1
3857289,Argentina,Exequiel Alejandro Palacios,Lionel Andrés Messi Cuccittini,1
3857289,Argentina,Exequiel Alejandro Palacios,Marcos Javier Acuña,1
3857289,Argentina,Julián Álvarez,Enzo Fernandez,1
3857289,Argentina,Julián Álvarez,Lionel Andrés Messi Cuccittini,3
3857289,Argentina,Julián Álvarez,Nahuel Molina Lucero,1
3857289,Argentina,Julián Álvarez,Rodrigo Javier De Paul,1
3857289,Argentina,Nahuel Molina Lucero,Enzo Fernandez,2
3857289,Argentina,Nahuel Molina Lucero,Julián Álvarez,2
3857289,Argentina,Nahuel Molina Lucero,Lionel Andrés Messi Cuccittini,1
3857289,Argentina,Nahuel Molina Lucero,Nicolás Hernán Otamendi,1
3857289,Argentina,Nahuel Molina Lucero,Rodrigo Javier De Paul,3
3857289,Argentina,Nahuel Molina Lucero,Ángel Fabián Di María Hernández,1
3857289,Mexico,Carlos Uriel Antuna Romero,Luis Gerardo Chávez Magallón,1
3857289,Mexico,Carlos Uriel Antuna Romero,Néstor Alejandro Araújo Razo,1
3857289,Mexico,Carlos Uriel Antuna Romero,Raúl Alonso Jiménez Rodríguez,1
3857289,Mexico,Luis Gerardo Chávez Magallón,César Jasib Montes Castro,1
3857289,Mexico,Luis Gerardo Chávez Magallón,Hirving Rodrigo Lozano Bahena,1
3857289,Mexico,Luis Gerardo Chávez Magallón,Héctor Alfredo Moreno Herrera,1
3857289,Mexico,Luis Gerardo Chávez Magallón,Héctor Miguel Herrera López,2
3857289,Mexico,Luis Gerardo Chávez Magallón,José Andrés Guardado Hernández,1
3857289,Mexico,Luis Gerardo Chávez Magallón,Kevin Nahin Álvarez Campos,3
3857289,Mexico,Luis Gerardo Chávez Magallón,Néstor Alejandro Araújo Razo,9
3857289,Mexico,Luis Gerardo Chávez Magallón,Roberto Carlos Alvarado Hernández,2
3857289,Mexico,Luis Gerardo Chávez Magallón,Érick Gabriel Gutiérrez Galaviz,1
3857289,Mexico,Néstor Alejandro Araújo Razo,Carlos Uriel Antuna Romero,2
3857289,Mexico,Néstor Alejandro Araújo Razo,César Jasib Montes Castro,19
3857289,Mexico,Néstor Alejandro Araújo Razo,Ernesto Alexis Vega Rojas,1
3857289,Mexico,Néstor Alejandro Araújo Razo,Francisco Guillermo Ochoa Magaña,1
3857289,Mexico,Néstor Alejandro Araújo Razo,Hirving Rodrigo Lozano Bahena,2
3857289,Mexico,Néstor Alejandro Araújo Razo,Héctor Alfredo Moreno Herrera,1
3857289,Mexico,Néstor Alejandro Araújo Razo,Héctor Miguel Herrera López,5
3857289,Mexico,Néstor Alejandro Araújo Razo,Kevin Nahin Álvarez Campos,6
3857289,Mexico,Néstor Alejandro Araújo Razo,Luis Gerardo Chávez Magallón,5
3857289,Mexico,Néstor Alejandro Araújo Razo,Raúl Alonso Jiménez Rodríguez,5
3857289,Mexico,Raúl Alonso Jiménez Rodríguez,Carlos Uriel Antuna Romero,2
3857289,Mexico,Raúl Alonso Jiménez Rodríguez,Hirving Rodrigo Lozano Bahena,1
3857289,Mexico,Raúl Alonso Jiménez Rodríguez,Héctor Miguel Herrera López,2
3857289,Mexico,Raúl Alonso Jiménez Rodríguez,Jesús Daniel Gallardo Vasconcelos,1
3857289,Mexico,Raúl Alonso Jiménez Rodríguez,Luis Gerardo Chávez Magallón,2
3857289,Mexico,César Jasib Montes Castro,Carlos Uriel Antuna Romero,2
3857289,Mexico,César Jasib Montes Castro,Francisco Guillermo Ochoa Magaña,8
3857289,Mexico,César Jasib Montes Castro,Héctor Alfredo Moreno Herrera,11
3857289,Mexico,César Jasib Montes Castro,Héctor Miguel Herrera López,6
3857289,Mexico,César Jasib Montes Castro,Jesús Daniel Gallardo Vasconcelos,1
3857289,Mexico,César Jasib Montes Castro,Néstor Alejandro Araújo Razo,11
3857289,Mexico,César Jasib Montes Castro,Raúl Alonso Jiménez Rodríguez,1
3857289,Mexico,César Jasib Montes Castro,Roberto Carlos Alvarado Hernández,1
3857289,Mexico,César Jasib Montes Castro,Érick Gabriel Gutiérrez Galaviz,8
3857289,Mexico,Francisco Guillermo Ochoa Magaña,César Jasib Montes Castro,8
3857289,Mexico,Francisco Guillermo Ochoa Magaña,Héctor Alfredo Moreno Herrera,6
3857289,Mexico,Francisco Guillermo Ochoa Magaña,Héctor Miguel Herrera López,1
3857289,Mexico,Francisco Guillermo Ochoa Magaña,Jesús Daniel Gallardo Vasconcelos,1
3857289,Mexico,Francisco Guillermo Ochoa Magaña,José Andrés Guardado Hernández,2
3857289,Mexico,Francisco Guillermo Ochoa Magaña,Luis Gerardo Chávez Magallón,2
3857289,Mexico,Héctor Alfredo Moreno Herrera,César Jasib Montes Castro,7
3857289,Mexico,Héctor Alfredo Moreno Herrera,Francisco Guillermo Ochoa Magaña,5
3857289,Mexico,Héctor Alfredo Moreno Herrera,Hirving Rodrigo Lozano Bahena,2
3857289,Mexico,Héctor Alfredo Moreno Herrera,Héctor Miguel Herrera López,3
3857289,Mexico,Héctor Alfredo Moreno Herrera,Jesús Daniel Gallardo Vasconcelos,6
3857289,Mexico,Héctor Alfredo Moreno Herrera,José Andrés Guardado Hernández,2
3857289,Mexico,Héctor Alfredo Moreno Herrera,Kevin Nahin Álvarez Campos,1
3857289,Mexico,Héctor Alfredo Moreno Herrera,Raúl Alonso Jiménez Rodríguez,2
3857289,Mexico,Héctor Alfredo Moreno Herrera,Roberto Carlos Alvarado Hernández,2
3857289,Mexico,Héctor Alfredo Moreno Herrera,Érick Gabriel Gutiérrez Galaviz,8
3857289,Mexico,Héctor Miguel Herrera López,Carlos Uriel Antuna Romero,2
3857289,Mexico,Héctor Miguel Herrera López,César Jasib Montes Castro,7
3857289,Mexico,Héctor Miguel Herrera López,Francisco Guillermo Ochoa Magaña,2
3857289,Mexico,Héctor Miguel Herrera López,Hirving Rodrigo Lozano Bahena,1
3857289,Mexico,Héctor Miguel Herrera López,Héctor Alfredo Moreno Herrera,1
3857289,Mexico,Héctor Miguel Herrera López,Jesús Daniel Gallardo Vasconcelos,1
3857289,Mexico,Héctor Miguel Herrera López,José Andrés Guardado Hernández,2
3857289,Mexico,Héctor Miguel Herrera López,Kevin Nahin Álvarez Campos,1
3857289,Mexico,Héctor Miguel Herrera López,Luis Gerardo Chávez Magallón,6
3857289,Mexico,Héctor Miguel Herrera López,Néstor Alejandro Araújo Razo,10
3857289,Mexico,Héctor Miguel Herrera López,Raúl Alonso Jiménez Rodríguez,1
3857289,Mexico,Héctor Miguel Herrera López,Érick Gabriel Gutiérrez Galaviz,3
3857289,Mexico,Jesús Daniel Gallardo Vasconcelos,César Jasib Montes Castro,2
3857289,Mexico,Jesús Daniel Gallardo Vasconcelos,Ernesto Alexis Vega Rojas,3
3857289,Mexico,Jesús Daniel Gallardo Vasconcelos,Francisco Guillermo Ochoa Magaña,1
3857289,Mexico,Jesús Daniel Gallardo Vasconcelos,Héctor Alfredo Moreno Herrera,6
3857289,Mexico,Jesús Daniel Gallardo Vasconcelos,Héctor Miguel Herrera López,1
3857289,Mexico,Jesús Daniel Gallardo Vasconcelos,José Andrés Guardado Hernández,3
3857289,Mexico,Jesús Daniel Gallardo Vasconcelos,Luis Gerardo Chávez Magallón,1
3857289,Mexico,Jesús Daniel Gallardo Vasconcelos,Roberto Carlos Alvarado Hernández,1
3857289,Mexico,Jesús Daniel Gallardo Vasconcelos,Érick Gabriel Gutiérrez Galaviz,1
3857289,Mexico,Roberto Carlos Alvarado Hernández,Héctor Alfredo Moreno Herrera,1
3857289,Mexico,Roberto Carlos Alvarado Hernández,Jesús Daniel Gallardo Vasconcelos,1
3857289,Mexico,Roberto Carlos Alvarado Hernández,Luis Gerardo Chávez Magallón,1
3857289,Mexico,Roberto Carlos Alvarado Hernández,Érick Gabriel Gutiérrez Galaviz,2
3857289,Mexico,Érick Gabriel Gutiérrez Galaviz,César Jasib Montes Castro,4
3857289,Mexico,Érick Gabriel Gutiérrez Galaviz,Hirving Rodrigo Lozano Bahena,1
3857289,Mexico,Érick Gabriel Gutiérrez Galaviz,Héctor Alfredo Moreno Herrera,5
3857289,Mexico,Érick Gabriel Gutiérrez Galaviz,Héctor Miguel Herrera López,6
3857289,Mexico,Érick Gabriel Gutiérrez Galaviz,Jesús Daniel Gallardo Vasconcelos,3
3857289,Mexico,Érick Gabriel Gutiérrez Galaviz,Néstor Alejandro Araújo Razo,1
3857289,Mexico,Érick Gabriel Gutiérrez Galaviz,Roberto Carlos Alvarado Hernández,5
3857289,Mexico,Ernesto Alexis Vega Rojas,Hirving Rodrigo Lozano Bahena,2
3857289,Mexico,Ernesto Alexis Vega Rojas,Jesús Daniel Gallardo Vasconcelos,1
3857289,Mexico,Hirving Rodrigo Lozano Bahena,Kevin Nahin Álvarez Campos,1
3857289,Mexico,Hirving Rodrigo Lozano Bahena,Érick Gabriel Gutiérrez Galaviz,2
3857289,Mexico,José Andrés Guardado Hernández,César Jasib Montes Castro,1
3857289,Mexico,José Andrés Guardado Hernández,Hirving Rodrigo Lozano Bahena,1
3857289,Mexico,José Andrés Guardado Hernández,Héctor Alfredo Moreno Herrera,4
3857289,Mexico,José Andrés Guardado Hernández,Héctor Miguel Herrera López,1
3857289,Mexico,José Andrés Guardado Hernández,Jesús Daniel Gallardo Vasconcelos,2
3857289,Mexico,José Andrés Guardado Hernández,Kevin Nahin Álvarez Campos,1
3857289,Mexico,José Andrés Guardado Hernández,Luis Gerardo Chávez Magallón,1
3857289,Mexico,Kevin Nahin Álvarez Campos,Ernesto Alexis Vega Rojas,2
3857289,Mexico,Kevin Nahin Álvarez Campos,Hirving Rodrigo Lozano Bahena,2
3857289,Mexico,Kevin Nahin Álvarez Campos,Luis Gerardo Chávez Magallón,5
3857289,Mexico,Kevin Nahin Álvarez Campos,Néstor Alejandro Araújo Razo,6
3857290,Cameroon,André Onana,André-Frank Zambo Anguissa,4
3857290,Cameroon,André Onana,Bryan Mbeumo,1
3857290,Cameroon,André Onana,Gaël Ondoua,1
3857290,Cameroon,André Onana,Jean-Charles Castelletto,9
3857290,Cameroon,André Onana,Jean-Eric Maxim Choupo-Moting,2
3857290,Cameroon,André Onana,Karl Brillant Toko Ekambi,1
3857290,Cameroon,André Onana,Ngoran Suiru Fai Collins,1
3857290,Cameroon,André Onana,Nicolas Alexis Julio N'Koulou Ndoubena,20
3857290,Cameroon,André Onana,Nouhou Tolo,2
3857290,Cameroon,André Onana,Samuel Yves Oum Gwet,3
3857290,Cameroon,André-Frank Zambo Anguissa,André Onana,2
3857290,Cameroon,André-Frank Zambo Anguissa,Bryan Mbeumo,9
3857290,Cameroon,André-Frank Zambo Anguissa,Jean-Charles Castelletto,3
3857290,Cameroon,André-Frank Zambo Anguissa,Jean-Eric Maxim Choupo-Moting,4
3857290,Cameroon,André-Frank Zambo Anguissa,Karl Brillant Toko Ekambi,6
3857290,Cameroon,André-Frank Zambo Anguissa,Martin Hongla Yma II,3
3857290,Cameroon,André-Frank Zambo Anguissa,Ngoran Suiru Fai Collins,7
3857290,Cameroon,André-Frank Zambo Anguissa,Nicolas Alexis Julio N'Koulou Ndoubena,4
3857290,Cameroon,André-Frank Zambo Anguissa,Nouhou Tolo,6
3857290,Cameroon,André-Frank Zambo Anguissa,Samuel Yves Oum Gwet,10
3857290,Cameroon,André-Frank Zambo Anguissa,Vincent Paté Aboubakar,2
3857290,Cameroon,Bryan Mbeumo,André-Frank Zambo Anguissa,7
3857290,Cameroon,Bryan Mbeumo,Jean-Charles Castelletto,4
3857290,Cameroon,Bryan Mbeumo,Jean-Eric Maxim Choupo-Moting,2
3857290,Cameroon,Bryan Mbeumo,Karl Brillant Toko Ekambi,1
3857290,Cameroon,Bryan Mbeumo,Martin Hongla Yma II,1
3857290,Cameroon,Bryan Mbeumo,Ngoran Suiru Fai Collins,10
3857290,Cameroon,Bryan Mbeumo,Nicolas Alexis Julio N'Koulou Ndoubena,2
3857290,Cameroon,Bryan Mbeumo,Samuel Yves Oum Gwet,3
3857290,Cameroon,Bryan Mbeumo,Vincent Paté Aboubakar,1
3857290,Cameroon,Gaël Ondoua,André-Frank Zambo Anguissa,1
3857290,Cameroon,Gaël Ondoua,Georges-Kévin Nkoudou Mbida,1
3857290,Cameroon,Gaël Ondoua,Jean-Charles Castelletto,2
3857290,Cameroon,Gaël Ondoua,Nicolas Alexis Julio N'Koulou Ndoubena,1
3857290,Cameroon,Gaël Ondoua,Nicolas Moumi Ngamaleu,1
3857290,Cameroon,Gaël Ondoua,Vincent Paté Aboubakar,1
3857290,Cameroon,Jean-Charles Castelletto,André Onana,6
3857290,Cameroon,Jean-Charles Castelletto,André-Frank Zambo Anguissa,4
3857290,Cameroon,Jean-Charles Castelletto,Bryan Mbeumo,5
3857290,Cameroon,Jean-Charles Castelletto,Georges-Kévin Nkoudou Mbida,1
3857290,Cameroon,Jean-Charles Castelletto,Martin Hongla Yma II,2
3857290,Cameroon,Jean-Charles Castelletto,Ngoran Suiru Fai Collins,10
3857290,Cameroon,Jean-Charles Castelletto,Nicolas Alexis Julio N'Koulou Ndoubena,3
3857290,Cameroon,Jean-Charles Castelletto,Nicolas Moumi Ngamaleu,1
3857290,Cameroon,Jean-Charles Castelletto,Nouhou Tolo,3
3857290,Cameroon,Jean-Charles Castelletto,Samuel Yves Oum Gwet,4
3857290,Cameroon,Jean-Eric Maxim Choupo-Moting,André-Frank Zambo Anguissa,3
3857290,Cameroon,Jean-Eric Maxim Choupo-Moting,Bryan Mbeumo,2
3857290,Cameroon,Jean-Eric Maxim Choupo-Moting,Martin Hongla Yma II,4
3857290,Cameroon,Jean-Eric Maxim Choupo-Moting,Ngoran Suiru Fai Collins,1
3857290,Cameroon,Jean-Eric Maxim Choupo-Moting,Nicolas Alexis Julio N'Koulou Ndoubena,1
3857290,Cameroon,Jean-Eric Maxim Choupo-Moting,Nouhou Tolo,3
3857290,Cameroon,Jean-Eric Maxim Choupo-Moting,Samuel Yves Oum Gwet,1
3857290,Cameroon,Karl Brillant Toko Ekambi,André-Frank Zambo Anguissa,7
3857290,Cameroon,Karl Brillant Toko Ekambi,Jean-Eric Maxim Choupo-Moting,2
3857290,Cameroon,Karl Brillant Toko Ekambi,Martin Hongla Yma II,5
3857290,Cameroon,Karl Brillant Toko Ekambi,Nicolas Alexis Julio N'Koulou Ndoubena,3
3857290,Cameroon,Karl Brillant Toko Ekambi,Nouhou Tolo,5
3857290,Cameroon,Karl Brillant Toko Ekambi,Samuel Yves Oum Gwet,5
3857290,Cameroon,Ngoran Suiru Fai Collins,André Onana,6
3857290,Cameroon,Ngoran Suiru Fai Collins,André-Frank Zambo Anguissa,7
3857290,Cameroon,Ngoran Suiru Fai Collins,Bryan Mbeumo,15
3857290,Cameroon,Ngoran Suiru Fai Collins,Jean-Charles Castelletto,3
3857290,Cameroon,Ngoran Suiru Fai Collins,Jean-Eric Maxim Choupo-Moting,1
3857290,Cameroon,Ngoran Suiru Fai Collins,Martin Hongla Yma II,4
3857290,Cameroon,Ngoran Suiru Fai Collins,Nicolas Alexis Julio N'Koulou Ndoubena,1
3857290,Cameroon,Ngoran Suiru Fai Collins,Samuel Yves Oum Gwet,1
3857290,Cameroon,Ngoran Suiru Fai Collins,Vincent Paté Aboubakar,2
3857290,Cameroon,Nicolas Alexis Julio N'Koulou Ndoubena,André Onana,18
3857290,Cameroon,Nicolas Alexis Julio N'Koulou Ndoubena,André-Frank Zambo Anguissa,4
3857290,Cameroon,Nicolas Alexis Julio N'Koulou Ndoubena,Bryan Mbeumo,1
3857290,Cameroon,Nicolas Alexis Julio N'Koulou Ndoubena,Gaël Ondoua,1
3857290,Cameroon,Nicolas Alexis Julio N'Koulou Ndoubena,Jean-Charles Castelletto,9
3857290,Cameroon,Nicolas Alexis Julio N'Koulou Ndoubena,Jean-Eric Maxim Choupo-Moting,1
3857290,Cameroon,Nicolas Alexis Julio N'Koulou Ndoubena,Karl Brillant Toko Ekambi,5
3857290,Cameroon,Nicolas Alexis Julio N'Koulou Ndoubena,Martin Hongla Yma II,3
3857290,Cameroon,Nicolas Alexis Julio N'Koulou Ndoubena,Ngoran Suiru Fai Collins,1
3857290,Cameroon,Nicolas Alexis Julio N'Koulou Ndoubena,Nouhou Tolo,5
3857290,Cameroon,Nicolas Alexis Julio N'Koulou Ndoubena,Samuel Yves Oum Gwet,4
3857290,Cameroon,Nouhou Tolo,André Onana,1
3857290,Cameroon,Nouhou Tolo,André-Frank Zambo Anguissa,6
3857290,Cameroon,Nouhou Tolo,Bryan Mbeumo,2
3857290,Cameroon,Nouhou Tolo,Gaël Ondoua,1
3857290,Cameroon,Nouhou Tolo,Georges-Kévin Nkoudou Mbida,2
3857290,Cameroon,Nouhou Tolo,Jean-Charles Castelletto,2
3857290,Cameroon,Nouhou Tolo,Jean-Eric Maxim Choupo-Moting,1
3857290,Cameroon,Nouhou Tolo,Karl Brillant Toko Ekambi,9
3857290,Cameroon,Nouhou Tolo,Martin Hongla Yma II,4
3857290,Cameroon,Nouhou Tolo,Nicolas Alexis Julio N'Koulou Ndoubena,9
3857290,Cameroon,Nouhou Tolo,Nicolas Moumi Ngamaleu,1
3857290,Cameroon,Nouhou Tolo,Samuel Yves Oum Gwet,2
3857290,Cameroon,Samuel Yves Oum Gwet,André Onana,5
3857290,Cameroon,Samuel Yves Oum Gwet,André-Frank Zambo Anguissa,7
3857290,Cameroon,Samuel Yves Oum Gwet,Bryan Mbeumo,5
3857290,Cameroon,Samuel Yves Oum Gwet,Gaël Ondoua,1
3857290,Cameroon,Samuel Yves Oum Gwet,Jean-Charles Castelletto,6
3857290,Cameroon,Samuel Yves Oum Gwet,Jean-Eric Maxim Choupo-Moting,1
3857290,Cameroon,Samuel Yves Oum Gwet,Karl Brillant Toko Ekambi,1
3857290,Cameroon,Samuel Yves Oum Gwet,Martin Hongla Yma II,6
3857290,Cameroon,Samuel Yves Oum Gwet,Ngoran Suiru Fai Collins,6
3857290,Cameroon,Samuel Yves Oum Gwet,Nicolas Alexis Julio N'Koulou Ndoubena,5
3857290,Cameroon,Samuel Yves Oum Gwet,Nouhou Tolo,3
3857290,Cameroon,Samuel Yves Oum Gwet,Vincent Paté Aboubakar,2
3857290,Cameroon,Martin Hongla Yma II,André-Frank Zambo Anguissa,8
3857290,Cameroon,Martin Hongla Yma II,Bryan Mbeumo,1
3857290,Cameroon,Martin Hongla Yma II,Jean-Charles Castelletto,2
3857290,Cameroon,Martin Hongla Yma II,Jean-Eric Maxim Choupo-Moting,3
3857290,Cameroon,Martin Hongla Yma II,Karl Brillant Toko Ekambi,5
3857290,Cameroon,Martin Hongla Yma II,Ngoran Suiru Fai Collins,4
3857290,Cameroon,Martin Hongla Yma II,Nicolas Alexis Julio N'Koulou Ndoubena,1
3857290,Cameroon,Martin Hongla Yma II,Nouhou Tolo,3
3857290,Cameroon,Martin Hongla Yma II,Samuel Yves Oum Gwet,3
3857290,Cameroon,Vincent Paté Aboubakar,Georges-Kévin Nkoudou Mbida,2
3857290,Cameroon,Vincent Paté Aboubakar,Jean-Charles Castelletto,1
3857290,Cameroon,Vincent Paté Aboubakar,Ngoran Suiru Fai Collins,1
3857290,Cameroon,Vincent Paté Aboubakar,Nicolas Moumi Ngamaleu,1
3857290,Cameroon,Vincent Paté Aboubakar,Nouhou Tolo,1
3857290,Cameroon,Georges-Kévin Nkoudou Mbida,Ngoran Suiru Fai Collins,1
3857290,Cameroon,Georges-Kévin Nkoudou Mbida,Nicolas Alexis Julio N'Koulou Ndoubena,1
3857290,Cameroon,Georges-Kévin Nkoudou Mbida,Nouhou Tolo,1
3857290,Cameroon,Nicolas Moumi Ngamaleu,Ngoran Suiru Fai Collins,2
3857290,Switzerland,Breel-Donald Embolo,Djibril Sow,2
3857290,Switzerland,Breel-Donald Embolo,Granit Xhaka,1
3857290,Switzerland,Breel-Donald Embolo,Manuel Obafemi Akanji,1
3857290,Switzerland,Breel-Donald Embolo,Remo Freuler,3
3857290,Switzerland,Breel-Donald Embolo,Ruben Vargas,1
3857290,Switzerland,Breel-Donald Embolo,Xherdan Shaqiri,6
3857290,Switzerland,Djibril Sow,Breel-Donald Embolo,3
3857290,Switzerland,Djibril Sow,Granit Xhaka,6
3857290,Switzerland,Djibril Sow,Manuel Obafemi Akanji,2
3857290,Switzerland,Djibril Sow,Nico Elvedi,4
3857290,Switzerland,Djibril Sow,Remo Freuler,6
3857290,Switzerland,Djibril Sow,Ricardo Iván Rodríguez Araya,3
3857290,Switzerland,Djibril Sow,Ruben Vargas,1
3857290,Switzerland,Djibril Sow,Silvan Widmer,2
3857290,Switzerland,Djibril Sow,Xherdan Shaqiri,4
3857290,Switzerland,Granit Xhaka,Breel-Donald Embolo,2
3857290,Switzerland,Granit Xhaka,Djibril Sow,4
3857290,Switzerland,Granit Xhaka,Fabian Frei,1
3857290,Switzerland,Granit Xhaka,Fabian Rieder,1
3857290,Switzerland,Granit Xhaka,Manuel Obafemi Akanji,4
3857290,Switzerland,Granit Xhaka,Nico Elvedi,5
3857290,Switzerland,Granit Xhaka,Noah Okafor,1
3857290,Switzerland,Granit Xhaka,Remo Freuler,5
3857290,Switzerland,Granit Xhaka,Ricardo Iván Rodríguez Araya,7
3857290,Switzerland,Granit Xhaka,Ruben Vargas,5
3857290,Switzerland,Granit Xhaka,Xherdan Shaqiri,2
3857290,Switzerland,Granit Xhaka,Yann Sommer,1
3857290,Switzerland,Manuel Obafemi Akanji,Breel-Donald Embolo,5
3857290,Switzerland,Manuel Obafemi Akanji,Djibril Sow,3
3857290,Switzerland,Manuel Obafemi Akanji,Fabian Frei,2
3857290,Switzerland,Manuel Obafemi Akanji,Granit Xhaka,4
3857290,Switzerland,Manuel Obafemi Akanji,Nico Elvedi,6
3857290,Switzerland,Manuel Obafemi Akanji,Remo Freuler,10
3857290,Switzerland,Manuel Obafemi Akanji,Ricardo Iván Rodríguez Araya,3
3857290,Switzerland,Manuel Obafemi Akanji,Ruben Vargas,4
3857290,Switzerland,Manuel Obafemi Akanji,Silvan Widmer,13
3857290,Switzerland,Manuel Obafemi Akanji,Xherdan Shaqiri,4
3857290,Switzerland,Manuel Obafemi Akanji,Yann Sommer,4
3857290,Switzerland,Remo Freuler,Breel-Donald Embolo,1
3857290,Switzerland,Remo Freuler,Djibril Sow,5
3857290,Switzerland,Remo Freuler,Fabian Rieder,2
3857290,Switzerland,Remo Freuler,Granit Xhaka,8
3857290,Switzerland,Remo Freuler,Haris Seferović,1
3857290,Switzerland,Remo Freuler,Manuel Obafemi Akanji,7
3857290,Switzerland,Remo Freuler,Nico Elvedi,12
3857290,Switzerland,Remo Freuler,Noah Okafor,5
3857290,Switzerland,Remo Freuler,Ricardo Iván Rodríguez Araya,3
3857290,Switzerland,Remo Freuler,Ruben Vargas,3
3857290,Switzerland,Remo Freuler,Silvan Widmer,6
3857290,Switzerland,Remo Freuler,Xherdan Shaqiri,4
3857290,Switzerland,Remo Freuler,Yann Sommer,2
3857290,Switzerland,Ruben Vargas,Djibril Sow,1
3857290,Switzerland,Ruben Vargas,Granit Xhaka,3
3857290,Switzerland,Ruben Vargas,Manuel Obafemi Akanji,2
3857290,Switzerland,Ruben Vargas,Nico Elvedi,2
3857290,Switzerland,Ruben Vargas,Noah Okafor,1
3857290,Switzerland,Ruben Vargas,Remo Freuler,4
3857290,Switzerland,Ruben Vargas,Ricardo Iván Rodríguez Araya,7
3857290,Switzerland,Ruben Vargas,Silvan Widmer,2
3857290,Switzerland,Ruben Vargas,Xherdan Shaqiri,2
3857290,Switzerland,Xherdan Shaqiri,Breel-Donald Embolo,4
3857290,Switzerland,Xherdan Shaqiri,Djibril Sow,4
3857290,Switzerland,Xherdan Shaqiri,Granit Xhaka,1
3857290,Switzerland,Xherdan Shaqiri,Manuel Obafemi Akanji,3
3857290,Switzerland,Xherdan Shaqiri,Remo Freuler,3
3857290,Switzerland,Xherdan Shaqiri,Ricardo Iván Rodríguez Araya,1
3857290,Switzerland,Xherdan Shaqiri,Ruben Vargas,2
3857290,Switzerland,Xherdan Shaqiri,Silvan Widmer,6
3857290,Switzerland,Nico Elvedi,Breel-Donald Embolo,2
3857290,Switzerland,Nico Elvedi,Djibril Sow,5
3857290,Switzerland,Nico Elvedi,Eray Ervin Cömert,2
3857290,Switzerland,Nico Elvedi,Fabian Frei,1
3857290,Switzerland,Nico Elvedi,Granit Xhaka,6
3857290,Switzerland,Nico Elvedi,Haris Seferović,1
3857290,Switzerland,Nico Elvedi,Manuel Obafemi Akanji,12
3857290,Switzerland,Nico Elvedi,Remo Freuler,4
3857290,Switzerland,Nico Elvedi,Ricardo Iván Rodríguez Araya,16
3857290,Switzerland,Nico Elvedi,Ruben Vargas,2
3857290,Switzerland,Nico Elvedi,Silvan Widmer,2
3857290,Switzerland,Nico Elvedi,Xherdan Shaqiri,2
3857290,Switzerland,Nico Elvedi,Yann Sommer,10
3857290,Switzerland,Ricardo Iván Rodríguez Araya,Breel-Donald Embolo,5
3857290,Switzerland,Ricardo Iván Rodríguez Araya,Djibril Sow,4
3857290,Switzerland,Ricardo Iván Rodríguez Araya,Fabian Rieder,1
3857290,Switzerland,Ricardo Iván Rodríguez Araya,Granit Xhaka,3
3857290,Switzerland,Ricardo Iván Rodríguez Araya,Haris Seferović,1
3857290,Switzerland,Ricardo Iván Rodríguez Araya,Manuel Obafemi Akanji,2
3857290,Switzerland,Ricardo Iván Rodríguez Araya,Nico Elvedi,10
3857290,Switzerland,Ricardo Iván Rodríguez Araya,Remo Freuler,7
3857290,Switzerland,Ricardo Iván Rodríguez Araya,Ruben Vargas,12
3857290,Switzerland,Ricardo Iván Rodríguez Araya,Xherdan Shaqiri,3
3857290,Switzerland,Ricardo Iván Rodríguez Araya,Yann Sommer,1
3857290,Switzerland,Silvan Widmer,Breel-Donald Embolo,2
3857290,Switzerland,Silvan Widmer,Djibril Sow,4
3857290,Switzerland,Silvan Widmer,Fabian Frei,3
3857290,Switzerland,Silvan Widmer,Granit Xhaka,4
3857290,Switzerland,Silvan Widmer,Haris Seferović,1
3857290,Switzerland,Silvan Widmer,Manuel Obafemi Akanji,7
3857290,Switzerland,Silvan Widmer,Nico Elvedi,1
3857290,Switzerland,Silvan Widmer,Noah Okafor,4
3857290,Switzerland,Silvan Widmer,Remo Freuler,7
3857290,Switzerland,Silvan Widmer,Ruben Vargas,2
3857290,Switzerland,Silvan Widmer,Xherdan Shaqiri,6
3857290,Switzerland,Silvan Widmer,Yann Sommer,1
3857290,Switzerland,Eray Ervin Cömert,Nico Elvedi,1
3857290,Switzerland,Eray Ervin Cömert,Noah Okafor,1
3857290,Switzerland,Noah Okafor,Fabian Frei,1
3857290,Switzerland,Noah Okafor,Granit Xhaka,1
3857290,Switzerland,Noah Okafor,Manuel Obafemi Akanji,1
3857290,Switzerland,Noah Okafor,Nico Elvedi,1
3857290,Switzerland,Noah Okafor,Silvan Widmer,5
3857290,Switzerland,Fabian Frei,Fabian Rieder,1
3857290,Switzerland,Fabian Frei,Manuel Obafemi Akanji,1
3857290,Switzerland,Fabian Frei,Nico Elvedi,1
3857290,Switzerland,Fabian Frei,Noah Okafor,1
3857290,Switzerland,Fabian Frei,Remo Freuler,2
3857290,Switzerland,Fabian Frei,Silvan Widmer,1
3857290,Switzerland,Fabian Rieder,Fabian Frei,1
3857290,Switzerland,Fabian Rieder,Haris Seferović,3
3857290,Switzerland,Fabian Rieder,Remo Freuler,1
3857290,Switzerland,Haris Seferović,Fabian Rieder,1
3857290,Switzerland,Haris Seferović,Granit Xhaka,2
3857290,Switzerland,Haris Seferović,Silvan Widmer,1
3857290,Switzerland,Yann Sommer,Djibril Sow,1
3857290,Switzerland,Yann Sommer,Granit Xhaka,2
3857290,Switzerland,Yann Sommer,Manuel Obafemi Akanji,11
3857290,Switzerland,Yann Sommer,Nico Elvedi,10
3857290,Switzerland,Yann Sommer,Remo Freuler,2
3857290,Switzerland,Yann Sommer,Ricardo Iván Rodríguez Araya,2
3857290,Switzerland,Yann Sommer,Silvan Widmer,2
3857291,Costa Rica,Anthony Daniel Contreras Enríquez,Bryan Oviedo,1
3857291,Costa Rica,Anthony Daniel Contreras Enríquez,Carlos Manuel Martínez Castro,1
3857291,Costa Rica,Anthony Daniel Contreras Enríquez,Jewison Bennette,1
3857291,Costa Rica,Anthony Daniel Contreras Enríquez,Yeltsin Ignacio Tejeda Valverde,1
3857291,Costa Rica,Bryan Oviedo,Anthony Daniel Contreras Enríquez,2
3857291,Costa Rica,Bryan Oviedo,Bryan Ruiz González,3
3857291,Costa Rica,Bryan Oviedo,Celso Borges Mora,1
3857291,Costa Rica,Bryan Oviedo,Francisco Javier Calvo Quesada,1
3857291,Costa Rica,Bryan Oviedo,Jewison Bennette,2
3857291,Costa Rica,Bryan Oviedo,Joel Nathaniel Campbell Samuels,1
3857291,Costa Rica,Bryan Oviedo,Keylor Navas Gamboa,1
3857291,Costa Rica,Bryan Oviedo,Yeltsin Ignacio Tejeda Valverde,1
3857291,Costa Rica,Carlos Manuel Martínez Castro,Anthony Daniel Contreras Enríquez,1
3857291,Costa Rica,Carlos Manuel Martínez Castro,Joel Nathaniel Campbell Samuels,4
3857291,Costa Rica,Carlos Manuel Martínez Castro,Keylor Navas Gamboa,1
3857291,Costa Rica,Carlos Manuel Martínez Castro,Yeltsin Ignacio Tejeda Valverde,1
3857291,Costa Rica,Carlos Manuel Martínez Castro,Óscar Esau Duarte Gaitán,3
3857291,Costa Rica,Jewison Bennette,Anthony Daniel Contreras Enríquez,1
3857291,Costa Rica,Jewison Bennette,Bryan Oviedo,2
3857291,Costa Rica,Yeltsin Ignacio Tejeda Valverde,Brandon Aguilera Zamora,1
3857291,Costa Rica,Yeltsin Ignacio Tejeda Valverde,Bryan Oviedo,1
3857291,Costa Rica,Yeltsin Ignacio Tejeda Valverde,Bryan Ruiz González,1
3857291,Costa Rica,Yeltsin Ignacio Tejeda Valverde,Francisco Javier Calvo Quesada,1
3857291,Costa Rica,Yeltsin Ignacio Tejeda Valverde,Jewison Bennette,1
3857291,Costa Rica,Yeltsin Ignacio Tejeda Valverde,Keysher Fuller Spence,2
3857291,Costa Rica,Yeltsin Ignacio Tejeda Valverde,Ronald Alberto Matarrita Ulate,1
3857291,Costa Rica,Yeltsin Ignacio Tejeda Valverde,Álvaro José Zamora Mata,2
3857291,Costa Rica,Yeltsin Ignacio Tejeda Valverde,Óscar Esau Duarte Gaitán,2
3857291,Costa Rica,Brandon Aguilera Zamora,Francisco Javier Calvo Quesada,1
3857291,Costa Rica,Brandon Aguilera Zamora,Joel Nathaniel Campbell Samuels,2
3857291,Costa Rica,Brandon Aguilera Zamora,Keysher Fuller Spence,1
3857291,Costa Rica,Brandon Aguilera Zamora,Ronald Alberto Matarrita Ulate,1
3857291,Costa Rica,Brandon Aguilera Zamora,Óscar Esau Duarte Gaitán,1
3857291,Costa Rica,Francisco Javier Calvo Quesada,Brandon Aguilera Zamora,1
3857291,Costa Rica,Francisco Javier Calvo Quesada,Bryan Oviedo,3
3857291,Costa Rica,Francisco Javier Calvo Quesada,Bryan Ruiz González,2
3857291,Costa Rica,Francisco Javier Calvo Quesada,Celso Borges Mora,1
3857291,Costa Rica,Francisco Javier Calvo Quesada,Jewison Bennette,1
3857291,Costa Rica,Francisco Javier Calvo Quesada,Joel Nathaniel Campbell Samuels,3
3857291,Costa Rica,Francisco Javier Calvo Quesada,Kendall Jamaal Waston Manley,1
3857291,Costa Rica,Francisco Javier Calvo Quesada,Keylor Navas Gamboa,1
3857291,Costa Rica,Francisco Javier Calvo Quesada,Ronald Alberto Matarrita Ulate,1
3857291,Costa Rica,Francisco Javier Calvo Quesada,Yeltsin Ignacio Tejeda Valverde,1
3857291,Costa Rica,Francisco Javier Calvo Quesada,Óscar Esau Duarte Gaitán,3
3857291,Costa Rica,Joel Nathaniel Campbell Samuels,Brandon Aguilera Zamora,3
3857291,Costa Rica,Joel Nathaniel Campbell Samuels,Bryan Oviedo,1
3857291,Costa Rica,Joel Nathaniel Campbell Samuels,Carlos Manuel Martínez Castro,1
3857291,Costa Rica,Joel Nathaniel Campbell Samuels,Celso Borges Mora,2
3857291,Costa Rica,Joel Nathaniel Campbell Samuels,Francisco Javier Calvo Quesada,1
3857291,Costa Rica,Joel Nathaniel Campbell Samuels,Jewison Bennette,1
3857291,Costa Rica,Joel Nathaniel Campbell Samuels,Kendall Jamaal Waston Manley,2
3857291,Costa Rica,Joel Nathaniel Campbell Samuels,Keysher Fuller Spence,2
3857291,Costa Rica,Joel Nathaniel Campbell Samuels,Ronald Alberto Matarrita Ulate,2
3857291,Costa Rica,Joel Nathaniel Campbell Samuels,Yeltsin Ignacio Tejeda Valverde,2
3857291,Costa Rica,Keysher Fuller Spence,Celso Borges Mora,3
3857291,Costa Rica,Keysher Fuller Spence,Jewison Bennette,1
3857291,Costa Rica,Keysher Fuller Spence,Joel Nathaniel Campbell Samuels,2
3857291,Costa Rica,Keysher Fuller Spence,Kendall Jamaal Waston Manley,2
3857291,Costa Rica,Keysher Fuller Spence,Álvaro José Zamora Mata,1
3857291,Costa Rica,Keysher Fuller Spence,Óscar Esau Duarte Gaitán,1
3857291,Costa Rica,Ronald Alberto Matarrita Ulate,Bryan Ruiz González,2
3857291,Costa Rica,Ronald Alberto Matarrita Ulate,Francisco Javier Calvo Quesada,4
3857291,Costa Rica,Ronald Alberto Matarrita Ulate,Keylor Navas Gamboa,1
3857291,Costa Rica,Ronald Alberto Matarrita Ulate,Yeltsin Ignacio Tejeda Valverde,1
3857291,Costa Rica,Ronald Alberto Matarrita Ulate,Álvaro José Zamora Mata,1
3857291,Costa Rica,Óscar Esau Duarte Gaitán,Bryan Oviedo,3
3857291,Costa Rica,Óscar Esau Duarte Gaitán,Carlos Manuel Martínez Castro,2
3857291,Costa Rica,Óscar Esau Duarte Gaitán,Celso Borges Mora,2
3857291,Costa Rica,Óscar Esau Duarte Gaitán,Francisco Javier Calvo Quesada,2
3857291,Costa Rica,Óscar Esau Duarte Gaitán,Joel Nathaniel Campbell Samuels,2
3857291,Costa Rica,Óscar Esau Duarte Gaitán,Kendall Jamaal Waston Manley,2
3857291,Costa Rica,Óscar Esau Duarte Gaitán,Keylor Navas Gamboa,3
3857291,Costa Rica,Óscar Esau Duarte Gaitán,Keysher Fuller Spence,1
3857291,Costa Rica,Óscar Esau Duarte Gaitán,Yeltsin Ignacio Tejeda Valverde,1
3857291,Costa Rica,Bryan Ruiz González,Brandon Aguilera Zamora,1
3857291,Costa Rica,Bryan Ruiz González,Francisco Javier Calvo Quesada,2
3857291,Costa Rica,Bryan Ruiz González,Joel Nathaniel Campbell Samuels,1
3857291,Costa Rica,Bryan Ruiz González,Ronald Alberto Matarrita Ulate,3
3857291,Costa Rica,Bryan Ruiz González,Óscar Esau Duarte Gaitán,1
3857291,Costa Rica,Celso Borges Mora,Anthony Daniel Contreras Enríquez,1
3857291,Costa Rica,Celso Borges Mora,Bryan Oviedo,1
3857291,Costa Rica,Celso Borges Mora,Carlos Manuel Martínez Castro,2
3857291,Costa Rica,Celso Borges Mora,Jewison Bennette,2
3857291,Costa Rica,Celso Borges Mora,Joel Nathaniel Campbell Samuels,6
3857291,Costa Rica,Celso Borges Mora,Keysher Fuller Spence,1
3857291,Costa Rica,Celso Borges Mora,Óscar Esau Duarte Gaitán,3
3857291,Costa Rica,Keylor Navas Gamboa,Anthony Daniel Contreras Enríquez,1
3857291,Costa Rica,Keylor Navas Gamboa,Bryan Oviedo,1
3857291,Costa Rica,Keylor Navas Gamboa,Bryan Ruiz González,1
3857291,Costa Rica,Keylor Navas Gamboa,Celso Borges Mora,2
3857291,Costa Rica,Keylor Navas Gamboa,Francisco Javier Calvo Quesada,3
3857291,Costa Rica,Keylor Navas Gamboa,Joel Nathaniel Campbell Samuels,1
3857291,Costa Rica,Keylor Navas Gamboa,Keysher Fuller Spence,1
3857291,Costa Rica,Keylor Navas Gamboa,Óscar Esau Duarte Gaitán,3
3857291,Costa Rica,Kendall Jamaal Waston Manley,Bryan Oviedo,1
3857291,Costa Rica,Kendall Jamaal Waston Manley,Bryan Ruiz González,1
3857291,Costa Rica,Kendall Jamaal Waston Manley,Francisco Javier Calvo Quesada,1
3857291,Costa Rica,Kendall Jamaal Waston Manley,Joel Nathaniel Campbell Samuels,1
3857291,Costa Rica,Kendall Jamaal Waston Manley,Keysher Fuller Spence,2
3857291,Costa Rica,Kendall Jamaal Waston Manley,Ronald Alberto Matarrita Ulate,1
3857291,Costa Rica,Kendall Jamaal Waston Manley,Yeltsin Ignacio Tejeda Valverde,1
3857291,Costa Rica,Kendall Jamaal Waston Manley,Álvaro José Zamora Mata,3
3857291,Costa Rica,Álvaro José Zamora Mata,Joel Nathaniel Campbell Samuels,1
3857291,Costa Rica,Álvaro José Zamora Mata,Kendall Jamaal Waston Manley,1
3857291,Costa Rica,Álvaro José Zamora Mata,Keysher Fuller Spence,2
3857291,Costa Rica,Álvaro José Zamora Mata,Óscar Esau Duarte Gaitán,1
3857291,Spain,Alejandro Balde Martínez,Aymeric Laporte,7
3857291,Spain,Alejandro Balde Martínez,Carlos Soler Barragán,4
3857291,Spain,Alejandro Balde Martínez,Daniel Olmo Carvajal,10
3857291,Spain,Alejandro Balde Martínez,Jorge Resurrección Merodio,4
3857291,Spain,Alejandro Balde Martínez,Pablo Martín Páez Gavira,2
3857291,Spain,Alejandro Balde Martínez,Rodrigo Hernández Cascante,2
3857291,Spain,Alejandro Balde Martínez,Álvaro Borja Morata Martín,2
3857291,Spain,Aymeric Laporte,Alejandro Balde Martínez,7
3857291,Spain,Aymeric Laporte,Carlos Soler Barragán,9
3857291,Spain,Aymeric Laporte,César Azpilicueta Tanco,6
3857291,Spain,Aymeric Laporte,Daniel Olmo Carvajal,9
3857291,Spain,Aymeric Laporte,Jordi Alba Ramos,39
3857291,Spain,Aymeric Laporte,Jorge Resurrección Merodio,5
3857291,Spain,Aymeric Laporte,Marco Asensio Willemsen,1
3857291,Spain,Aymeric Laporte,Pablo Martín Páez Gavira,2
3857291,Spain,Aymeric Laporte,Pedro González López,11
3857291,Spain,Aymeric Laporte,Rodrigo Hernández Cascante,32
3857291,Spain,Aymeric Laporte,Sergio Busquets i Burgos,12
3857291,Spain,Aymeric Laporte,Unai Simón Mendibil,9
3857291,Spain,Aymeric Laporte,Álvaro Borja Morata Martín,1
3857291,Spain,Carlos Soler Barragán,Alejandro Balde Martínez,10
3857291,Spain,Carlos Soler Barragán,Aymeric Laporte,3
3857291,Spain,Carlos Soler Barragán,César Azpilicueta Tanco,3
3857291,Spain,Carlos Soler Barragán,Daniel Olmo Carvajal,2
3857291,Spain,Carlos Soler Barragán,Jordi Alba Ramos,1
3857291,Spain,Carlos Soler Barragán,Jorge Resurrección Merodio,12
3857291,Spain,Carlos Soler Barragán,Pablo Martín Páez Gavira,4
3857291,Spain,Carlos Soler Barragán,Rodrigo Hernández Cascante,3
3857291,Spain,Carlos Soler Barragán,Sergio Busquets i Burgos,2
3857291,Spain,Carlos Soler Barragán,Unai Simón Mendibil,1
3857291,Spain,Carlos Soler Barragán,Álvaro Borja Morata Martín,2
3857291,Spain,Daniel Olmo Carvajal,Alejandro Balde Martínez,4
3857291,Spain,Daniel Olmo Carvajal,Carlos Soler Barragán,6
3857291,Spain,Daniel Olmo Carvajal,César Azpilicueta Tanco,1
3857291,Spain,Daniel Olmo Carvajal,Jordi Alba Ramos,20
3857291,Spain,Daniel Olmo Carvajal,Jorge Resurrección Merodio,2
3857291,Spain,Daniel Olmo Carvajal,Marco Asensio Willemsen,7
3857291,Spain,Daniel Olmo Carvajal,Pablo Martín Páez Gavira,2
3857291,Spain,Daniel Olmo Carvajal,Pedro González López,12
3857291,Spain,Daniel Olmo Carvajal,Rodrigo Hernández Cascante,1
3857291,Spain,Daniel Olmo Carvajal,Sergio Busquets i Burgos,2
3857291,Spain,Daniel Olmo Carvajal,Álvaro Borja Morata Martín,2
3857291,Spain,Jorge Resurrección Merodio,Alejandro Balde Martínez,5
3857291,Spain,Jorge Resurrección Merodio,Aymeric Laporte,10
3857291,Spain,Jorge Resurrección Merodio,Carlos Soler Barragán,10
3857291,Spain,Jorge Resurrección Merodio,César Azpilicueta Tanco,7
3857291,Spain,Jorge Resurrección Merodio,Nicholas Williams Arthuer,1
3857291,Spain,Jorge Resurrección Merodio,Pablo Martín Páez Gavira,8
3857291,Spain,Jorge Resurrección Merodio,Rodrigo Hernández Cascante,5
3857291,Spain,Jorge Resurrección Merodio,Unai Simón Mendibil,1
3857291,Spain,Jorge Resurrección Merodio,Álvaro Borja Morata Martín,1
3857291,Spain,Pablo Martín Páez Gavira,Aymeric Laporte,3
3857291,Spain,Pablo Martín Páez Gavira,Carlos Soler Barragán,2
3857291,Spain,Pablo Martín Páez Gavira,César Azpilicueta Tanco,9
3857291,Spain,Pablo Martín Páez Gavira,Daniel Olmo Carvajal,2
3857291,Spain,Pablo Martín Páez Gavira,Ferrán Torres García,7
3857291,Spain,Pablo Martín Páez Gavira,Jorge Resurrección Merodio,6
3857291,Spain,Pablo Martín Páez Gavira,Marco Asensio Willemsen,3
3857291,Spain,Pablo Martín Páez Gavira,Nicholas Williams Arthuer,6
3857291,Spain,Pablo Martín Páez Gavira,Pedro González López,1
3857291,Spain,Pablo Martín Páez Gavira,Rodrigo Hernández Cascante,15
3857291,Spain,Pablo Martín Páez Gavira,Sergio Busquets i Burgos,12
3857291,Spain,Rodrigo Hernández Cascante,Alejandro Balde Martínez,1
3857291,Spain,Rodrigo Hernández Cascante,Aymeric Laporte,40
3857291,Spain,Rodrigo Hernández Cascante,Carlos Soler Barragán,4
3857291,Spain,Rodrigo Hernández Cascante,César Azpilicueta Tanco,35
3857291,Spain,Rodrigo Hernández Cascante,Daniel Olmo Carvajal,2
3857291,Spain,Rodrigo Hernández Cascante,Ferrán Torres García,2
3857291,Spain,Rodrigo Hernández Cascante,Jorge Resurrección Merodio,10
3857291,Spain,Rodrigo Hernández Cascante,Marco Asensio Willemsen,3
3857291,Spain,Rodrigo Hernández Cascante,Pablo Martín Páez Gavira,14
3857291,Spain,Rodrigo Hernández Cascante,Pedro González López,6
3857291,Spain,Rodrigo Hernández Cascante,Sergio Busquets i Burgos,16
3857291,Spain,Rodrigo Hernández Cascante,Unai Simón Mendibil,6
3857291,Spain,Álvaro Borja Morata Martín,César Azpilicueta Tanco,2
3857291,Spain,Álvaro Borja Morata Martín,Daniel Olmo Carvajal,2
3857291,Spain,Álvaro Borja Morata Martín,Jorge Resurrección Merodio,2
3857291,Spain,Álvaro Borja Morata Martín,Pablo Martín Páez Gavira,1
3857291,Spain,César Azpilicueta Tanco,Aymeric Laporte,2
3857291,Spain,César Azpilicueta Tanco,Daniel Olmo Carvajal,3
3857291,Spain,César Azpilicueta Tanco,Ferrán Torres García,15
3857291,Spain,César Azpilicueta Tanco,Jorge Resurrección Merodio,6
3857291,Spain,César Azpilicueta Tanco,Marco Asensio Willemsen,6
3857291,Spain,César Azpilicueta Tanco,Nicholas Williams Arthuer,4
3857291,Spain,César Azpilicueta Tanco,Pablo Martín Páez Gavira,14
3857291,Spain,César Azpilicueta Tanco,Pedro González López,1
3857291,Spain,César Azpilicueta Tanco,Rodrigo Hernández Cascante,27
3857291,Spain,César Azpilicueta Tanco,Sergio Busquets i Burgos,10
3857291,Spain,César Azpilicueta Tanco,Unai Simón Mendibil,10
3857291,Spain,César Azpilicueta Tanco,Álvaro Borja Morata Martín,1
3857291,Spain,Jordi Alba Ramos,Aymeric Laporte,27
3857291,Spain,Jordi Alba Ramos,Carlos Soler Barragán,3
3857291,Spain,Jordi Alba Ramos,Daniel Olmo Carvajal,20
3857291,Spain,Jordi Alba Ramos,Ferrán Torres García,1
3857291,Spain,Jordi Alba Ramos,Marco Asensio Willemsen,8
3857291,Spain,Jordi Alba Ramos,Pablo Martín Páez Gavira,1
3857291,Spain,Jordi Alba Ramos,Pedro González López,25
3857291,Spain,Jordi Alba Ramos,Rodrigo Hernández Cascante,8
3857291,Spain,Jordi Alba Ramos,Sergio Busquets i Burgos,14
3857291,Spain,Jordi Alba Ramos,Unai Simón Mendibil,2
3857291,Spain,Jordi Alba Ramos,Álvaro Borja Morata Martín,1
3857291,Spain,Marco Asensio Willemsen,Carlos Soler Barragán,1
3857291,Spain,Marco Asensio Willemsen,César Azpilicueta Tanco,2
3857291,Spain,Marco Asensio Willemsen,Daniel Olmo Carvajal,5
3857291,Spain,Marco Asensio Willemsen,Ferrán Torres García,1
3857291,Spain,Marco Asensio Willemsen,Jordi Alba Ramos,6
3857291,Spain,Marco Asensio Willemsen,Pablo Martín Páez Gavira,4
3857291,Spain,Marco Asensio Willemsen,Pedro González López,4
3857291,Spain,Marco Asensio Willemsen,Rodrigo Hernández Cascante,1
3857291,Spain,Marco Asensio Willemsen,Sergio Busquets i Burgos,7
3857291,Spain,Marco Asensio Willemsen,Álvaro Borja Morata Martín,1
3857291,Spain,Pedro González López,Aymeric Laporte,14
3857291,Spain,Pedro González López,César Azpilicueta Tanco,5
3857291,Spain,Pedro González López,Daniel Olmo Carvajal,13
3857291,Spain,Pedro González López,Jordi Alba Ramos,20
3857291,Spain,Pedro González López,Marco Asensio Willemsen,8
3857291,Spain,Pedro González López,Pablo Martín Páez Gavira,4
3857291,Spain,Pedro González López,Rodrigo Hernández Cascante,15
3857291,Spain,Pedro González López,Sergio Busquets i Burgos,6
3857291,Spain,Sergio Busquets i Burgos,Aymeric Laporte,13
3857291,Spain,Sergio Busquets i Burgos,César Azpilicueta Tanco,8
3857291,Spain,Sergio Busquets i Burgos,Daniel Olmo Carvajal,2
3857291,Spain,Sergio Busquets i Burgos,Ferrán Torres García,3
3857291,Spain,Sergio Busquets i Burgos,Jordi Alba Ramos,11
3857291,Spain,Sergio Busquets i Burgos,Marco Asensio Willemsen,6
3857291,Spain,Sergio Busquets i Burgos,Pablo Martín Páez Gavira,14
3857291,Spain,Sergio Busquets i Burgos,Pedro González López,22
3857291,Spain,Sergio Busquets i Burgos,Rodrigo Hernández Cascante,8
3857291,Spain,Sergio Busquets i Burgos,Unai Simón Mendibil,1
3857291,Spain,Unai Simón Mendibil,Alejandro Balde Martínez,4
3857291,Spain,Unai Simón Mendibil,Aymeric Laporte,15
3857291,Spain,Unai Simón Mendibil,Carlos Soler Barragán,2
3857291,Spain,Unai Simón Mendibil,César Azpilicueta Tanco,1
3857291,Spain,Unai Simón Mendibil,Jordi Alba Ramos,1
3857291,Spain,Unai Simón Mendibil,Jorge Resurrección Merodio,2
3857291,Spain,Unai Simón Mendibil,Pedro González López,2
3857291,Spain,Unai Simón Mendibil,Rodrigo Hernández Cascante,6
3857291,Spain,Ferrán Torres García,Aymeric Laporte,1
3857291,Spain,Ferrán Torres García,César Azpilicueta Tanco,5
3857291,Spain,Ferrán Torres García,Jordi Alba Ramos,2
3857291,Spain,Ferrán Torres García,Marco Asensio Willemsen,3
3857291,Spain,Ferrán Torres García,Pablo Martín Páez Gavira,3
3857291,Spain,Ferrán Torres García,Rodrigo Hernández Cascante,2
3857291,Spain,Ferrán Torres García,Sergio Busquets i Burgos,2
3857291,Spain,Ferrán Torres García,Unai Simón Mendibil,1
3857291,Spain,Nicholas Williams Arthuer,César Azpilicueta Tanco,4
3857291,Spain,Nicholas Williams Arthuer,Pablo Martín Páez Gavira,2
3857291,Spain,Nicholas Williams Arthuer,Álvaro Borja Morata Martín,1
3857292,Costa Rica,Anthony Daniel Contreras Enríquez,Roan Roberto Wilson Gordon,3
3857292,Costa Rica,Anthony Daniel Contreras Enríquez,Ronald Alberto Matarrita Ulate,2
3857292,Costa Rica,Roan Roberto Wilson Gordon,Celso Borges Mora,3
3857292,Costa Rica,Roan Roberto Wilson Gordon,Joel Nathaniel Campbell Samuels,1
3857292,Costa Rica,Roan Roberto Wilson Gordon,Ronald Alberto Matarrita Ulate,1
3857292,Costa Rica,Roan Roberto Wilson Gordon,Óscar Esau Duarte Gaitán,1
3857292,Costa Rica,Ronald Alberto Matarrita Ulate,Anthony Daniel Contreras Enríquez,1
3857292,Costa Rica,Ronald Alberto Matarrita Ulate,Bryan Oviedo,1
3857292,Costa Rica,Ronald Alberto Matarrita Ulate,Celso Borges Mora,1
3857292,Costa Rica,Ronald Alberto Matarrita Ulate,Joel Nathaniel Campbell Samuels,6
3857292,Costa Rica,Ronald Alberto Matarrita Ulate,Juan Pablo Vargas Campos,1
3857292,Costa Rica,Ronald Alberto Matarrita Ulate,Roan Roberto Wilson Gordon,1
3857292,Costa Rica,Brandon Aguilera Zamora,Bryan Oviedo,2
3857292,Costa Rica,Brandon Aguilera Zamora,Joel Nathaniel Campbell Samuels,7
3857292,Costa Rica,Brandon Aguilera Zamora,Juan Pablo Vargas Campos,1
3857292,Costa Rica,Brandon Aguilera Zamora,Keylor Navas Gamboa,2
3857292,Costa Rica,Brandon Aguilera Zamora,Yeltsin Ignacio Tejeda Valverde,2
3857292,Costa Rica,Bryan Oviedo,Brandon Aguilera Zamora,4
3857292,Costa Rica,Bryan Oviedo,Joel Nathaniel Campbell Samuels,8
3857292,Costa Rica,Bryan Oviedo,Johan Alberto Venegas Ulloa,4
3857292,Costa Rica,Bryan Oviedo,Juan Pablo Vargas Campos,1
3857292,Costa Rica,Bryan Oviedo,Keysher Fuller Spence,1
3857292,Costa Rica,Bryan Oviedo,Ronald Alberto Matarrita Ulate,1
3857292,Costa Rica,Bryan Oviedo,Yeltsin Ignacio Tejeda Valverde,5
3857292,Costa Rica,Bryan Oviedo,Óscar Esau Duarte Gaitán,1
3857292,Costa Rica,Joel Nathaniel Campbell Samuels,Anthony Daniel Contreras Enríquez,2
3857292,Costa Rica,Joel Nathaniel Campbell Samuels,Brandon Aguilera Zamora,3
3857292,Costa Rica,Joel Nathaniel Campbell Samuels,Bryan Oviedo,8
3857292,Costa Rica,Joel Nathaniel Campbell Samuels,Celso Borges Mora,5
3857292,Costa Rica,Joel Nathaniel Campbell Samuels,Jewison Bennette,3
3857292,Costa Rica,Joel Nathaniel Campbell Samuels,Johan Alberto Venegas Ulloa,3
3857292,Costa Rica,Joel Nathaniel Campbell Samuels,Juan Pablo Vargas Campos,6
3857292,Costa Rica,Joel Nathaniel Campbell Samuels,Kendall Jamaal Waston Manley,1
3857292,Costa Rica,Joel Nathaniel Campbell Samuels,Keysher Fuller Spence,7
3857292,Costa Rica,Joel Nathaniel Campbell Samuels,Roan Roberto Wilson Gordon,2
3857292,Costa Rica,Joel Nathaniel Campbell Samuels,Ronald Alberto Matarrita Ulate,2
3857292,Costa Rica,Joel Nathaniel Campbell Samuels,Yeltsin Ignacio Tejeda Valverde,5
3857292,Costa Rica,Joel Nathaniel Campbell Samuels,Youstin Delfin Salas Gómez,2
3857292,Costa Rica,Joel Nathaniel Campbell Samuels,Óscar Esau Duarte Gaitán,1
3857292,Costa Rica,Juan Pablo Vargas Campos,Anthony Daniel Contreras Enríquez,1
3857292,Costa Rica,Juan Pablo Vargas Campos,Brandon Aguilera Zamora,1
3857292,Costa Rica,Juan Pablo Vargas Campos,Celso Borges Mora,2
3857292,Costa Rica,Juan Pablo Vargas Campos,Joel Nathaniel Campbell Samuels,8
3857292,Costa Rica,Juan Pablo Vargas Campos,Johan Alberto Venegas Ulloa,2
3857292,Costa Rica,Juan Pablo Vargas Campos,Keylor Navas Gamboa,1
3857292,Costa Rica,Juan Pablo Vargas Campos,Ronald Alberto Matarrita Ulate,1
3857292,Costa Rica,Juan Pablo Vargas Campos,Yeltsin Ignacio Tejeda Valverde,3
3857292,Costa Rica,Juan Pablo Vargas Campos,Óscar Esau Duarte Gaitán,3
3857292,Costa Rica,Keylor Navas Gamboa,Brandon Aguilera Zamora,2
3857292,Costa Rica,Keylor Navas Gamboa,Celso Borges Mora,3
3857292,Costa Rica,Keylor Navas Gamboa,Joel Nathaniel Campbell Samuels,5
3857292,Costa Rica,Keylor Navas Gamboa,Juan Pablo Vargas Campos,2
3857292,Costa Rica,Keylor Navas Gamboa,Kendall Jamaal Waston Manley,4
3857292,Costa Rica,Keylor Navas Gamboa,Ronald Alberto Matarrita Ulate,1
3857292,Costa Rica,Keylor Navas Gamboa,Yeltsin Ignacio Tejeda Valverde,1
3857292,Costa Rica,Keylor Navas Gamboa,Óscar Esau Duarte Gaitán,3
3857292,Costa Rica,Yeltsin Ignacio Tejeda Valverde,Brandon Aguilera Zamora,1
3857292,Costa Rica,Yeltsin Ignacio Tejeda Valverde,Bryan Oviedo,5
3857292,Costa Rica,Yeltsin Ignacio Tejeda Valverde,Celso Borges Mora,2
3857292,Costa Rica,Yeltsin Ignacio Tejeda Valverde,Jewison Bennette,1
3857292,Costa Rica,Yeltsin Ignacio Tejeda Valverde,Joel Nathaniel Campbell Samuels,4
3857292,Costa Rica,Yeltsin Ignacio Tejeda Valverde,Johan Alberto Venegas Ulloa,2
3857292,Costa Rica,Yeltsin Ignacio Tejeda Valverde,Juan Pablo Vargas Campos,2
3857292,Costa Rica,Yeltsin Ignacio Tejeda Valverde,Ronald Alberto Matarrita Ulate,2
3857292,Costa Rica,Yeltsin Ignacio Tejeda Valverde,Óscar Esau Duarte Gaitán,5
3857292,Costa Rica,Johan Alberto Venegas Ulloa,Bryan Oviedo,2
3857292,Costa Rica,Johan Alberto Venegas Ulloa,Joel Nathaniel Campbell Samuels,2
3857292,Costa Rica,Johan Alberto Venegas Ulloa,Kendall Jamaal Waston Manley,1
3857292,Costa Rica,Johan Alberto Venegas Ulloa,Keysher Fuller Spence,1
3857292,Costa Rica,Johan Alberto Venegas Ulloa,Yeltsin Ignacio Tejeda Valverde,5
3857292,Costa Rica,Keysher Fuller Spence,Celso Borges Mora,2
3857292,Costa Rica,Keysher Fuller Spence,Joel Nathaniel Campbell Samuels,7
3857292,Costa Rica,Keysher Fuller Spence,Kendall Jamaal Waston Manley,3
3857292,Costa Rica,Keysher Fuller Spence,Yeltsin Ignacio Tejeda Valverde,2
3857292,Costa Rica,Keysher Fuller Spence,Óscar Esau Duarte Gaitán,1
3857292,Costa Rica,Óscar Esau Duarte Gaitán,Joel Nathaniel Campbell Samuels,1
3857292,Costa Rica,Óscar Esau Duarte Gaitán,Juan Pablo Vargas Campos,2
3857292,Costa Rica,Óscar Esau Duarte Gaitán,Kendall Jamaal Waston Manley,2
3857292,Costa Rica,Óscar Esau Duarte Gaitán,Keylor Navas Gamboa,3
3857292,Costa Rica,Óscar Esau Duarte Gaitán,Keysher Fuller Spence,1
3857292,Costa Rica,Óscar Esau Duarte Gaitán,Ronald Alberto Matarrita Ulate,1
3857292,Costa Rica,Óscar Esau Duarte Gaitán,Yeltsin Ignacio Tejeda Valverde,1
3857292,Costa Rica,Óscar Esau Duarte Gaitán,Youstin Delfin Salas Gómez,1
3857292,Costa Rica,Celso Borges Mora,Brandon Aguilera Zamora,3
3857292,Costa Rica,Celso Borges Mora,Jewison Bennette,3
3857292,Costa Rica,Celso Borges Mora,Joel Nathaniel Campbell Samuels,11
3857292,Costa Rica,Celso Borges Mora,Johan Alberto Venegas Ulloa,1
3857292,Costa Rica,Celso Borges Mora,Kendall Jamaal Waston Manley,2
3857292,Costa Rica,Celso Borges Mora,Keysher Fuller Spence,3
3857292,Costa Rica,Celso Borges Mora,Ronald Alberto Matarrita Ulate,2
3857292,Costa Rica,Celso Borges Mora,Yeltsin Ignacio Tejeda Valverde,3
3857292,Costa Rica,Celso Borges Mora,Youstin Delfin Salas Gómez,3
3857292,Costa Rica,Jewison Bennette,Anthony Daniel Contreras Enríquez,1
3857292,Costa Rica,Jewison Bennette,Celso Borges Mora,2
3857292,Costa Rica,Jewison Bennette,Joel Nathaniel Campbell Samuels,2
3857292,Costa Rica,Jewison Bennette,Keylor Navas Gamboa,1
3857292,Costa Rica,Kendall Jamaal Waston Manley,Brandon Aguilera Zamora,2
3857292,Costa Rica,Kendall Jamaal Waston Manley,Celso Borges Mora,4
3857292,Costa Rica,Kendall Jamaal Waston Manley,Joel Nathaniel Campbell Samuels,2
3857292,Costa Rica,Kendall Jamaal Waston Manley,Johan Alberto Venegas Ulloa,1
3857292,Costa Rica,Kendall Jamaal Waston Manley,Juan Pablo Vargas Campos,1
3857292,Costa Rica,Kendall Jamaal Waston Manley,Keylor Navas Gamboa,2
3857292,Costa Rica,Kendall Jamaal Waston Manley,Keysher Fuller Spence,3
3857292,Costa Rica,Kendall Jamaal Waston Manley,Yeltsin Ignacio Tejeda Valverde,1
3857292,Costa Rica,Youstin Delfin Salas Gómez,Celso Borges Mora,2
3857292,Costa Rica,Youstin Delfin Salas Gómez,Jewison Bennette,4
3857292,Costa Rica,Youstin Delfin Salas Gómez,Joel Nathaniel Campbell Samuels,5
3857292,Costa Rica,Youstin Delfin Salas Gómez,Kendall Jamaal Waston Manley,2
3857292,Costa Rica,Youstin Delfin Salas Gómez,Keysher Fuller Spence,1
3857292,Costa Rica,Youstin Delfin Salas Gómez,Óscar Esau Duarte Gaitán,1
3857292,Germany,Antonio Rüdiger,David Raum,16
3857292,Germany,Antonio Rüdiger,Jamal Musiala,2
3857292,Germany,Antonio Rüdiger,Joshua Kimmich,14
3857292,Germany,Antonio Rüdiger,Leroy Sané,3
3857292,Germany,Antonio Rüdiger,Lukas Klostermann,1
3857292,Germany,Antonio Rüdiger,Manuel Neuer,4
3857292,Germany,Antonio Rüdiger,Mario Götze,2
3857292,Germany,Antonio Rüdiger,Matthias Ginter,1
3857292,Germany,Antonio Rüdiger,Niclas Füllkrug,1
3857292,Germany,Antonio Rüdiger,Niklas Süle,20
3857292,Germany,Antonio Rüdiger,Serge Gnabry,4
3857292,Germany,Antonio Rüdiger,İlkay Gündoğan,12
3857292,Germany,David Raum,Antonio Rüdiger,14
3857292,Germany,David Raum,Jamal Musiala,10
3857292,Germany,David Raum,Joshua Kimmich,4
3857292,Germany,David Raum,Leon Goretzka,2
3857292,Germany,David Raum,Manuel Neuer,5
3857292,Germany,David Raum,Niklas Süle,1
3857292,Germany,David Raum,Serge Gnabry,10
3857292,Germany,David Raum,Thomas Müller,4
3857292,Germany,David Raum,İlkay Gündoğan,8
3857292,Germany,Jamal Musiala,Antonio Rüdiger,3
3857292,Germany,Jamal Musiala,David Raum,2
3857292,Germany,Jamal Musiala,Joshua Kimmich,3
3857292,Germany,Jamal Musiala,Kai Havertz,2
3857292,Germany,Jamal Musiala,Leon Goretzka,2
3857292,Germany,Jamal Musiala,Leroy Sané,5
3857292,Germany,Jamal Musiala,Lukas Klostermann,2
3857292,Germany,Jamal Musiala,Manuel Neuer,1
3857292,Germany,Jamal Musiala,Mario Götze,2
3857292,Germany,Jamal Musiala,Niclas Füllkrug,3
3857292,Germany,Jamal Musiala,Niklas Süle,2
3857292,Germany,Jamal Musiala,Serge Gnabry,3
3857292,Germany,Jamal Musiala,Thomas Müller,4
3857292,Germany,Jamal Musiala,İlkay Gündoğan,5
3857292,Germany,Joshua Kimmich,Antonio Rüdiger,10
3857292,Germany,Joshua Kimmich,David Raum,9
3857292,Germany,Joshua Kimmich,Jamal Musiala,12
3857292,Germany,Joshua Kimmich,Kai Havertz,2
3857292,Germany,Joshua Kimmich,Leroy Sané,13
3857292,Germany,Joshua Kimmich,Lukas Klostermann,14
3857292,Germany,Joshua Kimmich,Manuel Neuer,2
3857292,Germany,Joshua Kimmich,Mario Götze,3
3857292,Germany,Joshua Kimmich,Niclas Füllkrug,1
3857292,Germany,Joshua Kimmich,Niklas Süle,28
3857292,Germany,Joshua Kimmich,Serge Gnabry,9
3857292,Germany,Joshua Kimmich,Thomas Müller,3
3857292,Germany,Joshua Kimmich,İlkay Gündoğan,11
3857292,Germany,Leroy Sané,Antonio Rüdiger,1
3857292,Germany,Leroy Sané,Jamal Musiala,9
3857292,Germany,Leroy Sané,Joshua Kimmich,10
3857292,Germany,Leroy Sané,Kai Havertz,2
3857292,Germany,Leroy Sané,Leon Goretzka,4
3857292,Germany,Leroy Sané,Lukas Klostermann,1
3857292,Germany,Leroy Sané,Mario Götze,1
3857292,Germany,Leroy Sané,Niclas Füllkrug,2
3857292,Germany,Leroy Sané,Niklas Süle,5
3857292,Germany,Leroy Sané,Serge Gnabry,3
3857292,Germany,Leroy Sané,Thomas Müller,1
3857292,Germany,Leroy Sané,İlkay Gündoğan,2
3857292,Germany,Lukas Klostermann,Jamal Musiala,2
3857292,Germany,Lukas Klostermann,Joshua Kimmich,12
3857292,Germany,Lukas Klostermann,Kai Havertz,1
3857292,Germany,Lukas Klostermann,Leroy Sané,5
3857292,Germany,Lukas Klostermann,Manuel Neuer,3
3857292,Germany,Lukas Klostermann,Matthias Ginter,2
3857292,Germany,Lukas Klostermann,Niklas Süle,10
3857292,Germany,Lukas Klostermann,Thomas Müller,2
3857292,Germany,Lukas Klostermann,İlkay Gündoğan,1
3857292,Germany,Manuel Neuer,Antonio Rüdiger,4
3857292,Germany,Manuel Neuer,David Raum,2
3857292,Germany,Manuel Neuer,Jamal Musiala,1
3857292,Germany,Manuel Neuer,Joshua Kimmich,9
3857292,Germany,Manuel Neuer,Kai Havertz,1
3857292,Germany,Manuel Neuer,Lukas Klostermann,2
3857292,Germany,Manuel Neuer,Niclas Füllkrug,1
3857292,Germany,Manuel Neuer,Niklas Süle,7
3857292,Germany,Manuel Neuer,İlkay Gündoğan,2
3857292,Germany,Mario Götze,Joshua Kimmich,2
3857292,Germany,Mario Götze,Kai Havertz,1
3857292,Germany,Mario Götze,Leroy Sané,2
3857292,Germany,Mario Götze,Lukas Klostermann,1
3857292,Germany,Mario Götze,Niclas Füllkrug,2
3857292,Germany,Mario Götze,Serge Gnabry,3
3857292,Germany,Matthias Ginter,Antonio Rüdiger,1
3857292,Germany,Matthias Ginter,Joshua Kimmich,2
3857292,Germany,Niclas Füllkrug,Jamal Musiala,3
3857292,Germany,Niclas Füllkrug,Joshua Kimmich,1
3857292,Germany,Niclas Füllkrug,Kai Havertz,2
3857292,Germany,Niclas Füllkrug,Leroy Sané,1
3857292,Germany,Niclas Füllkrug,Thomas Müller,1
3857292,Germany,Niklas Süle,Antonio Rüdiger,22
3857292,Germany,Niklas Süle,David Raum,4
3857292,Germany,Niklas Süle,Jamal Musiala,5
3857292,Germany,Niklas Süle,Joshua Kimmich,26
3857292,Germany,Niklas Süle,Kai Havertz,1
3857292,Germany,Niklas Süle,Leon Goretzka,5
3857292,Germany,Niklas Süle,Leroy Sané,7
3857292,Germany,Niklas Süle,Lukas Klostermann,4
3857292,Germany,Niklas Süle,Mario Götze,1
3857292,Germany,Niklas Süle,Niclas Füllkrug,1
3857292,Germany,Niklas Süle,Serge Gnabry,1
3857292,Germany,Niklas Süle,Thomas Müller,2
3857292,Germany,Niklas Süle,İlkay Gündoğan,18
3857292,Germany,Serge Gnabry,Antonio Rüdiger,3
3857292,Germany,Serge Gnabry,David Raum,6
3857292,Germany,Serge Gnabry,Jamal Musiala,6
3857292,Germany,Serge Gnabry,Joshua Kimmich,6
3857292,Germany,Serge Gnabry,Kai Havertz,3
3857292,Germany,Serge Gnabry,Leon Goretzka,1
3857292,Germany,Serge Gnabry,Lukas Klostermann,4
3857292,Germany,Serge Gnabry,Manuel Neuer,1
3857292,Germany,Serge Gnabry,Niclas Füllkrug,1
3857292,Germany,Serge Gnabry,İlkay Gündoğan,3
3857292,Germany,İlkay Gündoğan,Antonio Rüdiger,7
3857292,Germany,İlkay Gündoğan,David Raum,8
3857292,Germany,İlkay Gündoğan,Jamal Musiala,9
3857292,Germany,İlkay Gündoğan,Joshua Kimmich,10
3857292,Germany,İlkay Gündoğan,Leon Goretzka,6
3857292,Germany,İlkay Gündoğan,Leroy Sané,4
3857292,Germany,İlkay Gündoğan,Manuel Neuer,2
3857292,Germany,İlkay Gündoğan,Niklas Süle,15
3857292,Germany,İlkay Gündoğan,Serge Gnabry,7
3857292,Germany,İlkay Gündoğan,Thomas Müller,3
3857292,Germany,Leon Goretzka,David Raum,2
3857292,Germany,Leon Goretzka,Jamal Musiala,1
3857292,Germany,Leon Goretzka,Joshua Kimmich,5
3857292,Germany,Leon Goretzka,Leroy Sané,5
3857292,Germany,Leon Goretzka,Niklas Süle,2
3857292,Germany,Leon Goretzka,Thomas Müller,1
3857292,Germany,Leon Goretzka,İlkay Gündoğan,4
3857292,Germany,Thomas Müller,Antonio Rüdiger,1
3857292,Germany,Thomas Müller,Joshua Kimmich,4
3857292,Germany,Thomas Müller,Leon Goretzka,3
3857292,Germany,Thomas Müller,Leroy Sané,1
3857292,Germany,Thomas Müller,Lukas Klostermann,1
3857292,Germany,Thomas Müller,Niclas Füllkrug,1
3857292,Germany,Thomas Müller,Serge Gnabry,1
3857292,Germany,Thomas Müller,İlkay Gündoğan,2
3857292,Germany,Kai Havertz,Antonio Rüdiger,1
3857292,Germany,Kai Havertz,Joshua Kimmich,1
3857292,Germany,Kai Havertz,Leroy Sané,2
3857292,Germany,Kai Havertz,Lukas Klostermann,1
3857292,Germany,Kai Havertz,Mario Götze,2
3857292,Germany,Kai Havertz,Niclas Füllkrug,1
3857292,Germany,Kai Havertz,Serge Gnabry,1
3857293,Ghana,Abdul Rahman Baba,André Ayew Pelé,2
3857293,Ghana,Abdul Rahman Baba,Daniel-Kofi Kyereh,6
3857293,Ghana,Abdul Rahman Baba,Jordan Ayew,3
3857293,Ghana,Abdul Rahman Baba,Kamaldeen Sulemana,8
3857293,Ghana,Abdul Rahman Baba,Mohamed Salisu,8
3857293,Ghana,Abdul Rahman Baba,Mohammed Kudus,6
3857293,Ghana,Abdul Rahman Baba,Salis Abdul Samed,7
3857293,Ghana,Abdul Rahman Baba,Thomas Teye Partey,3
3857293,Ghana,André Ayew Pelé,Iñaki Williams Arthuer,2
3857293,Ghana,André Ayew Pelé,Mohamed Salisu,1
3857293,Ghana,André Ayew Pelé,Mohammed Kudus,3
3857293,Ghana,Daniel-Kofi Kyereh,Abdul Rahman Baba,6
3857293,Ghana,Daniel-Kofi Kyereh,Alidu Seidu,1
3857293,Ghana,Daniel-Kofi Kyereh,Daniel Amartey,1
3857293,Ghana,Daniel-Kofi Kyereh,Kamaldeen Sulemana,2
3857293,Ghana,Daniel-Kofi Kyereh,Mohammed Kudus,2
3857293,Ghana,Daniel-Kofi Kyereh,Thomas Teye Partey,2
3857293,Ghana,Jordan Ayew,Abdul Rahman Baba,3
3857293,Ghana,Jordan Ayew,Mohamed Salisu,1
3857293,Ghana,Jordan Ayew,Mohammed Kudus,1
3857293,Ghana,Jordan Ayew,Thomas Teye Partey,1
3857293,Ghana,Kamaldeen Sulemana,Abdul Rahman Baba,1
3857293,Ghana,Kamaldeen Sulemana,Daniel-Kofi Kyereh,1
3857293,Ghana,Kamaldeen Sulemana,Mohammed Kudus,3
3857293,Ghana,Kamaldeen Sulemana,Salis Abdul Samed,2
3857293,Ghana,Kamaldeen Sulemana,Thomas Teye Partey,2
3857293,Ghana,Mohamed Salisu,Abdul Rahman Baba,10
3857293,Ghana,Mohamed Salisu,Daniel Amartey,9
3857293,Ghana,Mohamed Salisu,Daniel-Kofi Kyereh,1
3857293,Ghana,Mohamed Salisu,Jordan Ayew,1
3857293,Ghana,Mohamed Salisu,Kamaldeen Sulemana,5
3857293,Ghana,Mohamed Salisu,Lawrence Ati-Zigi,4
3857293,Ghana,Mohamed Salisu,Mohammed Kudus,1
3857293,Ghana,Mohamed Salisu,Salis Abdul Samed,4
3857293,Ghana,Mohamed Salisu,Thomas Teye Partey,7
3857293,Ghana,Mohammed Kudus,Abdul Rahman Baba,3
3857293,Ghana,Mohammed Kudus,Alidu Seidu,3
3857293,Ghana,Mohammed Kudus,Daniel Amartey,1
3857293,Ghana,Mohammed Kudus,Daniel-Kofi Kyereh,2
3857293,Ghana,Mohammed Kudus,Iñaki Williams Arthuer,1
3857293,Ghana,Mohammed Kudus,Jordan Ayew,1
3857293,Ghana,Mohammed Kudus,Mohamed Salisu,1
3857293,Ghana,Mohammed Kudus,Osman Bukari,4
3857293,Ghana,Mohammed Kudus,Salis Abdul Samed,4
3857293,Ghana,Mohammed Kudus,Thomas Teye Partey,7
3857293,Ghana,Salis Abdul Samed,Abdul Rahman Baba,4
3857293,Ghana,Salis Abdul Samed,Alidu Seidu,5
3857293,Ghana,Salis Abdul Samed,André Ayew Pelé,1
3857293,Ghana,Salis Abdul Samed,Daniel Amartey,6
3857293,Ghana,Salis Abdul Samed,Iñaki Williams Arthuer,1
3857293,Ghana,Salis Abdul Samed,Jordan Ayew,1
3857293,Ghana,Salis Abdul Samed,Kamaldeen Sulemana,2
3857293,Ghana,Salis Abdul Samed,Lawrence Ati-Zigi,1
3857293,Ghana,Salis Abdul Samed,Mohamed Salisu,13
3857293,Ghana,Salis Abdul Samed,Mohammed Kudus,4
3857293,Ghana,Salis Abdul Samed,Thomas Teye Partey,8
3857293,Ghana,Thomas Teye Partey,Abdul Rahman Baba,3
3857293,Ghana,Thomas Teye Partey,Alidu Seidu,10
3857293,Ghana,Thomas Teye Partey,André Ayew Pelé,3
3857293,Ghana,Thomas Teye Partey,Antoine Semenyo,1
3857293,Ghana,Thomas Teye Partey,Daniel Amartey,7
3857293,Ghana,Thomas Teye Partey,Daniel-Kofi Kyereh,2
3857293,Ghana,Thomas Teye Partey,Iñaki Williams Arthuer,1
3857293,Ghana,Thomas Teye Partey,Jordan Ayew,1
3857293,Ghana,Thomas Teye Partey,Kamaldeen Sulemana,1
3857293,Ghana,Thomas Teye Partey,Mohamed Salisu,7
3857293,Ghana,Thomas Teye Partey,Mohammed Kudus,10
3857293,Ghana,Thomas Teye Partey,Osman Bukari,3
3857293,Ghana,Thomas Teye Partey,Salis Abdul Samed,14
3857293,Ghana,Alidu Seidu,André Ayew Pelé,3
3857293,Ghana,Alidu Seidu,Antoine Semenyo,1
3857293,Ghana,Alidu Seidu,Daniel Amartey,13
3857293,Ghana,Alidu Seidu,Iñaki Williams Arthuer,4
3857293,Ghana,Alidu Seidu,Lawrence Ati-Zigi,1
3857293,Ghana,Alidu Seidu,Mohamed Salisu,1
3857293,Ghana,Alidu Seidu,Mohammed Kudus,2
3857293,Ghana,Alidu Seidu,Osman Bukari,3
3857293,Ghana,Alidu Seidu,Salis Abdul Samed,3
3857293,Ghana,Alidu Seidu,Thomas Teye Partey,10
3857293,Ghana,Antoine Semenyo,Daniel-Kofi Kyereh,1
3857293,Ghana,Daniel Amartey,Abdul Rahman Baba,1
3857293,Ghana,Daniel Amartey,Alidu Seidu,11
3857293,Ghana,Daniel Amartey,André Ayew Pelé,1
3857293,Ghana,Daniel Amartey,Iñaki Williams Arthuer,1
3857293,Ghana,Daniel Amartey,Kamaldeen Sulemana,2
3857293,Ghana,Daniel Amartey,Lawrence Ati-Zigi,2
3857293,Ghana,Daniel Amartey,Mohamed Salisu,8
3857293,Ghana,Daniel Amartey,Mohammed Kudus,2
3857293,Ghana,Daniel Amartey,Salis Abdul Samed,8
3857293,Ghana,Daniel Amartey,Thomas Teye Partey,11
3857293,Ghana,Iñaki Williams Arthuer,André Ayew Pelé,1
3857293,Ghana,Iñaki Williams Arthuer,Jordan Ayew,1
3857293,Ghana,Iñaki Williams Arthuer,Kamaldeen Sulemana,1
3857293,Ghana,Iñaki Williams Arthuer,Mohamed Salisu,1
3857293,Ghana,Iñaki Williams Arthuer,Osman Bukari,2
3857293,Ghana,Iñaki Williams Arthuer,Salis Abdul Samed,1
3857293,Ghana,Iñaki Williams Arthuer,Thomas Teye Partey,3
3857293,Ghana,Lawrence Ati-Zigi,Abdul Fatawu Issahaku,1
3857293,Ghana,Lawrence Ati-Zigi,Abdul Rahman Baba,3
3857293,Ghana,Lawrence Ati-Zigi,Alidu Seidu,1
3857293,Ghana,Lawrence Ati-Zigi,Daniel Amartey,2
3857293,Ghana,Lawrence Ati-Zigi,Mohamed Salisu,3
3857293,Ghana,Lawrence Ati-Zigi,Mohammed Kudus,1
3857293,Ghana,Lawrence Ati-Zigi,Salis Abdul Samed,5
3857293,Ghana,Lawrence Ati-Zigi,Thomas Teye Partey,3
3857293,Ghana,Osman Bukari,Alidu Seidu,1
3857293,Ghana,Osman Bukari,Daniel Amartey,1
3857293,Ghana,Osman Bukari,Iñaki Williams Arthuer,1
3857293,Ghana,Osman Bukari,Kamaldeen Sulemana,1
3857293,Ghana,Osman Bukari,Mohammed Kudus,2
3857293,Ghana,Osman Bukari,Thomas Teye Partey,4
3857293,Uruguay,Agustín Canobbio Graviz,Diego Nicolás De La Cruz Arcosa,1
3857293,Uruguay,Agustín Canobbio Graviz,Edinson Roberto Cavani Gómez,1
3857293,Uruguay,Agustín Canobbio Graviz,Guillermo Varela Olivera,1
3857293,Uruguay,Agustín Canobbio Graviz,Matías Vecino Falero,1
3857293,Uruguay,Agustín Canobbio Graviz,Maximiliano Gómez González,1
3857293,Uruguay,Diego Nicolás De La Cruz Arcosa,Agustín Canobbio Graviz,3
3857293,Uruguay,Diego Nicolás De La Cruz Arcosa,Edinson Roberto Cavani Gómez,2
3857293,Uruguay,Diego Nicolás De La Cruz Arcosa,Federico Santiago Valverde Dipetta,1
3857293,Uruguay,Diego Nicolás De La Cruz Arcosa,Mathías Olivera Miramontes,1
3857293,Uruguay,Diego Nicolás De La Cruz Arcosa,Matías Vecino Falero,3
3857293,Uruguay,Edinson Roberto Cavani Gómez,Darwin Gabriel Núñez Ribeiro,1
3857293,Uruguay,Edinson Roberto Cavani Gómez,Federico Santiago Valverde Dipetta,3
3857293,Uruguay,Edinson Roberto Cavani Gómez,Giorgian Daniel De Arrascaeta Benedetti,2
3857293,Uruguay,Edinson Roberto Cavani Gómez,Mathías Olivera Miramontes,1
3857293,Uruguay,Edinson Roberto Cavani Gómez,Maximiliano Gómez González,1
3857293,Uruguay,Edinson Roberto Cavani Gómez,Sebastián Coates Nión,2
3857293,Uruguay,Guillermo Varela Olivera,Darwin Gabriel Núñez Ribeiro,2
3857293,Uruguay,Guillermo Varela Olivera,Diego Nicolás De La Cruz Arcosa,2
3857293,Uruguay,Guillermo Varela Olivera,Facundo Pellistri Rebollo,7
3857293,Uruguay,Guillermo Varela Olivera,Federico Santiago Valverde Dipetta,9
3857293,Uruguay,Guillermo Varela Olivera,Giorgian Daniel De Arrascaeta Benedetti,2
3857293,Uruguay,Guillermo Varela Olivera,José María Giménez de Vargas,3
3857293,Uruguay,Guillermo Varela Olivera,Luis Alberto Suárez Díaz,1
3857293,Uruguay,Guillermo Varela Olivera,Matías Vecino Falero,7
3857293,Uruguay,Guillermo Varela Olivera,Rodrigo Bentancur Colmán,1
3857293,Uruguay,Guillermo Varela Olivera,Sergio Rochet Álvarez,2
3857293,Uruguay,Matías Vecino Falero,Agustín Canobbio Graviz,1
3857293,Uruguay,Matías Vecino Falero,Darwin Gabriel Núñez Ribeiro,1
3857293,Uruguay,Matías Vecino Falero,Diego Nicolás De La Cruz Arcosa,4
3857293,Uruguay,Matías Vecino Falero,Edinson Roberto Cavani Gómez,1
3857293,Uruguay,Matías Vecino Falero,Facundo Pellistri Rebollo,2
3857293,Uruguay,Matías Vecino Falero,Federico Santiago Valverde Dipetta,7
3857293,Uruguay,Matías Vecino Falero,Giorgian Daniel De Arrascaeta Benedetti,2
3857293,Uruguay,Matías Vecino Falero,Guillermo Varela Olivera,9
3857293,Uruguay,Matías Vecino Falero,José María Giménez de Vargas,3
3857293,Uruguay,Matías Vecino Falero,Luis Alberto Suárez Díaz,1
3857293,Uruguay,Matías Vecino Falero,Mathías Olivera Miramontes,3
3857293,Uruguay,Matías Vecino Falero,Sebastián Coates Nión,3
3857293,Uruguay,Matías Vecino Falero,Sergio Rochet Álvarez,1
3857293,Uruguay,Maximiliano Gómez González,Agustín Canobbio Graviz,1
3857293,Uruguay,Maximiliano Gómez González,Federico Santiago Valverde Dipetta,1
3857293,Uruguay,Darwin Gabriel Núñez Ribeiro,Facundo Pellistri Rebollo,1
3857293,Uruguay,Darwin Gabriel Núñez Ribeiro,Federico Santiago Valverde Dipetta,2
3857293,Uruguay,Darwin Gabriel Núñez Ribeiro,Luis Alberto Suárez Díaz,5
3857293,Uruguay,Darwin Gabriel Núñez Ribeiro,Mathías Olivera Miramontes,3
3857293,Uruguay,Darwin Gabriel Núñez Ribeiro,Matías Vecino Falero,1
3857293,Uruguay,Facundo Pellistri Rebollo,Darwin Gabriel Núñez Ribeiro,2
3857293,Uruguay,Facundo Pellistri Rebollo,Federico Santiago Valverde Dipetta,1
3857293,Uruguay,Facundo Pellistri Rebollo,Giorgian Daniel De Arrascaeta Benedetti,1
3857293,Uruguay,Facundo Pellistri Rebollo,Guillermo Varela Olivera,3
3857293,Uruguay,Facundo Pellistri Rebollo,José María Giménez de Vargas,1
3857293,Uruguay,Facundo Pellistri Rebollo,Matías Vecino Falero,2
3857293,Uruguay,Federico Santiago Valverde Dipetta,Agustín Canobbio Graviz,1
3857293,Uruguay,Federico Santiago Valverde Dipetta,Darwin Gabriel Núñez Ribeiro,3
3857293,Uruguay,Federico Santiago Valverde Dipetta,Diego Nicolás De La Cruz Arcosa,1
3857293,Uruguay,Federico Santiago Valverde Dipetta,Edinson Roberto Cavani Gómez,2
3857293,Uruguay,Federico Santiago Valverde Dipetta,Facundo Pellistri Rebollo,3
3857293,Uruguay,Federico Santiago Valverde Dipetta,Giorgian Daniel De Arrascaeta Benedetti,4
3857293,Uruguay,Federico Santiago Valverde Dipetta,Guillermo Varela Olivera,13
3857293,Uruguay,Federico Santiago Valverde Dipetta,José María Giménez de Vargas,5
3857293,Uruguay,Federico Santiago Valverde Dipetta,Luis Alberto Suárez Díaz,1
3857293,Uruguay,Federico Santiago Valverde Dipetta,Mathías Olivera Miramontes,6
3857293,Uruguay,Federico Santiago Valverde Dipetta,Matías Vecino Falero,5
3857293,Uruguay,Federico Santiago Valverde Dipetta,Rodrigo Bentancur Colmán,5
3857293,Uruguay,Federico Santiago Valverde Dipetta,Sebastián Coates Nión,13
3857293,Uruguay,Federico Santiago Valverde Dipetta,Sergio Rochet Álvarez,1
3857293,Uruguay,Luis Alberto Suárez Díaz,Darwin Gabriel Núñez Ribeiro,2
3857293,Uruguay,Luis Alberto Suárez Díaz,Federico Santiago Valverde Dipetta,1
3857293,Uruguay,Luis Alberto Suárez Díaz,Giorgian Daniel De Arrascaeta Benedetti,4
3857293,Uruguay,Luis Alberto Suárez Díaz,Guillermo Varela Olivera,2
3857293,Uruguay,Luis Alberto Suárez Díaz,Mathías Olivera Miramontes,4
3857293,Uruguay,Luis Alberto Suárez Díaz,Matías Vecino Falero,1
3857293,Uruguay,Mathías Olivera Miramontes,Darwin Gabriel Núñez Ribeiro,3
3857293,Uruguay,Mathías Olivera Miramontes,Edinson Roberto Cavani Gómez,2
3857293,Uruguay,Mathías Olivera Miramontes,Facundo Pellistri Rebollo,1
3857293,Uruguay,Mathías Olivera Miramontes,Federico Santiago Valverde Dipetta,10
3857293,Uruguay,Mathías Olivera Miramontes,Giorgian Daniel De Arrascaeta Benedetti,5
3857293,Uruguay,Mathías Olivera Miramontes,Luis Alberto Suárez Díaz,6
3857293,Uruguay,Mathías Olivera Miramontes,Matías Vecino Falero,7
3857293,Uruguay,Mathías Olivera Miramontes,Rodrigo Bentancur Colmán,2
3857293,Uruguay,Mathías Olivera Miramontes,Sebastián Coates Nión,5
3857293,Uruguay,Giorgian Daniel De Arrascaeta Benedetti,Darwin Gabriel Núñez Ribeiro,2
3857293,Uruguay,Giorgian Daniel De Arrascaeta Benedetti,Diego Nicolás De La Cruz Arcosa,1
3857293,Uruguay,Giorgian Daniel De Arrascaeta Benedetti,Edinson Roberto Cavani Gómez,2
3857293,Uruguay,Giorgian Daniel De Arrascaeta Benedetti,Facundo Pellistri Rebollo,1
3857293,Uruguay,Giorgian Daniel De Arrascaeta Benedetti,Federico Santiago Valverde Dipetta,2
3857293,Uruguay,Giorgian Daniel De Arrascaeta Benedetti,José María Giménez de Vargas,1
3857293,Uruguay,Giorgian Daniel De Arrascaeta Benedetti,Luis Alberto Suárez Díaz,3
3857293,Uruguay,Giorgian Daniel De Arrascaeta Benedetti,Mathías Olivera Miramontes,2
3857293,Uruguay,Sebastián Coates Nión,Facundo Pellistri Rebollo,1
3857293,Uruguay,Sebastián Coates Nión,Federico Santiago Valverde Dipetta,11
3857293,Uruguay,Sebastián Coates Nión,Giorgian Daniel De Arrascaeta Benedetti,5
3857293,Uruguay,Sebastián Coates Nión,Guillermo Varela Olivera,1
3857293,Uruguay,Sebastián Coates Nión,José María Giménez de Vargas,6
3857293,Uruguay,Sebastián Coates Nión,Luis Alberto Suárez Díaz,2
3857293,Uruguay,Sebastián Coates Nión,Mathías Olivera Miramontes,7
3857293,Uruguay,Sebastián Coates Nión,Matías Vecino Falero,3
3857293,Uruguay,Sebastián Coates Nión,Maximiliano Gómez González,1
3857293,Uruguay,Sebastián Coates Nión,Rodrigo Bentancur Colmán,2
3857293,Uruguay,Sebastián Coates Nión,Sergio Rochet Álvarez,1
3857293,Uruguay,José María Giménez de Vargas,Facundo Pellistri Rebollo,1
3857293,Uruguay,José María Giménez de Vargas,Federico Santiago Valverde Dipetta,7
3857293,Uruguay,José María Giménez de Vargas,Giorgian Daniel De Arrascaeta Benedetti,1
3857293,Uruguay,José María Giménez de Vargas,Guillermo Varela Olivera,8
3857293,Uruguay,José María Giménez de Vargas,Luis Alberto Suárez Díaz,1
3857293,Uruguay,José María Giménez de Vargas,Mathías Olivera Miramontes,1
3857293,Uruguay,José María Giménez de Vargas,Matías Vecino Falero,4
3857293,Uruguay,José María Giménez de Vargas,Rodrigo Bentancur Colmán,1
3857293,Uruguay,José María Giménez de Vargas,Sebastián Coates Nión,5
3857293,Uruguay,José María Giménez de Vargas,Sergio Rochet Álvarez,4
3857293,Uruguay,Rodrigo Bentancur Colmán,Darwin Gabriel Núñez Ribeiro,3
3857293,Uruguay,Rodrigo Bentancur Colmán,Federico Santiago Valverde Dipetta,2
3857293,Uruguay,Rodrigo Bentancur Colmán,Giorgian Daniel De Arrascaeta Benedetti,2
3857293,Uruguay,Rodrigo Bentancur Colmán,Guillermo Varela Olivera,4
3857293,Uruguay,Rodrigo Bentancur Colmán,José María Giménez de Vargas,1
3857293,Uruguay,Rodrigo Bentancur Colmán,Luis Alberto Suárez Díaz,1
3857293,Uruguay,Rodrigo Bentancur Colmán,Mathías Olivera Miramontes,2
3857293,Uruguay,Rodrigo Bentancur Colmán,Sebastián Coates Nión,2
3857293,Uruguay,Sergio Rochet Álvarez,Diego Nicolás De La Cruz Arcosa,1
3857293,Uruguay,Sergio Rochet Álvarez,Edinson Roberto Cavani Gómez,1
3857293,Uruguay,Sergio Rochet Álvarez,Federico Santiago Valverde Dipetta,5
3857293,Uruguay,Sergio Rochet Álvarez,José María Giménez de Vargas,3
3857293,Uruguay,Sergio Rochet Álvarez,Mathías Olivera Miramontes,1
3857293,Uruguay,Sergio Rochet Álvarez,Matías Vecino Falero,1
3857293,Uruguay,Sergio Rochet Álvarez,Maximiliano Gómez González,1
3857293,Uruguay,Sergio Rochet Álvarez,Sebastián Coates Nión,6
3857294,Netherlands,Andries Noppert,Daley Blind,3
3857294,Netherlands,Andries Noppert,Denzel Dumfries,2
3857294,Netherlands,Andries Noppert,Frenkie de Jong,5
3857294,Netherlands,Andries Noppert,Jurriën David Norman Timber,4
3857294,Netherlands,Andries Noppert,Kenneth Taylor,1
3857294,Netherlands,Andries Noppert,Marten de Roon,2
3857294,Netherlands,Andries Noppert,Nathan Aké,5
3857294,Netherlands,Andries Noppert,Teun Koopmeiners,1
3857294,Netherlands,Andries Noppert,Virgil van Dijk,4
3857294,Netherlands,Daley Blind,Cody Mathès Gakpo,10
3857294,Netherlands,Daley Blind,Davy Klaassen,2
3857294,Netherlands,Daley Blind,Frenkie de Jong,22
3857294,Netherlands,Daley Blind,Jurriën David Norman Timber,2
3857294,Netherlands,Daley Blind,Kenneth Taylor,5
3857294,Netherlands,Daley Blind,Marten de Roon,12
3857294,Netherlands,Daley Blind,Memphis Depay,12
3857294,Netherlands,Daley Blind,Nathan Aké,15
3857294,Netherlands,Daley Blind,Steven Berghuis,2
3857294,Netherlands,Daley Blind,Teun Koopmeiners,8
3857294,Netherlands,Daley Blind,Vincent Janssen,3
3857294,Netherlands,Daley Blind,Virgil van Dijk,9
3857294,Netherlands,Denzel Dumfries,Andries Noppert,1
3857294,Netherlands,Denzel Dumfries,Cody Mathès Gakpo,4
3857294,Netherlands,Denzel Dumfries,Davy Klaassen,6
3857294,Netherlands,Denzel Dumfries,Frenkie de Jong,3
3857294,Netherlands,Denzel Dumfries,Jurriën David Norman Timber,20
3857294,Netherlands,Denzel Dumfries,Marten de Roon,3
3857294,Netherlands,Denzel Dumfries,Memphis Depay,5
3857294,Netherlands,Denzel Dumfries,Steven Berghuis,4
3857294,Netherlands,Denzel Dumfries,Vincent Janssen,1
3857294,Netherlands,Denzel Dumfries,Wout Weghorst,1
3857294,Netherlands,Frenkie de Jong,Andries Noppert,2
3857294,Netherlands,Frenkie de Jong,Cody Mathès Gakpo,8
3857294,Netherlands,Frenkie de Jong,Daley Blind,15
3857294,Netherlands,Frenkie de Jong,Davy Klaassen,4
3857294,Netherlands,Frenkie de Jong,Denzel Dumfries,4
3857294,Netherlands,Frenkie de Jong,Jurriën David Norman Timber,11
3857294,Netherlands,Frenkie de Jong,Marten de Roon,11
3857294,Netherlands,Frenkie de Jong,Memphis Depay,5
3857294,Netherlands,Frenkie de Jong,Nathan Aké,18
3857294,Netherlands,Frenkie de Jong,Steven Berghuis,2
3857294,Netherlands,Frenkie de Jong,Virgil van Dijk,7
3857294,Netherlands,Jurriën David Norman Timber,Andries Noppert,4
3857294,Netherlands,Jurriën David Norman Timber,Cody Mathès Gakpo,4
3857294,Netherlands,Jurriën David Norman Timber,Daley Blind,3
3857294,Netherlands,Jurriën David Norman Timber,Davy Klaassen,6
3857294,Netherlands,Jurriën David Norman Timber,Denzel Dumfries,23
3857294,Netherlands,Jurriën David Norman Timber,Frenkie de Jong,9
3857294,Netherlands,Jurriën David Norman Timber,Marten de Roon,11
3857294,Netherlands,Jurriën David Norman Timber,Memphis Depay,2
3857294,Netherlands,Jurriën David Norman Timber,Nathan Aké,3
3857294,Netherlands,Jurriën David Norman Timber,Steven Berghuis,11
3857294,Netherlands,Jurriën David Norman Timber,Teun Koopmeiners,1
3857294,Netherlands,Jurriën David Norman Timber,Vincent Janssen,3
3857294,Netherlands,Jurriën David Norman Timber,Virgil van Dijk,27
3857294,Netherlands,Kenneth Taylor,Daley Blind,3
3857294,Netherlands,Kenneth Taylor,Jurriën David Norman Timber,1
3857294,Netherlands,Kenneth Taylor,Nathan Aké,1
3857294,Netherlands,Kenneth Taylor,Steven Berghuis,2
3857294,Netherlands,Kenneth Taylor,Vincent Janssen,1
3857294,Netherlands,Kenneth Taylor,Wout Weghorst,1
3857294,Netherlands,Marten de Roon,Cody Mathès Gakpo,3
3857294,Netherlands,Marten de Roon,Daley Blind,9
3857294,Netherlands,Marten de Roon,Davy Klaassen,3
3857294,Netherlands,Marten de Roon,Denzel Dumfries,2
3857294,Netherlands,Marten de Roon,Frenkie de Jong,8
3857294,Netherlands,Marten de Roon,Jurriën David Norman Timber,7
3857294,Netherlands,Marten de Roon,Memphis Depay,1
3857294,Netherlands,Marten de Roon,Nathan Aké,12
3857294,Netherlands,Marten de Roon,Steven Berghuis,1
3857294,Netherlands,Marten de Roon,Virgil van Dijk,10
3857294,Netherlands,Nathan Aké,Andries Noppert,2
3857294,Netherlands,Nathan Aké,Cody Mathès Gakpo,4
3857294,Netherlands,Nathan Aké,Daley Blind,34
3857294,Netherlands,Nathan Aké,Davy Klaassen,2
3857294,Netherlands,Nathan Aké,Frenkie de Jong,15
3857294,Netherlands,Nathan Aké,Jurriën David Norman Timber,7
3857294,Netherlands,Nathan Aké,Kenneth Taylor,1
3857294,Netherlands,Nathan Aké,Marten de Roon,13
3857294,Netherlands,Nathan Aké,Memphis Depay,5
3857294,Netherlands,Nathan Aké,Steven Berghuis,3
3857294,Netherlands,Nathan Aké,Teun Koopmeiners,2
3857294,Netherlands,Nathan Aké,Virgil van Dijk,8
3857294,Netherlands,Nathan Aké,Wout Weghorst,1
3857294,Netherlands,Teun Koopmeiners,Daley Blind,4
3857294,Netherlands,Teun Koopmeiners,Jurriën David Norman Timber,3
3857294,Netherlands,Teun Koopmeiners,Nathan Aké,5
3857294,Netherlands,Teun Koopmeiners,Vincent Janssen,1
3857294,Netherlands,Teun Koopmeiners,Virgil van Dijk,1
3857294,Netherlands,Virgil van Dijk,Andries Noppert,2
3857294,Netherlands,Virgil van Dijk,Daley Blind,8
3857294,Netherlands,Virgil van Dijk,Davy Klaassen,3
3857294,Netherlands,Virgil van Dijk,Denzel Dumfries,4
3857294,Netherlands,Virgil van Dijk,Frenkie de Jong,8
3857294,Netherlands,Virgil van Dijk,Jurriën David Norman Timber,27
3857294,Netherlands,Virgil van Dijk,Marten de Roon,2
3857294,Netherlands,Virgil van Dijk,Memphis Depay,4
3857294,Netherlands,Virgil van Dijk,Nathan Aké,20
3857294,Netherlands,Virgil van Dijk,Steven Berghuis,1
3857294,Netherlands,Virgil van Dijk,Teun Koopmeiners,1
3857294,Netherlands,Cody Mathès Gakpo,Daley Blind,3
3857294,Netherlands,Cody Mathès Gakpo,Davy Klaassen,5
3857294,Netherlands,Cody Mathès Gakpo,Denzel Dumfries,3
3857294,Netherlands,Cody Mathès Gakpo,Frenkie de Jong,7
3857294,Netherlands,Cody Mathès Gakpo,Jurriën David Norman Timber,3
3857294,Netherlands,Cody Mathès Gakpo,Marten de Roon,2
3857294,Netherlands,Cody Mathès Gakpo,Memphis Depay,2
3857294,Netherlands,Cody Mathès Gakpo,Nathan Aké,2
3857294,Netherlands,Cody Mathès Gakpo,Steven Berghuis,2
3857294,Netherlands,Davy Klaassen,Cody Mathès Gakpo,2
3857294,Netherlands,Davy Klaassen,Daley Blind,2
3857294,Netherlands,Davy Klaassen,Denzel Dumfries,2
3857294,Netherlands,Davy Klaassen,Frenkie de Jong,5
3857294,Netherlands,Davy Klaassen,Jurriën David Norman Timber,7
3857294,Netherlands,Davy Klaassen,Marten de Roon,2
3857294,Netherlands,Davy Klaassen,Memphis Depay,3
3857294,Netherlands,Davy Klaassen,Nathan Aké,2
3857294,Netherlands,Davy Klaassen,Virgil van Dijk,2
3857294,Netherlands,Memphis Depay,Cody Mathès Gakpo,4
3857294,Netherlands,Memphis Depay,Daley Blind,8
3857294,Netherlands,Memphis Depay,Davy Klaassen,1
3857294,Netherlands,Memphis Depay,Denzel Dumfries,2
3857294,Netherlands,Memphis Depay,Frenkie de Jong,7
3857294,Netherlands,Memphis Depay,Marten de Roon,2
3857294,Netherlands,Memphis Depay,Nathan Aké,3
3857294,Netherlands,Steven Berghuis,Cody Mathès Gakpo,3
3857294,Netherlands,Steven Berghuis,Daley Blind,4
3857294,Netherlands,Steven Berghuis,Denzel Dumfries,3
3857294,Netherlands,Steven Berghuis,Frenkie de Jong,1
3857294,Netherlands,Steven Berghuis,Jurriën David Norman Timber,7
3857294,Netherlands,Steven Berghuis,Kenneth Taylor,1
3857294,Netherlands,Steven Berghuis,Nathan Aké,3
3857294,Netherlands,Steven Berghuis,Teun Koopmeiners,2
3857294,Netherlands,Steven Berghuis,Vincent Janssen,1
3857294,Netherlands,Steven Berghuis,Virgil van Dijk,3
3857294,Netherlands,Vincent Janssen,Denzel Dumfries,2
3857294,Netherlands,Vincent Janssen,Frenkie de Jong,1
3857294,Netherlands,Vincent Janssen,Jurriën David Norman Timber,1
3857294,Netherlands,Vincent Janssen,Steven Berghuis,2
3857294,Netherlands,Vincent Janssen,Virgil van Dijk,1
3857294,Netherlands,Wout Weghorst,Steven Berghuis,2
3857294,Qatar,Abdelkarim Hassan Al Haj Fadlalla,Akram Hassan Afif,7
3857294,Qatar,Abdelkarim Hassan Al Haj Fadlalla,Ali Assadalla Thaimn Qambar,4
3857294,Qatar,Abdelkarim Hassan Al Haj Fadlalla,Almoez Ali Zainalabiddin Abdulla,1
3857294,Qatar,Abdelkarim Hassan Al Haj Fadlalla,Assim Omer Al Haj Madibo,1
3857294,Qatar,Abdelkarim Hassan Al Haj Fadlalla,Boualem Khoukhi,4
3857294,Qatar,Abdelkarim Hassan Al Haj Fadlalla,Hassan Khalid Al Heidos,1
3857294,Qatar,Abdelkarim Hassan Al Haj Fadlalla,Homam Alamin Ahmed,6
3857294,Qatar,Abdelkarim Hassan Al Haj Fadlalla,Karim Boudiaf,2
3857294,Qatar,Abdelkarim Hassan Al Haj Fadlalla,Meshaal Aissa Barsham,4
3857294,Qatar,Abdelkarim Hassan Al Haj Fadlalla,Mohammed Muntari,1
3857294,Qatar,Abdelkarim Hassan Al Haj Fadlalla,Pedro Miguel Correia,3
3857294,Qatar,Akram Hassan Afif,Abdelkarim Hassan Al Haj Fadlalla,5
3857294,Qatar,Akram Hassan Afif,Abdulaziz Hatem Mohammed Abdullah,10
3857294,Qatar,Akram Hassan Afif,Ali Assadalla Thaimn Qambar,5
3857294,Qatar,Akram Hassan Afif,Almoez Ali Zainalabiddin Abdulla,4
3857294,Qatar,Akram Hassan Afif,Assim Omer Al Haj Madibo,4
3857294,Qatar,Akram Hassan Afif,Boualem Khoukhi,4
3857294,Qatar,Akram Hassan Afif,Hassan Khalid Al Heidos,6
3857294,Qatar,Akram Hassan Afif,Homam Alamin Ahmed,6
3857294,Qatar,Akram Hassan Afif,Ismaeel Mohammad Mohammad,6
3857294,Qatar,Akram Hassan Afif,Karim Boudiaf,3
3857294,Qatar,Akram Hassan Afif,Meshaal Aissa Barsham,2
3857294,Qatar,Akram Hassan Afif,Mohammed Muntari,3
3857294,Qatar,Akram Hassan Afif,Pedro Miguel Correia,10
3857294,Qatar,Ali Assadalla Thaimn Qambar,Abdelkarim Hassan Al Haj Fadlalla,8
3857294,Qatar,Ali Assadalla Thaimn Qambar,Akram Hassan Afif,4
3857294,Qatar,Ali Assadalla Thaimn Qambar,Boualem Khoukhi,5
3857294,Qatar,Ali Assadalla Thaimn Qambar,Homam Alamin Ahmed,2
3857294,Qatar,Ali Assadalla Thaimn Qambar,Karim Boudiaf,2
3857294,Qatar,Ali Assadalla Thaimn Qambar,Mohammed Muntari,1
3857294,Qatar,Almoez Ali Zainalabiddin Abdulla,Abdelkarim Hassan Al Haj Fadlalla,2
3857294,Qatar,Almoez Ali Zainalabiddin Abdulla,Akram Hassan Afif,2
3857294,Qatar,Almoez Ali Zainalabiddin Abdulla,Assim Omer Al Haj Madibo,3
3857294,Qatar,Almoez Ali Zainalabiddin Abdulla,Boualem Khoukhi,1
3857294,Qatar,Almoez Ali Zainalabiddin Abdulla,Ismaeel Mohammad Mohammad,2
3857294,Qatar,Almoez Ali Zainalabiddin Abdulla,Meshaal Aissa Barsham,1
3857294,Qatar,Almoez Ali Zainalabiddin Abdulla,Pedro Miguel Correia,2
3857294,Qatar,Assim Omer Al Haj Madibo,Abdelkarim Hassan Al Haj Fadlalla,3
3857294,Qatar,Assim Omer Al Haj Madibo,Abdulaziz Hatem Mohammed Abdullah,3
3857294,Qatar,Assim Omer Al Haj Madibo,Akram Hassan Afif,7
3857294,Qatar,Assim Omer Al Haj Madibo,Almoez Ali Zainalabiddin Abdulla,2
3857294,Qatar,Assim Omer Al Haj Madibo,Boualem Khoukhi,2
3857294,Qatar,Assim Omer Al Haj Madibo,Hassan Khalid Al Heidos,1
3857294,Qatar,Assim Omer Al Haj Madibo,Homam Alamin Ahmed,1
3857294,Qatar,Assim Omer Al Haj Madibo,Ismaeel Mohammad Mohammad,3
3857294,Qatar,Assim Omer Al Haj Madibo,Pedro Miguel Correia,2
3857294,Qatar,Boualem Khoukhi,Abdelkarim Hassan Al Haj Fadlalla,1
3857294,Qatar,Boualem Khoukhi,Abdulaziz Hatem Mohammed Abdullah,10
3857294,Qatar,Boualem Khoukhi,Akram Hassan Afif,9
3857294,Qatar,Boualem Khoukhi,Ali Assadalla Thaimn Qambar,4
3857294,Qatar,Boualem Khoukhi,Almoez Ali Zainalabiddin Abdulla,1
3857294,Qatar,Boualem Khoukhi,Assim Omer Al Haj Madibo,4
3857294,Qatar,Boualem Khoukhi,Homam Alamin Ahmed,1
3857294,Qatar,Boualem Khoukhi,Ismaeel Mohammad Mohammad,1
3857294,Qatar,Boualem Khoukhi,Karim Boudiaf,3
3857294,Qatar,Boualem Khoukhi,Meshaal Aissa Barsham,3
3857294,Qatar,Boualem Khoukhi,Mohammed Muntari,2
3857294,Qatar,Boualem Khoukhi,Pedro Miguel Correia,5
3857294,Qatar,Hassan Khalid Al Heidos,Abdelkarim Hassan Al Haj Fadlalla,2
3857294,Qatar,Hassan Khalid Al Heidos,Abdulaziz Hatem Mohammed Abdullah,2
3857294,Qatar,Hassan Khalid Al Heidos,Akram Hassan Afif,8
3857294,Qatar,Hassan Khalid Al Heidos,Assim Omer Al Haj Madibo,3
3857294,Qatar,Hassan Khalid Al Heidos,Boualem Khoukhi,1
3857294,Qatar,Hassan Khalid Al Heidos,Ismaeel Mohammad Mohammad,3
3857294,Qatar,Hassan Khalid Al Heidos,Meshaal Aissa Barsham,1
3857294,Qatar,Homam Alamin Ahmed,Abdelkarim Hassan Al Haj Fadlalla,5
3857294,Qatar,Homam Alamin Ahmed,Akram Hassan Afif,7
3857294,Qatar,Homam Alamin Ahmed,Ali Assadalla Thaimn Qambar,1
3857294,Qatar,Homam Alamin Ahmed,Almoez Ali Zainalabiddin Abdulla,2
3857294,Qatar,Homam Alamin Ahmed,Boualem Khoukhi,1
3857294,Qatar,Homam Alamin Ahmed,Hassan Khalid Al Heidos,4
3857294,Qatar,Homam Alamin Ahmed,Karim Boudiaf,1
3857294,Qatar,Homam Alamin Ahmed,Meshaal Aissa Barsham,1
3857294,Qatar,Homam Alamin Ahmed,Mohammed Muntari,2
3857294,Qatar,Karim Boudiaf,Abdelkarim Hassan Al Haj Fadlalla,4
3857294,Qatar,Karim Boudiaf,Abdulaziz Hatem Mohammed Abdullah,3
3857294,Qatar,Karim Boudiaf,Ahmed Alaa Eldin Abdelmotaal,1
3857294,Qatar,Karim Boudiaf,Akram Hassan Afif,2
3857294,Qatar,Karim Boudiaf,Ali Assadalla Thaimn Qambar,4
3857294,Qatar,Karim Boudiaf,Boualem Khoukhi,3
3857294,Qatar,Karim Boudiaf,Homam Alamin Ahmed,1
3857294,Qatar,Karim Boudiaf,Mohammed Muntari,2
3857294,Qatar,Karim Boudiaf,Pedro Miguel Correia,1
3857294,Qatar,Meshaal Aissa Barsham,Abdelkarim Hassan Al Haj Fadlalla,1
3857294,Qatar,Meshaal Aissa Barsham,Akram Hassan Afif,1
3857294,Qatar,Meshaal Aissa Barsham,Ali Assadalla Thaimn Qambar,1
3857294,Qatar,Meshaal Aissa Barsham,Boualem Khoukhi,11
3857294,Qatar,Meshaal Aissa Barsham,Mohammed Muntari,1
3857294,Qatar,Meshaal Aissa Barsham,Pedro Miguel Correia,2
3857294,Qatar,Mohammed Muntari,Abdulaziz Hatem Mohammed Abdullah,3
3857294,Qatar,Mohammed Muntari,Akram Hassan Afif,3
3857294,Qatar,Mohammed Muntari,Ali Assadalla Thaimn Qambar,2
3857294,Qatar,Mohammed Muntari,Ismaeel Mohammad Mohammad,1
3857294,Qatar,Mohammed Muntari,Karim Boudiaf,2
3857294,Qatar,Mohammed Muntari,Pedro Miguel Correia,1
3857294,Qatar,Pedro Miguel Correia,Abdulaziz Hatem Mohammed Abdullah,2
3857294,Qatar,Pedro Miguel Correia,Akram Hassan Afif,4
3857294,Qatar,Pedro Miguel Correia,Almoez Ali Zainalabiddin Abdulla,1
3857294,Qatar,Pedro Miguel Correia,Boualem Khoukhi,8
3857294,Qatar,Pedro Miguel Correia,Hassan Khalid Al Heidos,4
3857294,Qatar,Pedro Miguel Correia,Homam Alamin Ahmed,1
3857294,Qatar,Pedro Miguel Correia,Ismaeel Mohammad Mohammad,5
3857294,Qatar,Pedro Miguel Correia,Karim Boudiaf,3
3857294,Qatar,Pedro Miguel Correia,Meshaal Aissa Barsham,3
3857294,Qatar,Pedro Miguel Correia,Mosaab Khoder Jibril,3
3857294,Qatar,Abdulaziz Hatem Mohammed Abdullah,Abdelkarim Hassan Al Haj Fadlalla,5
3857294,Qatar,Abdulaziz Hatem Mohammed Abdullah,Akram Hassan Afif,9
3857294,Qatar,Abdulaziz Hatem Mohammed Abdullah,Ali Assadalla Thaimn Qambar,1
3857294,Qatar,Abdulaziz Hatem Mohammed Abdullah,Boualem Khoukhi,3
3857294,Qatar,Abdulaziz Hatem Mohammed Abdullah,Hassan Khalid Al Heidos,1
3857294,Qatar,Abdulaziz Hatem Mohammed Abdullah,Homam Alamin Ahmed,3
3857294,Qatar,Abdulaziz Hatem Mohammed Abdullah,Ismaeel Mohammad Mohammad,4
3857294,Qatar,Abdulaziz Hatem Mohammed Abdullah,Karim Boudiaf,3
3857294,Qatar,Abdulaziz Hatem Mohammed Abdullah,Mohammed Muntari,1
3857294,Qatar,Abdulaziz Hatem Mohammed Abdullah,Pedro Miguel Correia,5
3857294,Qatar,Ismaeel Mohammad Mohammad,Abdulaziz Hatem Mohammed Abdullah,5
3857294,Qatar,Ismaeel Mohammad Mohammad,Akram Hassan Afif,5
3857294,Qatar,Ismaeel Mohammad Mohammad,Almoez Ali Zainalabiddin Abdulla,2
3857294,Qatar,Ismaeel Mohammad Mohammad,Assim Omer Al Haj Madibo,2
3857294,Qatar,Ismaeel Mohammad Mohammad,Boualem Khoukhi,3
3857294,Qatar,Ismaeel Mohammad Mohammad,Hassan Khalid Al Heidos,4
3857294,Qatar,Ismaeel Mohammad Mohammad,Mohammed Muntari,1
3857294,Qatar,Ismaeel Mohammad Mohammad,Pedro Miguel Correia,3
3857294,Qatar,Mosaab Khoder Jibril,Pedro Miguel Correia,3
3857295,Costa Rica,Anthony Daniel Contreras Enríquez,Bryan Oviedo,1
3857295,Costa Rica,Anthony Daniel Contreras Enríquez,Celso Borges Mora,2
3857295,Costa Rica,Anthony Daniel Contreras Enríquez,Joel Nathaniel Campbell Samuels,3
3857295,Costa Rica,Anthony Daniel Contreras Enríquez,Keysher Fuller Spence,2
3857295,Costa Rica,Bryan Oviedo,Anthony Daniel Contreras Enríquez,3
3857295,Costa Rica,Bryan Oviedo,Francisco Javier Calvo Quesada,6
3857295,Costa Rica,Bryan Oviedo,Joel Nathaniel Campbell Samuels,9
3857295,Costa Rica,Bryan Oviedo,Kendall Jamaal Waston Manley,3
3857295,Costa Rica,Bryan Oviedo,Yeltsin Ignacio Tejeda Valverde,10
3857295,Costa Rica,Celso Borges Mora,Anthony Daniel Contreras Enríquez,2
3857295,Costa Rica,Celso Borges Mora,Brandon Aguilera Zamora,4
3857295,Costa Rica,Celso Borges Mora,Francisco Javier Calvo Quesada,1
3857295,Costa Rica,Celso Borges Mora,Gerson Torres Barrantes,11
3857295,Costa Rica,Celso Borges Mora,Joel Nathaniel Campbell Samuels,5
3857295,Costa Rica,Celso Borges Mora,Kendall Jamaal Waston Manley,4
3857295,Costa Rica,Celso Borges Mora,Keylor Navas Gamboa,1
3857295,Costa Rica,Celso Borges Mora,Keysher Fuller Spence,5
3857295,Costa Rica,Celso Borges Mora,Yeltsin Ignacio Tejeda Valverde,8
3857295,Costa Rica,Celso Borges Mora,Óscar Esau Duarte Gaitán,6
3857295,Costa Rica,Joel Nathaniel Campbell Samuels,Anthony Daniel Contreras Enríquez,1
3857295,Costa Rica,Joel Nathaniel Campbell Samuels,Brandon Aguilera Zamora,1
3857295,Costa Rica,Joel Nathaniel Campbell Samuels,Bryan Oviedo,6
3857295,Costa Rica,Joel Nathaniel Campbell Samuels,Celso Borges Mora,4
3857295,Costa Rica,Joel Nathaniel Campbell Samuels,Francisco Javier Calvo Quesada,14
3857295,Costa Rica,Joel Nathaniel Campbell Samuels,Gerson Torres Barrantes,1
3857295,Costa Rica,Joel Nathaniel Campbell Samuels,Kendall Jamaal Waston Manley,3
3857295,Costa Rica,Joel Nathaniel Campbell Samuels,Keysher Fuller Spence,1
3857295,Costa Rica,Joel Nathaniel Campbell Samuels,Yeltsin Ignacio Tejeda Valverde,7
3857295,Costa Rica,Keysher Fuller Spence,Anthony Daniel Contreras Enríquez,1
3857295,Costa Rica,Keysher Fuller Spence,Brandon Aguilera Zamora,1
3857295,Costa Rica,Keysher Fuller Spence,Celso Borges Mora,6
3857295,Costa Rica,Keysher Fuller Spence,Gerson Torres Barrantes,4
3857295,Costa Rica,Keysher Fuller Spence,Joel Nathaniel Campbell Samuels,2
3857295,Costa Rica,Keysher Fuller Spence,Yeltsin Ignacio Tejeda Valverde,1
3857295,Costa Rica,Keysher Fuller Spence,Óscar Esau Duarte Gaitán,3
3857295,Costa Rica,Brandon Aguilera Zamora,Celso Borges Mora,1
3857295,Costa Rica,Brandon Aguilera Zamora,Joel Nathaniel Campbell Samuels,1
3857295,Costa Rica,Brandon Aguilera Zamora,Keysher Fuller Spence,2
3857295,Costa Rica,Brandon Aguilera Zamora,Óscar Esau Duarte Gaitán,1
3857295,Costa Rica,Óscar Esau Duarte Gaitán,Anthony Daniel Contreras Enríquez,1
3857295,Costa Rica,Óscar Esau Duarte Gaitán,Brandon Aguilera Zamora,1
3857295,Costa Rica,Óscar Esau Duarte Gaitán,Bryan Oviedo,1
3857295,Costa Rica,Óscar Esau Duarte Gaitán,Celso Borges Mora,8
3857295,Costa Rica,Óscar Esau Duarte Gaitán,Francisco Javier Calvo Quesada,4
3857295,Costa Rica,Óscar Esau Duarte Gaitán,Gerson Torres Barrantes,1
3857295,Costa Rica,Óscar Esau Duarte Gaitán,Kendall Jamaal Waston Manley,6
3857295,Costa Rica,Óscar Esau Duarte Gaitán,Keylor Navas Gamboa,6
3857295,Costa Rica,Óscar Esau Duarte Gaitán,Keysher Fuller Spence,4
3857295,Costa Rica,Óscar Esau Duarte Gaitán,Yeltsin Ignacio Tejeda Valverde,6
3857295,Costa Rica,Francisco Javier Calvo Quesada,Anthony Daniel Contreras Enríquez,1
3857295,Costa Rica,Francisco Javier Calvo Quesada,Bryan Oviedo,10
3857295,Costa Rica,Francisco Javier Calvo Quesada,Celso Borges Mora,3
3857295,Costa Rica,Francisco Javier Calvo Quesada,Daniel Alonso Chacón Salas,1
3857295,Costa Rica,Francisco Javier Calvo Quesada,Gerson Torres Barrantes,1
3857295,Costa Rica,Francisco Javier Calvo Quesada,Jewison Bennette,1
3857295,Costa Rica,Francisco Javier Calvo Quesada,Joel Nathaniel Campbell Samuels,15
3857295,Costa Rica,Francisco Javier Calvo Quesada,Kendall Jamaal Waston Manley,16
3857295,Costa Rica,Francisco Javier Calvo Quesada,Keylor Navas Gamboa,8
3857295,Costa Rica,Francisco Javier Calvo Quesada,Keysher Fuller Spence,1
3857295,Costa Rica,Francisco Javier Calvo Quesada,Yeltsin Ignacio Tejeda Valverde,6
3857295,Costa Rica,Francisco Javier Calvo Quesada,Óscar Esau Duarte Gaitán,4
3857295,Costa Rica,Kendall Jamaal Waston Manley,Anthony Daniel Contreras Enríquez,1
3857295,Costa Rica,Kendall Jamaal Waston Manley,Bryan Oviedo,1
3857295,Costa Rica,Kendall Jamaal Waston Manley,Celso Borges Mora,2
3857295,Costa Rica,Kendall Jamaal Waston Manley,Francisco Javier Calvo Quesada,14
3857295,Costa Rica,Kendall Jamaal Waston Manley,Joel Nathaniel Campbell Samuels,3
3857295,Costa Rica,Kendall Jamaal Waston Manley,Keylor Navas Gamboa,1
3857295,Costa Rica,Kendall Jamaal Waston Manley,Keysher Fuller Spence,1
3857295,Costa Rica,Kendall Jamaal Waston Manley,Yeltsin Ignacio Tejeda Valverde,1
3857295,Costa Rica,Kendall Jamaal Waston Manley,Óscar Esau Duarte Gaitán,14
3857295,Costa Rica,Yeltsin Ignacio Tejeda Valverde,Anthony Daniel Contreras Enríquez,1
3857295,Costa Rica,Yeltsin Ignacio Tejeda Valverde,Brandon Aguilera Zamora,1
3857295,Costa Rica,Yeltsin Ignacio Tejeda Valverde,Bryan Oviedo,8
3857295,Costa Rica,Yeltsin Ignacio Tejeda Valverde,Celso Borges Mora,11
3857295,Costa Rica,Yeltsin Ignacio Tejeda Valverde,Francisco Javier Calvo Quesada,6
3857295,Costa Rica,Yeltsin Ignacio Tejeda Valverde,Gerson Torres Barrantes,1
3857295,Costa Rica,Yeltsin Ignacio Tejeda Valverde,Jewison Bennette,2
3857295,Costa Rica,Yeltsin Ignacio Tejeda Valverde,Joel Nathaniel Campbell Samuels,4
3857295,Costa Rica,Yeltsin Ignacio Tejeda Valverde,Kendall Jamaal Waston Manley,5
3857295,Costa Rica,Yeltsin Ignacio Tejeda Valverde,Keylor Navas Gamboa,1
3857295,Costa Rica,Yeltsin Ignacio Tejeda Valverde,Keysher Fuller Spence,1
3857295,Costa Rica,Yeltsin Ignacio Tejeda Valverde,Óscar Esau Duarte Gaitán,2
3857295,Costa Rica,Gerson Torres Barrantes,Bryan Oviedo,1
3857295,Costa Rica,Gerson Torres Barrantes,Celso Borges Mora,8
3857295,Costa Rica,Gerson Torres Barrantes,Francisco Javier Calvo Quesada,1
3857295,Costa Rica,Gerson Torres Barrantes,Joel Nathaniel Campbell Samuels,2
3857295,Costa Rica,Gerson Torres Barrantes,Kendall Jamaal Waston Manley,1
3857295,Costa Rica,Gerson Torres Barrantes,Keysher Fuller Spence,1
3857295,Costa Rica,Gerson Torres Barrantes,Óscar Esau Duarte Gaitán,3
3857295,Costa Rica,Keylor Navas Gamboa,Bryan Oviedo,1
3857295,Costa Rica,Keylor Navas Gamboa,Francisco Javier Calvo Quesada,13
3857295,Costa Rica,Keylor Navas Gamboa,Joel Nathaniel Campbell Samuels,1
3857295,Costa Rica,Keylor Navas Gamboa,Keysher Fuller Spence,1
3857295,Costa Rica,Keylor Navas Gamboa,Yeltsin Ignacio Tejeda Valverde,2
3857295,Costa Rica,Keylor Navas Gamboa,Óscar Esau Duarte Gaitán,3
3857295,Costa Rica,Daniel Alonso Chacón Salas,Brandon Aguilera Zamora,1
3857295,Costa Rica,Jewison Bennette,Bryan Oviedo,1
3857295,Costa Rica,Jewison Bennette,Yeltsin Ignacio Tejeda Valverde,1
3857295,Japan,Ayase Ueda,Daichi Kamada,1
3857295,Japan,Ayase Ueda,Hidemasa Morita,2
3857295,Japan,Ayase Ueda,Ritsu Doan,1
3857295,Japan,Ayase Ueda,Wataru Endo,2
3857295,Japan,Ayase Ueda,Yuki Soma,1
3857295,Japan,Daichi Kamada,Hidemasa Morita,8
3857295,Japan,Daichi Kamada,Hiroki Ito,2
3857295,Japan,Daichi Kamada,Ko Itakura,2
3857295,Japan,Daichi Kamada,Maya Yoshida,5
3857295,Japan,Daichi Kamada,Miki Yamane,2
3857295,Japan,Daichi Kamada,Takumi Minamino,1
3857295,Japan,Daichi Kamada,Wataru Endo,4
3857295,Japan,Daichi Kamada,Yuki Soma,2
3857295,Japan,Hidemasa Morita,Ayase Ueda,2
3857295,Japan,Hidemasa Morita,Daichi Kamada,9
3857295,Japan,Hidemasa Morita,Hiroki Ito,11
3857295,Japan,Hidemasa Morita,Junya Ito,1
3857295,Japan,Hidemasa Morita,Ko Itakura,9
3857295,Japan,Hidemasa Morita,Maya Yoshida,6
3857295,Japan,Hidemasa Morita,Miki Yamane,1
3857295,Japan,Hidemasa Morita,Ritsu Doan,1
3857295,Japan,Hidemasa Morita,Takuma Asano,2
3857295,Japan,Hidemasa Morita,Takumi Minamino,1
3857295,Japan,Hidemasa Morita,Wataru Endo,11
3857295,Japan,Hidemasa Morita,Yuki Soma,1
3857295,Japan,Hidemasa Morita,Yuto Nagatomo,4
3857295,Japan,Ritsu Doan,Daichi Kamada,2
3857295,Japan,Ritsu Doan,Ko Itakura,2
3857295,Japan,Ritsu Doan,Miki Yamane,1
3857295,Japan,Ritsu Doan,Wataru Endo,5
3857295,Japan,Wataru Endo,Ayase Ueda,2
3857295,Japan,Wataru Endo,Daichi Kamada,3
3857295,Japan,Wataru Endo,Hidemasa Morita,11
3857295,Japan,Wataru Endo,Hiroki Ito,6
3857295,Japan,Wataru Endo,Junya Ito,1
3857295,Japan,Wataru Endo,Kaoru Mitoma,2
3857295,Japan,Wataru Endo,Ko Itakura,11
3857295,Japan,Wataru Endo,Maya Yoshida,13
3857295,Japan,Wataru Endo,Miki Yamane,4
3857295,Japan,Wataru Endo,Ritsu Doan,5
3857295,Japan,Wataru Endo,Shūichi Gonda,1
3857295,Japan,Wataru Endo,Takuma Asano,1
3857295,Japan,Wataru Endo,Takumi Minamino,3
3857295,Japan,Wataru Endo,Yuki Soma,1
3857295,Japan,Wataru Endo,Yuto Nagatomo,8
3857295,Japan,Yuki Soma,Daichi Kamada,1
3857295,Japan,Yuki Soma,Hiroki Ito,1
3857295,Japan,Yuki Soma,Junya Ito,2
3857295,Japan,Yuki Soma,Maya Yoshida,1
3857295,Japan,Yuki Soma,Ritsu Doan,1
3857295,Japan,Yuki Soma,Takuma Asano,2
3857295,Japan,Yuki Soma,Wataru Endo,3
3857295,Japan,Yuki Soma,Yuto Nagatomo,2
3857295,Japan,Hiroki Ito,Daichi Kamada,5
3857295,Japan,Hiroki Ito,Hidemasa Morita,6
3857295,Japan,Hiroki Ito,Junya Ito,1
3857295,Japan,Hiroki Ito,Kaoru Mitoma,7
3857295,Japan,Hiroki Ito,Maya Yoshida,22
3857295,Japan,Hiroki Ito,Shūichi Gonda,4
3857295,Japan,Hiroki Ito,Takuma Asano,1
3857295,Japan,Hiroki Ito,Wataru Endo,11
3857295,Japan,Hiroki Ito,Yuki Soma,1
3857295,Japan,Ko Itakura,Ayase Ueda,1
3857295,Japan,Ko Itakura,Daichi Kamada,2
3857295,Japan,Ko Itakura,Hidemasa Morita,10
3857295,Japan,Ko Itakura,Hiroki Ito,2
3857295,Japan,Ko Itakura,Junya Ito,2
3857295,Japan,Ko Itakura,Maya Yoshida,29
3857295,Japan,Ko Itakura,Miki Yamane,4
3857295,Japan,Ko Itakura,Ritsu Doan,1
3857295,Japan,Ko Itakura,Shūichi Gonda,1
3857295,Japan,Ko Itakura,Wataru Endo,10
3857295,Japan,Ko Itakura,Yuki Soma,1
3857295,Japan,Ko Itakura,Yuto Nagatomo,1
3857295,Japan,Maya Yoshida,Daichi Kamada,5
3857295,Japan,Maya Yoshida,Hidemasa Morita,8
3857295,Japan,Maya Yoshida,Hiroki Ito,21
3857295,Japan,Maya Yoshida,Kaoru Mitoma,4
3857295,Japan,Maya Yoshida,Ko Itakura,29
3857295,Japan,Maya Yoshida,Miki Yamane,1
3857295,Japan,Maya Yoshida,Shūichi Gonda,4
3857295,Japan,Maya Yoshida,Wataru Endo,21
3857295,Japan,Maya Yoshida,Yuto Nagatomo,19
3857295,Japan,Miki Yamane,Ayase Ueda,4
3857295,Japan,Miki Yamane,Daichi Kamada,1
3857295,Japan,Miki Yamane,Hidemasa Morita,4
3857295,Japan,Miki Yamane,Ko Itakura,5
3857295,Japan,Miki Yamane,Maya Yoshida,1
3857295,Japan,Miki Yamane,Ritsu Doan,4
3857295,Japan,Miki Yamane,Shūichi Gonda,1
3857295,Japan,Miki Yamane,Takuma Asano,1
3857295,Japan,Miki Yamane,Wataru Endo,4
3857295,Japan,Takumi Minamino,Ko Itakura,1
3857295,Japan,Takumi Minamino,Maya Yoshida,2
3857295,Japan,Junya Ito,Daichi Kamada,2
3857295,Japan,Takuma Asano,Daichi Kamada,1
3857295,Japan,Takuma Asano,Hidemasa Morita,1
3857295,Japan,Takuma Asano,Junya Ito,1
3857295,Japan,Takuma Asano,Kaoru Mitoma,1
3857295,Japan,Takuma Asano,Yuki Soma,1
3857295,Japan,Yuto Nagatomo,Ayase Ueda,6
3857295,Japan,Yuto Nagatomo,Daichi Kamada,5
3857295,Japan,Yuto Nagatomo,Hidemasa Morita,8
3857295,Japan,Yuto Nagatomo,Maya Yoshida,14
3857295,Japan,Yuto Nagatomo,Wataru Endo,2
3857295,Japan,Yuto Nagatomo,Yuki Soma,6
3857295,Japan,Kaoru Mitoma,Hidemasa Morita,2
3857295,Japan,Kaoru Mitoma,Hiroki Ito,5
3857295,Japan,Kaoru Mitoma,Maya Yoshida,2
3857295,Japan,Kaoru Mitoma,Takuma Asano,1
3857295,Japan,Kaoru Mitoma,Wataru Endo,1
3857295,Japan,Shūichi Gonda,Ayase Ueda,1
3857295,Japan,Shūichi Gonda,Hidemasa Morita,1
3857295,Japan,Shūichi Gonda,Hiroki Ito,2
3857295,Japan,Shūichi Gonda,Ko Itakura,3
3857295,Japan,Shūichi Gonda,Maya Yoshida,9
3857295,Japan,Shūichi Gonda,Wataru Endo,3
3857296,Belgium,Axel Witsel,Jan Vertonghen,7
3857296,Belgium,Axel Witsel,Jeremy Doku,2
3857296,Belgium,Axel Witsel,Kevin De Bruyne,1
3857296,Belgium,Axel Witsel,Leander Dendoncker,5
3857296,Belgium,Axel Witsel,Leandro Trossard,2
3857296,Belgium,Axel Witsel,Thomas Meunier,4
3857296,Belgium,Axel Witsel,Timothy Castagne,18
3857296,Belgium,Axel Witsel,Toby Alderweireld,5
3857296,Belgium,Axel Witsel,Yannick Ferreira Carrasco,1
3857296,Belgium,Axel Witsel,Youri Tielemans,2
3857296,Belgium,Jan Vertonghen,Axel Witsel,11
3857296,Belgium,Jan Vertonghen,Jeremy Doku,1
3857296,Belgium,Jan Vertonghen,Kevin De Bruyne,1
3857296,Belgium,Jan Vertonghen,Leander Dendoncker,9
3857296,Belgium,Jan Vertonghen,Leandro Trossard,3
3857296,Belgium,Jan Vertonghen,Thibaut Courtois,9
3857296,Belgium,Jan Vertonghen,Thomas Meunier,1
3857296,Belgium,Jan Vertonghen,Timothy Castagne,22
3857296,Belgium,Jan Vertonghen,Toby Alderweireld,25
3857296,Belgium,Jan Vertonghen,Yannick Ferreira Carrasco,3
3857296,Belgium,Jeremy Doku,Axel Witsel,1
3857296,Belgium,Jeremy Doku,Eden Hazard,1
3857296,Belgium,Jeremy Doku,Kevin De Bruyne,1
3857296,Belgium,Jeremy Doku,Thomas Meunier,1
3857296,Belgium,Jeremy Doku,Thorgan Hazard,1
3857296,Belgium,Jeremy Doku,Timothy Castagne,2
3857296,Belgium,Jeremy Doku,Toby Alderweireld,1
3857296,Belgium,Kevin De Bruyne,Axel Witsel,2
3857296,Belgium,Kevin De Bruyne,Dries Mertens,2
3857296,Belgium,Kevin De Bruyne,Jan Vertonghen,3
3857296,Belgium,Kevin De Bruyne,Jeremy Doku,1
3857296,Belgium,Kevin De Bruyne,Leander Dendoncker,2
3857296,Belgium,Kevin De Bruyne,Leandro Trossard,2
3857296,Belgium,Kevin De Bruyne,Romelu Lukaku Menama,3
3857296,Belgium,Kevin De Bruyne,Thomas Meunier,4
3857296,Belgium,Kevin De Bruyne,Thorgan Hazard,1
3857296,Belgium,Kevin De Bruyne,Timothy Castagne,1
3857296,Belgium,Kevin De Bruyne,Toby Alderweireld,2
3857296,Belgium,Kevin De Bruyne,Yannick Ferreira Carrasco,2
3857296,Belgium,Kevin De Bruyne,Youri Tielemans,1
3857296,Belgium,Leander Dendoncker,Axel Witsel,1
3857296,Belgium,Leander Dendoncker,Dries Mertens,1
3857296,Belgium,Leander Dendoncker,Jan Vertonghen,13
3857296,Belgium,Leander Dendoncker,Kevin De Bruyne,4
3857296,Belgium,Leander Dendoncker,Leandro Trossard,1
3857296,Belgium,Leander Dendoncker,Thomas Meunier,12
3857296,Belgium,Leander Dendoncker,Timothy Castagne,2
3857296,Belgium,Leander Dendoncker,Toby Alderweireld,10
3857296,Belgium,Leandro Trossard,Axel Witsel,2
3857296,Belgium,Leandro Trossard,Dries Mertens,3
3857296,Belgium,Leandro Trossard,Jan Vertonghen,1
3857296,Belgium,Leandro Trossard,Leander Dendoncker,1
3857296,Belgium,Leandro Trossard,Thomas Meunier,1
3857296,Belgium,Leandro Trossard,Timothy Castagne,5
3857296,Belgium,Leandro Trossard,Toby Alderweireld,4
3857296,Belgium,Leandro Trossard,Yannick Ferreira Carrasco,5
3857296,Belgium,Thomas Meunier,Axel Witsel,6
3857296,Belgium,Thomas Meunier,Dries Mertens,2
3857296,Belgium,Thomas Meunier,Jan Vertonghen,3
3857296,Belgium,Thomas Meunier,Jeremy Doku,2
3857296,Belgium,Thomas Meunier,Kevin De Bruyne,11
3857296,Belgium,Thomas Meunier,Leander Dendoncker,9
3857296,Belgium,Thomas Meunier,Leandro Trossard,2
3857296,Belgium,Thomas Meunier,Romelu Lukaku Menama,1
3857296,Belgium,Thomas Meunier,Thibaut Courtois,2
3857296,Belgium,Thomas Meunier,Thorgan Hazard,1
3857296,Belgium,Thomas Meunier,Toby Alderweireld,13
3857296,Belgium,Thomas Meunier,Youri Tielemans,1
3857296,Belgium,Timothy Castagne,Axel Witsel,9
3857296,Belgium,Timothy Castagne,Dries Mertens,5
3857296,Belgium,Timothy Castagne,Jan Vertonghen,15
3857296,Belgium,Timothy Castagne,Jeremy Doku,5
3857296,Belgium,Timothy Castagne,Kevin De Bruyne,3
3857296,Belgium,Timothy Castagne,Leander Dendoncker,5
3857296,Belgium,Timothy Castagne,Leandro Trossard,7
3857296,Belgium,Timothy Castagne,Thibaut Courtois,2
3857296,Belgium,Timothy Castagne,Thomas Meunier,2
3857296,Belgium,Timothy Castagne,Toby Alderweireld,7
3857296,Belgium,Timothy Castagne,Yannick Ferreira Carrasco,16
3857296,Belgium,Timothy Castagne,Youri Tielemans,1
3857296,Belgium,Toby Alderweireld,Axel Witsel,3
3857296,Belgium,Toby Alderweireld,Dries Mertens,1
3857296,Belgium,Toby Alderweireld,Eden Hazard,1
3857296,Belgium,Toby Alderweireld,Jan Vertonghen,22
3857296,Belgium,Toby Alderweireld,Kevin De Bruyne,3
3857296,Belgium,Toby Alderweireld,Leander Dendoncker,8
3857296,Belgium,Toby Alderweireld,Leandro Trossard,4
3857296,Belgium,Toby Alderweireld,Thibaut Courtois,7
3857296,Belgium,Toby Alderweireld,Thomas Meunier,27
3857296,Belgium,Toby Alderweireld,Timothy Castagne,1
3857296,Belgium,Toby Alderweireld,Yannick Ferreira Carrasco,2
3857296,Belgium,Toby Alderweireld,Youri Tielemans,2
3857296,Belgium,Yannick Ferreira Carrasco,Axel Witsel,2
3857296,Belgium,Yannick Ferreira Carrasco,Dries Mertens,4
3857296,Belgium,Yannick Ferreira Carrasco,Kevin De Bruyne,2
3857296,Belgium,Yannick Ferreira Carrasco,Leandro Trossard,3
3857296,Belgium,Yannick Ferreira Carrasco,Romelu Lukaku Menama,1
3857296,Belgium,Yannick Ferreira Carrasco,Thomas Meunier,1
3857296,Belgium,Yannick Ferreira Carrasco,Thorgan Hazard,1
3857296,Belgium,Yannick Ferreira Carrasco,Timothy Castagne,12
3857296,Belgium,Youri Tielemans,Axel Witsel,2
3857296,Belgium,Youri Tielemans,Jeremy Doku,1
3857296,Belgium,Youri Tielemans,Thibaut Courtois,1
3857296,Belgium,Youri Tielemans,Thomas Meunier,1
3857296,Belgium,Youri Tielemans,Thorgan Hazard,3
3857296,Belgium,Youri Tielemans,Timothy Castagne,1
3857296,Belgium,Youri Tielemans,Toby Alderweireld,1
3857296,Belgium,Dries Mertens,Axel Witsel,2
3857296,Belgium,Dries Mertens,Jan Vertonghen,1
3857296,Belgium,Dries Mertens,Leander Dendoncker,1
3857296,Belgium,Dries Mertens,Leandro Trossard,5
3857296,Belgium,Dries Mertens,Thomas Meunier,1
3857296,Belgium,Dries Mertens,Timothy Castagne,1
3857296,Belgium,Dries Mertens,Yannick Ferreira Carrasco,2
3857296,Belgium,Eden Hazard,Jan Vertonghen,1
3857296,Belgium,Thibaut Courtois,Axel Witsel,1
3857296,Belgium,Thibaut Courtois,Jan Vertonghen,8
3857296,Belgium,Thibaut Courtois,Jeremy Doku,1
3857296,Belgium,Thibaut Courtois,Kevin De Bruyne,1
3857296,Belgium,Thibaut Courtois,Leander Dendoncker,2
3857296,Belgium,Thibaut Courtois,Leandro Trossard,1
3857296,Belgium,Thibaut Courtois,Romelu Lukaku Menama,2
3857296,Belgium,Thibaut Courtois,Thomas Meunier,1
3857296,Belgium,Thibaut Courtois,Thorgan Hazard,2
3857296,Belgium,Thibaut Courtois,Timothy Castagne,2
3857296,Belgium,Thibaut Courtois,Toby Alderweireld,12
3857296,Belgium,Thorgan Hazard,Axel Witsel,1
3857296,Belgium,Thorgan Hazard,Jan Vertonghen,1
3857296,Belgium,Thorgan Hazard,Jeremy Doku,1
3857296,Belgium,Thorgan Hazard,Kevin De Bruyne,3
3857296,Belgium,Thorgan Hazard,Romelu Lukaku Menama,2
3857296,Belgium,Thorgan Hazard,Timothy Castagne,1
3857296,Belgium,Thorgan Hazard,Toby Alderweireld,1
3857296,Belgium,Thorgan Hazard,Youri Tielemans,1
3857296,Belgium,Romelu Lukaku Menama,Axel Witsel,1
3857296,Belgium,Romelu Lukaku Menama,Kevin De Bruyne,1
3857296,Belgium,Romelu Lukaku Menama,Leandro Trossard,1
3857296,Belgium,Romelu Lukaku Menama,Thomas Meunier,1
3857296,Belgium,Romelu Lukaku Menama,Thorgan Hazard,1
3857296,Belgium,Romelu Lukaku Menama,Yannick Ferreira Carrasco,1
3857296,Croatia,Andrej Kramarić,Borna Sosa,3
3857296,Croatia,Andrej Kramarić,Dejan Lovren,1
3857296,Croatia,Andrej Kramarić,Ivan Perišić,3
3857296,Croatia,Andrej Kramarić,Josip Juranović,8
3857296,Croatia,Andrej Kramarić,Luka Modrić,6
3857296,Croatia,Andrej Kramarić,Marcelo Brozović,4
3857296,Croatia,Andrej Kramarić,Marko Livaja,1
3857296,Croatia,Andrej Kramarić,Mateo Kovačić,3
3857296,Croatia,Borna Sosa,Andrej Kramarić,6
3857296,Croatia,Borna Sosa,Bruno Petković,5
3857296,Croatia,Borna Sosa,Ivan Perišić,15
3857296,Croatia,Borna Sosa,Josip Juranović,1
3857296,Croatia,Borna Sosa,Joško Gvardiol,13
3857296,Croatia,Borna Sosa,Luka Modrić,1
3857296,Croatia,Borna Sosa,Marcelo Brozović,11
3857296,Croatia,Borna Sosa,Marko Livaja,5
3857296,Croatia,Borna Sosa,Mateo Kovačić,17
3857296,Croatia,Dejan Lovren,Bruno Petković,1
3857296,Croatia,Dejan Lovren,Dominik Livaković,7
3857296,Croatia,Dejan Lovren,Josip Juranović,11
3857296,Croatia,Dejan Lovren,Joško Gvardiol,8
3857296,Croatia,Dejan Lovren,Luka Modrić,6
3857296,Croatia,Dejan Lovren,Marcelo Brozović,4
3857296,Croatia,Dejan Lovren,Marko Livaja,1
3857296,Croatia,Dejan Lovren,Mateo Kovačić,2
3857296,Croatia,Ivan Perišić,Andrej Kramarić,3
3857296,Croatia,Ivan Perišić,Borna Sosa,10
3857296,Croatia,Ivan Perišić,Bruno Petković,2
3857296,Croatia,Ivan Perišić,Dejan Lovren,2
3857296,Croatia,Ivan Perišić,Dominik Livaković,2
3857296,Croatia,Ivan Perišić,Joško Gvardiol,2
3857296,Croatia,Ivan Perišić,Marcelo Brozović,4
3857296,Croatia,Ivan Perišić,Mateo Kovačić,8
3857296,Croatia,Josip Juranović,Andrej Kramarić,8
3857296,Croatia,Josip Juranović,Bruno Petković,2
3857296,Croatia,Josip Juranović,Dejan Lovren,8
3857296,Croatia,Josip Juranović,Dominik Livaković,2
3857296,Croatia,Josip Juranović,Ivan Perišić,1
3857296,Croatia,Josip Juranović,Luka Modrić,15
3857296,Croatia,Josip Juranović,Marcelo Brozović,3
3857296,Croatia,Josip Juranović,Marko Livaja,2
3857296,Croatia,Josip Juranović,Mateo Kovačić,1
3857296,Croatia,Luka Modrić,Andrej Kramarić,4
3857296,Croatia,Luka Modrić,Borna Sosa,2
3857296,Croatia,Luka Modrić,Bruno Petković,1
3857296,Croatia,Luka Modrić,Dejan Lovren,3
3857296,Croatia,Luka Modrić,Ivan Perišić,4
3857296,Croatia,Luka Modrić,Josip Juranović,9
3857296,Croatia,Luka Modrić,Joško Gvardiol,3
3857296,Croatia,Luka Modrić,Marcelo Brozović,8
3857296,Croatia,Luka Modrić,Mario Pašalić,2
3857296,Croatia,Luka Modrić,Marko Livaja,3
3857296,Croatia,Luka Modrić,Mateo Kovačić,6
3857296,Croatia,Marcelo Brozović,Andrej Kramarić,6
3857296,Croatia,Marcelo Brozović,Borna Sosa,21
3857296,Croatia,Marcelo Brozović,Bruno Petković,1
3857296,Croatia,Marcelo Brozović,Dejan Lovren,4
3857296,Croatia,Marcelo Brozović,Ivan Perišić,7
3857296,Croatia,Marcelo Brozović,Josip Juranović,4
3857296,Croatia,Marcelo Brozović,Joško Gvardiol,10
3857296,Croatia,Marcelo Brozović,Lovro Majer,2
3857296,Croatia,Marcelo Brozović,Luka Modrić,8
3857296,Croatia,Marcelo Brozović,Marko Livaja,1
3857296,Croatia,Marcelo Brozović,Mateo Kovačić,15
3857296,Croatia,Marko Livaja,Andrej Kramarić,1
3857296,Croatia,Marko Livaja,Borna Sosa,1
3857296,Croatia,Marko Livaja,Luka Modrić,1
3857296,Croatia,Marko Livaja,Marcelo Brozović,2
3857296,Croatia,Marko Livaja,Mateo Kovačić,4
3857296,Croatia,Mateo Kovačić,Andrej Kramarić,3
3857296,Croatia,Mateo Kovačić,Borna Sosa,9
3857296,Croatia,Mateo Kovačić,Bruno Petković,5
3857296,Croatia,Mateo Kovačić,Dejan Lovren,2
3857296,Croatia,Mateo Kovačić,Ivan Perišić,5
3857296,Croatia,Mateo Kovačić,Josip Juranović,4
3857296,Croatia,Mateo Kovačić,Joško Gvardiol,2
3857296,Croatia,Mateo Kovačić,Luka Modrić,6
3857296,Croatia,Mateo Kovačić,Marcelo Brozović,22
3857296,Croatia,Mateo Kovačić,Marko Livaja,1
3857296,Croatia,Bruno Petković,Borna Sosa,1
3857296,Croatia,Bruno Petković,Ivan Perišić,4
3857296,Croatia,Bruno Petković,Josip Juranović,1
3857296,Croatia,Bruno Petković,Luka Modrić,3
3857296,Croatia,Bruno Petković,Marcelo Brozović,1
3857296,Croatia,Bruno Petković,Mario Pašalić,1
3857296,Croatia,Bruno Petković,Mateo Kovačić,1
3857296,Croatia,Joško Gvardiol,Borna Sosa,19
3857296,Croatia,Joško Gvardiol,Bruno Petković,1
3857296,Croatia,Joško Gvardiol,Dejan Lovren,14
3857296,Croatia,Joško Gvardiol,Dominik Livaković,4
3857296,Croatia,Joško Gvardiol,Ivan Perišić,3
3857296,Croatia,Joško Gvardiol,Josip Juranović,1
3857296,Croatia,Joško Gvardiol,Marcelo Brozović,10
3857296,Croatia,Joško Gvardiol,Mario Pašalić,1
3857296,Croatia,Joško Gvardiol,Marko Livaja,1
3857296,Croatia,Joško Gvardiol,Mateo Kovačić,5
3857296,Croatia,Mario Pašalić,Bruno Petković,2
3857296,Croatia,Mario Pašalić,Josip Juranović,1
3857296,Croatia,Mario Pašalić,Luka Modrić,1
3857296,Croatia,Dominik Livaković,Borna Sosa,5
3857296,Croatia,Dominik Livaković,Bruno Petković,1
3857296,Croatia,Dominik Livaković,Dejan Lovren,7
3857296,Croatia,Dominik Livaković,Ivan Perišić,1
3857296,Croatia,Dominik Livaković,Josip Juranović,1
3857296,Croatia,Dominik Livaković,Joško Gvardiol,9
3857296,Croatia,Dominik Livaković,Luka Modrić,1
3857296,Croatia,Dominik Livaković,Marcelo Brozović,3
3857296,Croatia,Lovro Majer,Dominik Livaković,1
3857297,Poland,Arkadiusz Milik,Grzegorz Krychowiak,2
3857297,Poland,Arkadiusz Milik,Krystian Bielik,2
3857297,Poland,Arkadiusz Milik,Matty Cash,2
3857297,Poland,Arkadiusz Milik,Piotr Zieliński,1
3857297,Poland,Arkadiusz Milik,Przemysław Frankowski,5
3857297,Poland,Arkadiusz Milik,Robert Lewandowski,1
3857297,Poland,Grzegorz Krychowiak,Arkadiusz Milik,3
3857297,Poland,Grzegorz Krychowiak,Bartosz Bereszyński,2
3857297,Poland,Grzegorz Krychowiak,Jakub Kamiński,5
3857297,Poland,Grzegorz Krychowiak,Kamil Glik,2
3857297,Poland,Grzegorz Krychowiak,Krystian Bielik,1
3857297,Poland,Grzegorz Krychowiak,Matty Cash,1
3857297,Poland,Grzegorz Krychowiak,Piotr Zieliński,3
3857297,Poland,Grzegorz Krychowiak,Przemysław Frankowski,1
3857297,Poland,Grzegorz Krychowiak,Robert Lewandowski,2
3857297,Poland,Krystian Bielik,Arkadiusz Milik,1
3857297,Poland,Krystian Bielik,Bartosz Bereszyński,1
3857297,Poland,Krystian Bielik,Grzegorz Krychowiak,4
3857297,Poland,Krystian Bielik,Jakub Kamiński,1
3857297,Poland,Krystian Bielik,Jakub Piotr Kiwior,5
3857297,Poland,Krystian Bielik,Kamil Glik,2
3857297,Poland,Krystian Bielik,Krzysztof Piątek,1
3857297,Poland,Krystian Bielik,Matty Cash,2
3857297,Poland,Krystian Bielik,Piotr Zieliński,3
3857297,Poland,Krystian Bielik,Przemysław Frankowski,5
3857297,Poland,Krystian Bielik,Robert Lewandowski,2
3857297,Poland,Krystian Bielik,Wojciech Szczęsny,1
3857297,Poland,Matty Cash,Arkadiusz Milik,1
3857297,Poland,Matty Cash,Grzegorz Krychowiak,3
3857297,Poland,Matty Cash,Jakub Kamiński,3
3857297,Poland,Matty Cash,Kamil Glik,7
3857297,Poland,Matty Cash,Piotr Zieliński,1
3857297,Poland,Matty Cash,Przemysław Frankowski,5
3857297,Poland,Matty Cash,Robert Lewandowski,8
3857297,Poland,Matty Cash,Wojciech Szczęsny,1
3857297,Poland,Piotr Zieliński,Arkadiusz Milik,2
3857297,Poland,Piotr Zieliński,Bartosz Bereszyński,3
3857297,Poland,Piotr Zieliński,Jakub Piotr Kiwior,1
3857297,Poland,Piotr Zieliński,Krystian Bielik,4
3857297,Poland,Piotr Zieliński,Matty Cash,2
3857297,Poland,Piotr Zieliński,Przemysław Frankowski,1
3857297,Poland,Piotr Zieliński,Robert Lewandowski,3
3857297,Poland,Przemysław Frankowski,Arkadiusz Milik,2
3857297,Poland,Przemysław Frankowski,Bartosz Bereszyński,5
3857297,Poland,Przemysław Frankowski,Grzegorz Krychowiak,1
3857297,Poland,Przemysław Frankowski,Jakub Piotr Kiwior,1
3857297,Poland,Przemysław Frankowski,Krystian Bielik,1
3857297,Poland,Przemysław Frankowski,Krzysztof Piątek,1
3857297,Poland,Przemysław Frankowski,Matty Cash,4
3857297,Poland,Przemysław Frankowski,Piotr Zieliński,1
3857297,Poland,Przemysław Frankowski,Robert Lewandowski,3
3857297,Poland,Przemysław Frankowski,Wojciech Szczęsny,1
3857297,Poland,Robert Lewandowski,Bartosz Bereszyński,2
3857297,Poland,Robert Lewandowski,Grzegorz Krychowiak,1
3857297,Poland,Robert Lewandowski,Jakub Kamiński,2
3857297,Poland,Robert Lewandowski,Kamil Glik,1
3857297,Poland,Robert Lewandowski,Krystian Bielik,1
3857297,Poland,Robert Lewandowski,Krzysztof Piątek,1
3857297,Poland,Robert Lewandowski,Matty Cash,4
3857297,Poland,Robert Lewandowski,Piotr Zieliński,3
3857297,Poland,Robert Lewandowski,Przemysław Frankowski,1
3857297,Poland,Bartosz Bereszyński,Arkadiusz Milik,2
3857297,Poland,Bartosz Bereszyński,Grzegorz Krychowiak,3
3857297,Poland,Bartosz Bereszyński,Jakub Piotr Kiwior,4
3857297,Poland,Bartosz Bereszyński,Krystian Bielik,1
3857297,Poland,Bartosz Bereszyński,Krzysztof Piątek,1
3857297,Poland,Bartosz Bereszyński,Piotr Zieliński,5
3857297,Poland,Bartosz Bereszyński,Przemysław Frankowski,2
3857297,Poland,Bartosz Bereszyński,Robert Lewandowski,3
3857297,Poland,Bartosz Bereszyński,Wojciech Szczęsny,1
3857297,Poland,Jakub Piotr Kiwior,Arkadiusz Milik,1
3857297,Poland,Jakub Piotr Kiwior,Bartosz Bereszyński,4
3857297,Poland,Jakub Piotr Kiwior,Grzegorz Krychowiak,2
3857297,Poland,Jakub Piotr Kiwior,Kamil Glik,6
3857297,Poland,Jakub Piotr Kiwior,Krystian Bielik,3
3857297,Poland,Jakub Piotr Kiwior,Matty Cash,2
3857297,Poland,Jakub Piotr Kiwior,Piotr Zieliński,1
3857297,Poland,Jakub Piotr Kiwior,Robert Lewandowski,2
3857297,Poland,Jakub Piotr Kiwior,Wojciech Szczęsny,9
3857297,Poland,Krzysztof Piątek,Bartosz Bereszyński,1
3857297,Poland,Krzysztof Piątek,Robert Lewandowski,1
3857297,Poland,Wojciech Szczęsny,Arkadiusz Milik,4
3857297,Poland,Wojciech Szczęsny,Bartosz Bereszyński,1
3857297,Poland,Wojciech Szczęsny,Jakub Piotr Kiwior,7
3857297,Poland,Wojciech Szczęsny,Kamil Glik,2
3857297,Poland,Wojciech Szczęsny,Krystian Bielik,2
3857297,Poland,Wojciech Szczęsny,Krzysztof Piątek,2
3857297,Poland,Wojciech Szczęsny,Matty Cash,4
3857297,Poland,Wojciech Szczęsny,Przemysław Frankowski,1
3857297,Poland,Wojciech Szczęsny,Robert Lewandowski,3
3857297,Poland,Jakub Kamiński,Grzegorz Krychowiak,1
3857297,Poland,Jakub Kamiński,Krzysztof Piątek,2
3857297,Poland,Jakub Kamiński,Matty Cash,3
3857297,Poland,Jakub Kamiński,Przemysław Frankowski,1
3857297,Poland,Jakub Kamiński,Robert Lewandowski,3
3857297,Poland,Kamil Glik,Arkadiusz Milik,1
3857297,Poland,Kamil Glik,Grzegorz Krychowiak,1
3857297,Poland,Kamil Glik,Jakub Piotr Kiwior,12
3857297,Poland,Kamil Glik,Krystian Bielik,4
3857297,Poland,Kamil Glik,Matty Cash,5
3857297,Poland,Kamil Glik,Wojciech Szczęsny,4
3857297,Saudi Arabia,Abdulelah Al Amri,Abdulelah Saad Hameed Al-Malki,5
3857297,Saudi Arabia,Abdulelah Al Amri,Ali Albulayhi,7
3857297,Saudi Arabia,Abdulelah Al Amri,Firas Tariq Nasser Al Albirakan,5
3857297,Saudi Arabia,Abdulelah Al Amri,Mohammed Al Burayk,4
3857297,Saudi Arabia,Abdulelah Al Amri,Mohammed Kanoo,15
3857297,Saudi Arabia,Abdulelah Al Amri,Mohammed Khalil Al Owais,1
3857297,Saudi Arabia,Abdulelah Al Amri,Nasser Al Dawsari,2
3857297,Saudi Arabia,Abdulelah Al Amri,Salem Mohammed Al Dawsari,4
3857297,Saudi Arabia,Abdulelah Al Amri,Saud Abdullah Abdul Hamid,6
3857297,Saudi Arabia,Abdulelah Al Amri,Sultan Abdullah Salim Al Ghannam,3
3857297,Saudi Arabia,Abdulelah Saad Hameed Al-Malki,Abdulelah Al Amri,6
3857297,Saudi Arabia,Abdulelah Saad Hameed Al-Malki,Ali Albulayhi,3
3857297,Saudi Arabia,Abdulelah Saad Hameed Al-Malki,Firas Tariq Nasser Al Albirakan,5
3857297,Saudi Arabia,Abdulelah Saad Hameed Al-Malki,Mohammed Al Burayk,3
3857297,Saudi Arabia,Abdulelah Saad Hameed Al-Malki,Mohammed Kanoo,7
3857297,Saudi Arabia,Abdulelah Saad Hameed Al-Malki,Nawaf Shaker Al Abid,1
3857297,Saudi Arabia,Abdulelah Saad Hameed Al-Malki,Saleh Khalid Al Shehri,2
3857297,Saudi Arabia,Abdulelah Saad Hameed Al-Malki,Salem Mohammed Al Dawsari,5
3857297,Saudi Arabia,Abdulelah Saad Hameed Al-Malki,Sami Khalil Al Naji,4
3857297,Saudi Arabia,Abdulelah Saad Hameed Al-Malki,Saud Abdullah Abdul Hamid,5
3857297,Saudi Arabia,Abdulelah Saad Hameed Al-Malki,Sultan Abdullah Salim Al Ghannam,1
3857297,Saudi Arabia,Ali Albulayhi,Abdulelah Al Amri,11
3857297,Saudi Arabia,Ali Albulayhi,Abdulelah Saad Hameed Al-Malki,7
3857297,Saudi Arabia,Ali Albulayhi,Mohammed Al Burayk,8
3857297,Saudi Arabia,Ali Albulayhi,Mohammed Kanoo,3
3857297,Saudi Arabia,Ali Albulayhi,Mohammed Khalil Al Owais,5
3857297,Saudi Arabia,Ali Albulayhi,Nasser Al Dawsari,1
3857297,Saudi Arabia,Ali Albulayhi,Nawaf Shaker Al Abid,3
3857297,Saudi Arabia,Ali Albulayhi,Saleh Khalid Al Shehri,1
3857297,Saudi Arabia,Ali Albulayhi,Salem Mohammed Al Dawsari,6
3857297,Saudi Arabia,Ali Albulayhi,Sami Khalil Al Naji,2
3857297,Saudi Arabia,Ali Albulayhi,Saud Abdullah Abdul Hamid,4
3857297,Saudi Arabia,Firas Tariq Nasser Al Albirakan,Abdulelah Al Amri,1
3857297,Saudi Arabia,Firas Tariq Nasser Al Albirakan,Abdulelah Saad Hameed Al-Malki,3
3857297,Saudi Arabia,Firas Tariq Nasser Al Albirakan,Abdulrahman Al-Obood,1
3857297,Saudi Arabia,Firas Tariq Nasser Al Albirakan,Mohammed Al Burayk,3
3857297,Saudi Arabia,Firas Tariq Nasser Al Albirakan,Mohammed Kanoo,6
3857297,Saudi Arabia,Firas Tariq Nasser Al Albirakan,Nasser Al Dawsari,1
3857297,Saudi Arabia,Firas Tariq Nasser Al Albirakan,Nawaf Shaker Al Abid,2
3857297,Saudi Arabia,Firas Tariq Nasser Al Albirakan,Salem Mohammed Al Dawsari,1
3857297,Saudi Arabia,Firas Tariq Nasser Al Albirakan,Sami Khalil Al Naji,1
3857297,Saudi Arabia,Firas Tariq Nasser Al Albirakan,Saud Abdullah Abdul Hamid,3
3857297,Saudi Arabia,Mohammed Al Burayk,Abdulelah Al Amri,3
3857297,Saudi Arabia,Mohammed Al Burayk,Abdulelah Saad Hameed Al-Malki,4
3857297,Saudi Arabia,Mohammed Al Burayk,Ali Albulayhi,6
3857297,Saudi Arabia,Mohammed Al Burayk,Firas Tariq Nasser Al Albirakan,1
3857297,Saudi Arabia,Mohammed Al Burayk,Mohammed Kanoo,4
3857297,Saudi Arabia,Mohammed Al Burayk,Mohammed Khalil Al Owais,2
3857297,Saudi Arabia,Mohammed Al Burayk,Nawaf Shaker Al Abid,2
3857297,Saudi Arabia,Mohammed Al Burayk,Saleh Khalid Al Shehri,1
3857297,Saudi Arabia,Mohammed Al Burayk,Salem Mohammed Al Dawsari,13
3857297,Saudi Arabia,Mohammed Al Burayk,Sami Khalil Al Naji,1
3857297,Saudi Arabia,Mohammed Al Burayk,Saud Abdullah Abdul Hamid,1
3857297,Saudi Arabia,Mohammed Kanoo,Abdulelah Al Amri,6
3857297,Saudi Arabia,Mohammed Kanoo,Abdulelah Saad Hameed Al-Malki,8
3857297,Saudi Arabia,Mohammed Kanoo,Abdulrahman Al-Obood,1
3857297,Saudi Arabia,Mohammed Kanoo,Ali Albulayhi,8
3857297,Saudi Arabia,Mohammed Kanoo,Firas Tariq Nasser Al Albirakan,5
3857297,Saudi Arabia,Mohammed Kanoo,Mohammed Al Burayk,4
3857297,Saudi Arabia,Mohammed Kanoo,Nasser Al Dawsari,2
3857297,Saudi Arabia,Mohammed Kanoo,Nawaf Shaker Al Abid,6
3857297,Saudi Arabia,Mohammed Kanoo,Saleh Khalid Al Shehri,3
3857297,Saudi Arabia,Mohammed Kanoo,Salem Mohammed Al Dawsari,8
3857297,Saudi Arabia,Mohammed Kanoo,Sami Khalil Al Naji,3
3857297,Saudi Arabia,Mohammed Kanoo,Saud Abdullah Abdul Hamid,9
3857297,Saudi Arabia,Mohammed Kanoo,Sultan Abdullah Salim Al Ghannam,5
3857297,Saudi Arabia,Mohammed Khalil Al Owais,Abdulelah Al Amri,6
3857297,Saudi Arabia,Mohammed Khalil Al Owais,Ali Albulayhi,8
3857297,Saudi Arabia,Mohammed Khalil Al Owais,Firas Tariq Nasser Al Albirakan,1
3857297,Saudi Arabia,Mohammed Khalil Al Owais,Mohammed Al Burayk,1
3857297,Saudi Arabia,Mohammed Khalil Al Owais,Mohammed Kanoo,1
3857297,Saudi Arabia,Mohammed Khalil Al Owais,Saud Abdullah Abdul Hamid,2
3857297,Saudi Arabia,Nasser Al Dawsari,Abdulrahman Al-Obood,2
3857297,Saudi Arabia,Nasser Al Dawsari,Ali Albulayhi,2
3857297,Saudi Arabia,Nasser Al Dawsari,Mohammed Kanoo,1
3857297,Saudi Arabia,Nasser Al Dawsari,Nawaf Shaker Al Abid,1
3857297,Saudi Arabia,Nasser Al Dawsari,Salem Mohammed Al Dawsari,1
3857297,Saudi Arabia,Nasser Al Dawsari,Saud Abdullah Abdul Hamid,2
3857297,Saudi Arabia,Nasser Al Dawsari,Sultan Abdullah Salim Al Ghannam,1
3857297,Saudi Arabia,Salem Mohammed Al Dawsari,Abdulelah Al Amri,1
3857297,Saudi Arabia,Salem Mohammed Al Dawsari,Abdulelah Saad Hameed Al-Malki,7
3857297,Saudi Arabia,Salem Mohammed Al Dawsari,Abdulrahman Al-Obood,2
3857297,Saudi Arabia,Salem Mohammed Al Dawsari,Ali Albulayhi,3
3857297,Saudi Arabia,Salem Mohammed Al Dawsari,Firas Tariq Nasser Al Albirakan,4
3857297,Saudi Arabia,Salem Mohammed Al Dawsari,Mohammed Al Burayk,9
3857297,Saudi Arabia,Salem Mohammed Al Dawsari,Mohammed Kanoo,5
3857297,Saudi Arabia,Salem Mohammed Al Dawsari,Nasser Al Dawsari,2
3857297,Saudi Arabia,Salem Mohammed Al Dawsari,Nawaf Shaker Al Abid,12
3857297,Saudi Arabia,Salem Mohammed Al Dawsari,Saleh Khalid Al Shehri,3
3857297,Saudi Arabia,Salem Mohammed Al Dawsari,Sami Khalil Al Naji,2
3857297,Saudi Arabia,Salem Mohammed Al Dawsari,Saud Abdullah Abdul Hamid,9
3857297,Saudi Arabia,Salem Mohammed Al Dawsari,Sultan Abdullah Salim Al Ghannam,1
3857297,Saudi Arabia,Saud Abdullah Abdul Hamid,Abdulelah Al Amri,4
3857297,Saudi Arabia,Saud Abdullah Abdul Hamid,Abdulelah Saad Hameed Al-Malki,2
3857297,Saudi Arabia,Saud Abdullah Abdul Hamid,Ali Albulayhi,6
3857297,Saudi Arabia,Saud Abdullah Abdul Hamid,Firas Tariq Nasser Al Albirakan,4
3857297,Saudi Arabia,Saud Abdullah Abdul Hamid,Mohammed Al Burayk,2
3857297,Saudi Arabia,Saud Abdullah Abdul Hamid,Mohammed Kanoo,12
3857297,Saudi Arabia,Saud Abdullah Abdul Hamid,Mohammed Khalil Al Owais,2
3857297,Saudi Arabia,Saud Abdullah Abdul Hamid,Nasser Al Dawsari,1
3857297,Saudi Arabia,Saud Abdullah Abdul Hamid,Nawaf Shaker Al Abid,4
3857297,Saudi Arabia,Saud Abdullah Abdul Hamid,Saleh Khalid Al Shehri,2
3857297,Saudi Arabia,Saud Abdullah Abdul Hamid,Salem Mohammed Al Dawsari,16
3857297,Saudi Arabia,Saud Abdullah Abdul Hamid,Sami Khalil Al Naji,1
3857297,Saudi Arabia,Sultan Abdullah Salim Al Ghannam,Abdulelah Al Amri,3
3857297,Saudi Arabia,Sultan Abdullah Salim Al Ghannam,Abdulelah Saad Hameed Al-Malki,1
3857297,Saudi Arabia,Sultan Abdullah Salim Al Ghannam,Abdulrahman Al-Obood,1
3857297,Saudi Arabia,Sultan Abdullah Salim Al Ghannam,Ali Albulayhi,1
3857297,Saudi Arabia,Sultan Abdullah Salim Al Ghannam,Firas Tariq Nasser Al Albirakan,2
3857297,Saudi Arabia,Sultan Abdullah Salim Al Ghannam,Hattan Babhir,1
3857297,Saudi Arabia,Sultan Abdullah Salim Al Ghannam,Mohammed Kanoo,3
3857297,Saudi Arabia,Sultan Abdullah Salim Al Ghannam,Saleh Khalid Al Shehri,1
3857297,Saudi Arabia,Nawaf Shaker Al Abid,Abdulelah Al Amri,2
3857297,Saudi Arabia,Nawaf Shaker Al Abid,Ali Albulayhi,2
3857297,Saudi Arabia,Nawaf Shaker Al Abid,Mohammed Al Burayk,3
3857297,Saudi Arabia,Nawaf Shaker Al Abid,Mohammed Kanoo,5
3857297,Saudi Arabia,Nawaf Shaker Al Abid,Nasser Al Dawsari,1
3857297,Saudi Arabia,Nawaf Shaker Al Abid,Salem Mohammed Al Dawsari,12
3857297,Saudi Arabia,Nawaf Shaker Al Abid,Saud Abdullah Abdul Hamid,3
3857297,Saudi Arabia,Saleh Khalid Al Shehri,Abdulelah Saad Hameed Al-Malki,1
3857297,Saudi Arabia,Saleh Khalid Al Shehri,Mohammed Kanoo,4
3857297,Saudi Arabia,Saleh Khalid Al Shehri,Nawaf Shaker Al Abid,2
3857297,Saudi Arabia,Saleh Khalid Al Shehri,Salem Mohammed Al Dawsari,2
3857297,Saudi Arabia,Saleh Khalid Al Shehri,Sami Khalil Al Naji,1
3857297,Saudi Arabia,Saleh Khalid Al Shehri,Saud Abdullah Abdul Hamid,2
3857297,Saudi Arabia,Sami Khalil Al Naji,Abdulelah Saad Hameed Al-Malki,1
3857297,Saudi Arabia,Sami Khalil Al Naji,Ali Albulayhi,2
3857297,Saudi Arabia,Sami Khalil Al Naji,Firas Tariq Nasser Al Albirakan,1
3857297,Saudi Arabia,Sami Khalil Al Naji,Mohammed Kanoo,2
3857297,Saudi Arabia,Sami Khalil Al Naji,Saleh Khalid Al Shehri,2
3857297,Saudi Arabia,Sami Khalil Al Naji,Salem Mohammed Al Dawsari,2
3857297,Saudi Arabia,Sami Khalil Al Naji,Saud Abdullah Abdul Hamid,5
3857297,Saudi Arabia,Abdulrahman Al-Obood,Mohammed Kanoo,2
3857297,Saudi Arabia,Hattan Babhir,Abdulelah Al Amri,1
3857298,Ghana,Abdul Rahman Baba,André Ayew Pelé,2
3857298,Ghana,Abdul Rahman Baba,Antoine Semenyo,1
3857298,Ghana,Abdul Rahman Baba,Daniel Amartey,1
3857298,Ghana,Abdul Rahman Baba,Iñaki Williams Arthuer,2
3857298,Ghana,Abdul Rahman Baba,Jordan Ayew,4
3857298,Ghana,Abdul Rahman Baba,Mohamed Salisu,8
3857298,Ghana,Abdul Rahman Baba,Mohammed Kudus,4
3857298,Ghana,Abdul Rahman Baba,Osman Bukari,1
3857298,Ghana,Abdul Rahman Baba,Salis Abdul Samed,3
3857298,Ghana,Abdul Rahman Baba,Thomas Teye Partey,1
3857298,Ghana,André Ayew Pelé,Abdul Rahman Baba,1
3857298,Ghana,André Ayew Pelé,Alexander Djiku,2
3857298,Ghana,André Ayew Pelé,Alidu Seidu,5
3857298,Ghana,André Ayew Pelé,Mohammed Kudus,1
3857298,Ghana,André Ayew Pelé,Salis Abdul Samed,3
3857298,Ghana,André Ayew Pelé,Thomas Teye Partey,1
3857298,Ghana,Daniel Amartey,Abdul Rahman Baba,3
3857298,Ghana,Daniel Amartey,Alexander Djiku,3
3857298,Ghana,Daniel Amartey,Alidu Seidu,2
3857298,Ghana,Daniel Amartey,André Ayew Pelé,3
3857298,Ghana,Daniel Amartey,Iñaki Williams Arthuer,2
3857298,Ghana,Daniel Amartey,Lawrence Ati-Zigi,2
3857298,Ghana,Daniel Amartey,Mohamed Salisu,3
3857298,Ghana,Daniel Amartey,Mohammed Kudus,2
3857298,Ghana,Daniel Amartey,Salis Abdul Samed,10
3857298,Ghana,Daniel Amartey,Tariq Lamptey,1
3857298,Ghana,Daniel Amartey,Thomas Teye Partey,15
3857298,Ghana,Iñaki Williams Arthuer,Abdul Rahman Baba,2
3857298,Ghana,Iñaki Williams Arthuer,Alidu Seidu,2
3857298,Ghana,Iñaki Williams Arthuer,Daniel Amartey,1
3857298,Ghana,Iñaki Williams Arthuer,Jordan Ayew,2
3857298,Ghana,Iñaki Williams Arthuer,Mohammed Kudus,3
3857298,Ghana,Iñaki Williams Arthuer,Osman Bukari,1
3857298,Ghana,Iñaki Williams Arthuer,Salis Abdul Samed,1
3857298,Ghana,Iñaki Williams Arthuer,Tariq Lamptey,1
3857298,Ghana,Iñaki Williams Arthuer,Thomas Teye Partey,1
3857298,Ghana,Jordan Ayew,Abdul Rahman Baba,2
3857298,Ghana,Jordan Ayew,Alexander Djiku,1
3857298,Ghana,Jordan Ayew,Mohamed Salisu,2
3857298,Ghana,Jordan Ayew,Osman Bukari,1
3857298,Ghana,Jordan Ayew,Salis Abdul Samed,3
3857298,Ghana,Jordan Ayew,Tariq Lamptey,1
3857298,Ghana,Jordan Ayew,Thomas Teye Partey,2
3857298,Ghana,Mohamed Salisu,Abdul Rahman Baba,14
3857298,Ghana,Mohamed Salisu,Alexander Djiku,1
3857298,Ghana,Mohamed Salisu,Daniel Amartey,1
3857298,Ghana,Mohamed Salisu,Iñaki Williams Arthuer,2
3857298,Ghana,Mohamed Salisu,Jordan Ayew,3
3857298,Ghana,Mohamed Salisu,Lawrence Ati-Zigi,1
3857298,Ghana,Mohamed Salisu,Salis Abdul Samed,6
3857298,Ghana,Mohamed Salisu,Thomas Teye Partey,4
3857298,Ghana,Mohammed Kudus,Abdul Rahman Baba,4
3857298,Ghana,Mohammed Kudus,Alidu Seidu,1
3857298,Ghana,Mohammed Kudus,André Ayew Pelé,3
3857298,Ghana,Mohammed Kudus,Iñaki Williams Arthuer,4
3857298,Ghana,Mohammed Kudus,Mohamed Salisu,2
3857298,Ghana,Mohammed Kudus,Salis Abdul Samed,2
3857298,Ghana,Mohammed Kudus,Thomas Teye Partey,1
3857298,Ghana,Osman Bukari,Abdul Rahman Baba,1
3857298,Ghana,Osman Bukari,Daniel-Kofi Kyereh,1
3857298,Ghana,Osman Bukari,Iñaki Williams Arthuer,1
3857298,Ghana,Osman Bukari,Jordan Ayew,1
3857298,Ghana,Osman Bukari,Tariq Lamptey,2
3857298,Ghana,Osman Bukari,Thomas Teye Partey,1
3857298,Ghana,Salis Abdul Samed,Abdul Rahman Baba,3
3857298,Ghana,Salis Abdul Samed,Alexander Djiku,2
3857298,Ghana,Salis Abdul Samed,Alidu Seidu,5
3857298,Ghana,Salis Abdul Samed,André Ayew Pelé,2
3857298,Ghana,Salis Abdul Samed,Daniel Amartey,6
3857298,Ghana,Salis Abdul Samed,Jordan Ayew,1
3857298,Ghana,Salis Abdul Samed,Lawrence Ati-Zigi,1
3857298,Ghana,Salis Abdul Samed,Mohamed Salisu,4
3857298,Ghana,Salis Abdul Samed,Mohammed Kudus,7
3857298,Ghana,Salis Abdul Samed,Tariq Lamptey,1
3857298,Ghana,Salis Abdul Samed,Thomas Teye Partey,15
3857298,Ghana,Thomas Teye Partey,Abdul Rahman Baba,2
3857298,Ghana,Thomas Teye Partey,Alexander Djiku,2
3857298,Ghana,Thomas Teye Partey,Alidu Seidu,5
3857298,Ghana,Thomas Teye Partey,Daniel Amartey,10
3857298,Ghana,Thomas Teye Partey,Daniel-Kofi Kyereh,2
3857298,Ghana,Thomas Teye Partey,Iñaki Williams Arthuer,2
3857298,Ghana,Thomas Teye Partey,Jordan Ayew,3
3857298,Ghana,Thomas Teye Partey,Lawrence Ati-Zigi,1
3857298,Ghana,Thomas Teye Partey,Mohamed Salisu,6
3857298,Ghana,Thomas Teye Partey,Mohammed Kudus,3
3857298,Ghana,Thomas Teye Partey,Osman Bukari,1
3857298,Ghana,Thomas Teye Partey,Salis Abdul Samed,9
3857298,Ghana,Thomas Teye Partey,Tariq Lamptey,1
3857298,Ghana,Alexander Djiku,André Ayew Pelé,2
3857298,Ghana,Alexander Djiku,Daniel Amartey,5
3857298,Ghana,Alexander Djiku,Lawrence Ati-Zigi,4
3857298,Ghana,Alexander Djiku,Mohamed Salisu,5
3857298,Ghana,Alexander Djiku,Mohammed Kudus,3
3857298,Ghana,Alexander Djiku,Salis Abdul Samed,2
3857298,Ghana,Alexander Djiku,Thomas Teye Partey,2
3857298,Ghana,Lawrence Ati-Zigi,Abdul Rahman Baba,2
3857298,Ghana,Lawrence Ati-Zigi,Alexander Djiku,4
3857298,Ghana,Lawrence Ati-Zigi,Daniel Amartey,5
3857298,Ghana,Lawrence Ati-Zigi,Iñaki Williams Arthuer,2
3857298,Ghana,Lawrence Ati-Zigi,Mohamed Salisu,5
3857298,Ghana,Lawrence Ati-Zigi,Thomas Teye Partey,2
3857298,Ghana,Alidu Seidu,Abdul Rahman Baba,1
3857298,Ghana,Alidu Seidu,André Ayew Pelé,2
3857298,Ghana,Alidu Seidu,Daniel Amartey,10
3857298,Ghana,Alidu Seidu,Iñaki Williams Arthuer,1
3857298,Ghana,Alidu Seidu,Salis Abdul Samed,2
3857298,Ghana,Alidu Seidu,Thomas Teye Partey,3
3857298,Ghana,Tariq Lamptey,Alexander Djiku,2
3857298,Ghana,Tariq Lamptey,Daniel Amartey,3
3857298,Ghana,Tariq Lamptey,Osman Bukari,1
3857298,Ghana,Tariq Lamptey,Salis Abdul Samed,1
3857298,Ghana,Tariq Lamptey,Thomas Teye Partey,3
3857298,Ghana,Daniel-Kofi Kyereh,Abdul Rahman Baba,1
3857298,Ghana,Daniel-Kofi Kyereh,Thomas Teye Partey,1
3857298,Portugal,Bernardo Mota Veiga de Carvalho e Silva,Bruno Miguel Borges Fernandes,7
3857298,Portugal,Bernardo Mota Veiga de Carvalho e Silva,Cristiano Ronaldo dos Santos Aveiro,5
3857298,Portugal,Bernardo Mota Veiga de Carvalho e Silva,Danilo Luís Hélio Pereira,11
3857298,Portugal,Bernardo Mota Veiga de Carvalho e Silva,Diogo Meireles Costa,1
3857298,Portugal,Bernardo Mota Veiga de Carvalho e Silva,João Félix Sequeira,6
3857298,Portugal,Bernardo Mota Veiga de Carvalho e Silva,João Pedro Cavaco Cancelo,10
3857298,Portugal,Bernardo Mota Veiga de Carvalho e Silva,Otávio Edmilson da Silva Monteiro,2
3857298,Portugal,Bernardo Mota Veiga de Carvalho e Silva,Raphaël Adelino José Guerreiro,6
3857298,Portugal,Bernardo Mota Veiga de Carvalho e Silva,Rúben Diogo Da Silva Neves,10
3857298,Portugal,Bernardo Mota Veiga de Carvalho e Silva,Rúben Santos Gato Alves Dias,8
3857298,Portugal,Bernardo Mota Veiga de Carvalho e Silva,William Silva de Carvalho,3
3857298,Portugal,Bruno Miguel Borges Fernandes,Bernardo Mota Veiga de Carvalho e Silva,5
3857298,Portugal,Bruno Miguel Borges Fernandes,Cristiano Ronaldo dos Santos Aveiro,3
3857298,Portugal,Bruno Miguel Borges Fernandes,Danilo Luís Hélio Pereira,2
3857298,Portugal,Bruno Miguel Borges Fernandes,Diogo Meireles Costa,1
3857298,Portugal,Bruno Miguel Borges Fernandes,João Félix Sequeira,4
3857298,Portugal,Bruno Miguel Borges Fernandes,João Pedro Cavaco Cancelo,9
3857298,Portugal,Bruno Miguel Borges Fernandes,Otávio Edmilson da Silva Monteiro,4
3857298,Portugal,Bruno Miguel Borges Fernandes,Rafael Alexandre Conceição Leão,4
3857298,Portugal,Bruno Miguel Borges Fernandes,Raphaël Adelino José Guerreiro,10
3857298,Portugal,Bruno Miguel Borges Fernandes,Rúben Diogo Da Silva Neves,4
3857298,Portugal,Bruno Miguel Borges Fernandes,Rúben Santos Gato Alves Dias,2
3857298,Portugal,Bruno Miguel Borges Fernandes,William Silva de Carvalho,1
3857298,Portugal,Cristiano Ronaldo dos Santos Aveiro,Bernardo Mota Veiga de Carvalho e Silva,3
3857298,Portugal,Cristiano Ronaldo dos Santos Aveiro,Bruno Miguel Borges Fernandes,3
3857298,Portugal,Cristiano Ronaldo dos Santos Aveiro,Danilo Luís Hélio Pereira,1
3857298,Portugal,Cristiano Ronaldo dos Santos Aveiro,João Félix Sequeira,1
3857298,Portugal,Cristiano Ronaldo dos Santos Aveiro,João Pedro Cavaco Cancelo,1
3857298,Portugal,Cristiano Ronaldo dos Santos Aveiro,Otávio Edmilson da Silva Monteiro,1
3857298,Portugal,Cristiano Ronaldo dos Santos Aveiro,Rafael Alexandre Conceição Leão,1
3857298,Portugal,Cristiano Ronaldo dos Santos Aveiro,Raphaël Adelino José Guerreiro,2
3857298,Portugal,Cristiano Ronaldo dos Santos Aveiro,William Silva de Carvalho,1
3857298,Portugal,Danilo Luís Hélio Pereira,Bernardo Mota Veiga de Carvalho e Silva,9
3857298,Portugal,Danilo Luís Hélio Pereira,Bruno Miguel Borges Fernandes,3
3857298,Portugal,Danilo Luís Hélio Pereira,Diogo Meireles Costa,4
3857298,Portugal,Danilo Luís Hélio Pereira,João Félix Sequeira,6
3857298,Portugal,Danilo Luís Hélio Pereira,João Pedro Cavaco Cancelo,2
3857298,Portugal,Danilo Luís Hélio Pereira,Otávio Edmilson da Silva Monteiro,3
3857298,Portugal,Danilo Luís Hélio Pereira,Raphaël Adelino José Guerreiro,21
3857298,Portugal,Danilo Luís Hélio Pereira,Rúben Diogo Da Silva Neves,12
3857298,Portugal,Danilo Luís Hélio Pereira,Rúben Santos Gato Alves Dias,10
3857298,Portugal,Danilo Luís Hélio Pereira,William Silva de Carvalho,2
3857298,Portugal,Diogo Meireles Costa,Bernardo Mota Veiga de Carvalho e Silva,2
3857298,Portugal,Diogo Meireles Costa,Danilo Luís Hélio Pereira,9
3857298,Portugal,Diogo Meireles Costa,Gonçalo Matias Ramos,2
3857298,Portugal,Diogo Meireles Costa,Raphaël Adelino José Guerreiro,1
3857298,Portugal,Diogo Meireles Costa,Rúben Diogo Da Silva Neves,1
3857298,Portugal,Diogo Meireles Costa,Rúben Santos Gato Alves Dias,9
3857298,Portugal,Diogo Meireles Costa,William Silva de Carvalho,1
3857298,Portugal,João Félix Sequeira,Bernardo Mota Veiga de Carvalho e Silva,1
3857298,Portugal,João Félix Sequeira,Bruno Miguel Borges Fernandes,3
3857298,Portugal,João Félix Sequeira,Cristiano Ronaldo dos Santos Aveiro,2
3857298,Portugal,João Félix Sequeira,Danilo Luís Hélio Pereira,3
3857298,Portugal,João Félix Sequeira,João Pedro Cavaco Cancelo,2
3857298,Portugal,João Félix Sequeira,Otávio Edmilson da Silva Monteiro,2
3857298,Portugal,João Félix Sequeira,Raphaël Adelino José Guerreiro,3
3857298,Portugal,João Félix Sequeira,Rúben Diogo Da Silva Neves,5
3857298,Portugal,João Félix Sequeira,Rúben Santos Gato Alves Dias,1
3857298,Portugal,João Pedro Cavaco Cancelo,Bernardo Mota Veiga de Carvalho e Silva,13
3857298,Portugal,João Pedro Cavaco Cancelo,Bruno Miguel Borges Fernandes,10
3857298,Portugal,João Pedro Cavaco Cancelo,Cristiano Ronaldo dos Santos Aveiro,2
3857298,Portugal,João Pedro Cavaco Cancelo,Danilo Luís Hélio Pereira,4
3857298,Portugal,João Pedro Cavaco Cancelo,João Félix Sequeira,2
3857298,Portugal,João Pedro Cavaco Cancelo,Otávio Edmilson da Silva Monteiro,3
3857298,Portugal,João Pedro Cavaco Cancelo,Raphaël Adelino José Guerreiro,3
3857298,Portugal,João Pedro Cavaco Cancelo,Rúben Diogo Da Silva Neves,5
3857298,Portugal,João Pedro Cavaco Cancelo,Rúben Santos Gato Alves Dias,14
3857298,Portugal,João Pedro Cavaco Cancelo,William Silva de Carvalho,3
3857298,Portugal,Otávio Edmilson da Silva Monteiro,Bernardo Mota Veiga de Carvalho e Silva,6
3857298,Portugal,Otávio Edmilson da Silva Monteiro,Bruno Miguel Borges Fernandes,2
3857298,Portugal,Otávio Edmilson da Silva Monteiro,Cristiano Ronaldo dos Santos Aveiro,2
3857298,Portugal,Otávio Edmilson da Silva Monteiro,Danilo Luís Hélio Pereira,4
3857298,Portugal,Otávio Edmilson da Silva Monteiro,Diogo Meireles Costa,1
3857298,Portugal,Otávio Edmilson da Silva Monteiro,João Félix Sequeira,3
3857298,Portugal,Otávio Edmilson da Silva Monteiro,João Pedro Cavaco Cancelo,5
3857298,Portugal,Otávio Edmilson da Silva Monteiro,Raphaël Adelino José Guerreiro,4
3857298,Portugal,Otávio Edmilson da Silva Monteiro,Rúben Diogo Da Silva Neves,2
3857298,Portugal,Raphaël Adelino José Guerreiro,Bernardo Mota Veiga de Carvalho e Silva,10
3857298,Portugal,Raphaël Adelino José Guerreiro,Bruno Miguel Borges Fernandes,6
3857298,Portugal,Raphaël Adelino José Guerreiro,Cristiano Ronaldo dos Santos Aveiro,5
3857298,Portugal,Raphaël Adelino José Guerreiro,Danilo Luís Hélio Pereira,14
3857298,Portugal,Raphaël Adelino José Guerreiro,Diogo Meireles Costa,1
3857298,Portugal,Raphaël Adelino José Guerreiro,Gonçalo Matias Ramos,1
3857298,Portugal,Raphaël Adelino José Guerreiro,João Félix Sequeira,10
3857298,Portugal,Raphaël Adelino José Guerreiro,João Maria Lobo Alves Palhinha Gonçalves,1
3857298,Portugal,Raphaël Adelino José Guerreiro,Otávio Edmilson da Silva Monteiro,5
3857298,Portugal,Raphaël Adelino José Guerreiro,Rafael Alexandre Conceição Leão,4
3857298,Portugal,Raphaël Adelino José Guerreiro,Rúben Diogo Da Silva Neves,5
3857298,Portugal,Raphaël Adelino José Guerreiro,William Silva de Carvalho,7
3857298,Portugal,Rúben Diogo Da Silva Neves,Bernardo Mota Veiga de Carvalho e Silva,5
3857298,Portugal,Rúben Diogo Da Silva Neves,Bruno Miguel Borges Fernandes,6
3857298,Portugal,Rúben Diogo Da Silva Neves,Cristiano Ronaldo dos Santos Aveiro,2
3857298,Portugal,Rúben Diogo Da Silva Neves,Danilo Luís Hélio Pereira,6
3857298,Portugal,Rúben Diogo Da Silva Neves,João Félix Sequeira,1
3857298,Portugal,Rúben Diogo Da Silva Neves,João Pedro Cavaco Cancelo,12
3857298,Portugal,Rúben Diogo Da Silva Neves,Otávio Edmilson da Silva Monteiro,7
3857298,Portugal,Rúben Diogo Da Silva Neves,Raphaël Adelino José Guerreiro,5
3857298,Portugal,Rúben Diogo Da Silva Neves,Rúben Santos Gato Alves Dias,14
3857298,Portugal,Rúben Diogo Da Silva Neves,William Silva de Carvalho,1
3857298,Portugal,Rúben Santos Gato Alves Dias,Bernardo Mota Veiga de Carvalho e Silva,7
3857298,Portugal,Rúben Santos Gato Alves Dias,Bruno Miguel Borges Fernandes,4
3857298,Portugal,Rúben Santos Gato Alves Dias,Danilo Luís Hélio Pereira,13
3857298,Portugal,Rúben Santos Gato Alves Dias,Diogo Meireles Costa,2
3857298,Portugal,Rúben Santos Gato Alves Dias,João Pedro Cavaco Cancelo,17
3857298,Portugal,Rúben Santos Gato Alves Dias,Otávio Edmilson da Silva Monteiro,8
3857298,Portugal,Rúben Santos Gato Alves Dias,Raphaël Adelino José Guerreiro,3
3857298,Portugal,Rúben Santos Gato Alves Dias,Rúben Diogo Da Silva Neves,5
3857298,Portugal,Rúben Santos Gato Alves Dias,William Silva de Carvalho,4
3857298,Portugal,William Silva de Carvalho,Bernardo Mota Veiga de Carvalho e Silva,2
3857298,Portugal,William Silva de Carvalho,Bruno Miguel Borges Fernandes,7
3857298,Portugal,William Silva de Carvalho,Cristiano Ronaldo dos Santos Aveiro,1
3857298,Portugal,William Silva de Carvalho,Danilo Luís Hélio Pereira,1
3857298,Portugal,William Silva de Carvalho,Gonçalo Matias Ramos,1
3857298,Portugal,William Silva de Carvalho,João Félix Sequeira,3
3857298,Portugal,William Silva de Carvalho,João Maria Lobo Alves Palhinha Gonçalves,1
3857298,Portugal,William Silva de Carvalho,João Pedro Cavaco Cancelo,4
3857298,Portugal,William Silva de Carvalho,Raphaël Adelino José Guerreiro,5
3857298,Portugal,William Silva de Carvalho,Rúben Diogo Da Silva Neves,1
3857298,Portugal,William Silva de Carvalho,Rúben Santos Gato Alves Dias,1
3857298,Portugal,Rafael Alexandre Conceição Leão,Bruno Miguel Borges Fernandes,2
3857298,Portugal,Rafael Alexandre Conceição Leão,Cristiano Ronaldo dos Santos Aveiro,1
3857298,Portugal,Rafael Alexandre Conceição Leão,Raphaël Adelino José Guerreiro,3
3857298,Portugal,Rafael Alexandre Conceição Leão,William Silva de Carvalho,1
3857298,Portugal,Gonçalo Matias Ramos,Bruno Miguel Borges Fernandes,2
3857298,Portugal,Gonçalo Matias Ramos,Danilo Luís Hélio Pereira,1
3857298,Portugal,Gonçalo Matias Ramos,João Mário Naval da Costa Eduardo,1
3857298,Portugal,Gonçalo Matias Ramos,Rafael Alexandre Conceição Leão,2
3857298,Portugal,João Mário Naval da Costa Eduardo,Gonçalo Matias Ramos,2
3857298,Portugal,João Mário Naval da Costa Eduardo,João Maria Lobo Alves Palhinha Gonçalves,1
3857298,Portugal,João Maria Lobo Alves Palhinha Gonçalves,Rafael Alexandre Conceição Leão,1
3857298,Portugal,João Maria Lobo Alves Palhinha Gonçalves,Raphaël Adelino José Guerreiro,2
3857299,Ghana,André Ayew Pelé,Daniel Amartey,1
3857299,Ghana,André Ayew Pelé,Gideon Mensah,2
3857299,Ghana,André Ayew Pelé,Iñaki Williams Arthuer,1
3857299,Ghana,André Ayew Pelé,Jordan Ayew,1
3857299,Ghana,André Ayew Pelé,Mohamed Salisu,1
3857299,Ghana,André Ayew Pelé,Mohammed Kudus,2
3857299,Ghana,André Ayew Pelé,Tariq Lamptey,1
3857299,Ghana,André Ayew Pelé,Thomas Teye Partey,3
3857299,Ghana,Daniel Amartey,Alexander Djiku,1
3857299,Ghana,Daniel Amartey,Gideon Mensah,3
3857299,Ghana,Daniel Amartey,Iñaki Williams Arthuer,1
3857299,Ghana,Daniel Amartey,Mohamed Salisu,5
3857299,Ghana,Daniel Amartey,Mohammed Kudus,1
3857299,Ghana,Daniel Amartey,Salis Abdul Samed,8
3857299,Ghana,Daniel Amartey,Tariq Lamptey,3
3857299,Ghana,Daniel Amartey,Thomas Teye Partey,14
3857299,Ghana,Gideon Mensah,André Ayew Pelé,1
3857299,Ghana,Gideon Mensah,Daniel-Kofi Kyereh,1
3857299,Ghana,Gideon Mensah,Iñaki Williams Arthuer,4
3857299,Ghana,Gideon Mensah,Jordan Ayew,6
3857299,Ghana,Gideon Mensah,Kamaldeen Sulemana,2
3857299,Ghana,Gideon Mensah,Lawrence Ati-Zigi,2
3857299,Ghana,Gideon Mensah,Mohamed Salisu,8
3857299,Ghana,Gideon Mensah,Salis Abdul Samed,8
3857299,Ghana,Gideon Mensah,Thomas Teye Partey,3
3857299,Ghana,Iñaki Williams Arthuer,André Ayew Pelé,1
3857299,Ghana,Iñaki Williams Arthuer,Daniel-Kofi Kyereh,1
3857299,Ghana,Iñaki Williams Arthuer,Jordan Ayew,2
3857299,Ghana,Iñaki Williams Arthuer,Lawrence Ati-Zigi,1
3857299,Ghana,Iñaki Williams Arthuer,Mohammed Kudus,2
3857299,Ghana,Iñaki Williams Arthuer,Tariq Lamptey,1
3857299,Ghana,Iñaki Williams Arthuer,Thomas Teye Partey,1
3857299,Ghana,Jordan Ayew,Gideon Mensah,6
3857299,Ghana,Jordan Ayew,Iñaki Williams Arthuer,1
3857299,Ghana,Jordan Ayew,Mohamed Salisu,3
3857299,Ghana,Jordan Ayew,Mohammed Kudus,1
3857299,Ghana,Jordan Ayew,Salis Abdul Samed,2
3857299,Ghana,Jordan Ayew,Tariq Lamptey,1
3857299,Ghana,Jordan Ayew,Thomas Teye Partey,2
3857299,Ghana,Mohamed Salisu,André Ayew Pelé,3
3857299,Ghana,Mohamed Salisu,Daniel Amartey,6
3857299,Ghana,Mohamed Salisu,Gideon Mensah,7
3857299,Ghana,Mohamed Salisu,Jordan Ayew,4
3857299,Ghana,Mohamed Salisu,Lawrence Ati-Zigi,1
3857299,Ghana,Mohamed Salisu,Salis Abdul Samed,4
3857299,Ghana,Mohamed Salisu,Thomas Teye Partey,7
3857299,Ghana,Mohammed Kudus,André Ayew Pelé,4
3857299,Ghana,Mohammed Kudus,Daniel Amartey,1
3857299,Ghana,Mohammed Kudus,Daniel-Kofi Kyereh,1
3857299,Ghana,Mohammed Kudus,Gideon Mensah,2
3857299,Ghana,Mohammed Kudus,Iñaki Williams Arthuer,1
3857299,Ghana,Mohammed Kudus,Jordan Ayew,1
3857299,Ghana,Mohammed Kudus,Mohamed Salisu,1
3857299,Ghana,Mohammed Kudus,Tariq Lamptey,2
3857299,Ghana,Mohammed Kudus,Thomas Teye Partey,4
3857299,Ghana,Tariq Lamptey,Daniel Amartey,4
3857299,Ghana,Tariq Lamptey,Iñaki Williams Arthuer,2
3857299,Ghana,Tariq Lamptey,Lawrence Ati-Zigi,2
3857299,Ghana,Tariq Lamptey,Mohammed Kudus,3
3857299,Ghana,Thomas Teye Partey,André Ayew Pelé,6
3857299,Ghana,Thomas Teye Partey,Daniel Amartey,7
3857299,Ghana,Thomas Teye Partey,Denis Odoi,1
3857299,Ghana,Thomas Teye Partey,Gideon Mensah,1
3857299,Ghana,Thomas Teye Partey,Iñaki Williams Arthuer,1
3857299,Ghana,Thomas Teye Partey,Jordan Ayew,4
3857299,Ghana,Thomas Teye Partey,Mohamed Salisu,6
3857299,Ghana,Thomas Teye Partey,Mohammed Kudus,3
3857299,Ghana,Thomas Teye Partey,Salis Abdul Samed,11
3857299,Ghana,Thomas Teye Partey,Tariq Lamptey,3
3857299,Ghana,Salis Abdul Samed,Daniel Amartey,8
3857299,Ghana,Salis Abdul Samed,Gideon Mensah,7
3857299,Ghana,Salis Abdul Samed,Jordan Ayew,3
3857299,Ghana,Salis Abdul Samed,Lawrence Ati-Zigi,1
3857299,Ghana,Salis Abdul Samed,Mohamed Salisu,9
3857299,Ghana,Salis Abdul Samed,Mohammed Kudus,3
3857299,Ghana,Salis Abdul Samed,Thomas Teye Partey,6
3857299,Ghana,Daniel-Kofi Kyereh,Kamaldeen Sulemana,1
3857299,Ghana,Daniel-Kofi Kyereh,Thomas Teye Partey,1
3857299,Ghana,Kamaldeen Sulemana,Iñaki Williams Arthuer,1
3857299,Ghana,Kamaldeen Sulemana,Salis Abdul Samed,1
3857299,Ghana,Denis Odoi,Mohammed Kudus,1
3857299,Ghana,Denis Odoi,Thomas Teye Partey,1
3857299,Ghana,Lawrence Ati-Zigi,Daniel Amartey,4
3857299,Ghana,Lawrence Ati-Zigi,Iñaki Williams Arthuer,1
3857299,Ghana,Lawrence Ati-Zigi,Kamaldeen Sulemana,1
3857299,Ghana,Lawrence Ati-Zigi,Mohamed Salisu,4
3857299,Ghana,Lawrence Ati-Zigi,Salis Abdul Samed,2
3857299,South Korea,Chang-Hoon Kwon,Gue-Sung Cho,2
3857299,South Korea,Chang-Hoon Kwon,Heung-Min Son,2
3857299,South Korea,Chang-Hoon Kwon,In-Beom Hwang,4
3857299,South Korea,Chang-Hoon Kwon,Jin-Su Kim,1
3857299,South Korea,Chang-Hoon Kwon,Moon-Hwan Kim,3
3857299,South Korea,Chang-Hoon Kwon,Sang-Ho Na,1
3857299,South Korea,Chang-Hoon Kwon,Woo-Yeong Jeong,1
3857299,South Korea,Chang-Hoon Kwon,Woo-Young Jung,3
3857299,South Korea,Chang-Hoon Kwon,Young-Gwon Kim,2
3857299,South Korea,Gue-Sung Cho,Heung-Min Son,2
3857299,South Korea,Gue-Sung Cho,In-Beom Hwang,4
3857299,South Korea,Gue-Sung Cho,Kang-In Lee,1
3857299,South Korea,Gue-Sung Cho,Moon-Hwan Kim,1
3857299,South Korea,Gue-Sung Cho,Woo-Yeong Jeong,1
3857299,South Korea,Gue-Sung Cho,Woo-Young Jung,2
3857299,South Korea,Gue-Sung Cho,Young-Gwon Kim,1
3857299,South Korea,Heung-Min Son,Chang-Hoon Kwon,4
3857299,South Korea,Heung-Min Son,Gue-Sung Cho,3
3857299,South Korea,Heung-Min Son,In-Beom Hwang,3
3857299,South Korea,Heung-Min Son,Jin-Su Kim,4
3857299,South Korea,Heung-Min Son,Kang-In Lee,2
3857299,South Korea,Heung-Min Son,Kyung-Won Kwon,1
3857299,South Korea,Heung-Min Son,Min Jae Kim,4
3857299,South Korea,Heung-Min Son,Sang-Ho Na,1
3857299,South Korea,Heung-Min Son,Woo-Yeong Jeong,1
3857299,South Korea,Heung-Min Son,Woo-Young Jung,4
3857299,South Korea,In-Beom Hwang,Chang-Hoon Kwon,3
3857299,South Korea,In-Beom Hwang,Gue-Sung Cho,3
3857299,South Korea,In-Beom Hwang,Heung-Min Son,6
3857299,South Korea,In-Beom Hwang,Jin-Su Kim,6
3857299,South Korea,In-Beom Hwang,Kang-In Lee,9
3857299,South Korea,In-Beom Hwang,Kyung-Won Kwon,4
3857299,South Korea,In-Beom Hwang,Min Jae Kim,7
3857299,South Korea,In-Beom Hwang,Moon-Hwan Kim,20
3857299,South Korea,In-Beom Hwang,Sang-Ho Na,2
3857299,South Korea,In-Beom Hwang,Woo-Yeong Jeong,5
3857299,South Korea,In-Beom Hwang,Woo-Young Jung,10
3857299,South Korea,In-Beom Hwang,Young-Gwon Kim,5
3857299,South Korea,Jin-Su Kim,Chang-Hoon Kwon,3
3857299,South Korea,Jin-Su Kim,Gue-Sung Cho,3
3857299,South Korea,Jin-Su Kim,Heung-Min Son,3
3857299,South Korea,Jin-Su Kim,In-Beom Hwang,5
3857299,South Korea,Jin-Su Kim,Kang-In Lee,2
3857299,South Korea,Jin-Su Kim,Moon-Hwan Kim,1
3857299,South Korea,Jin-Su Kim,Sang-Ho Na,2
3857299,South Korea,Jin-Su Kim,Ui-Jo Hwang,1
3857299,South Korea,Jin-Su Kim,Woo-Yeong Jeong,4
3857299,South Korea,Jin-Su Kim,Woo-Young Jung,8
3857299,South Korea,Jin-Su Kim,Young-Gwon Kim,4
3857299,South Korea,Moon-Hwan Kim,Chang-Hoon Kwon,3
3857299,South Korea,Moon-Hwan Kim,Gue-Sung Cho,8
3857299,South Korea,Moon-Hwan Kim,Heung-Min Son,1
3857299,South Korea,Moon-Hwan Kim,In-Beom Hwang,21
3857299,South Korea,Moon-Hwan Kim,Jin-Su Kim,3
3857299,South Korea,Moon-Hwan Kim,Kang-In Lee,2
3857299,South Korea,Moon-Hwan Kim,Min Jae Kim,19
3857299,South Korea,Moon-Hwan Kim,Sang-Ho Na,3
3857299,South Korea,Moon-Hwan Kim,Seung-Gyu Kim,2
3857299,South Korea,Moon-Hwan Kim,Woo-Yeong Jeong,2
3857299,South Korea,Moon-Hwan Kim,Woo-Young Jung,11
3857299,South Korea,Sang-Ho Na,Heung-Min Son,5
3857299,South Korea,Sang-Ho Na,Kang-In Lee,2
3857299,South Korea,Sang-Ho Na,Moon-Hwan Kim,4
3857299,South Korea,Sang-Ho Na,Woo-Young Jung,1
3857299,South Korea,Woo-Yeong Jeong,Chang-Hoon Kwon,1
3857299,South Korea,Woo-Yeong Jeong,Gue-Sung Cho,1
3857299,South Korea,Woo-Yeong Jeong,Heung-Min Son,2
3857299,South Korea,Woo-Yeong Jeong,In-Beom Hwang,3
3857299,South Korea,Woo-Yeong Jeong,Jin-Su Kim,2
3857299,South Korea,Woo-Yeong Jeong,Min Jae Kim,2
3857299,South Korea,Woo-Yeong Jeong,Woo-Young Jung,2
3857299,South Korea,Woo-Young Jung,Chang-Hoon Kwon,1
3857299,South Korea,Woo-Young Jung,Heung-Min Son,6
3857299,South Korea,Woo-Young Jung,In-Beom Hwang,9
3857299,South Korea,Woo-Young Jung,Jin-Su Kim,8
3857299,South Korea,Woo-Young Jung,Kang-In Lee,1
3857299,South Korea,Woo-Young Jung,Min Jae Kim,9
3857299,South Korea,Woo-Young Jung,Moon-Hwan Kim,9
3857299,South Korea,Woo-Young Jung,Sang-Ho Na,1
3857299,South Korea,Woo-Young Jung,Young-Gwon Kim,9
3857299,South Korea,Young-Gwon Kim,Chang-Hoon Kwon,3
3857299,South Korea,Young-Gwon Kim,Gue-Sung Cho,2
3857299,South Korea,Young-Gwon Kim,Heung-Min Son,4
3857299,South Korea,Young-Gwon Kim,In-Beom Hwang,10
3857299,South Korea,Young-Gwon Kim,Jin-Su Kim,11
3857299,South Korea,Young-Gwon Kim,Kang-In Lee,4
3857299,South Korea,Young-Gwon Kim,Min Jae Kim,9
3857299,South Korea,Young-Gwon Kim,Moon-Hwan Kim,3
3857299,South Korea,Young-Gwon Kim,Sang-Ho Na,1
3857299,South Korea,Young-Gwon Kim,Seung-Gyu Kim,4
3857299,South Korea,Young-Gwon Kim,Woo-Young Jung,8
3857299,South Korea,Kang-In Lee,Gue-Sung Cho,3
3857299,South Korea,Kang-In Lee,Heung-Min Son,2
3857299,South Korea,Kang-In Lee,In-Beom Hwang,2
3857299,South Korea,Kang-In Lee,Jin-Su Kim,1
3857299,South Korea,Kang-In Lee,Kyung-Won Kwon,2
3857299,South Korea,Kang-In Lee,Moon-Hwan Kim,5
3857299,South Korea,Kang-In Lee,Sang-Ho Na,1
3857299,South Korea,Kang-In Lee,Woo-Young Jung,1
3857299,South Korea,Kang-In Lee,Young-Gwon Kim,7
3857299,South Korea,Kyung-Won Kwon,In-Beom Hwang,3
3857299,South Korea,Kyung-Won Kwon,Moon-Hwan Kim,2
3857299,South Korea,Kyung-Won Kwon,Seung-Gyu Kim,1
3857299,South Korea,Kyung-Won Kwon,Young-Gwon Kim,2
3857299,South Korea,Min Jae Kim,Chang-Hoon Kwon,2
3857299,South Korea,Min Jae Kim,Heung-Min Son,1
3857299,South Korea,Min Jae Kim,In-Beom Hwang,11
3857299,South Korea,Min Jae Kim,Jin-Su Kim,3
3857299,South Korea,Min Jae Kim,Moon-Hwan Kim,11
3857299,South Korea,Min Jae Kim,Sang-Ho Na,2
3857299,South Korea,Min Jae Kim,Seung-Gyu Kim,10
3857299,South Korea,Min Jae Kim,Woo-Yeong Jeong,1
3857299,South Korea,Min Jae Kim,Woo-Young Jung,5
3857299,South Korea,Min Jae Kim,Young-Gwon Kim,13
3857299,South Korea,Seung-Gyu Kim,In-Beom Hwang,2
3857299,South Korea,Seung-Gyu Kim,Jin-Su Kim,1
3857299,South Korea,Seung-Gyu Kim,Min Jae Kim,3
3857299,South Korea,Seung-Gyu Kim,Moon-Hwan Kim,3
3857299,South Korea,Seung-Gyu Kim,Young-Gwon Kim,13
3857300,Argentina,Alejandro Darío Gómez,Cristian Gabriel Romero,2
3857300,Argentina,Alejandro Darío Gómez,Leandro Daniel Paredes,6
3857300,Argentina,Alejandro Darío Gómez,Lionel Andrés Messi Cuccittini,4
3857300,Argentina,Alejandro Darío Gómez,Nahuel Molina Lucero,1
3857300,Argentina,Alejandro Darío Gómez,Nicolás Alejandro Tagliafico,4
3857300,Argentina,Alejandro Darío Gómez,Nicolás Hernán Otamendi,2
3857300,Argentina,Alejandro Darío Gómez,Ángel Fabián Di María Hernández,1
3857300,Argentina,Cristian Gabriel Romero,Leandro Daniel Paredes,13
3857300,Argentina,Cristian Gabriel Romero,Lionel Andrés Messi Cuccittini,5
3857300,Argentina,Cristian Gabriel Romero,Nahuel Molina Lucero,8
3857300,Argentina,Cristian Gabriel Romero,Nicolás Alejandro Tagliafico,1
3857300,Argentina,Cristian Gabriel Romero,Nicolás Hernán Otamendi,15
3857300,Argentina,Cristian Gabriel Romero,Rodrigo Javier De Paul,9
3857300,Argentina,Cristian Gabriel Romero,Ángel Fabián Di María Hernández,4
3857300,Argentina,Leandro Daniel Paredes,Alejandro Darío Gómez,8
3857300,Argentina,Leandro Daniel Paredes,Cristian Gabriel Romero,10
3857300,Argentina,Leandro Daniel Paredes,Lionel Andrés Messi Cuccittini,5
3857300,Argentina,Leandro Daniel Paredes,Nahuel Molina Lucero,2
3857300,Argentina,Leandro Daniel Paredes,Nicolás Alejandro Tagliafico,3
3857300,Argentina,Leandro Daniel Paredes,Nicolás Hernán Otamendi,11
3857300,Argentina,Leandro Daniel Paredes,Rodrigo Javier De Paul,15
3857300,Argentina,Leandro Daniel Paredes,Ángel Fabián Di María Hernández,1
3857300,Argentina,Lionel Andrés Messi Cuccittini,Alejandro Darío Gómez,4
3857300,Argentina,Lionel Andrés Messi Cuccittini,Cristian Gabriel Romero,2
3857300,Argentina,Lionel Andrés Messi Cuccittini,Enzo Fernandez,1
3857300,Argentina,Lionel Andrés Messi Cuccittini,Julián Álvarez,2
3857300,Argentina,Lionel Andrés Messi Cuccittini,Lautaro Javier Martínez,4
3857300,Argentina,Lionel Andrés Messi Cuccittini,Leandro Daniel Paredes,3
3857300,Argentina,Lionel Andrés Messi Cuccittini,Lisandro Martínez,1
3857300,Argentina,Lionel Andrés Messi Cuccittini,Nahuel Molina Lucero,5
3857300,Argentina,Lionel Andrés Messi Cuccittini,Nicolás Alejandro Tagliafico,2
3857300,Argentina,Lionel Andrés Messi Cuccittini,Nicolás Hernán Otamendi,3
3857300,Argentina,Lionel Andrés Messi Cuccittini,Rodrigo Javier De Paul,1
3857300,Argentina,Lionel Andrés Messi Cuccittini,Ángel Fabián Di María Hernández,5
3857300,Argentina,Nahuel Molina Lucero,Alejandro Darío Gómez,2
3857300,Argentina,Nahuel Molina Lucero,Cristian Gabriel Romero,7
3857300,Argentina,Nahuel Molina Lucero,Damián Emiliano Martínez,6
3857300,Argentina,Nahuel Molina Lucero,Enzo Fernandez,2
3857300,Argentina,Nahuel Molina Lucero,Lautaro Javier Martínez,2
3857300,Argentina,Nahuel Molina Lucero,Leandro Daniel Paredes,1
3857300,Argentina,Nahuel Molina Lucero,Lionel Andrés Messi Cuccittini,3
3857300,Argentina,Nahuel Molina Lucero,Lisandro Martínez,1
3857300,Argentina,Nahuel Molina Lucero,Marcos Javier Acuña,1
3857300,Argentina,Nahuel Molina Lucero,Nicolás Hernán Otamendi,6
3857300,Argentina,Nahuel Molina Lucero,Rodrigo Javier De Paul,14
3857300,Argentina,Nahuel Molina Lucero,Ángel Fabián Di María Hernández,12
3857300,Argentina,Nicolás Alejandro Tagliafico,Alejandro Darío Gómez,3
3857300,Argentina,Nicolás Alejandro Tagliafico,Damián Emiliano Martínez,1
3857300,Argentina,Nicolás Alejandro Tagliafico,Enzo Fernandez,1
3857300,Argentina,Nicolás Alejandro Tagliafico,Lautaro Javier Martínez,2
3857300,Argentina,Nicolás Alejandro Tagliafico,Leandro Daniel Paredes,4
3857300,Argentina,Nicolás Alejandro Tagliafico,Lisandro Martínez,2
3857300,Argentina,Nicolás Alejandro Tagliafico,Nicolás Hernán Otamendi,13
3857300,Argentina,Nicolás Alejandro Tagliafico,Rodrigo Javier De Paul,1
3857300,Argentina,Nicolás Hernán Otamendi,Alejandro Darío Gómez,5
3857300,Argentina,Nicolás Hernán Otamendi,Cristian Gabriel Romero,18
3857300,Argentina,Nicolás Hernán Otamendi,Damián Emiliano Martínez,3
3857300,Argentina,Nicolás Hernán Otamendi,Enzo Fernandez,3
3857300,Argentina,Nicolás Hernán Otamendi,Leandro Daniel Paredes,13
3857300,Argentina,Nicolás Hernán Otamendi,Lionel Andrés Messi Cuccittini,3
3857300,Argentina,Nicolás Hernán Otamendi,Lisandro Martínez,8
3857300,Argentina,Nicolás Hernán Otamendi,Nahuel Molina Lucero,9
3857300,Argentina,Nicolás Hernán Otamendi,Nicolás Alejandro Tagliafico,10
3857300,Argentina,Nicolás Hernán Otamendi,Rodrigo Javier De Paul,9
3857300,Argentina,Nicolás Hernán Otamendi,Ángel Fabián Di María Hernández,3
3857300,Argentina,Ángel Fabián Di María Hernández,Alejandro Darío Gómez,1
3857300,Argentina,Ángel Fabián Di María Hernández,Cristian Gabriel Romero,2
3857300,Argentina,Ángel Fabián Di María Hernández,Enzo Fernandez,3
3857300,Argentina,Ángel Fabián Di María Hernández,Julián Álvarez,1
3857300,Argentina,Ángel Fabián Di María Hernández,Lautaro Javier Martínez,2
3857300,Argentina,Ángel Fabián Di María Hernández,Leandro Daniel Paredes,1
3857300,Argentina,Ángel Fabián Di María Hernández,Lionel Andrés Messi Cuccittini,9
3857300,Argentina,Ángel Fabián Di María Hernández,Nahuel Molina Lucero,8
3857300,Argentina,Ángel Fabián Di María Hernández,Nicolás Hernán Otamendi,1
3857300,Argentina,Ángel Fabián Di María Hernández,Rodrigo Javier De Paul,3
3857300,Argentina,Rodrigo Javier De Paul,Alejandro Darío Gómez,1
3857300,Argentina,Rodrigo Javier De Paul,Cristian Gabriel Romero,7
3857300,Argentina,Rodrigo Javier De Paul,Enzo Fernandez,4
3857300,Argentina,Rodrigo Javier De Paul,Lautaro Javier Martínez,2
3857300,Argentina,Rodrigo Javier De Paul,Leandro Daniel Paredes,7
3857300,Argentina,Rodrigo Javier De Paul,Lionel Andrés Messi Cuccittini,12
3857300,Argentina,Rodrigo Javier De Paul,Lisandro Martínez,4
3857300,Argentina,Rodrigo Javier De Paul,Marcos Javier Acuña,2
3857300,Argentina,Rodrigo Javier De Paul,Nahuel Molina Lucero,5
3857300,Argentina,Rodrigo Javier De Paul,Nicolás Hernán Otamendi,8
3857300,Argentina,Rodrigo Javier De Paul,Ángel Fabián Di María Hernández,14
3857300,Argentina,Damián Emiliano Martínez,Alejandro Darío Gómez,1
3857300,Argentina,Damián Emiliano Martínez,Cristian Gabriel Romero,4
3857300,Argentina,Damián Emiliano Martínez,Enzo Fernandez,2
3857300,Argentina,Damián Emiliano Martínez,Lautaro Javier Martínez,1
3857300,Argentina,Damián Emiliano Martínez,Lisandro Martínez,3
3857300,Argentina,Damián Emiliano Martínez,Nahuel Molina Lucero,2
3857300,Argentina,Damián Emiliano Martínez,Nicolás Alejandro Tagliafico,1
3857300,Argentina,Damián Emiliano Martínez,Nicolás Hernán Otamendi,6
3857300,Argentina,Damián Emiliano Martínez,Ángel Fabián Di María Hernández,1
3857300,Argentina,Enzo Fernandez,Julián Álvarez,3
3857300,Argentina,Enzo Fernandez,Lionel Andrés Messi Cuccittini,4
3857300,Argentina,Enzo Fernandez,Lisandro Martínez,4
3857300,Argentina,Enzo Fernandez,Marcos Javier Acuña,3
3857300,Argentina,Enzo Fernandez,Nahuel Molina Lucero,2
3857300,Argentina,Enzo Fernandez,Nicolás Alejandro Tagliafico,1
3857300,Argentina,Enzo Fernandez,Nicolás Hernán Otamendi,4
3857300,Argentina,Enzo Fernandez,Rodrigo Javier De Paul,8
3857300,Argentina,Enzo Fernandez,Ángel Fabián Di María Hernández,4
3857300,Argentina,Lautaro Javier Martínez,Alejandro Darío Gómez,1
3857300,Argentina,Lautaro Javier Martínez,Enzo Fernandez,1
3857300,Argentina,Lautaro Javier Martínez,Leandro Daniel Paredes,4
3857300,Argentina,Lautaro Javier Martínez,Lionel Andrés Messi Cuccittini,1
3857300,Argentina,Lautaro Javier Martínez,Nahuel Molina Lucero,2
3857300,Argentina,Lautaro Javier Martínez,Nicolás Alejandro Tagliafico,1
3857300,Argentina,Lautaro Javier Martínez,Rodrigo Javier De Paul,2
3857300,Argentina,Lautaro Javier Martínez,Ángel Fabián Di María Hernández,1
3857300,Argentina,Lisandro Martínez,Damián Emiliano Martínez,2
3857300,Argentina,Lisandro Martínez,Enzo Fernandez,9
3857300,Argentina,Lisandro Martínez,Marcos Javier Acuña,2
3857300,Argentina,Lisandro Martínez,Nicolás Alejandro Tagliafico,1
3857300,Argentina,Lisandro Martínez,Nicolás Hernán Otamendi,9
3857300,Argentina,Lisandro Martínez,Rodrigo Javier De Paul,6
3857300,Argentina,Marcos Javier Acuña,Enzo Fernandez,8
3857300,Argentina,Marcos Javier Acuña,Julián Álvarez,2
3857300,Argentina,Marcos Javier Acuña,Lautaro Javier Martínez,3
3857300,Argentina,Marcos Javier Acuña,Lionel Andrés Messi Cuccittini,1
3857300,Argentina,Marcos Javier Acuña,Lisandro Martínez,2
3857300,Argentina,Marcos Javier Acuña,Nicolás Hernán Otamendi,2
3857300,Saudi Arabia,Abdulelah Saad Hameed Al-Malki,Ali Albulayhi,3
3857300,Saudi Arabia,Abdulelah Saad Hameed Al-Malki,Firas Tariq Nasser Al Albirakan,2
3857300,Saudi Arabia,Abdulelah Saad Hameed Al-Malki,Hassan Mohammed Al-Tambakti,3
3857300,Saudi Arabia,Abdulelah Saad Hameed Al-Malki,Mohammed Kanoo,5
3857300,Saudi Arabia,Abdulelah Saad Hameed Al-Malki,Mohammed Khalil Al Owais,1
3857300,Saudi Arabia,Abdulelah Saad Hameed Al-Malki,Salem Mohammed Al Dawsari,2
3857300,Saudi Arabia,Abdulelah Saad Hameed Al-Malki,Salman Mohammed Al Faraj,4
3857300,Saudi Arabia,Abdulelah Saad Hameed Al-Malki,Saud Abdullah Abdul Hamid,5
3857300,Saudi Arabia,Abdulelah Saad Hameed Al-Malki,Yasir Gharsan Al Shahrani,4
3857300,Saudi Arabia,Ali Albulayhi,Abdulelah Saad Hameed Al-Malki,4
3857300,Saudi Arabia,Ali Albulayhi,Hassan Mohammed Al-Tambakti,2
3857300,Saudi Arabia,Ali Albulayhi,Mohammed Khalil Al Owais,2
3857300,Saudi Arabia,Ali Albulayhi,Salem Mohammed Al Dawsari,2
3857300,Saudi Arabia,Firas Tariq Nasser Al Albirakan,Ali Albulayhi,1
3857300,Saudi Arabia,Firas Tariq Nasser Al Albirakan,Mohammed Kanoo,1
3857300,Saudi Arabia,Firas Tariq Nasser Al Albirakan,Nawaf Shaker Al Abid,1
3857300,Saudi Arabia,Firas Tariq Nasser Al Albirakan,Saleh Khalid Al Shehri,3
3857300,Saudi Arabia,Firas Tariq Nasser Al Albirakan,Salem Mohammed Al Dawsari,1
3857300,Saudi Arabia,Firas Tariq Nasser Al Albirakan,Saud Abdullah Abdul Hamid,3
3857300,Saudi Arabia,Firas Tariq Nasser Al Albirakan,Yasir Gharsan Al Shahrani,1
3857300,Saudi Arabia,Hassan Mohammed Al-Tambakti,Abdulelah Saad Hameed Al-Malki,6
3857300,Saudi Arabia,Hassan Mohammed Al-Tambakti,Ali Albulayhi,1
3857300,Saudi Arabia,Hassan Mohammed Al-Tambakti,Firas Tariq Nasser Al Albirakan,2
3857300,Saudi Arabia,Hassan Mohammed Al-Tambakti,Mohammed Kanoo,5
3857300,Saudi Arabia,Hassan Mohammed Al-Tambakti,Mohammed Khalil Al Owais,3
3857300,Saudi Arabia,Hassan Mohammed Al-Tambakti,Nawaf Shaker Al Abid,1
3857300,Saudi Arabia,Hassan Mohammed Al-Tambakti,Saleh Khalid Al Shehri,1
3857300,Saudi Arabia,Hassan Mohammed Al-Tambakti,Salem Mohammed Al Dawsari,1
3857300,Saudi Arabia,Hassan Mohammed Al-Tambakti,Salman Mohammed Al Faraj,2
3857300,Saudi Arabia,Mohammed Kanoo,Abdulelah Saad Hameed Al-Malki,1
3857300,Saudi Arabia,Mohammed Kanoo,Hassan Mohammed Al-Tambakti,4
3857300,Saudi Arabia,Mohammed Kanoo,Nawaf Shaker Al Abid,3
3857300,Saudi Arabia,Mohammed Kanoo,Saleh Khalid Al Shehri,4
3857300,Saudi Arabia,Mohammed Kanoo,Salem Mohammed Al Dawsari,3
3857300,Saudi Arabia,Mohammed Kanoo,Salman Mohammed Al Faraj,3
3857300,Saudi Arabia,Mohammed Kanoo,Saud Abdullah Abdul Hamid,6
3857300,Saudi Arabia,Mohammed Kanoo,Sultan Abdullah Salim Al Ghannam,2
3857300,Saudi Arabia,Mohammed Kanoo,Yasir Gharsan Al Shahrani,3
3857300,Saudi Arabia,Mohammed Khalil Al Owais,Ali Albulayhi,4
3857300,Saudi Arabia,Mohammed Khalil Al Owais,Firas Tariq Nasser Al Albirakan,2
3857300,Saudi Arabia,Mohammed Khalil Al Owais,Haitham Mohammed Asiri,1
3857300,Saudi Arabia,Mohammed Khalil Al Owais,Hassan Mohammed Al-Tambakti,3
3857300,Saudi Arabia,Mohammed Khalil Al Owais,Mohammed Kanoo,1
3857300,Saudi Arabia,Mohammed Khalil Al Owais,Saud Abdullah Abdul Hamid,3
3857300,Saudi Arabia,Mohammed Khalil Al Owais,Sultan Abdullah Salim Al Ghannam,1
3857300,Saudi Arabia,Mohammed Khalil Al Owais,Yasir Gharsan Al Shahrani,2
3857300,Saudi Arabia,Salem Mohammed Al Dawsari,Abdulelah Saad Hameed Al-Malki,4
3857300,Saudi Arabia,Salem Mohammed Al Dawsari,Ali Albulayhi,1
3857300,Saudi Arabia,Salem Mohammed Al Dawsari,Firas Tariq Nasser Al Albirakan,1
3857300,Saudi Arabia,Salem Mohammed Al Dawsari,Mohammed Al Burayk,1
3857300,Saudi Arabia,Salem Mohammed Al Dawsari,Mohammed Kanoo,4
3857300,Saudi Arabia,Salem Mohammed Al Dawsari,Nawaf Shaker Al Abid,1
3857300,Saudi Arabia,Salem Mohammed Al Dawsari,Saud Abdullah Abdul Hamid,1
3857300,Saudi Arabia,Salem Mohammed Al Dawsari,Yasir Gharsan Al Shahrani,4
3857300,Saudi Arabia,Salman Mohammed Al Faraj,Abdulelah Saad Hameed Al-Malki,3
3857300,Saudi Arabia,Salman Mohammed Al Faraj,Hassan Mohammed Al-Tambakti,3
3857300,Saudi Arabia,Salman Mohammed Al Faraj,Mohammed Kanoo,2
3857300,Saudi Arabia,Salman Mohammed Al Faraj,Saleh Khalid Al Shehri,1
3857300,Saudi Arabia,Salman Mohammed Al Faraj,Saud Abdullah Abdul Hamid,1
3857300,Saudi Arabia,Saud Abdullah Abdul Hamid,Abdulelah Saad Hameed Al-Malki,2
3857300,Saudi Arabia,Saud Abdullah Abdul Hamid,Firas Tariq Nasser Al Albirakan,2
3857300,Saudi Arabia,Saud Abdullah Abdul Hamid,Hassan Mohammed Al-Tambakti,3
3857300,Saudi Arabia,Saud Abdullah Abdul Hamid,Mohammed Kanoo,3
3857300,Saudi Arabia,Saud Abdullah Abdul Hamid,Mohammed Khalil Al Owais,1
3857300,Saudi Arabia,Saud Abdullah Abdul Hamid,Nawaf Shaker Al Abid,2
3857300,Saudi Arabia,Saud Abdullah Abdul Hamid,Saleh Khalid Al Shehri,1
3857300,Saudi Arabia,Saud Abdullah Abdul Hamid,Salem Mohammed Al Dawsari,3
3857300,Saudi Arabia,Saud Abdullah Abdul Hamid,Salman Mohammed Al Faraj,2
3857300,Saudi Arabia,Saud Abdullah Abdul Hamid,Sultan Abdullah Salim Al Ghannam,1
3857300,Saudi Arabia,Saud Abdullah Abdul Hamid,Yasir Gharsan Al Shahrani,1
3857300,Saudi Arabia,Yasir Gharsan Al Shahrani,Abdulelah Saad Hameed Al-Malki,1
3857300,Saudi Arabia,Yasir Gharsan Al Shahrani,Ali Albulayhi,1
3857300,Saudi Arabia,Yasir Gharsan Al Shahrani,Firas Tariq Nasser Al Albirakan,1
3857300,Saudi Arabia,Yasir Gharsan Al Shahrani,Hassan Mohammed Al-Tambakti,1
3857300,Saudi Arabia,Yasir Gharsan Al Shahrani,Mohammed Kanoo,2
3857300,Saudi Arabia,Yasir Gharsan Al Shahrani,Saleh Khalid Al Shehri,4
3857300,Saudi Arabia,Yasir Gharsan Al Shahrani,Salem Mohammed Al Dawsari,2
3857300,Saudi Arabia,Nawaf Shaker Al Abid,Abdulelah Saad Hameed Al-Malki,1
3857300,Saudi Arabia,Nawaf Shaker Al Abid,Firas Tariq Nasser Al Albirakan,1
3857300,Saudi Arabia,Nawaf Shaker Al Abid,Saleh Khalid Al Shehri,1
3857300,Saudi Arabia,Nawaf Shaker Al Abid,Salem Mohammed Al Dawsari,2
3857300,Saudi Arabia,Nawaf Shaker Al Abid,Saud Abdullah Abdul Hamid,1
3857300,Saudi Arabia,Saleh Khalid Al Shehri,Abdulelah Saad Hameed Al-Malki,2
3857300,Saudi Arabia,Saleh Khalid Al Shehri,Firas Tariq Nasser Al Albirakan,1
3857300,Saudi Arabia,Saleh Khalid Al Shehri,Mohammed Kanoo,4
3857300,Saudi Arabia,Saleh Khalid Al Shehri,Salem Mohammed Al Dawsari,3
3857300,Saudi Arabia,Haitham Mohammed Asiri,Salem Mohammed Al Dawsari,1
3857300,Saudi Arabia,Mohammed Al Burayk,Salem Mohammed Al Dawsari,1
3857300,Saudi Arabia,Sultan Abdullah Salim Al Ghannam,Haitham Mohammed Asiri,1
3857301,Qatar,Abdelkarim Hassan Al Haj Fadlalla,Abdulaziz Hatem Mohammed Abdullah,1
3857301,Qatar,Abdelkarim Hassan Al Haj Fadlalla,Akram Hassan Afif,6
3857301,Qatar,Abdelkarim Hassan Al Haj Fadlalla,Almoez Ali Zainalabiddin Abdulla,4
3857301,Qatar,Abdelkarim Hassan Al Haj Fadlalla,Assim Omer Al Haj Madibo,2
3857301,Qatar,Abdelkarim Hassan Al Haj Fadlalla,Boualem Khoukhi,6
3857301,Qatar,Abdelkarim Hassan Al Haj Fadlalla,Hassan Khalid Al Heidos,3
3857301,Qatar,Abdelkarim Hassan Al Haj Fadlalla,Homam Alamin Ahmed,3
3857301,Qatar,Abdelkarim Hassan Al Haj Fadlalla,Ismaeel Mohammad Mohammad,1
3857301,Qatar,Abdelkarim Hassan Al Haj Fadlalla,Karim Boudiaf,2
3857301,Qatar,Abdelkarim Hassan Al Haj Fadlalla,Meshaal Aissa Barsham,3
3857301,Qatar,Abdelkarim Hassan Al Haj Fadlalla,Mohammed Waed Abdulwahhab Al Bayati,1
3857301,Qatar,Abdelkarim Hassan Al Haj Fadlalla,Pedro Miguel Correia,2
3857301,Qatar,Abdulaziz Hatem Mohammed Abdullah,Abdelkarim Hassan Al Haj Fadlalla,1
3857301,Qatar,Abdulaziz Hatem Mohammed Abdullah,Akram Hassan Afif,2
3857301,Qatar,Abdulaziz Hatem Mohammed Abdullah,Ismaeel Mohammad Mohammad,2
3857301,Qatar,Abdulaziz Hatem Mohammed Abdullah,Pedro Miguel Correia,1
3857301,Qatar,Abdulaziz Hatem Mohammed Abdullah,Tarek Salman Salman,1
3857301,Qatar,Akram Hassan Afif,Abdelkarim Hassan Al Haj Fadlalla,6
3857301,Qatar,Akram Hassan Afif,Abdulaziz Hatem Mohammed Abdullah,2
3857301,Qatar,Akram Hassan Afif,Almoez Ali Zainalabiddin Abdulla,2
3857301,Qatar,Akram Hassan Afif,Assim Omer Al Haj Madibo,4
3857301,Qatar,Akram Hassan Afif,Boualem Khoukhi,6
3857301,Qatar,Akram Hassan Afif,Hassan Khalid Al Heidos,5
3857301,Qatar,Akram Hassan Afif,Homam Alamin Ahmed,2
3857301,Qatar,Akram Hassan Afif,Ismaeel Mohammad Mohammad,1
3857301,Qatar,Akram Hassan Afif,Karim Boudiaf,3
3857301,Qatar,Akram Hassan Afif,Meshaal Aissa Barsham,1
3857301,Qatar,Akram Hassan Afif,Mohammed Muntari,1
3857301,Qatar,Akram Hassan Afif,Mohammed Waed Abdulwahhab Al Bayati,2
3857301,Qatar,Akram Hassan Afif,Pedro Miguel Correia,4
3857301,Qatar,Akram Hassan Afif,Tarek Salman Salman,1
3857301,Qatar,Almoez Ali Zainalabiddin Abdulla,Abdelkarim Hassan Al Haj Fadlalla,3
3857301,Qatar,Almoez Ali Zainalabiddin Abdulla,Abdulaziz Hatem Mohammed Abdullah,1
3857301,Qatar,Almoez Ali Zainalabiddin Abdulla,Akram Hassan Afif,3
3857301,Qatar,Almoez Ali Zainalabiddin Abdulla,Assim Omer Al Haj Madibo,1
3857301,Qatar,Almoez Ali Zainalabiddin Abdulla,Hassan Khalid Al Heidos,1
3857301,Qatar,Almoez Ali Zainalabiddin Abdulla,Homam Alamin Ahmed,2
3857301,Qatar,Almoez Ali Zainalabiddin Abdulla,Ismaeel Mohammad Mohammad,1
3857301,Qatar,Almoez Ali Zainalabiddin Abdulla,Karim Boudiaf,2
3857301,Qatar,Almoez Ali Zainalabiddin Abdulla,Mohammed Waed Abdulwahhab Al Bayati,1
3857301,Qatar,Almoez Ali Zainalabiddin Abdulla,Pedro Miguel Correia,1
3857301,Qatar,Assim Omer Al Haj Madibo,Abdelkarim Hassan Al Haj Fadlalla,3
3857301,Qatar,Assim Omer Al Haj Madibo,Akram Hassan Afif,7
3857301,Qatar,Assim Omer Al Haj Madibo,Almoez Ali Zainalabiddin Abdulla,4
3857301,Qatar,Assim Omer Al Haj Madibo,Boualem Khoukhi,6
3857301,Qatar,Assim Omer Al Haj Madibo,Hassan Khalid Al Heidos,3
3857301,Qatar,Assim Omer Al Haj Madibo,Homam Alamin Ahmed,1
3857301,Qatar,Assim Omer Al Haj Madibo,Ismaeel Mohammad Mohammad,1
3857301,Qatar,Assim Omer Al Haj Madibo,Karim Boudiaf,8
3857301,Qatar,Assim Omer Al Haj Madibo,Meshaal Aissa Barsham,1
3857301,Qatar,Assim Omer Al Haj Madibo,Pedro Miguel Correia,3
3857301,Qatar,Assim Omer Al Haj Madibo,Tarek Salman Salman,1
3857301,Qatar,Boualem Khoukhi,Abdelkarim Hassan Al Haj Fadlalla,13
3857301,Qatar,Boualem Khoukhi,Abdulaziz Hatem Mohammed Abdullah,1
3857301,Qatar,Boualem Khoukhi,Akram Hassan Afif,4
3857301,Qatar,Boualem Khoukhi,Assim Omer Al Haj Madibo,14
3857301,Qatar,Boualem Khoukhi,Hassan Khalid Al Heidos,3
3857301,Qatar,Boualem Khoukhi,Homam Alamin Ahmed,3
3857301,Qatar,Boualem Khoukhi,Ismaeel Mohammad Mohammad,3
3857301,Qatar,Boualem Khoukhi,Karim Boudiaf,5
3857301,Qatar,Boualem Khoukhi,Meshaal Aissa Barsham,5
3857301,Qatar,Boualem Khoukhi,Mohammed Muntari,1
3857301,Qatar,Boualem Khoukhi,Mohammed Waed Abdulwahhab Al Bayati,2
3857301,Qatar,Boualem Khoukhi,Pedro Miguel Correia,3
3857301,Qatar,Hassan Khalid Al Heidos,Abdelkarim Hassan Al Haj Fadlalla,2
3857301,Qatar,Hassan Khalid Al Heidos,Akram Hassan Afif,5
3857301,Qatar,Hassan Khalid Al Heidos,Assim Omer Al Haj Madibo,1
3857301,Qatar,Hassan Khalid Al Heidos,Boualem Khoukhi,2
3857301,Qatar,Hassan Khalid Al Heidos,Homam Alamin Ahmed,5
3857301,Qatar,Hassan Khalid Al Heidos,Ismaeel Mohammad Mohammad,5
3857301,Qatar,Hassan Khalid Al Heidos,Karim Boudiaf,1
3857301,Qatar,Homam Alamin Ahmed,Abdelkarim Hassan Al Haj Fadlalla,11
3857301,Qatar,Homam Alamin Ahmed,Akram Hassan Afif,2
3857301,Qatar,Homam Alamin Ahmed,Almoez Ali Zainalabiddin Abdulla,4
3857301,Qatar,Homam Alamin Ahmed,Boualem Khoukhi,1
3857301,Qatar,Homam Alamin Ahmed,Hassan Khalid Al Heidos,4
3857301,Qatar,Homam Alamin Ahmed,Ismaeel Mohammad Mohammad,2
3857301,Qatar,Ismaeel Mohammad Mohammad,Akram Hassan Afif,1
3857301,Qatar,Ismaeel Mohammad Mohammad,Almoez Ali Zainalabiddin Abdulla,5
3857301,Qatar,Ismaeel Mohammad Mohammad,Assim Omer Al Haj Madibo,2
3857301,Qatar,Ismaeel Mohammad Mohammad,Homam Alamin Ahmed,1
3857301,Qatar,Ismaeel Mohammad Mohammad,Karim Boudiaf,8
3857301,Qatar,Ismaeel Mohammad Mohammad,Mohammed Muntari,1
3857301,Qatar,Ismaeel Mohammad Mohammad,Pedro Miguel Correia,7
3857301,Qatar,Ismaeel Mohammad Mohammad,Tarek Salman Salman,3
3857301,Qatar,Karim Boudiaf,Abdelkarim Hassan Al Haj Fadlalla,1
3857301,Qatar,Karim Boudiaf,Akram Hassan Afif,2
3857301,Qatar,Karim Boudiaf,Almoez Ali Zainalabiddin Abdulla,3
3857301,Qatar,Karim Boudiaf,Assim Omer Al Haj Madibo,5
3857301,Qatar,Karim Boudiaf,Boualem Khoukhi,4
3857301,Qatar,Karim Boudiaf,Hassan Khalid Al Heidos,2
3857301,Qatar,Karim Boudiaf,Homam Alamin Ahmed,2
3857301,Qatar,Karim Boudiaf,Ismaeel Mohammad Mohammad,7
3857301,Qatar,Karim Boudiaf,Meshaal Aissa Barsham,2
3857301,Qatar,Karim Boudiaf,Pedro Miguel Correia,3
3857301,Qatar,Meshaal Aissa Barsham,Abdelkarim Hassan Al Haj Fadlalla,6
3857301,Qatar,Meshaal Aissa Barsham,Almoez Ali Zainalabiddin Abdulla,2
3857301,Qatar,Meshaal Aissa Barsham,Assim Omer Al Haj Madibo,1
3857301,Qatar,Meshaal Aissa Barsham,Boualem Khoukhi,11
3857301,Qatar,Meshaal Aissa Barsham,Homam Alamin Ahmed,4
3857301,Qatar,Meshaal Aissa Barsham,Ismaeel Mohammad Mohammad,1
3857301,Qatar,Meshaal Aissa Barsham,Karim Boudiaf,1
3857301,Qatar,Meshaal Aissa Barsham,Pedro Miguel Correia,1
3857301,Qatar,Mohammed Waed Abdulwahhab Al Bayati,Akram Hassan Afif,2
3857301,Qatar,Mohammed Waed Abdulwahhab Al Bayati,Assim Omer Al Haj Madibo,1
3857301,Qatar,Mohammed Waed Abdulwahhab Al Bayati,Boualem Khoukhi,1
3857301,Qatar,Mohammed Waed Abdulwahhab Al Bayati,Ismaeel Mohammad Mohammad,1
3857301,Qatar,Mohammed Waed Abdulwahhab Al Bayati,Tarek Salman Salman,2
3857301,Qatar,Pedro Miguel Correia,Akram Hassan Afif,4
3857301,Qatar,Pedro Miguel Correia,Almoez Ali Zainalabiddin Abdulla,1
3857301,Qatar,Pedro Miguel Correia,Assim Omer Al Haj Madibo,1
3857301,Qatar,Pedro Miguel Correia,Boualem Khoukhi,7
3857301,Qatar,Pedro Miguel Correia,Homam Alamin Ahmed,1
3857301,Qatar,Pedro Miguel Correia,Ismaeel Mohammad Mohammad,4
3857301,Qatar,Pedro Miguel Correia,Karim Boudiaf,2
3857301,Qatar,Pedro Miguel Correia,Meshaal Aissa Barsham,3
3857301,Qatar,Tarek Salman Salman,Abdulaziz Hatem Mohammed Abdullah,2
3857301,Qatar,Tarek Salman Salman,Boualem Khoukhi,3
3857301,Qatar,Tarek Salman Salman,Mohammed Waed Abdulwahhab Al Bayati,2
3857301,Qatar,Mohammed Muntari,Abdelkarim Hassan Al Haj Fadlalla,2
3857301,Senegal,Abdou Diallo,Boulaye Dia,6
3857301,Senegal,Abdou Diallo,Cheikh Ahmadou Bamba Mbacke Dieng,2
3857301,Senegal,Abdou Diallo,Edouard Mendy,4
3857301,Senegal,Abdou Diallo,Famara Diedhiou,2
3857301,Senegal,Abdou Diallo,Idrissa Gana Gueye,8
3857301,Senegal,Abdou Diallo,Ismail Jakobs,17
3857301,Senegal,Abdou Diallo,Kalidou Koulibaly,9
3857301,Senegal,Abdou Diallo,Krépin Diatta,5
3857301,Senegal,Abdou Diallo,Nampalys Mendy,5
3857301,Senegal,Abdou Diallo,Pape Abou Cissé,1
3857301,Senegal,Abdou Diallo,Pathé Ismaël Ciss,3
3857301,Senegal,Abdou Diallo,Youssouf Sabaly,4
3857301,Senegal,Boulaye Dia,Abdou Diallo,5
3857301,Senegal,Boulaye Dia,Famara Diedhiou,1
3857301,Senegal,Boulaye Dia,Idrissa Gana Gueye,1
3857301,Senegal,Boulaye Dia,Ismail Jakobs,3
3857301,Senegal,Boulaye Dia,Ismaïla Sarr,3
3857301,Senegal,Boulaye Dia,Pape Abou Cissé,1
3857301,Senegal,Boulaye Dia,Youssouf Sabaly,2
3857301,Senegal,Cheikh Ahmadou Bamba Mbacke Dieng,Iliman Ndiaye,1
3857301,Senegal,Cheikh Ahmadou Bamba Mbacke Dieng,Pape Matar Sarr,2
3857301,Senegal,Edouard Mendy,Abdou Diallo,4
3857301,Senegal,Edouard Mendy,Famara Diedhiou,1
3857301,Senegal,Edouard Mendy,Ismail Jakobs,4
3857301,Senegal,Edouard Mendy,Ismaïla Sarr,2
3857301,Senegal,Edouard Mendy,Kalidou Koulibaly,6
3857301,Senegal,Edouard Mendy,Pape Abou Cissé,3
3857301,Senegal,Edouard Mendy,Youssouf Sabaly,5
3857301,Senegal,Famara Diedhiou,Ismail Jakobs,1
3857301,Senegal,Famara Diedhiou,Ismaïla Sarr,1
3857301,Senegal,Famara Diedhiou,Krépin Diatta,2
3857301,Senegal,Famara Diedhiou,Nampalys Mendy,1
3857301,Senegal,Famara Diedhiou,Youssouf Sabaly,1
3857301,Senegal,Idrissa Gana Gueye,Abdou Diallo,6
3857301,Senegal,Idrissa Gana Gueye,Boulaye Dia,4
3857301,Senegal,Idrissa Gana Gueye,Cheikh Ahmadou Bamba Mbacke Dieng,1
3857301,Senegal,Idrissa Gana Gueye,Famara Diedhiou,2
3857301,Senegal,Idrissa Gana Gueye,Ismail Jakobs,7
3857301,Senegal,Idrissa Gana Gueye,Ismaïla Sarr,1
3857301,Senegal,Idrissa Gana Gueye,Kalidou Koulibaly,6
3857301,Senegal,Idrissa Gana Gueye,Krépin Diatta,6
3857301,Senegal,Idrissa Gana Gueye,Nampalys Mendy,9
3857301,Senegal,Idrissa Gana Gueye,Pape Matar Sarr,2
3857301,Senegal,Idrissa Gana Gueye,Pathé Ismaël Ciss,2
3857301,Senegal,Idrissa Gana Gueye,Youssouf Sabaly,2
3857301,Senegal,Ismail Jakobs,Abdou Diallo,20
3857301,Senegal,Ismail Jakobs,Boulaye Dia,2
3857301,Senegal,Ismail Jakobs,Edouard Mendy,2
3857301,Senegal,Ismail Jakobs,Famara Diedhiou,2
3857301,Senegal,Ismail Jakobs,Idrissa Gana Gueye,8
3857301,Senegal,Ismail Jakobs,Krépin Diatta,13
3857301,Senegal,Ismail Jakobs,Nampalys Mendy,2
3857301,Senegal,Kalidou Koulibaly,Abdou Diallo,11
3857301,Senegal,Kalidou Koulibaly,Boulaye Dia,1
3857301,Senegal,Kalidou Koulibaly,Edouard Mendy,5
3857301,Senegal,Kalidou Koulibaly,Idrissa Gana Gueye,7
3857301,Senegal,Kalidou Koulibaly,Ismail Jakobs,4
3857301,Senegal,Kalidou Koulibaly,Ismaïla Sarr,1
3857301,Senegal,Kalidou Koulibaly,Krépin Diatta,1
3857301,Senegal,Kalidou Koulibaly,Nampalys Mendy,6
3857301,Senegal,Kalidou Koulibaly,Pape Abou Cissé,2
3857301,Senegal,Kalidou Koulibaly,Pathé Ismaël Ciss,1
3857301,Senegal,Kalidou Koulibaly,Youssouf Sabaly,21
3857301,Senegal,Krépin Diatta,Boulaye Dia,6
3857301,Senegal,Krépin Diatta,Famara Diedhiou,2
3857301,Senegal,Krépin Diatta,Idrissa Gana Gueye,10
3857301,Senegal,Krépin Diatta,Nampalys Mendy,3
3857301,Senegal,Nampalys Mendy,Abdou Diallo,8
3857301,Senegal,Nampalys Mendy,Boulaye Dia,2
3857301,Senegal,Nampalys Mendy,Edouard Mendy,3
3857301,Senegal,Nampalys Mendy,Famara Diedhiou,1
3857301,Senegal,Nampalys Mendy,Idrissa Gana Gueye,4
3857301,Senegal,Nampalys Mendy,Ismail Jakobs,3
3857301,Senegal,Nampalys Mendy,Ismaïla Sarr,1
3857301,Senegal,Nampalys Mendy,Kalidou Koulibaly,6
3857301,Senegal,Nampalys Mendy,Krépin Diatta,1
3857301,Senegal,Nampalys Mendy,Pathé Ismaël Ciss,1
3857301,Senegal,Nampalys Mendy,Youssouf Sabaly,16
3857301,Senegal,Pape Abou Cissé,Abdou Diallo,4
3857301,Senegal,Pape Abou Cissé,Cheikh Ahmadou Bamba Mbacke Dieng,1
3857301,Senegal,Pape Abou Cissé,Edouard Mendy,1
3857301,Senegal,Pape Abou Cissé,Kalidou Koulibaly,1
3857301,Senegal,Pape Abou Cissé,Pathé Ismaël Ciss,1
3857301,Senegal,Pape Abou Cissé,Youssouf Sabaly,1
3857301,Senegal,Pathé Ismaël Ciss,Boulaye Dia,1
3857301,Senegal,Pathé Ismaël Ciss,Idrissa Gana Gueye,2
3857301,Senegal,Pathé Ismaël Ciss,Iliman Ndiaye,1
3857301,Senegal,Pathé Ismaël Ciss,Kalidou Koulibaly,2
3857301,Senegal,Pathé Ismaël Ciss,Pape Abou Cissé,1
3857301,Senegal,Pathé Ismaël Ciss,Pape Matar Sarr,1
3857301,Senegal,Pathé Ismaël Ciss,Youssouf Sabaly,3
3857301,Senegal,Youssouf Sabaly,Abdou Diallo,1
3857301,Senegal,Youssouf Sabaly,Boulaye Dia,3
3857301,Senegal,Youssouf Sabaly,Cheikh Ahmadou Bamba Mbacke Dieng,1
3857301,Senegal,Youssouf Sabaly,Edouard Mendy,2
3857301,Senegal,Youssouf Sabaly,Famara Diedhiou,1
3857301,Senegal,Youssouf Sabaly,Idrissa Gana Gueye,5
3857301,Senegal,Youssouf Sabaly,Iliman Ndiaye,6
3857301,Senegal,Youssouf Sabaly,Ismail Jakobs,2
3857301,Senegal,Youssouf Sabaly,Ismaïla Sarr,11
3857301,Senegal,Youssouf Sabaly,Kalidou Koulibaly,22
3857301,Senegal,Youssouf Sabaly,Nampalys Mendy,11
3857301,Senegal,Youssouf Sabaly,Pape Matar Sarr,4
3857301,Senegal,Ismaïla Sarr,Boulaye Dia,1
3857301,Senegal,Ismaïla Sarr,Famara Diedhiou,2
3857301,Senegal,Ismaïla Sarr,Idrissa Gana Gueye,1
3857301,Senegal,Ismaïla Sarr,Kalidou Koulibaly,1
3857301,Senegal,Ismaïla Sarr,Nampalys Mendy,2
3857301,Senegal,Ismaïla Sarr,Youssouf Sabaly,4
3857301,Senegal,Iliman Ndiaye,Cheikh Ahmadou Bamba Mbacke Dieng,1
3857301,Senegal,Iliman Ndiaye,Pape Matar Sarr,2
3857301,Senegal,Iliman Ndiaye,Youssouf Sabaly,6
3857301,Senegal,Pape Matar Sarr,Abdou Diallo,1
3857301,Senegal,Pape Matar Sarr,Boulaye Dia,1
3857301,Senegal,Pape Matar Sarr,Idrissa Gana Gueye,2
3857301,Senegal,Pape Matar Sarr,Iliman Ndiaye,1
3857301,Senegal,Pape Matar Sarr,Kalidou Koulibaly,1
3857301,Senegal,Pape Matar Sarr,Pape Abou Cissé,3
3857301,Senegal,Pape Matar Sarr,Pathé Ismaël Ciss,3
3857301,Senegal,Pape Matar Sarr,Youssouf Sabaly,1
3869117,Netherlands,Andries Noppert,Daley Blind,1
3869117,Netherlands,Andries Noppert,Denzel Dumfries,4
3869117,Netherlands,Andries Noppert,Frenkie de Jong,5
3869117,Netherlands,Andries Noppert,Jurriën David Norman Timber,5
3869117,Netherlands,Andries Noppert,Nathan Aké,1
3869117,Netherlands,Andries Noppert,Teun Koopmeiners,1
3869117,Netherlands,Andries Noppert,Virgil van Dijk,5
3869117,Netherlands,Andries Noppert,Wout Weghorst,1
3869117,Netherlands,Daley Blind,Cody Mathès Gakpo,2
3869117,Netherlands,Daley Blind,Denzel Dumfries,1
3869117,Netherlands,Daley Blind,Frenkie de Jong,4
3869117,Netherlands,Daley Blind,Memphis Depay,8
3869117,Netherlands,Daley Blind,Nathan Aké,7
3869117,Netherlands,Daley Blind,Steven Bergwijn,4
3869117,Netherlands,Daley Blind,Teun Koopmeiners,2
3869117,Netherlands,Daley Blind,Virgil van Dijk,2
3869117,Netherlands,Daley Blind,Xavi Simons,2
3869117,Netherlands,Denzel Dumfries,Andries Noppert,1
3869117,Netherlands,Denzel Dumfries,Cody Mathès Gakpo,7
3869117,Netherlands,Denzel Dumfries,Daley Blind,1
3869117,Netherlands,Denzel Dumfries,Davy Klaassen,1
3869117,Netherlands,Denzel Dumfries,Jurriën David Norman Timber,7
3869117,Netherlands,Denzel Dumfries,Marten de Roon,2
3869117,Netherlands,Denzel Dumfries,Memphis Depay,2
3869117,Netherlands,Denzel Dumfries,Steven Bergwijn,4
3869117,Netherlands,Denzel Dumfries,Teun Koopmeiners,2
3869117,Netherlands,Frenkie de Jong,Cody Mathès Gakpo,2
3869117,Netherlands,Frenkie de Jong,Daley Blind,6
3869117,Netherlands,Frenkie de Jong,Davy Klaassen,1
3869117,Netherlands,Frenkie de Jong,Denzel Dumfries,2
3869117,Netherlands,Frenkie de Jong,Jurriën David Norman Timber,6
3869117,Netherlands,Frenkie de Jong,Marten de Roon,1
3869117,Netherlands,Frenkie de Jong,Memphis Depay,5
3869117,Netherlands,Frenkie de Jong,Nathan Aké,2
3869117,Netherlands,Frenkie de Jong,Steven Bergwijn,1
3869117,Netherlands,Frenkie de Jong,Teun Koopmeiners,1
3869117,Netherlands,Frenkie de Jong,Virgil van Dijk,7
3869117,Netherlands,Frenkie de Jong,Xavi Simons,1
3869117,Netherlands,Jurriën David Norman Timber,Andries Noppert,5
3869117,Netherlands,Jurriën David Norman Timber,Cody Mathès Gakpo,2
3869117,Netherlands,Jurriën David Norman Timber,Davy Klaassen,2
3869117,Netherlands,Jurriën David Norman Timber,Denzel Dumfries,11
3869117,Netherlands,Jurriën David Norman Timber,Frenkie de Jong,2
3869117,Netherlands,Jurriën David Norman Timber,Marten de Roon,1
3869117,Netherlands,Jurriën David Norman Timber,Steven Bergwijn,1
3869117,Netherlands,Jurriën David Norman Timber,Teun Koopmeiners,1
3869117,Netherlands,Jurriën David Norman Timber,Virgil van Dijk,9
3869117,Netherlands,Jurriën David Norman Timber,Xavi Simons,2
3869117,Netherlands,Nathan Aké,Andries Noppert,3
3869117,Netherlands,Nathan Aké,Daley Blind,10
3869117,Netherlands,Nathan Aké,Davy Klaassen,1
3869117,Netherlands,Nathan Aké,Frenkie de Jong,3
3869117,Netherlands,Nathan Aké,Marten de Roon,2
3869117,Netherlands,Nathan Aké,Memphis Depay,1
3869117,Netherlands,Nathan Aké,Virgil van Dijk,9
3869117,Netherlands,Nathan Aké,Xavi Simons,1
3869117,Netherlands,Teun Koopmeiners,Cody Mathès Gakpo,1
3869117,Netherlands,Teun Koopmeiners,Denzel Dumfries,6
3869117,Netherlands,Teun Koopmeiners,Jurriën David Norman Timber,2
3869117,Netherlands,Teun Koopmeiners,Memphis Depay,2
3869117,Netherlands,Teun Koopmeiners,Nathan Aké,4
3869117,Netherlands,Teun Koopmeiners,Steven Bergwijn,1
3869117,Netherlands,Virgil van Dijk,Andries Noppert,7
3869117,Netherlands,Virgil van Dijk,Cody Mathès Gakpo,1
3869117,Netherlands,Virgil van Dijk,Daley Blind,2
3869117,Netherlands,Virgil van Dijk,Davy Klaassen,2
3869117,Netherlands,Virgil van Dijk,Denzel Dumfries,4
3869117,Netherlands,Virgil van Dijk,Frenkie de Jong,3
3869117,Netherlands,Virgil van Dijk,Jurriën David Norman Timber,10
3869117,Netherlands,Virgil van Dijk,Marten de Roon,2
3869117,Netherlands,Virgil van Dijk,Memphis Depay,2
3869117,Netherlands,Virgil van Dijk,Nathan Aké,6
3869117,Netherlands,Virgil van Dijk,Teun Koopmeiners,4
3869117,Netherlands,Cody Mathès Gakpo,Daley Blind,1
3869117,Netherlands,Cody Mathès Gakpo,Denzel Dumfries,7
3869117,Netherlands,Cody Mathès Gakpo,Frenkie de Jong,1
3869117,Netherlands,Cody Mathès Gakpo,Memphis Depay,5
3869117,Netherlands,Cody Mathès Gakpo,Steven Bergwijn,6
3869117,Netherlands,Cody Mathès Gakpo,Teun Koopmeiners,1
3869117,Netherlands,Cody Mathès Gakpo,Virgil van Dijk,1
3869117,Netherlands,Memphis Depay,Andries Noppert,1
3869117,Netherlands,Memphis Depay,Cody Mathès Gakpo,4
3869117,Netherlands,Memphis Depay,Daley Blind,6
3869117,Netherlands,Memphis Depay,Davy Klaassen,2
3869117,Netherlands,Memphis Depay,Denzel Dumfries,1
3869117,Netherlands,Memphis Depay,Frenkie de Jong,4
3869117,Netherlands,Memphis Depay,Marten de Roon,1
3869117,Netherlands,Memphis Depay,Nathan Aké,2
3869117,Netherlands,Memphis Depay,Steven Bergwijn,2
3869117,Netherlands,Steven Bergwijn,Cody Mathès Gakpo,2
3869117,Netherlands,Steven Bergwijn,Daley Blind,3
3869117,Netherlands,Steven Bergwijn,Denzel Dumfries,1
3869117,Netherlands,Steven Bergwijn,Frenkie de Jong,3
3869117,Netherlands,Steven Bergwijn,Memphis Depay,3
3869117,Netherlands,Steven Bergwijn,Nathan Aké,1
3869117,Netherlands,Steven Bergwijn,Teun Koopmeiners,3
3869117,Netherlands,Steven Bergwijn,Xavi Simons,2
3869117,Netherlands,Xavi Simons,Frenkie de Jong,1
3869117,Netherlands,Xavi Simons,Steven Bergwijn,4
3869117,Netherlands,Xavi Simons,Teun Koopmeiners,1
3869117,Netherlands,Davy Klaassen,Cody Mathès Gakpo,1
3869117,Netherlands,Davy Klaassen,Denzel Dumfries,4
3869117,Netherlands,Davy Klaassen,Jurriën David Norman Timber,1
3869117,Netherlands,Davy Klaassen,Memphis Depay,3
3869117,Netherlands,Marten de Roon,Andries Noppert,1
3869117,Netherlands,Marten de Roon,Cody Mathès Gakpo,1
3869117,Netherlands,Marten de Roon,Davy Klaassen,2
3869117,Netherlands,Marten de Roon,Denzel Dumfries,2
3869117,Netherlands,Marten de Roon,Jurriën David Norman Timber,3
3869117,Netherlands,Marten de Roon,Nathan Aké,2
3869117,Netherlands,Marten de Roon,Virgil van Dijk,1
3869117,United States,Antonee Robinson,Brenden Aaronson,2
3869117,United States,Antonee Robinson,Christian Pulisic,11
3869117,United States,Antonee Robinson,Giovanni Reyna,4
3869117,United States,Antonee Robinson,Jesus Ferreira,4
3869117,United States,Antonee Robinson,Tim Ream,14
3869117,United States,Antonee Robinson,Tyler Adams,8
3869117,United States,Antonee Robinson,Weston McKennie,8
3869117,United States,Antonee Robinson,Yunus Dimoara Musah,6
3869117,United States,Brenden Aaronson,Giovanni Reyna,3
3869117,United States,Brenden Aaronson,Tim Ream,2
3869117,United States,Brenden Aaronson,Tyler Adams,2
3869117,United States,Brenden Aaronson,Yunus Dimoara Musah,1
3869117,United States,Christian Pulisic,Antonee Robinson,5
3869117,United States,Christian Pulisic,Giovanni Reyna,2
3869117,United States,Christian Pulisic,Haji Wright,2
3869117,United States,Christian Pulisic,Sergino Dest,1
3869117,United States,Christian Pulisic,Tim Ream,1
3869117,United States,Christian Pulisic,Timothy Weah,2
3869117,United States,Christian Pulisic,Tyler Adams,1
3869117,United States,Christian Pulisic,Weston McKennie,3
3869117,United States,Christian Pulisic,Yunus Dimoara Musah,2
3869117,United States,Giovanni Reyna,Antonee Robinson,1
3869117,United States,Giovanni Reyna,Brenden Aaronson,3
3869117,United States,Giovanni Reyna,Christian Pulisic,1
3869117,United States,Giovanni Reyna,DeAndre Yedlin,1
3869117,United States,Giovanni Reyna,Haji Wright,2
3869117,United States,Giovanni Reyna,Sergino Dest,2
3869117,United States,Giovanni Reyna,Tim Ream,1
3869117,United States,Giovanni Reyna,Tyler Adams,5
3869117,United States,Giovanni Reyna,Walker Zimmerman,4
3869117,United States,Giovanni Reyna,Weston McKennie,2
3869117,United States,Giovanni Reyna,Yunus Dimoara Musah,2
3869117,United States,Jesus Ferreira,Antonee Robinson,4
3869117,United States,Jesus Ferreira,Sergino Dest,3
3869117,United States,Jesus Ferreira,Timothy Weah,1
3869117,United States,Jesus Ferreira,Tyler Adams,2
3869117,United States,Jesus Ferreira,Walker Zimmerman,2
3869117,United States,Jesus Ferreira,Weston McKennie,3
3869117,United States,Jesus Ferreira,Yunus Dimoara Musah,2
3869117,United States,Tim Ream,Antonee Robinson,9
3869117,United States,Tim Ream,Christian Pulisic,1
3869117,United States,Tim Ream,Giovanni Reyna,2
3869117,United States,Tim Ream,Jesus Ferreira,2
3869117,United States,Tim Ream,Matthew Charles Turner,4
3869117,United States,Tim Ream,Sergino Dest,4
3869117,United States,Tim Ream,Timothy Weah,2
3869117,United States,Tim Ream,Tyler Adams,10
3869117,United States,Tim Ream,Walker Zimmerman,27
3869117,United States,Tim Ream,Weston McKennie,6
3869117,United States,Tim Ream,Yunus Dimoara Musah,5
3869117,United States,Tyler Adams,Antonee Robinson,14
3869117,United States,Tyler Adams,Brenden Aaronson,1
3869117,United States,Tyler Adams,Christian Pulisic,11
3869117,United States,Tyler Adams,DeAndre Yedlin,2
3869117,United States,Tyler Adams,Giovanni Reyna,8
3869117,United States,Tyler Adams,Haji Wright,1
3869117,United States,Tyler Adams,Jesus Ferreira,2
3869117,United States,Tyler Adams,Jordan Morris,1
3869117,United States,Tyler Adams,Matthew Charles Turner,1
3869117,United States,Tyler Adams,Sergino Dest,4
3869117,United States,Tyler Adams,Tim Ream,9
3869117,United States,Tyler Adams,Timothy Weah,1
3869117,United States,Tyler Adams,Walker Zimmerman,13
3869117,United States,Tyler Adams,Weston McKennie,5
3869117,United States,Tyler Adams,Yunus Dimoara Musah,6
3869117,United States,Weston McKennie,Antonee Robinson,2
3869117,United States,Weston McKennie,Christian Pulisic,6
3869117,United States,Weston McKennie,Giovanni Reyna,2
3869117,United States,Weston McKennie,Jesus Ferreira,1
3869117,United States,Weston McKennie,Sergino Dest,4
3869117,United States,Weston McKennie,Tim Ream,4
3869117,United States,Weston McKennie,Timothy Weah,5
3869117,United States,Weston McKennie,Tyler Adams,4
3869117,United States,Weston McKennie,Walker Zimmerman,2
3869117,United States,Yunus Dimoara Musah,Antonee Robinson,8
3869117,United States,Yunus Dimoara Musah,Brenden Aaronson,1
3869117,United States,Yunus Dimoara Musah,Christian Pulisic,4
3869117,United States,Yunus Dimoara Musah,DeAndre Yedlin,1
3869117,United States,Yunus Dimoara Musah,Giovanni Reyna,3
3869117,United States,Yunus Dimoara Musah,Haji Wright,2
3869117,United States,Yunus Dimoara Musah,Jesus Ferreira,1
3869117,United States,Yunus Dimoara Musah,Matthew Charles Turner,1
3869117,United States,Yunus Dimoara Musah,Sergino Dest,2
3869117,United States,Yunus Dimoara Musah,Tim Ream,3
3869117,United States,Yunus Dimoara Musah,Tyler Adams,9
3869117,United States,Yunus Dimoara Musah,Walker Zimmerman,2
3869117,United States,Yunus Dimoara Musah,Weston McKennie,2
3869117,United States,Haji Wright,Brenden Aaronson,2
3869117,United States,Haji Wright,Giovanni Reyna,1
3869117,United States,Haji Wright,Tyler Adams,2
3869117,United States,Haji Wright,Yunus Dimoara Musah,3
3869117,United States,Sergino Dest,Antonee Robinson,1
3869117,United States,Sergino Dest,Christian Pulisic,1
3869117,United States,Sergino Dest,Giovanni Reyna,1
3869117,United States,Sergino Dest,Jesus Ferreira,5
3869117,United States,Sergino Dest,Matthew Charles Turner,1
3869117,United States,Sergino Dest,Timothy Weah,8
3869117,United States,Sergino Dest,Tyler Adams,3
3869117,United States,Sergino Dest,Walker Zimmerman,4
3869117,United States,Sergino Dest,Weston McKennie,4
3869117,United States,Sergino Dest,Yunus Dimoara Musah,5
3869117,United States,Timothy Weah,Christian Pulisic,1
3869117,United States,Timothy Weah,Jesus Ferreira,2
3869117,United States,Timothy Weah,Sergino Dest,9
3869117,United States,Timothy Weah,Tyler Adams,4
3869117,United States,Timothy Weah,Walker Zimmerman,2
3869117,United States,Timothy Weah,Weston McKennie,2
3869117,United States,Timothy Weah,Yunus Dimoara Musah,1
3869117,United States,DeAndre Yedlin,Christian Pulisic,1
3869117,United States,DeAndre Yedlin,Tyler Adams,3
3869117,United States,DeAndre Yedlin,Walker Zimmerman,1
3869117,United States,DeAndre Yedlin,Yunus Dimoara Musah,3
3869117,United States,Walker Zimmerman,Antonee Robinson,7
3869117,United States,Walker Zimmerman,Brenden Aaronson,1
3869117,United States,Walker Zimmerman,Christian Pulisic,2
3869117,United States,Walker Zimmerman,DeAndre Yedlin,1
3869117,United States,Walker Zimmerman,Giovanni Reyna,2
3869117,United States,Walker Zimmerman,Haji Wright,1
3869117,United States,Walker Zimmerman,Matthew Charles Turner,7
3869117,United States,Walker Zimmerman,Sergino Dest,3
3869117,United States,Walker Zimmerman,Tim Ream,21
3869117,United States,Walker Zimmerman,Timothy Weah,3
3869117,United States,Walker Zimmerman,Tyler Adams,7
3869117,United States,Walker Zimmerman,Weston McKennie,5
3869117,United States,Walker Zimmerman,Yunus Dimoara Musah,6
3869117,United States,Matthew Charles Turner,Antonee Robinson,1
3869117,United States,Matthew Charles Turner,Brenden Aaronson,1
3869117,United States,Matthew Charles Turner,DeAndre Yedlin,1
3869117,United States,Matthew Charles Turner,Giovanni Reyna,1
3869117,United States,Matthew Charles Turner,Sergino Dest,6
3869117,United States,Matthew Charles Turner,Tim Ream,2
3869117,United States,Matthew Charles Turner,Tyler Adams,1
3869117,United States,Matthew Charles Turner,Walker Zimmerman,4
3869117,United States,Matthew Charles Turner,Yunus Dimoara Musah,1
3869118,England,Bukayo Saka,Declan Rice,1
3869118,England,Bukayo Saka,Harry Kane,3
3869118,England,Bukayo Saka,Harry Maguire,2
3869118,England,Bukayo Saka,John Stones,1
3869118,England,Bukayo Saka,Jordan Brian Henderson,6
3869118,England,Bukayo Saka,Jude Bellingham,2
3869118,England,Bukayo Saka,Kyle Walker,7
3869118,England,Bukayo Saka,Luke Shaw,1
3869118,England,Bukayo Saka,Philip Foden,1
3869118,England,Declan Rice,Bukayo Saka,1
3869118,England,Declan Rice,Eric Dier,1
3869118,England,Declan Rice,Harry Kane,3
3869118,England,Declan Rice,Harry Maguire,7
3869118,England,Declan Rice,Jack Grealish,3
3869118,England,Declan Rice,John Stones,10
3869118,England,Declan Rice,Jordan Brian Henderson,4
3869118,England,Declan Rice,Jordan Pickford,3
3869118,England,Declan Rice,Jude Bellingham,2
3869118,England,Declan Rice,Kalvin Phillips,2
3869118,England,Declan Rice,Kyle Walker,7
3869118,England,Declan Rice,Luke Shaw,7
3869118,England,Declan Rice,Marcus Rashford,2
3869118,England,Declan Rice,Philip Foden,1
3869118,England,Harry Kane,Bukayo Saka,4
3869118,England,Harry Kane,Declan Rice,1
3869118,England,Harry Kane,Jordan Brian Henderson,3
3869118,England,Harry Kane,Jude Bellingham,2
3869118,England,Harry Kane,Kyle Walker,2
3869118,England,Harry Kane,Luke Shaw,2
3869118,England,Harry Kane,Philip Foden,3
3869118,England,Harry Maguire,Bukayo Saka,1
3869118,England,Harry Maguire,Declan Rice,2
3869118,England,Harry Maguire,Eric Dier,2
3869118,England,Harry Maguire,Harry Kane,1
3869118,England,Harry Maguire,John Stones,18
3869118,England,Harry Maguire,Jordan Pickford,7
3869118,England,Harry Maguire,Jude Bellingham,8
3869118,England,Harry Maguire,Kyle Walker,2
3869118,England,Harry Maguire,Luke Shaw,17
3869118,England,Harry Maguire,Philip Foden,5
3869118,England,John Stones,Bukayo Saka,1
3869118,England,John Stones,Declan Rice,12
3869118,England,John Stones,Harry Kane,1
3869118,England,John Stones,Harry Maguire,19
3869118,England,John Stones,Jordan Brian Henderson,15
3869118,England,John Stones,Jordan Pickford,10
3869118,England,John Stones,Jude Bellingham,2
3869118,England,John Stones,Kyle Walker,20
3869118,England,John Stones,Luke Shaw,2
3869118,England,Jordan Brian Henderson,Bukayo Saka,6
3869118,England,Jordan Brian Henderson,Declan Rice,5
3869118,England,Jordan Brian Henderson,Eric Dier,1
3869118,England,Jordan Brian Henderson,Harry Kane,2
3869118,England,Jordan Brian Henderson,John Stones,10
3869118,England,Jordan Brian Henderson,Jordan Pickford,2
3869118,England,Jordan Brian Henderson,Jude Bellingham,1
3869118,England,Jordan Brian Henderson,Kyle Walker,10
3869118,England,Jordan Brian Henderson,Marcus Rashford,4
3869118,England,Jude Bellingham,Bukayo Saka,2
3869118,England,Jude Bellingham,Declan Rice,1
3869118,England,Jude Bellingham,Harry Kane,1
3869118,England,Jude Bellingham,Harry Maguire,8
3869118,England,Jude Bellingham,John Stones,1
3869118,England,Jude Bellingham,Jordan Brian Henderson,5
3869118,England,Jude Bellingham,Jordan Pickford,1
3869118,England,Jude Bellingham,Kyle Walker,3
3869118,England,Jude Bellingham,Luke Shaw,6
3869118,England,Jude Bellingham,Philip Foden,4
3869118,England,Kyle Walker,Bukayo Saka,8
3869118,England,Kyle Walker,Declan Rice,10
3869118,England,Kyle Walker,Eric Dier,4
3869118,England,Kyle Walker,Harry Kane,3
3869118,England,Kyle Walker,Harry Maguire,5
3869118,England,Kyle Walker,John Stones,22
3869118,England,Kyle Walker,Jordan Brian Henderson,8
3869118,England,Kyle Walker,Jordan Pickford,3
3869118,England,Kyle Walker,Jude Bellingham,1
3869118,England,Kyle Walker,Kalvin Phillips,1
3869118,England,Kyle Walker,Marcus Rashford,1
3869118,England,Kyle Walker,Philip Foden,2
3869118,England,Luke Shaw,Declan Rice,5
3869118,England,Luke Shaw,Eric Dier,1
3869118,England,Luke Shaw,Harry Kane,9
3869118,England,Luke Shaw,Harry Maguire,13
3869118,England,Luke Shaw,Jack Grealish,5
3869118,England,Luke Shaw,John Stones,1
3869118,England,Luke Shaw,Jordan Pickford,1
3869118,England,Luke Shaw,Jude Bellingham,10
3869118,England,Luke Shaw,Kyle Walker,1
3869118,England,Luke Shaw,Marcus Rashford,1
3869118,England,Luke Shaw,Philip Foden,13
3869118,England,Philip Foden,Bukayo Saka,2
3869118,England,Philip Foden,Declan Rice,1
3869118,England,Philip Foden,Harry Kane,7
3869118,England,Philip Foden,Harry Maguire,5
3869118,England,Philip Foden,John Stones,1
3869118,England,Philip Foden,Jude Bellingham,3
3869118,England,Philip Foden,Luke Shaw,8
3869118,England,Eric Dier,Declan Rice,2
3869118,England,Eric Dier,Harry Maguire,1
3869118,England,Eric Dier,Jordan Pickford,3
3869118,England,Eric Dier,Kalvin Phillips,1
3869118,England,Eric Dier,Kyle Walker,3
3869118,England,Eric Dier,Mason Mount,1
3869118,England,Jack Grealish,Declan Rice,1
3869118,England,Jack Grealish,Eric Dier,1
3869118,England,Jack Grealish,Harry Kane,1
3869118,England,Jack Grealish,Kyle Walker,1
3869118,England,Jack Grealish,Luke Shaw,3
3869118,England,Jordan Pickford,Bukayo Saka,1
3869118,England,Jordan Pickford,Declan Rice,3
3869118,England,Jordan Pickford,Harry Kane,2
3869118,England,Jordan Pickford,Harry Maguire,5
3869118,England,Jordan Pickford,Jack Grealish,1
3869118,England,Jordan Pickford,John Stones,17
3869118,England,Jordan Pickford,Jordan Brian Henderson,2
3869118,England,Jordan Pickford,Jude Bellingham,1
3869118,England,Jordan Pickford,Luke Shaw,3
3869118,England,Jordan Pickford,Marcus Rashford,2
3869118,England,Jordan Pickford,Philip Foden,1
3869118,England,Kalvin Phillips,Eric Dier,1
3869118,England,Kalvin Phillips,Jack Grealish,1
3869118,England,Kalvin Phillips,Kyle Walker,1
3869118,England,Marcus Rashford,Declan Rice,1
3869118,England,Marcus Rashford,Jordan Brian Henderson,2
3869118,England,Marcus Rashford,Kyle Walker,4
3869118,England,Mason Mount,Declan Rice,1
3869118,England,Mason Mount,Jordan Brian Henderson,1
3869118,England,Mason Mount,Marcus Rashford,1
3869118,Senegal,Abdou Diallo,Boulaye Dia,1
3869118,Senegal,Abdou Diallo,Edouard Mendy,4
3869118,Senegal,Abdou Diallo,Famara Diedhiou,1
3869118,Senegal,Abdou Diallo,Ismail Jakobs,7
3869118,Senegal,Abdou Diallo,Ismaïla Sarr,5
3869118,Senegal,Abdou Diallo,Kalidou Koulibaly,7
3869118,Senegal,Abdou Diallo,Krépin Diatta,1
3869118,Senegal,Abdou Diallo,Nampalys Mendy,9
3869118,Senegal,Abdou Diallo,Pape Gueye,2
3869118,Senegal,Abdou Diallo,Pape Matar Sarr,4
3869118,Senegal,Abdou Diallo,Pathé Ismaël Ciss,1
3869118,Senegal,Abdou Diallo,Youssouf Sabaly,1
3869118,Senegal,Boulaye Dia,Abdou Diallo,1
3869118,Senegal,Boulaye Dia,Cheikh Ahmadou Bamba Mbacke Dieng,1
3869118,Senegal,Boulaye Dia,Ismail Jakobs,1
3869118,Senegal,Boulaye Dia,Nampalys Mendy,2
3869118,Senegal,Boulaye Dia,Pape Matar Sarr,2
3869118,Senegal,Edouard Mendy,Abdou Diallo,7
3869118,Senegal,Edouard Mendy,Famara Diedhiou,1
3869118,Senegal,Edouard Mendy,Ismail Jakobs,4
3869118,Senegal,Edouard Mendy,Ismaïla Sarr,2
3869118,Senegal,Edouard Mendy,Kalidou Koulibaly,5
3869118,Senegal,Edouard Mendy,Nampalys Mendy,1
3869118,Senegal,Edouard Mendy,Youssouf Sabaly,2
3869118,Senegal,Famara Diedhiou,Abdou Diallo,1
3869118,Senegal,Famara Diedhiou,Cheikh Ahmadou Bamba Mbacke Dieng,1
3869118,Senegal,Famara Diedhiou,Ismail Jakobs,1
3869118,Senegal,Famara Diedhiou,Pape Matar Sarr,1
3869118,Senegal,Ismail Jakobs,Abdou Diallo,7
3869118,Senegal,Ismail Jakobs,Edouard Mendy,2
3869118,Senegal,Ismail Jakobs,Famara Diedhiou,1
3869118,Senegal,Ismail Jakobs,Iliman Ndiaye,1
3869118,Senegal,Ismail Jakobs,Ismaïla Sarr,10
3869118,Senegal,Ismail Jakobs,Nampalys Mendy,3
3869118,Senegal,Ismail Jakobs,Pape Matar Sarr,1
3869118,Senegal,Ismaïla Sarr,Abdou Diallo,1
3869118,Senegal,Ismaïla Sarr,Boulaye Dia,3
3869118,Senegal,Ismaïla Sarr,Famara Diedhiou,1
3869118,Senegal,Ismaïla Sarr,Fodé Ballo Touré,1
3869118,Senegal,Ismaïla Sarr,Ismail Jakobs,5
3869118,Senegal,Ismaïla Sarr,Kalidou Koulibaly,1
3869118,Senegal,Ismaïla Sarr,Nampalys Mendy,3
3869118,Senegal,Ismaïla Sarr,Pape Gueye,1
3869118,Senegal,Ismaïla Sarr,Pape Matar Sarr,1
3869118,Senegal,Kalidou Koulibaly,Abdou Diallo,5
3869118,Senegal,Kalidou Koulibaly,Cheikh Ahmadou Bamba Mbacke Dieng,1
3869118,Senegal,Kalidou Koulibaly,Edouard Mendy,2
3869118,Senegal,Kalidou Koulibaly,Iliman Ndiaye,1
3869118,Senegal,Kalidou Koulibaly,Ismaïla Sarr,1
3869118,Senegal,Kalidou Koulibaly,Krépin Diatta,3
3869118,Senegal,Kalidou Koulibaly,Nampalys Mendy,6
3869118,Senegal,Kalidou Koulibaly,Pape Gueye,2
3869118,Senegal,Kalidou Koulibaly,Pape Matar Sarr,3
3869118,Senegal,Kalidou Koulibaly,Pathé Ismaël Ciss,5
3869118,Senegal,Kalidou Koulibaly,Youssouf Sabaly,3
3869118,Senegal,Krépin Diatta,Boulaye Dia,1
3869118,Senegal,Krépin Diatta,Iliman Ndiaye,3
3869118,Senegal,Krépin Diatta,Nampalys Mendy,2
3869118,Senegal,Krépin Diatta,Pathé Ismaël Ciss,1
3869118,Senegal,Krépin Diatta,Youssouf Sabaly,2
3869118,Senegal,Nampalys Mendy,Abdou Diallo,10
3869118,Senegal,Nampalys Mendy,Boulaye Dia,2
3869118,Senegal,Nampalys Mendy,Fodé Ballo Touré,2
3869118,Senegal,Nampalys Mendy,Ismail Jakobs,1
3869118,Senegal,Nampalys Mendy,Ismaïla Sarr,4
3869118,Senegal,Nampalys Mendy,Kalidou Koulibaly,5
3869118,Senegal,Nampalys Mendy,Krépin Diatta,4
3869118,Senegal,Nampalys Mendy,Pape Gueye,5
3869118,Senegal,Nampalys Mendy,Pape Matar Sarr,6
3869118,Senegal,Nampalys Mendy,Pathé Ismaël Ciss,4
3869118,Senegal,Nampalys Mendy,Youssouf Sabaly,7
3869118,Senegal,Pape Gueye,Abdou Diallo,2
3869118,Senegal,Pape Gueye,Cheikh Ahmadou Bamba Mbacke Dieng,1
3869118,Senegal,Pape Gueye,Edouard Mendy,2
3869118,Senegal,Pape Gueye,Kalidou Koulibaly,3
3869118,Senegal,Pape Gueye,Nampalys Mendy,3
3869118,Senegal,Pape Gueye,Pape Matar Sarr,2
3869118,Senegal,Pape Gueye,Youssouf Sabaly,4
3869118,Senegal,Pape Matar Sarr,Abdou Diallo,4
3869118,Senegal,Pape Matar Sarr,Boulaye Dia,1
3869118,Senegal,Pape Matar Sarr,Edouard Mendy,2
3869118,Senegal,Pape Matar Sarr,Famara Diedhiou,1
3869118,Senegal,Pape Matar Sarr,Fodé Ballo Touré,3
3869118,Senegal,Pape Matar Sarr,Ismail Jakobs,1
3869118,Senegal,Pape Matar Sarr,Ismaïla Sarr,2
3869118,Senegal,Pape Matar Sarr,Kalidou Koulibaly,4
3869118,Senegal,Pape Matar Sarr,Nampalys Mendy,3
3869118,Senegal,Pape Matar Sarr,Pape Gueye,3
3869118,Senegal,Pape Matar Sarr,Youssouf Sabaly,3
3869118,Senegal,Pathé Ismaël Ciss,Abdou Diallo,4
3869118,Senegal,Pathé Ismaël Ciss,Boulaye Dia,2
3869118,Senegal,Pathé Ismaël Ciss,Edouard Mendy,1
3869118,Senegal,Pathé Ismaël Ciss,Iliman Ndiaye,2
3869118,Senegal,Pathé Ismaël Ciss,Kalidou Koulibaly,2
3869118,Senegal,Pathé Ismaël Ciss,Krépin Diatta,2
3869118,Senegal,Pathé Ismaël Ciss,Nampalys Mendy,4
3869118,Senegal,Pathé Ismaël Ciss,Youssouf Sabaly,1
3869118,Senegal,Youssouf Sabaly,Abdou Diallo,1
3869118,Senegal,Youssouf Sabaly,Cheikh Ahmadou Bamba Mbacke Dieng,2
3869118,Senegal,Youssouf Sabaly,Edouard Mendy,1
3869118,Senegal,Youssouf Sabaly,Famara Diedhiou,1
3869118,Senegal,Youssouf Sabaly,Iliman Ndiaye,3
3869118,Senegal,Youssouf Sabaly,Kalidou Koulibaly,6
3869118,Senegal,Youssouf Sabaly,Krépin Diatta,4
3869118,Senegal,Youssouf Sabaly,Nampalys Mendy,3
3869118,Senegal,Youssouf Sabaly,Pape Gueye,5
3869118,Senegal,Youssouf Sabaly,Pape Matar Sarr,6
3869118,Senegal,Youssouf Sabaly,Pathé Ismaël Ciss,3
3869118,Senegal,Cheikh Ahmadou Bamba Mbacke Dieng,Boulaye Dia,1
3869118,Senegal,Cheikh Ahmadou Bamba Mbacke Dieng,Pape Gueye,1
3869118,Senegal,Cheikh Ahmadou Bamba Mbacke Dieng,Pape Matar Sarr,1
3869118,Senegal,Fodé Ballo Touré,Abdou Diallo,1
3869118,Senegal,Fodé Ballo Touré,Ismaïla Sarr,1
3869118,Senegal,Fodé Ballo Touré,Kalidou Koulibaly,1
3869118,Senegal,Fodé Ballo Touré,Nampalys Mendy,3
3869118,Senegal,Iliman Ndiaye,Kalidou Koulibaly,2
3869118,Senegal,Iliman Ndiaye,Nampalys Mendy,2
3869118,Senegal,Iliman Ndiaye,Pathé Ismaël Ciss,2
3869118,Senegal,Iliman Ndiaye,Youssouf Sabaly,2
3869151,Argentina,Alejandro Darío Gómez,Alexis Mac Allister,2
3869151,Argentina,Alejandro Darío Gómez,Cristian Gabriel Romero,2
3869151,Argentina,Alejandro Darío Gómez,Enzo Fernandez,4
3869151,Argentina,Alejandro Darío Gómez,Julián Álvarez,2
3869151,Argentina,Alejandro Darío Gómez,Lionel Andrés Messi Cuccittini,8
3869151,Argentina,Alejandro Darío Gómez,Marcos Javier Acuña,4
3869151,Argentina,Alejandro Darío Gómez,Nahuel Molina Lucero,3
3869151,Argentina,Alejandro Darío Gómez,Nicolás Hernán Otamendi,1
3869151,Argentina,Alejandro Darío Gómez,Rodrigo Javier De Paul,6
3869151,Argentina,Alexis Mac Allister,Alejandro Darío Gómez,1
3869151,Argentina,Alexis Mac Allister,Cristian Gabriel Romero,1
3869151,Argentina,Alexis Mac Allister,Enzo Fernandez,4
3869151,Argentina,Alexis Mac Allister,Julián Álvarez,3
3869151,Argentina,Alexis Mac Allister,Lionel Andrés Messi Cuccittini,7
3869151,Argentina,Alexis Mac Allister,Lisandro Martínez,1
3869151,Argentina,Alexis Mac Allister,Marcos Javier Acuña,8
3869151,Argentina,Alexis Mac Allister,Nahuel Molina Lucero,2
3869151,Argentina,Alexis Mac Allister,Nicolás Alejandro Tagliafico,1
3869151,Argentina,Alexis Mac Allister,Nicolás Hernán Otamendi,6
3869151,Argentina,Alexis Mac Allister,Rodrigo Javier De Paul,6
3869151,Argentina,Cristian Gabriel Romero,Alejandro Darío Gómez,3
3869151,Argentina,Cristian Gabriel Romero,Alexis Mac Allister,1
3869151,Argentina,Cristian Gabriel Romero,Damián Emiliano Martínez,14
3869151,Argentina,Cristian Gabriel Romero,Enzo Fernandez,11
3869151,Argentina,Cristian Gabriel Romero,Lautaro Javier Martínez,1
3869151,Argentina,Cristian Gabriel Romero,Lionel Andrés Messi Cuccittini,3
3869151,Argentina,Cristian Gabriel Romero,Marcos Javier Acuña,1
3869151,Argentina,Cristian Gabriel Romero,Nahuel Molina Lucero,11
3869151,Argentina,Cristian Gabriel Romero,Nicolás Hernán Otamendi,16
3869151,Argentina,Cristian Gabriel Romero,Rodrigo Javier De Paul,11
3869151,Argentina,Enzo Fernandez,Alejandro Darío Gómez,3
3869151,Argentina,Enzo Fernandez,Alexis Mac Allister,6
3869151,Argentina,Enzo Fernandez,Cristian Gabriel Romero,14
3869151,Argentina,Enzo Fernandez,Exequiel Alejandro Palacios,2
3869151,Argentina,Enzo Fernandez,Gonzalo Ariel Montiel,1
3869151,Argentina,Enzo Fernandez,Julián Álvarez,3
3869151,Argentina,Enzo Fernandez,Lautaro Javier Martínez,1
3869151,Argentina,Enzo Fernandez,Lionel Andrés Messi Cuccittini,11
3869151,Argentina,Enzo Fernandez,Marcos Javier Acuña,7
3869151,Argentina,Enzo Fernandez,Nahuel Molina Lucero,12
3869151,Argentina,Enzo Fernandez,Nicolás Hernán Otamendi,16
3869151,Argentina,Enzo Fernandez,Rodrigo Javier De Paul,18
3869151,Argentina,Julián Álvarez,Alexis Mac Allister,4
3869151,Argentina,Julián Álvarez,Cristian Gabriel Romero,1
3869151,Argentina,Julián Álvarez,Enzo Fernandez,2
3869151,Argentina,Julián Álvarez,Lionel Andrés Messi Cuccittini,3
3869151,Argentina,Julián Álvarez,Marcos Javier Acuña,1
3869151,Argentina,Julián Álvarez,Nahuel Molina Lucero,2
3869151,Argentina,Julián Álvarez,Rodrigo Javier De Paul,2
3869151,Argentina,Lionel Andrés Messi Cuccittini,Alejandro Darío Gómez,8
3869151,Argentina,Lionel Andrés Messi Cuccittini,Alexis Mac Allister,6
3869151,Argentina,Lionel Andrés Messi Cuccittini,Enzo Fernandez,9
3869151,Argentina,Lionel Andrés Messi Cuccittini,Julián Álvarez,1
3869151,Argentina,Lionel Andrés Messi Cuccittini,Lautaro Javier Martínez,4
3869151,Argentina,Lionel Andrés Messi Cuccittini,Lisandro Martínez,1
3869151,Argentina,Lionel Andrés Messi Cuccittini,Marcos Javier Acuña,5
3869151,Argentina,Lionel Andrés Messi Cuccittini,Nahuel Molina Lucero,2
3869151,Argentina,Lionel Andrés Messi Cuccittini,Nicolás Alejandro Tagliafico,2
3869151,Argentina,Lionel Andrés Messi Cuccittini,Nicolás Hernán Otamendi,3
3869151,Argentina,Lionel Andrés Messi Cuccittini,Rodrigo Javier De Paul,12
3869151,Argentina,Marcos Javier Acuña,Alejandro Darío Gómez,6
3869151,Argentina,Marcos Javier Acuña,Alexis Mac Allister,10
3869151,Argentina,Marcos Javier Acuña,Cristian Gabriel Romero,1
3869151,Argentina,Marcos Javier Acuña,Damián Emiliano Martínez,1
3869151,Argentina,Marcos Javier Acuña,Enzo Fernandez,9
3869151,Argentina,Marcos Javier Acuña,Julián Álvarez,3
3869151,Argentina,Marcos Javier Acuña,Lionel Andrés Messi Cuccittini,2
3869151,Argentina,Marcos Javier Acuña,Lisandro Martínez,4
3869151,Argentina,Marcos Javier Acuña,Nicolás Hernán Otamendi,15
3869151,Argentina,Marcos Javier Acuña,Rodrigo Javier De Paul,1
3869151,Argentina,Nahuel Molina Lucero,Alejandro Darío Gómez,5
3869151,Argentina,Nahuel Molina Lucero,Alexis Mac Allister,1
3869151,Argentina,Nahuel Molina Lucero,Cristian Gabriel Romero,11
3869151,Argentina,Nahuel Molina Lucero,Damián Emiliano Martínez,2
3869151,Argentina,Nahuel Molina Lucero,Enzo Fernandez,10
3869151,Argentina,Nahuel Molina Lucero,Julián Álvarez,2
3869151,Argentina,Nahuel Molina Lucero,Lautaro Javier Martínez,1
3869151,Argentina,Nahuel Molina Lucero,Lionel Andrés Messi Cuccittini,4
3869151,Argentina,Nahuel Molina Lucero,Nicolás Hernán Otamendi,2
3869151,Argentina,Nahuel Molina Lucero,Rodrigo Javier De Paul,17
3869151,Argentina,Nicolás Hernán Otamendi,Alejandro Darío Gómez,1
3869151,Argentina,Nicolás Hernán Otamendi,Alexis Mac Allister,11
3869151,Argentina,Nicolás Hernán Otamendi,Cristian Gabriel Romero,20
3869151,Argentina,Nicolás Hernán Otamendi,Damián Emiliano Martínez,4
3869151,Argentina,Nicolás Hernán Otamendi,Enzo Fernandez,19
3869151,Argentina,Nicolás Hernán Otamendi,Exequiel Alejandro Palacios,1
3869151,Argentina,Nicolás Hernán Otamendi,Lionel Andrés Messi Cuccittini,3
3869151,Argentina,Nicolás Hernán Otamendi,Lisandro Martínez,6
3869151,Argentina,Nicolás Hernán Otamendi,Marcos Javier Acuña,21
3869151,Argentina,Nicolás Hernán Otamendi,Nahuel Molina Lucero,1
3869151,Argentina,Nicolás Hernán Otamendi,Rodrigo Javier De Paul,4
3869151,Argentina,Rodrigo Javier De Paul,Alejandro Darío Gómez,6
3869151,Argentina,Rodrigo Javier De Paul,Cristian Gabriel Romero,8
3869151,Argentina,Rodrigo Javier De Paul,Enzo Fernandez,13
3869151,Argentina,Rodrigo Javier De Paul,Exequiel Alejandro Palacios,2
3869151,Argentina,Rodrigo Javier De Paul,Gonzalo Ariel Montiel,2
3869151,Argentina,Rodrigo Javier De Paul,Julián Álvarez,5
3869151,Argentina,Rodrigo Javier De Paul,Lautaro Javier Martínez,2
3869151,Argentina,Rodrigo Javier De Paul,Lionel Andrés Messi Cuccittini,19
3869151,Argentina,Rodrigo Javier De Paul,Marcos Javier Acuña,1
3869151,Argentina,Rodrigo Javier De Paul,Nahuel Molina Lucero,11
3869151,Argentina,Rodrigo Javier De Paul,Nicolás Hernán Otamendi,7
3869151,Argentina,Lisandro Martínez,Alexis Mac Allister,1
3869151,Argentina,Lisandro Martínez,Cristian Gabriel Romero,1
3869151,Argentina,Lisandro Martínez,Enzo Fernandez,2
3869151,Argentina,Lisandro Martínez,Julián Álvarez,1
3869151,Argentina,Lisandro Martínez,Lautaro Javier Martínez,1
3869151,Argentina,Lisandro Martínez,Lionel Andrés Messi Cuccittini,1
3869151,Argentina,Lisandro Martínez,Marcos Javier Acuña,4
3869151,Argentina,Lisandro Martínez,Nahuel Molina Lucero,1
3869151,Argentina,Lisandro Martínez,Nicolás Alejandro Tagliafico,1
3869151,Argentina,Lisandro Martínez,Nicolás Hernán Otamendi,4
3869151,Argentina,Lisandro Martínez,Rodrigo Javier De Paul,1
3869151,Argentina,Nicolás Alejandro Tagliafico,Alexis Mac Allister,2
3869151,Argentina,Nicolás Alejandro Tagliafico,Enzo Fernandez,1
3869151,Argentina,Nicolás Alejandro Tagliafico,Lautaro Javier Martínez,4
3869151,Argentina,Nicolás Alejandro Tagliafico,Lisandro Martínez,2
3869151,Argentina,Nicolás Alejandro Tagliafico,Nicolás Hernán Otamendi,1
3869151,Argentina,Damián Emiliano Martínez,Cristian Gabriel Romero,4
3869151,Argentina,Damián Emiliano Martínez,Julián Álvarez,1
3869151,Argentina,Damián Emiliano Martínez,Marcos Javier Acuña,3
3869151,Argentina,Damián Emiliano Martínez,Nahuel Molina Lucero,4
3869151,Argentina,Damián Emiliano Martínez,Nicolás Alejandro Tagliafico,1
3869151,Argentina,Damián Emiliano Martínez,Nicolás Hernán Otamendi,9
3869151,Argentina,Lautaro Javier Martínez,Enzo Fernandez,1
3869151,Argentina,Lautaro Javier Martínez,Exequiel Alejandro Palacios,2
3869151,Argentina,Lautaro Javier Martínez,Lionel Andrés Messi Cuccittini,2
3869151,Argentina,Lautaro Javier Martínez,Nicolás Alejandro Tagliafico,1
3869151,Argentina,Lautaro Javier Martínez,Rodrigo Javier De Paul,1
3869151,Argentina,Exequiel Alejandro Palacios,Enzo Fernandez,1
3869151,Argentina,Exequiel Alejandro Palacios,Lionel Andrés Messi Cuccittini,4
3869151,Argentina,Gonzalo Ariel Montiel,Lautaro Javier Martínez,2
3869151,Argentina,Gonzalo Ariel Montiel,Rodrigo Javier De Paul,2
3869151,Australia,Aaron Mooy,Aziz Eraltay Behich,12
3869151,Australia,Aaron Mooy,Craig Goodwin,2
3869151,Australia,Aaron Mooy,Fran Karačić,3
3869151,Australia,Aaron Mooy,Garang Kuol,1
3869151,Australia,Aaron Mooy,Harry Souttar,7
3869151,Australia,Aaron Mooy,Jackson Irvine,5
3869151,Australia,Aaron Mooy,Keanu Baccus,4
3869151,Australia,Aaron Mooy,Kye Rowles,6
3869151,Australia,Aaron Mooy,Mathew Leckie,2
3869151,Australia,Aaron Mooy,Mathew Ryan,3
3869151,Australia,Aaron Mooy,Miloš Degenek,3
3869151,Australia,Aaron Mooy,Mitchell Thomas Duke,1
3869151,Australia,Aaron Mooy,Riley McGree,3
3869151,Australia,Aziz Eraltay Behich,Aaron Mooy,12
3869151,Australia,Aziz Eraltay Behich,Craig Goodwin,3
3869151,Australia,Aziz Eraltay Behich,Garang Kuol,1
3869151,Australia,Aziz Eraltay Behich,Harry Souttar,2
3869151,Australia,Aziz Eraltay Behich,Jackson Irvine,2
3869151,Australia,Aziz Eraltay Behich,Kye Rowles,16
3869151,Australia,Aziz Eraltay Behich,Mathew Ryan,3
3869151,Australia,Aziz Eraltay Behich,Riley McGree,3
3869151,Australia,Craig Goodwin,Aziz Eraltay Behich,2
3869151,Australia,Craig Goodwin,Garang Kuol,1
3869151,Australia,Craig Goodwin,Jamie MacLaren,1
3869151,Australia,Craig Goodwin,Mathew Leckie,2
3869151,Australia,Fran Karačić,Ajdin Hrustic,3
3869151,Australia,Fran Karačić,Craig Goodwin,1
3869151,Australia,Fran Karačić,Garang Kuol,1
3869151,Australia,Fran Karačić,Harry Souttar,2
3869151,Australia,Fran Karačić,Jackson Irvine,1
3869151,Australia,Fran Karačić,Jamie MacLaren,1
3869151,Australia,Fran Karačić,Kye Rowles,1
3869151,Australia,Fran Karačić,Mathew Ryan,2
3869151,Australia,Garang Kuol,Ajdin Hrustic,1
3869151,Australia,Harry Souttar,Aaron Mooy,5
3869151,Australia,Harry Souttar,Ajdin Hrustic,3
3869151,Australia,Harry Souttar,Aziz Eraltay Behich,1
3869151,Australia,Harry Souttar,Fran Karačić,1
3869151,Australia,Harry Souttar,Jackson Irvine,4
3869151,Australia,Harry Souttar,Jamie MacLaren,1
3869151,Australia,Harry Souttar,Keanu Baccus,3
3869151,Australia,Harry Souttar,Kye Rowles,7
3869151,Australia,Harry Souttar,Mathew Leckie,2
3869151,Australia,Harry Souttar,Mathew Ryan,10
3869151,Australia,Harry Souttar,Miloš Degenek,14
3869151,Australia,Harry Souttar,Mitchell Thomas Duke,2
3869151,Australia,Jackson Irvine,Aaron Mooy,4
3869151,Australia,Jackson Irvine,Ajdin Hrustic,2
3869151,Australia,Jackson Irvine,Aziz Eraltay Behich,2
3869151,Australia,Jackson Irvine,Fran Karačić,1
3869151,Australia,Jackson Irvine,Harry Souttar,2
3869151,Australia,Jackson Irvine,Kye Rowles,8
3869151,Australia,Jackson Irvine,Mathew Leckie,2
3869151,Australia,Jackson Irvine,Mathew Ryan,1
3869151,Australia,Jackson Irvine,Miloš Degenek,1
3869151,Australia,Jackson Irvine,Mitchell Thomas Duke,2
3869151,Australia,Jackson Irvine,Riley McGree,4
3869151,Australia,Keanu Baccus,Aaron Mooy,1
3869151,Australia,Keanu Baccus,Harry Souttar,2
3869151,Australia,Keanu Baccus,Kye Rowles,1
3869151,Australia,Keanu Baccus,Mathew Leckie,1
3869151,Australia,Keanu Baccus,Miloš Degenek,4
3869151,Australia,Keanu Baccus,Mitchell Thomas Duke,1
3869151,Australia,Kye Rowles,Aaron Mooy,10
3869151,Australia,Kye Rowles,Ajdin Hrustic,1
3869151,Australia,Kye Rowles,Aziz Eraltay Behich,11
3869151,Australia,Kye Rowles,Craig Goodwin,2
3869151,Australia,Kye Rowles,Fran Karačić,1
3869151,Australia,Kye Rowles,Harry Souttar,17
3869151,Australia,Kye Rowles,Jackson Irvine,5
3869151,Australia,Kye Rowles,Keanu Baccus,2
3869151,Australia,Kye Rowles,Mathew Leckie,2
3869151,Australia,Kye Rowles,Mathew Ryan,11
3869151,Australia,Kye Rowles,Miloš Degenek,1
3869151,Australia,Kye Rowles,Mitchell Thomas Duke,1
3869151,Australia,Kye Rowles,Riley McGree,1
3869151,Australia,Mathew Leckie,Aaron Mooy,2
3869151,Australia,Mathew Leckie,Ajdin Hrustic,1
3869151,Australia,Mathew Leckie,Jackson Irvine,2
3869151,Australia,Mathew Leckie,Keanu Baccus,1
3869151,Australia,Mathew Leckie,Mitchell Thomas Duke,3
3869151,Australia,Mathew Leckie,Riley McGree,1
3869151,Australia,Mathew Ryan,Aaron Mooy,4
3869151,Australia,Mathew Ryan,Aziz Eraltay Behich,8
3869151,Australia,Mathew Ryan,Craig Goodwin,1
3869151,Australia,Mathew Ryan,Harry Souttar,9
3869151,Australia,Mathew Ryan,Kye Rowles,17
3869151,Australia,Mathew Ryan,Mathew Leckie,1
3869151,Australia,Mathew Ryan,Miloš Degenek,4
3869151,Australia,Mathew Ryan,Mitchell Thomas Duke,1
3869151,Australia,Miloš Degenek,Aaron Mooy,3
3869151,Australia,Miloš Degenek,Ajdin Hrustic,1
3869151,Australia,Miloš Degenek,Harry Souttar,12
3869151,Australia,Miloš Degenek,Jackson Irvine,2
3869151,Australia,Miloš Degenek,Keanu Baccus,2
3869151,Australia,Miloš Degenek,Kye Rowles,2
3869151,Australia,Miloš Degenek,Mathew Leckie,2
3869151,Australia,Miloš Degenek,Mathew Ryan,5
3869151,Australia,Miloš Degenek,Mitchell Thomas Duke,3
3869151,Australia,Mitchell Thomas Duke,Jackson Irvine,1
3869151,Australia,Mitchell Thomas Duke,Keanu Baccus,1
3869151,Australia,Mitchell Thomas Duke,Mathew Leckie,3
3869151,Australia,Mitchell Thomas Duke,Riley McGree,1
3869151,Australia,Riley McGree,Aaron Mooy,3
3869151,Australia,Riley McGree,Aziz Eraltay Behich,3
3869151,Australia,Riley McGree,Harry Souttar,1
3869151,Australia,Riley McGree,Jackson Irvine,5
3869151,Australia,Riley McGree,Mathew Ryan,1
3869151,Australia,Riley McGree,Mitchell Thomas Duke,1
3869151,Australia,Ajdin Hrustic,Aaron Mooy,2
3869151,Australia,Ajdin Hrustic,Aziz Eraltay Behich,1
3869151,Australia,Ajdin Hrustic,Fran Karačić,1
3869151,Australia,Ajdin Hrustic,Jackson Irvine,1
3869151,Australia,Ajdin Hrustic,Kye Rowles,1
3869151,Australia,Ajdin Hrustic,Miloš Degenek,1
3869152,France,Adrien Rabiot,Antoine Griezmann,7
3869152,France,Adrien Rabiot,Aurélien Djani Tchouaméni,10
3869152,France,Adrien Rabiot,Dayotchanculle Upamecano,2
3869152,France,Adrien Rabiot,Hugo Lloris,1
3869152,France,Adrien Rabiot,Jules Koundé,3
3869152,France,Adrien Rabiot,Kylian Mbappé Lottin,11
3869152,France,Adrien Rabiot,Marcus Thuram,4
3869152,France,Adrien Rabiot,Olivier Giroud,2
3869152,France,Adrien Rabiot,Raphaël Varane,2
3869152,France,Adrien Rabiot,Theo Bernard François Hernández,10
3869152,France,Antoine Griezmann,Adrien Rabiot,4
3869152,France,Antoine Griezmann,Aurélien Djani Tchouaméni,8
3869152,France,Antoine Griezmann,Dayotchanculle Upamecano,1
3869152,France,Antoine Griezmann,Jules Koundé,4
3869152,France,Antoine Griezmann,Kingsley Coman,3
3869152,France,Antoine Griezmann,Kylian Mbappé Lottin,9
3869152,France,Antoine Griezmann,Olivier Giroud,3
3869152,France,Antoine Griezmann,Ousmane Dembélé,3
3869152,France,Antoine Griezmann,Raphaël Varane,2
3869152,France,Antoine Griezmann,Theo Bernard François Hernández,2
3869152,France,Antoine Griezmann,Youssouf Fofana,1
3869152,France,Aurélien Djani Tchouaméni,Adrien Rabiot,8
3869152,France,Aurélien Djani Tchouaméni,Antoine Griezmann,11
3869152,France,Aurélien Djani Tchouaméni,Dayotchanculle Upamecano,7
3869152,France,Aurélien Djani Tchouaméni,Hugo Lloris,1
3869152,France,Aurélien Djani Tchouaméni,Jules Koundé,14
3869152,France,Aurélien Djani Tchouaméni,Kylian Mbappé Lottin,4
3869152,France,Aurélien Djani Tchouaméni,Olivier Giroud,1
3869152,France,Aurélien Djani Tchouaméni,Ousmane Dembélé,5
3869152,France,Aurélien Djani Tchouaméni,Raphaël Varane,4
3869152,France,Aurélien Djani Tchouaméni,Theo Bernard François Hernández,10
3869152,France,Dayotchanculle Upamecano,Adrien Rabiot,6
3869152,France,Dayotchanculle Upamecano,Antoine Griezmann,3
3869152,France,Dayotchanculle Upamecano,Aurélien Djani Tchouaméni,8
3869152,France,Dayotchanculle Upamecano,Axel Disasi,1
3869152,France,Dayotchanculle Upamecano,Hugo Lloris,2
3869152,France,Dayotchanculle Upamecano,Jules Koundé,3
3869152,France,Dayotchanculle Upamecano,Kylian Mbappé Lottin,3
3869152,France,Dayotchanculle Upamecano,Marcus Thuram,2
3869152,France,Dayotchanculle Upamecano,Ousmane Dembélé,3
3869152,France,Dayotchanculle Upamecano,Raphaël Varane,11
3869152,France,Dayotchanculle Upamecano,Theo Bernard François Hernández,8
3869152,France,Dayotchanculle Upamecano,Youssouf Fofana,2
3869152,France,Hugo Lloris,Aurélien Djani Tchouaméni,1
3869152,France,Hugo Lloris,Dayotchanculle Upamecano,6
3869152,France,Hugo Lloris,Jules Koundé,3
3869152,France,Hugo Lloris,Kylian Mbappé Lottin,1
3869152,France,Hugo Lloris,Marcus Thuram,2
3869152,France,Hugo Lloris,Olivier Giroud,1
3869152,France,Hugo Lloris,Raphaël Varane,3
3869152,France,Jules Koundé,Adrien Rabiot,2
3869152,France,Jules Koundé,Antoine Griezmann,8
3869152,France,Jules Koundé,Aurélien Djani Tchouaméni,10
3869152,France,Jules Koundé,Dayotchanculle Upamecano,3
3869152,France,Jules Koundé,Hugo Lloris,4
3869152,France,Jules Koundé,Kingsley Coman,5
3869152,France,Jules Koundé,Olivier Giroud,3
3869152,France,Jules Koundé,Ousmane Dembélé,18
3869152,France,Jules Koundé,Raphaël Varane,8
3869152,France,Jules Koundé,Youssouf Fofana,3
3869152,France,Kylian Mbappé Lottin,Adrien Rabiot,13
3869152,France,Kylian Mbappé Lottin,Antoine Griezmann,1
3869152,France,Kylian Mbappé Lottin,Aurélien Djani Tchouaméni,4
3869152,France,Kylian Mbappé Lottin,Dayotchanculle Upamecano,1
3869152,France,Kylian Mbappé Lottin,Marcus Thuram,2
3869152,France,Kylian Mbappé Lottin,Olivier Giroud,2
3869152,France,Kylian Mbappé Lottin,Ousmane Dembélé,2
3869152,France,Kylian Mbappé Lottin,Raphaël Varane,1
3869152,France,Kylian Mbappé Lottin,Theo Bernard François Hernández,8
3869152,France,Marcus Thuram,Adrien Rabiot,2
3869152,France,Marcus Thuram,Dayotchanculle Upamecano,1
3869152,France,Marcus Thuram,Kylian Mbappé Lottin,1
3869152,France,Marcus Thuram,Theo Bernard François Hernández,3
3869152,France,Olivier Giroud,Adrien Rabiot,1
3869152,France,Olivier Giroud,Antoine Griezmann,2
3869152,France,Olivier Giroud,Aurélien Djani Tchouaméni,1
3869152,France,Olivier Giroud,Jules Koundé,1
3869152,France,Olivier Giroud,Kylian Mbappé Lottin,2
3869152,France,Olivier Giroud,Ousmane Dembélé,4
3869152,France,Olivier Giroud,Youssouf Fofana,1
3869152,France,Raphaël Varane,Antoine Griezmann,2
3869152,France,Raphaël Varane,Aurélien Djani Tchouaméni,4
3869152,France,Raphaël Varane,Dayotchanculle Upamecano,8
3869152,France,Raphaël Varane,Hugo Lloris,3
3869152,France,Raphaël Varane,Jules Koundé,12
3869152,France,Raphaël Varane,Kingsley Coman,1
3869152,France,Raphaël Varane,Ousmane Dembélé,5
3869152,France,Raphaël Varane,Theo Bernard François Hernández,1
3869152,France,Raphaël Varane,Youssouf Fofana,1
3869152,France,Theo Bernard François Hernández,Adrien Rabiot,13
3869152,France,Theo Bernard François Hernández,Antoine Griezmann,1
3869152,France,Theo Bernard François Hernández,Aurélien Djani Tchouaméni,14
3869152,France,Theo Bernard François Hernández,Dayotchanculle Upamecano,15
3869152,France,Theo Bernard François Hernández,Jules Koundé,1
3869152,France,Theo Bernard François Hernández,Kylian Mbappé Lottin,17
3869152,France,Theo Bernard François Hernández,Marcus Thuram,1
3869152,France,Theo Bernard François Hernández,Olivier Giroud,2
3869152,France,Theo Bernard François Hernández,Ousmane Dembélé,2
3869152,France,Theo Bernard François Hernández,Youssouf Fofana,1
3869152,France,Kingsley Coman,Antoine Griezmann,2
3869152,France,Kingsley Coman,Dayotchanculle Upamecano,1
3869152,France,Kingsley Coman,Jules Koundé,3
3869152,France,Kingsley Coman,Youssouf Fofana,2
3869152,France,Ousmane Dembélé,Adrien Rabiot,2
3869152,France,Ousmane Dembélé,Antoine Griezmann,5
3869152,France,Ousmane Dembélé,Aurélien Djani Tchouaméni,8
3869152,France,Ousmane Dembélé,Dayotchanculle Upamecano,2
3869152,France,Ousmane Dembélé,Hugo Lloris,1
3869152,France,Ousmane Dembélé,Jules Koundé,8
3869152,France,Ousmane Dembélé,Kylian Mbappé Lottin,6
3869152,France,Ousmane Dembélé,Raphaël Varane,2
3869152,France,Ousmane Dembélé,Theo Bernard François Hernández,1
3869152,France,Youssouf Fofana,Adrien Rabiot,1
3869152,France,Youssouf Fofana,Antoine Griezmann,2
3869152,France,Youssouf Fofana,Axel Disasi,2
3869152,France,Youssouf Fofana,Dayotchanculle Upamecano,2
3869152,France,Youssouf Fofana,Jules Koundé,1
3869152,France,Youssouf Fofana,Kylian Mbappé Lottin,1
3869152,France,Youssouf Fofana,Raphaël Varane,1
3869152,France,Youssouf Fofana,Theo Bernard François Hernández,2
3869152,France,Axel Disasi,Hugo Lloris,1
3869152,France,Axel Disasi,Kingsley Coman,1
3869152,France,Axel Disasi,Raphaël Varane,1
3869152,Poland,Arkadiusz Milik,Jakub Piotr Kiwior,2
3869152,Poland,Arkadiusz Milik,Krystian Bielik,3
3869152,Poland,Arkadiusz Milik,Nicola Zalewski,1
3869152,Poland,Arkadiusz Milik,Piotr Zieliński,1
3869152,Poland,Jakub Piotr Kiwior,Bartosz Bereszyński,8
3869152,Poland,Jakub Piotr Kiwior,Grzegorz Krychowiak,14
3869152,Poland,Jakub Piotr Kiwior,Jakub Kamiński,1
3869152,Poland,Jakub Piotr Kiwior,Kamil Glik,17
3869152,Poland,Jakub Piotr Kiwior,Krystian Bielik,4
3869152,Poland,Jakub Piotr Kiwior,Matty Cash,2
3869152,Poland,Jakub Piotr Kiwior,Nicola Zalewski,1
3869152,Poland,Jakub Piotr Kiwior,Piotr Zieliński,8
3869152,Poland,Jakub Piotr Kiwior,Przemysław Frankowski,4
3869152,Poland,Jakub Piotr Kiwior,Robert Lewandowski,1
3869152,Poland,Jakub Piotr Kiwior,Sebastian Szymański,5
3869152,Poland,Jakub Piotr Kiwior,Wojciech Szczęsny,2
3869152,Poland,Krystian Bielik,Arkadiusz Milik,3
3869152,Poland,Krystian Bielik,Bartosz Bereszyński,4
3869152,Poland,Krystian Bielik,Jakub Piotr Kiwior,1
3869152,Poland,Krystian Bielik,Jan Bednarek,2
3869152,Poland,Krystian Bielik,Matty Cash,2
3869152,Poland,Krystian Bielik,Nicola Zalewski,3
3869152,Poland,Krystian Bielik,Piotr Zieliński,5
3869152,Poland,Nicola Zalewski,Arkadiusz Milik,1
3869152,Poland,Nicola Zalewski,Matty Cash,3
3869152,Poland,Piotr Zieliński,Arkadiusz Milik,1
3869152,Poland,Piotr Zieliński,Bartosz Bereszyński,5
3869152,Poland,Piotr Zieliński,Grzegorz Krychowiak,8
3869152,Poland,Piotr Zieliński,Jakub Kamiński,7
3869152,Poland,Piotr Zieliński,Jakub Piotr Kiwior,8
3869152,Poland,Piotr Zieliński,Kamil Glik,2
3869152,Poland,Piotr Zieliński,Kamil Grosicki,1
3869152,Poland,Piotr Zieliński,Krystian Bielik,6
3869152,Poland,Piotr Zieliński,Matty Cash,10
3869152,Poland,Piotr Zieliński,Przemysław Frankowski,2
3869152,Poland,Piotr Zieliński,Robert Lewandowski,9
3869152,Poland,Piotr Zieliński,Sebastian Szymański,1
3869152,Poland,Bartosz Bereszyński,Grzegorz Krychowiak,4
3869152,Poland,Bartosz Bereszyński,Jakub Piotr Kiwior,11
3869152,Poland,Bartosz Bereszyński,Jan Bednarek,1
3869152,Poland,Bartosz Bereszyński,Kamil Grosicki,3
3869152,Poland,Bartosz Bereszyński,Krystian Bielik,1
3869152,Poland,Bartosz Bereszyński,Piotr Zieliński,2
3869152,Poland,Bartosz Bereszyński,Przemysław Frankowski,11
3869152,Poland,Bartosz Bereszyński,Robert Lewandowski,4
3869152,Poland,Bartosz Bereszyński,Sebastian Szymański,1
3869152,Poland,Bartosz Bereszyński,Wojciech Szczęsny,5
3869152,Poland,Grzegorz Krychowiak,Arkadiusz Milik,1
3869152,Poland,Grzegorz Krychowiak,Bartosz Bereszyński,4
3869152,Poland,Grzegorz Krychowiak,Jakub Piotr Kiwior,8
3869152,Poland,Grzegorz Krychowiak,Kamil Glik,4
3869152,Poland,Grzegorz Krychowiak,Matty Cash,4
3869152,Poland,Grzegorz Krychowiak,Piotr Zieliński,12
3869152,Poland,Grzegorz Krychowiak,Robert Lewandowski,4
3869152,Poland,Grzegorz Krychowiak,Sebastian Szymański,1
3869152,Poland,Jan Bednarek,Arkadiusz Milik,1
3869152,Poland,Jan Bednarek,Bartosz Bereszyński,3
3869152,Poland,Jan Bednarek,Kamil Grosicki,1
3869152,Poland,Jan Bednarek,Piotr Zieliński,1
3869152,Poland,Kamil Grosicki,Bartosz Bereszyński,2
3869152,Poland,Kamil Grosicki,Piotr Zieliński,1
3869152,Poland,Kamil Grosicki,Robert Lewandowski,1
3869152,Poland,Przemysław Frankowski,Arkadiusz Milik,1
3869152,Poland,Przemysław Frankowski,Bartosz Bereszyński,4
3869152,Poland,Przemysław Frankowski,Grzegorz Krychowiak,1
3869152,Poland,Przemysław Frankowski,Jakub Piotr Kiwior,3
3869152,Poland,Przemysław Frankowski,Piotr Zieliński,3
3869152,Poland,Przemysław Frankowski,Robert Lewandowski,3
3869152,Poland,Przemysław Frankowski,Sebastian Szymański,1
3869152,Poland,Robert Lewandowski,Arkadiusz Milik,1
3869152,Poland,Robert Lewandowski,Bartosz Bereszyński,3
3869152,Poland,Robert Lewandowski,Grzegorz Krychowiak,4
3869152,Poland,Robert Lewandowski,Jakub Kamiński,2
3869152,Poland,Robert Lewandowski,Jakub Piotr Kiwior,2
3869152,Poland,Robert Lewandowski,Kamil Glik,1
3869152,Poland,Robert Lewandowski,Kamil Grosicki,1
3869152,Poland,Robert Lewandowski,Matty Cash,5
3869152,Poland,Robert Lewandowski,Piotr Zieliński,2
3869152,Poland,Robert Lewandowski,Przemysław Frankowski,3
3869152,Poland,Sebastian Szymański,Jakub Piotr Kiwior,5
3869152,Poland,Sebastian Szymański,Piotr Zieliński,3
3869152,Poland,Sebastian Szymański,Przemysław Frankowski,1
3869152,Poland,Sebastian Szymański,Robert Lewandowski,2
3869152,Poland,Wojciech Szczęsny,Bartosz Bereszyński,3
3869152,Poland,Wojciech Szczęsny,Grzegorz Krychowiak,1
3869152,Poland,Wojciech Szczęsny,Jakub Kamiński,1
3869152,Poland,Wojciech Szczęsny,Jakub Piotr Kiwior,10
3869152,Poland,Wojciech Szczęsny,Krystian Bielik,1
3869152,Poland,Wojciech Szczęsny,Matty Cash,2
3869152,Poland,Kamil Glik,Arkadiusz Milik,1
3869152,Poland,Kamil Glik,Jakub Kamiński,2
3869152,Poland,Kamil Glik,Jakub Piotr Kiwior,18
3869152,Poland,Kamil Glik,Matty Cash,4
3869152,Poland,Kamil Glik,Piotr Zieliński,8
3869152,Poland,Kamil Glik,Przemysław Frankowski,1
3869152,Poland,Kamil Glik,Robert Lewandowski,1
3869152,Poland,Kamil Glik,Wojciech Szczęsny,3
3869152,Poland,Matty Cash,Arkadiusz Milik,1
3869152,Poland,Matty Cash,Grzegorz Krychowiak,7
3869152,Poland,Matty Cash,Jakub Kamiński,5
3869152,Poland,Matty Cash,Jakub Piotr Kiwior,1
3869152,Poland,Matty Cash,Kamil Glik,6
3869152,Poland,Matty Cash,Krystian Bielik,3
3869152,Poland,Matty Cash,Nicola Zalewski,3
3869152,Poland,Matty Cash,Piotr Zieliński,7
3869152,Poland,Matty Cash,Robert Lewandowski,3
3869152,Poland,Matty Cash,Wojciech Szczęsny,2
3869152,Poland,Jakub Kamiński,Matty Cash,4
3869152,Poland,Jakub Kamiński,Piotr Zieliński,4
3869152,Poland,Jakub Kamiński,Robert Lewandowski,3
3869152,Poland,Jakub Kamiński,Sebastian Szymański,1
3869219,Croatia,Andrej Kramarić,Bruno Petković,1
3869219,Croatia,Andrej Kramarić,Dejan Lovren,3
3869219,Croatia,Andrej Kramarić,Josip Juranović,4
3869219,Croatia,Andrej Kramarić,Luka Modrić,3
3869219,Croatia,Andrej Kramarić,Marcelo Brozović,4
3869219,Croatia,Andrej Kramarić,Mateo Kovačić,2
3869219,Croatia,Bruno Petković,Ivan Perišić,3
3869219,Croatia,Bruno Petković,Josip Juranović,2
3869219,Croatia,Bruno Petković,Joško Gvardiol,1
3869219,Croatia,Bruno Petković,Luka Modrić,1
3869219,Croatia,Bruno Petković,Mateo Kovačić,1
3869219,Croatia,Dejan Lovren,Borna Barišić,2
3869219,Croatia,Dejan Lovren,Bruno Petković,1
3869219,Croatia,Dejan Lovren,Dominik Livaković,9
3869219,Croatia,Dejan Lovren,Ivan Perišić,2
3869219,Croatia,Dejan Lovren,Josip Juranović,25
3869219,Croatia,Dejan Lovren,Joško Gvardiol,21
3869219,Croatia,Dejan Lovren,Luka Modrić,10
3869219,Croatia,Dejan Lovren,Marcelo Brozović,19
3869219,Croatia,Dejan Lovren,Mateo Kovačić,3
3869219,Croatia,Dejan Lovren,Nikola Vlašić,1
3869219,Croatia,Josip Juranović,Andrej Kramarić,8
3869219,Croatia,Josip Juranović,Ante Budimir,2
3869219,Croatia,Josip Juranović,Borna Barišić,1
3869219,Croatia,Josip Juranović,Bruno Petković,1
3869219,Croatia,Josip Juranović,Dejan Lovren,18
3869219,Croatia,Josip Juranović,Dominik Livaković,1
3869219,Croatia,Josip Juranović,Ivan Perišić,5
3869219,Croatia,Josip Juranović,Lovro Majer,4
3869219,Croatia,Josip Juranović,Luka Modrić,15
3869219,Croatia,Josip Juranović,Marcelo Brozović,17
3869219,Croatia,Josip Juranović,Mario Pašalić,6
3869219,Croatia,Josip Juranović,Marko Livaja,1
3869219,Croatia,Josip Juranović,Mateo Kovačić,1
3869219,Croatia,Josip Juranović,Mislav Oršić,1
3869219,Croatia,Josip Juranović,Nikola Vlašić,1
3869219,Croatia,Luka Modrić,Andrej Kramarić,4
3869219,Croatia,Luka Modrić,Ante Budimir,2
3869219,Croatia,Luka Modrić,Borna Barišić,3
3869219,Croatia,Luka Modrić,Bruno Petković,3
3869219,Croatia,Luka Modrić,Dejan Lovren,3
3869219,Croatia,Luka Modrić,Ivan Perišić,6
3869219,Croatia,Luka Modrić,Josip Juranović,11
3869219,Croatia,Luka Modrić,Joško Gvardiol,5
3869219,Croatia,Luka Modrić,Marcelo Brozović,18
3869219,Croatia,Luka Modrić,Mario Pašalić,2
3869219,Croatia,Luka Modrić,Mateo Kovačić,7
3869219,Croatia,Marcelo Brozović,Andrej Kramarić,5
3869219,Croatia,Marcelo Brozović,Ante Budimir,1
3869219,Croatia,Marcelo Brozović,Borna Barišić,15
3869219,Croatia,Marcelo Brozović,Bruno Petković,1
3869219,Croatia,Marcelo Brozović,Dejan Lovren,14
3869219,Croatia,Marcelo Brozović,Dominik Livaković,2
3869219,Croatia,Marcelo Brozović,Ivan Perišić,1
3869219,Croatia,Marcelo Brozović,Josip Juranović,17
3869219,Croatia,Marcelo Brozović,Joško Gvardiol,8
3869219,Croatia,Marcelo Brozović,Lovro Majer,7
3869219,Croatia,Marcelo Brozović,Luka Modrić,18
3869219,Croatia,Marcelo Brozović,Mario Pašalić,4
3869219,Croatia,Marcelo Brozović,Mateo Kovačić,19
3869219,Croatia,Marcelo Brozović,Mislav Oršić,1
3869219,Croatia,Marcelo Brozović,Nikola Vlašić,3
3869219,Croatia,Mateo Kovačić,Ante Budimir,1
3869219,Croatia,Mateo Kovačić,Borna Barišić,4
3869219,Croatia,Mateo Kovačić,Bruno Petković,1
3869219,Croatia,Mateo Kovačić,Dejan Lovren,7
3869219,Croatia,Mateo Kovačić,Ivan Perišić,10
3869219,Croatia,Mateo Kovačić,Josip Juranović,1
3869219,Croatia,Mateo Kovačić,Joško Gvardiol,2
3869219,Croatia,Mateo Kovačić,Luka Modrić,10
3869219,Croatia,Mateo Kovačić,Marcelo Brozović,16
3869219,Croatia,Mateo Kovačić,Mario Pašalić,1
3869219,Croatia,Ante Budimir,Marcelo Brozović,1
3869219,Croatia,Ante Budimir,Mateo Kovačić,2
3869219,Croatia,Ante Budimir,Nikola Vlašić,1
3869219,Croatia,Nikola Vlašić,Borna Barišić,5
3869219,Croatia,Nikola Vlašić,Marcelo Brozović,1
3869219,Croatia,Nikola Vlašić,Mario Pašalić,1
3869219,Croatia,Nikola Vlašić,Mislav Oršić,1
3869219,Croatia,Borna Barišić,Andrej Kramarić,2
3869219,Croatia,Borna Barišić,Bruno Petković,5
3869219,Croatia,Borna Barišić,Dejan Lovren,1
3869219,Croatia,Borna Barišić,Dominik Livaković,1
3869219,Croatia,Borna Barišić,Ivan Perišić,6
3869219,Croatia,Borna Barišić,Joško Gvardiol,16
3869219,Croatia,Borna Barišić,Lovro Majer,1
3869219,Croatia,Borna Barišić,Luka Modrić,2
3869219,Croatia,Borna Barišić,Marcelo Brozović,8
3869219,Croatia,Borna Barišić,Mario Pašalić,1
3869219,Croatia,Borna Barišić,Mateo Kovačić,5
3869219,Croatia,Borna Barišić,Mislav Oršić,1
3869219,Croatia,Borna Barišić,Nikola Vlašić,1
3869219,Croatia,Dominik Livaković,Borna Barišić,1
3869219,Croatia,Dominik Livaković,Bruno Petković,2
3869219,Croatia,Dominik Livaković,Dejan Lovren,8
3869219,Croatia,Dominik Livaković,Ivan Perišić,2
3869219,Croatia,Dominik Livaković,Josip Juranović,1
3869219,Croatia,Dominik Livaković,Joško Gvardiol,9
3869219,Croatia,Dominik Livaković,Lovro Majer,1
3869219,Croatia,Dominik Livaković,Marcelo Brozović,6
3869219,Croatia,Dominik Livaković,Mario Pašalić,1
3869219,Croatia,Ivan Perišić,Andrej Kramarić,1
3869219,Croatia,Ivan Perišić,Ante Budimir,1
3869219,Croatia,Ivan Perišić,Dejan Lovren,1
3869219,Croatia,Ivan Perišić,Josip Juranović,4
3869219,Croatia,Ivan Perišić,Luka Modrić,6
3869219,Croatia,Ivan Perišić,Marcelo Brozović,3
3869219,Croatia,Ivan Perišić,Mario Pašalić,1
3869219,Croatia,Ivan Perišić,Mateo Kovačić,5
3869219,Croatia,Joško Gvardiol,Andrej Kramarić,1
3869219,Croatia,Joško Gvardiol,Borna Barišić,12
3869219,Croatia,Joško Gvardiol,Bruno Petković,2
3869219,Croatia,Joško Gvardiol,Dejan Lovren,26
3869219,Croatia,Joško Gvardiol,Dominik Livaković,5
3869219,Croatia,Joško Gvardiol,Ivan Perišić,3
3869219,Croatia,Joško Gvardiol,Josip Juranović,1
3869219,Croatia,Joško Gvardiol,Marcelo Brozović,17
3869219,Croatia,Joško Gvardiol,Marko Livaja,1
3869219,Croatia,Joško Gvardiol,Mateo Kovačić,7
3869219,Croatia,Joško Gvardiol,Nikola Vlašić,1
3869219,Croatia,Lovro Majer,Dejan Lovren,1
3869219,Croatia,Lovro Majer,Ivan Perišić,1
3869219,Croatia,Lovro Majer,Josip Juranović,7
3869219,Croatia,Lovro Majer,Joško Gvardiol,2
3869219,Croatia,Lovro Majer,Marcelo Brozović,5
3869219,Croatia,Lovro Majer,Mislav Oršić,1
3869219,Croatia,Mario Pašalić,Dejan Lovren,1
3869219,Croatia,Mario Pašalić,Josip Juranović,3
3869219,Croatia,Mario Pašalić,Lovro Majer,1
3869219,Croatia,Mario Pašalić,Luka Modrić,1
3869219,Croatia,Mario Pašalić,Marcelo Brozović,4
3869219,Croatia,Mislav Oršić,Lovro Majer,2
3869219,Croatia,Mislav Oršić,Nikola Vlašić,1
3869219,Croatia,Marko Livaja,Joško Gvardiol,1
3869219,Croatia,Marko Livaja,Lovro Majer,1
3869219,Croatia,Marko Livaja,Marcelo Brozović,1
3869219,Japan,Ao Tanaka,Takehiro Tomiyasu,4
3869219,Japan,Ao Tanaka,Takumi Minamino,1
3869219,Japan,Ao Tanaka,Wataru Endo,2
3869219,Japan,Takehiro Tomiyasu,Ao Tanaka,3
3869219,Japan,Takehiro Tomiyasu,Daichi Kamada,1
3869219,Japan,Takehiro Tomiyasu,Daizen Maeda,1
3869219,Japan,Takehiro Tomiyasu,Hidemasa Morita,3
3869219,Japan,Takehiro Tomiyasu,Hiroki Sakai,3
3869219,Japan,Takehiro Tomiyasu,Junya Ito,9
3869219,Japan,Takehiro Tomiyasu,Kaoru Mitoma,1
3869219,Japan,Takehiro Tomiyasu,Maya Yoshida,8
3869219,Japan,Takehiro Tomiyasu,Ritsu Doan,5
3869219,Japan,Takehiro Tomiyasu,Shogo Taniguchi,2
3869219,Japan,Takehiro Tomiyasu,Shūichi Gonda,3
3869219,Japan,Takehiro Tomiyasu,Takumi Minamino,1
3869219,Japan,Takehiro Tomiyasu,Wataru Endo,14
3869219,Japan,Takumi Minamino,Hidemasa Morita,1
3869219,Japan,Takumi Minamino,Kaoru Mitoma,5
3869219,Japan,Takumi Minamino,Maya Yoshida,2
3869219,Japan,Takumi Minamino,Takehiro Tomiyasu,1
3869219,Japan,Takumi Minamino,Takuma Asano,1
3869219,Japan,Wataru Endo,Ao Tanaka,2
3869219,Japan,Wataru Endo,Daichi Kamada,10
3869219,Japan,Wataru Endo,Daizen Maeda,1
3869219,Japan,Wataru Endo,Hidemasa Morita,5
3869219,Japan,Wataru Endo,Hiroki Sakai,2
3869219,Japan,Wataru Endo,Junya Ito,5
3869219,Japan,Wataru Endo,Maya Yoshida,8
3869219,Japan,Wataru Endo,Ritsu Doan,6
3869219,Japan,Wataru Endo,Shogo Taniguchi,4
3869219,Japan,Wataru Endo,Shūichi Gonda,1
3869219,Japan,Wataru Endo,Takehiro Tomiyasu,10
3869219,Japan,Wataru Endo,Takuma Asano,2
3869219,Japan,Wataru Endo,Yuto Nagatomo,1
3869219,Japan,Daichi Kamada,Hidemasa Morita,8
3869219,Japan,Daichi Kamada,Junya Ito,5
3869219,Japan,Daichi Kamada,Maya Yoshida,2
3869219,Japan,Daichi Kamada,Ritsu Doan,4
3869219,Japan,Daichi Kamada,Shogo Taniguchi,2
3869219,Japan,Daichi Kamada,Takehiro Tomiyasu,1
3869219,Japan,Daichi Kamada,Wataru Endo,1
3869219,Japan,Daichi Kamada,Yuto Nagatomo,9
3869219,Japan,Hidemasa Morita,Daichi Kamada,5
3869219,Japan,Hidemasa Morita,Daizen Maeda,1
3869219,Japan,Hidemasa Morita,Hiroki Sakai,1
3869219,Japan,Hidemasa Morita,Junya Ito,2
3869219,Japan,Hidemasa Morita,Kaoru Mitoma,1
3869219,Japan,Hidemasa Morita,Maya Yoshida,3
3869219,Japan,Hidemasa Morita,Ritsu Doan,5
3869219,Japan,Hidemasa Morita,Shogo Taniguchi,6
3869219,Japan,Hidemasa Morita,Takehiro Tomiyasu,7
3869219,Japan,Hidemasa Morita,Takumi Minamino,1
3869219,Japan,Hidemasa Morita,Wataru Endo,5
3869219,Japan,Hidemasa Morita,Yuto Nagatomo,6
3869219,Japan,Junya Ito,Daizen Maeda,1
3869219,Japan,Junya Ito,Hidemasa Morita,1
3869219,Japan,Junya Ito,Hiroki Sakai,2
3869219,Japan,Junya Ito,Ritsu Doan,5
3869219,Japan,Junya Ito,Shogo Taniguchi,1
3869219,Japan,Junya Ito,Shūichi Gonda,1
3869219,Japan,Junya Ito,Takehiro Tomiyasu,9
3869219,Japan,Junya Ito,Takuma Asano,2
3869219,Japan,Junya Ito,Takumi Minamino,2
3869219,Japan,Junya Ito,Wataru Endo,10
3869219,Japan,Maya Yoshida,Ao Tanaka,1
3869219,Japan,Maya Yoshida,Hidemasa Morita,4
3869219,Japan,Maya Yoshida,Junya Ito,2
3869219,Japan,Maya Yoshida,Kaoru Mitoma,2
3869219,Japan,Maya Yoshida,Ritsu Doan,3
3869219,Japan,Maya Yoshida,Shogo Taniguchi,12
3869219,Japan,Maya Yoshida,Shūichi Gonda,2
3869219,Japan,Maya Yoshida,Takehiro Tomiyasu,8
3869219,Japan,Maya Yoshida,Wataru Endo,4
3869219,Japan,Maya Yoshida,Yuto Nagatomo,2
3869219,Japan,Ritsu Doan,Daichi Kamada,8
3869219,Japan,Ritsu Doan,Daizen Maeda,1
3869219,Japan,Ritsu Doan,Hidemasa Morita,1
3869219,Japan,Ritsu Doan,Junya Ito,2
3869219,Japan,Ritsu Doan,Maya Yoshida,1
3869219,Japan,Ritsu Doan,Shogo Taniguchi,1
3869219,Japan,Ritsu Doan,Takehiro Tomiyasu,3
3869219,Japan,Ritsu Doan,Takuma Asano,1
3869219,Japan,Ritsu Doan,Wataru Endo,3
3869219,Japan,Ritsu Doan,Yuto Nagatomo,2
3869219,Japan,Shogo Taniguchi,Daichi Kamada,2
3869219,Japan,Shogo Taniguchi,Daizen Maeda,1
3869219,Japan,Shogo Taniguchi,Hidemasa Morita,9
3869219,Japan,Shogo Taniguchi,Junya Ito,2
3869219,Japan,Shogo Taniguchi,Kaoru Mitoma,9
3869219,Japan,Shogo Taniguchi,Maya Yoshida,7
3869219,Japan,Shogo Taniguchi,Shūichi Gonda,3
3869219,Japan,Shogo Taniguchi,Takehiro Tomiyasu,4
3869219,Japan,Shogo Taniguchi,Takuma Asano,1
3869219,Japan,Shogo Taniguchi,Takumi Minamino,3
3869219,Japan,Shogo Taniguchi,Wataru Endo,7
3869219,Japan,Shogo Taniguchi,Yuto Nagatomo,2
3869219,Japan,Yuto Nagatomo,Daichi Kamada,4
3869219,Japan,Yuto Nagatomo,Hidemasa Morita,11
3869219,Japan,Yuto Nagatomo,Shogo Taniguchi,7
3869219,Japan,Yuto Nagatomo,Shūichi Gonda,1
3869219,Japan,Daizen Maeda,Daichi Kamada,1
3869219,Japan,Daizen Maeda,Hidemasa Morita,1
3869219,Japan,Daizen Maeda,Wataru Endo,1
3869219,Japan,Hiroki Sakai,Junya Ito,2
3869219,Japan,Hiroki Sakai,Kaoru Mitoma,2
3869219,Japan,Hiroki Sakai,Maya Yoshida,1
3869219,Japan,Hiroki Sakai,Takehiro Tomiyasu,4
3869219,Japan,Hiroki Sakai,Takuma Asano,2
3869219,Japan,Hiroki Sakai,Wataru Endo,3
3869219,Japan,Kaoru Mitoma,Ao Tanaka,2
3869219,Japan,Kaoru Mitoma,Hidemasa Morita,1
3869219,Japan,Kaoru Mitoma,Maya Yoshida,2
3869219,Japan,Kaoru Mitoma,Shogo Taniguchi,7
3869219,Japan,Kaoru Mitoma,Shūichi Gonda,1
3869219,Japan,Kaoru Mitoma,Takehiro Tomiyasu,1
3869219,Japan,Kaoru Mitoma,Takuma Asano,1
3869219,Japan,Kaoru Mitoma,Takumi Minamino,5
3869219,Japan,Kaoru Mitoma,Wataru Endo,2
3869219,Japan,Takuma Asano,Hidemasa Morita,1
3869219,Japan,Takuma Asano,Junya Ito,4
3869219,Japan,Takuma Asano,Kaoru Mitoma,1
3869219,Japan,Takuma Asano,Wataru Endo,2
3869219,Japan,Shūichi Gonda,Daichi Kamada,1
3869219,Japan,Shūichi Gonda,Hidemasa Morita,1
3869219,Japan,Shūichi Gonda,Hiroki Sakai,2
3869219,Japan,Shūichi Gonda,Junya Ito,1
3869219,Japan,Shūichi Gonda,Kaoru Mitoma,1
3869219,Japan,Shūichi Gonda,Maya Yoshida,3
3869219,Japan,Shūichi Gonda,Shogo Taniguchi,3
3869219,Japan,Shūichi Gonda,Takehiro Tomiyasu,2
3869219,Japan,Shūichi Gonda,Takuma Asano,2
3869220,Morocco,Abdelhamid Sabiri,Abdessamad Ezzalzouli,1
3869220,Morocco,Abdelhamid Sabiri,Jawad El Yamiq,1
3869220,Morocco,Abdelhamid Sabiri,Sofyan Amrabat,1
3869220,Morocco,Abdelhamid Sabiri,Yahia Attiyat allah,1
3869220,Morocco,Abdessamad Ezzalzouli,Azzedine Ounahi,2
3869220,Morocco,Abdessamad Ezzalzouli,Noussair Mazraoui,1
3869220,Morocco,Abdessamad Ezzalzouli,Walid Cheddira,4
3869220,Morocco,Jawad El Yamiq,Abdelhamid Sabiri,1
3869220,Morocco,Sofyan Amrabat,Abdelhamid Sabiri,1
3869220,Morocco,Sofyan Amrabat,Abdessamad Ezzalzouli,1
3869220,Morocco,Sofyan Amrabat,Achraf Hakimi Mouh,3
3869220,Morocco,Sofyan Amrabat,Azzedine Ounahi,6
3869220,Morocco,Sofyan Amrabat,Hakim Ziyech,3
3869220,Morocco,Sofyan Amrabat,Jawad El Yamiq,1
3869220,Morocco,Sofyan Amrabat,Nayef Aguerd,2
3869220,Morocco,Sofyan Amrabat,Noussair Mazraoui,1
3869220,Morocco,Sofyan Amrabat,Romain Saïss,4
3869220,Morocco,Sofyan Amrabat,Selim Amallah,2
3869220,Morocco,Sofyan Amrabat,Sofiane Boufal,1
3869220,Morocco,Sofyan Amrabat,Yassine Bounou,2
3869220,Morocco,Sofyan Amrabat,Youssef En-Nesyri,1
3869220,Morocco,Yahia Attiyat allah,Abdessamad Ezzalzouli,3
3869220,Morocco,Yahia Attiyat allah,Romain Saïss,1
3869220,Morocco,Azzedine Ounahi,Abdelhamid Sabiri,1
3869220,Morocco,Azzedine Ounahi,Achraf Hakimi Mouh,9
3869220,Morocco,Azzedine Ounahi,Hakim Ziyech,12
3869220,Morocco,Azzedine Ounahi,Nayef Aguerd,1
3869220,Morocco,Azzedine Ounahi,Noussair Mazraoui,1
3869220,Morocco,Azzedine Ounahi,Romain Saïss,2
3869220,Morocco,Azzedine Ounahi,Selim Amallah,2
3869220,Morocco,Azzedine Ounahi,Sofyan Amrabat,5
3869220,Morocco,Azzedine Ounahi,Walid Cheddira,1
3869220,Morocco,Noussair Mazraoui,Abdessamad Ezzalzouli,1
3869220,Morocco,Noussair Mazraoui,Azzedine Ounahi,2
3869220,Morocco,Noussair Mazraoui,Hakim Ziyech,1
3869220,Morocco,Noussair Mazraoui,Romain Saïss,2
3869220,Morocco,Noussair Mazraoui,Selim Amallah,1
3869220,Morocco,Noussair Mazraoui,Sofiane Boufal,5
3869220,Morocco,Noussair Mazraoui,Sofyan Amrabat,2
3869220,Morocco,Noussair Mazraoui,Yassine Bounou,1
3869220,Morocco,Noussair Mazraoui,Youssef En-Nesyri,5
3869220,Morocco,Walid Cheddira,Abdelhamid Sabiri,1
3869220,Morocco,Walid Cheddira,Abdessamad Ezzalzouli,1
3869220,Morocco,Walid Cheddira,Hakim Ziyech,1
3869220,Morocco,Achraf Hakimi Mouh,Abdessamad Ezzalzouli,1
3869220,Morocco,Achraf Hakimi Mouh,Azzedine Ounahi,12
3869220,Morocco,Achraf Hakimi Mouh,Hakim Ziyech,10
3869220,Morocco,Achraf Hakimi Mouh,Jawad El Yamiq,1
3869220,Morocco,Achraf Hakimi Mouh,Nayef Aguerd,6
3869220,Morocco,Achraf Hakimi Mouh,Noussair Mazraoui,1
3869220,Morocco,Achraf Hakimi Mouh,Selim Amallah,1
3869220,Morocco,Achraf Hakimi Mouh,Sofyan Amrabat,4
3869220,Morocco,Achraf Hakimi Mouh,Yassine Bounou,2
3869220,Morocco,Hakim Ziyech,Abdessamad Ezzalzouli,1
3869220,Morocco,Hakim Ziyech,Achraf Hakimi Mouh,11
3869220,Morocco,Hakim Ziyech,Azzedine Ounahi,7
3869220,Morocco,Hakim Ziyech,Romain Saïss,1
3869220,Morocco,Hakim Ziyech,Selim Amallah,1
3869220,Morocco,Hakim Ziyech,Sofiane Boufal,1
3869220,Morocco,Hakim Ziyech,Sofyan Amrabat,2
3869220,Morocco,Hakim Ziyech,Walid Cheddira,1
3869220,Morocco,Hakim Ziyech,Yassine Bounou,1
3869220,Morocco,Nayef Aguerd,Achraf Hakimi Mouh,4
3869220,Morocco,Nayef Aguerd,Azzedine Ounahi,2
3869220,Morocco,Nayef Aguerd,Hakim Ziyech,1
3869220,Morocco,Nayef Aguerd,Romain Saïss,1
3869220,Morocco,Nayef Aguerd,Sofiane Boufal,1
3869220,Morocco,Nayef Aguerd,Sofyan Amrabat,5
3869220,Morocco,Nayef Aguerd,Yassine Bounou,5
3869220,Morocco,Selim Amallah,Noussair Mazraoui,2
3869220,Morocco,Selim Amallah,Romain Saïss,3
3869220,Morocco,Selim Amallah,Sofiane Boufal,2
3869220,Morocco,Selim Amallah,Youssef En-Nesyri,1
3869220,Morocco,Yassine Bounou,Abdelhamid Sabiri,3
3869220,Morocco,Yassine Bounou,Achraf Hakimi Mouh,1
3869220,Morocco,Yassine Bounou,Hakim Ziyech,1
3869220,Morocco,Yassine Bounou,Nayef Aguerd,3
3869220,Morocco,Yassine Bounou,Noussair Mazraoui,5
3869220,Morocco,Yassine Bounou,Romain Saïss,1
3869220,Morocco,Yassine Bounou,Sofiane Boufal,4
3869220,Morocco,Yassine Bounou,Walid Cheddira,1
3869220,Morocco,Romain Saïss,Abdelhamid Sabiri,1
3869220,Morocco,Romain Saïss,Abdessamad Ezzalzouli,1
3869220,Morocco,Romain Saïss,Achraf Hakimi Mouh,2
3869220,Morocco,Romain Saïss,Azzedine Ounahi,4
3869220,Morocco,Romain Saïss,Hakim Ziyech,1
3869220,Morocco,Romain Saïss,Nayef Aguerd,3
3869220,Morocco,Romain Saïss,Noussair Mazraoui,1
3869220,Morocco,Romain Saïss,Yahia Attiyat allah,1
3869220,Morocco,Romain Saïss,Yassine Bounou,7
3869220,Morocco,Romain Saïss,Youssef En-Nesyri,2
3869220,Morocco,Sofiane Boufal,Hakim Ziyech,1
3869220,Morocco,Sofiane Boufal,Nayef Aguerd,1
3869220,Morocco,Sofiane Boufal,Noussair Mazraoui,3
3869220,Morocco,Sofiane Boufal,Sofyan Amrabat,2
3869220,Morocco,Sofiane Boufal,Youssef En-Nesyri,1
3869220,Morocco,Youssef En-Nesyri,Azzedine Ounahi,3
3869220,Morocco,Youssef En-Nesyri,Hakim Ziyech,1
3869220,Morocco,Youssef En-Nesyri,Selim Amallah,1
3869220,Morocco,Youssef En-Nesyri,Sofiane Boufal,2
3869220,Morocco,Youssef En-Nesyri,Sofyan Amrabat,1
3869220,Spain,Alejandro Balde Martínez,Anssumane Fati,1
3869220,Spain,Alejandro Balde Martínez,Aymeric Laporte,4
3869220,Spain,Alejandro Balde Martínez,Marcos Llorente Moreno,1
3869220,Spain,Alejandro Balde Martínez,Pedro González López,7
3869220,Spain,Alejandro Balde Martínez,Álvaro Borja Morata Martín,1
3869220,Spain,Anssumane Fati,Aymeric Laporte,2
3869220,Spain,Anssumane Fati,Carlos Soler Barragán,1
3869220,Spain,Anssumane Fati,Pedro González López,3
3869220,Spain,Anssumane Fati,Sergio Busquets i Burgos,1
3869220,Spain,Aymeric Laporte,Alejandro Balde Martínez,2
3869220,Spain,Aymeric Laporte,Daniel Olmo Carvajal,6
3869220,Spain,Aymeric Laporte,Jordi Alba Ramos,44
3869220,Spain,Aymeric Laporte,Marco Asensio Willemsen,1
3869220,Spain,Aymeric Laporte,Marcos Llorente Moreno,1
3869220,Spain,Aymeric Laporte,Nicholas Williams Arthuer,1
3869220,Spain,Aymeric Laporte,Pablo Martín Páez Gavira,3
3869220,Spain,Aymeric Laporte,Pedro González López,47
3869220,Spain,Aymeric Laporte,Rodrigo Hernández Cascante,59
3869220,Spain,Aymeric Laporte,Sergio Busquets i Burgos,5
3869220,Spain,Aymeric Laporte,Unai Simón Mendibil,3
3869220,Spain,Marcos Llorente Moreno,Alejandro Balde Martínez,1
3869220,Spain,Marcos Llorente Moreno,Aymeric Laporte,17
3869220,Spain,Marcos Llorente Moreno,Carlos Soler Barragán,2
3869220,Spain,Marcos Llorente Moreno,Ferrán Torres García,13
3869220,Spain,Marcos Llorente Moreno,Jordi Alba Ramos,1
3869220,Spain,Marcos Llorente Moreno,Nicholas Williams Arthuer,10
3869220,Spain,Marcos Llorente Moreno,Pablo Martín Páez Gavira,2
3869220,Spain,Marcos Llorente Moreno,Pablo Sarabia García,1
3869220,Spain,Marcos Llorente Moreno,Pedro González López,3
3869220,Spain,Marcos Llorente Moreno,Rodrigo Hernández Cascante,29
3869220,Spain,Marcos Llorente Moreno,Sergio Busquets i Burgos,13
3869220,Spain,Marcos Llorente Moreno,Unai Simón Mendibil,1
3869220,Spain,Marcos Llorente Moreno,Álvaro Borja Morata Martín,1
3869220,Spain,Pedro González López,Alejandro Balde Martínez,7
3869220,Spain,Pedro González López,Anssumane Fati,4
3869220,Spain,Pedro González López,Aymeric Laporte,20
3869220,Spain,Pedro González López,Carlos Soler Barragán,2
3869220,Spain,Pedro González López,Daniel Olmo Carvajal,6
3869220,Spain,Pedro González López,Ferrán Torres García,7
3869220,Spain,Pedro González López,Jordi Alba Ramos,26
3869220,Spain,Pedro González López,Marco Asensio Willemsen,6
3869220,Spain,Pedro González López,Marcos Llorente Moreno,4
3869220,Spain,Pedro González López,Pablo Martín Páez Gavira,3
3869220,Spain,Pedro González López,Rodrigo Hernández Cascante,37
3869220,Spain,Pedro González López,Sergio Busquets i Burgos,12
3869220,Spain,Pedro González López,Álvaro Borja Morata Martín,1
3869220,Spain,Álvaro Borja Morata Martín,Daniel Olmo Carvajal,1
3869220,Spain,Álvaro Borja Morata Martín,Jordi Alba Ramos,1
3869220,Spain,Álvaro Borja Morata Martín,Nicholas Williams Arthuer,1
3869220,Spain,Álvaro Borja Morata Martín,Pedro González López,2
3869220,Spain,Carlos Soler Barragán,Anssumane Fati,1
3869220,Spain,Carlos Soler Barragán,Aymeric Laporte,6
3869220,Spain,Carlos Soler Barragán,Ferrán Torres García,1
3869220,Spain,Carlos Soler Barragán,Marcos Llorente Moreno,3
3869220,Spain,Carlos Soler Barragán,Nicholas Williams Arthuer,6
3869220,Spain,Carlos Soler Barragán,Pedro González López,4
3869220,Spain,Carlos Soler Barragán,Rodrigo Hernández Cascante,9
3869220,Spain,Carlos Soler Barragán,Sergio Busquets i Burgos,3
3869220,Spain,Carlos Soler Barragán,Álvaro Borja Morata Martín,2
3869220,Spain,Sergio Busquets i Burgos,Alejandro Balde Martínez,1
3869220,Spain,Sergio Busquets i Burgos,Anssumane Fati,2
3869220,Spain,Sergio Busquets i Burgos,Aymeric Laporte,14
3869220,Spain,Sergio Busquets i Burgos,Carlos Soler Barragán,3
3869220,Spain,Sergio Busquets i Burgos,Daniel Olmo Carvajal,2
3869220,Spain,Sergio Busquets i Burgos,Ferrán Torres García,5
3869220,Spain,Sergio Busquets i Burgos,Jordi Alba Ramos,5
3869220,Spain,Sergio Busquets i Burgos,Marco Asensio Willemsen,3
3869220,Spain,Sergio Busquets i Burgos,Marcos Llorente Moreno,9
3869220,Spain,Sergio Busquets i Burgos,Nicholas Williams Arthuer,1
3869220,Spain,Sergio Busquets i Burgos,Pablo Martín Páez Gavira,2
3869220,Spain,Sergio Busquets i Burgos,Pablo Sarabia García,1
3869220,Spain,Sergio Busquets i Burgos,Pedro González López,7
3869220,Spain,Sergio Busquets i Burgos,Rodrigo Hernández Cascante,8
3869220,Spain,Sergio Busquets i Burgos,Unai Simón Mendibil,1
3869220,Spain,Sergio Busquets i Burgos,Álvaro Borja Morata Martín,3
3869220,Spain,Daniel Olmo Carvajal,Aymeric Laporte,2
3869220,Spain,Daniel Olmo Carvajal,Carlos Soler Barragán,3
3869220,Spain,Daniel Olmo Carvajal,Jordi Alba Ramos,9
3869220,Spain,Daniel Olmo Carvajal,Marco Asensio Willemsen,1
3869220,Spain,Daniel Olmo Carvajal,Pablo Martín Páez Gavira,4
3869220,Spain,Daniel Olmo Carvajal,Pedro González López,6
3869220,Spain,Daniel Olmo Carvajal,Rodrigo Hernández Cascante,3
3869220,Spain,Daniel Olmo Carvajal,Sergio Busquets i Burgos,3
3869220,Spain,Daniel Olmo Carvajal,Álvaro Borja Morata Martín,1
3869220,Spain,Jordi Alba Ramos,Aymeric Laporte,21
3869220,Spain,Jordi Alba Ramos,Carlos Soler Barragán,1
3869220,Spain,Jordi Alba Ramos,Daniel Olmo Carvajal,15
3869220,Spain,Jordi Alba Ramos,Ferrán Torres García,1
3869220,Spain,Jordi Alba Ramos,Marco Asensio Willemsen,4
3869220,Spain,Jordi Alba Ramos,Pablo Martín Páez Gavira,4
3869220,Spain,Jordi Alba Ramos,Pedro González López,24
3869220,Spain,Jordi Alba Ramos,Rodrigo Hernández Cascante,19
3869220,Spain,Jordi Alba Ramos,Sergio Busquets i Burgos,6
3869220,Spain,Jordi Alba Ramos,Unai Simón Mendibil,4
3869220,Spain,Marco Asensio Willemsen,Aymeric Laporte,1
3869220,Spain,Marco Asensio Willemsen,Daniel Olmo Carvajal,6
3869220,Spain,Marco Asensio Willemsen,Ferrán Torres García,1
3869220,Spain,Marco Asensio Willemsen,Pedro González López,1
3869220,Spain,Marco Asensio Willemsen,Rodrigo Hernández Cascante,2
3869220,Spain,Nicholas Williams Arthuer,Carlos Soler Barragán,4
3869220,Spain,Nicholas Williams Arthuer,Marcos Llorente Moreno,7
3869220,Spain,Nicholas Williams Arthuer,Rodrigo Hernández Cascante,2
3869220,Spain,Nicholas Williams Arthuer,Álvaro Borja Morata Martín,2
3869220,Spain,Pablo Martín Páez Gavira,Aymeric Laporte,4
3869220,Spain,Pablo Martín Páez Gavira,Daniel Olmo Carvajal,2
3869220,Spain,Pablo Martín Páez Gavira,Ferrán Torres García,4
3869220,Spain,Pablo Martín Páez Gavira,Jordi Alba Ramos,1
3869220,Spain,Pablo Martín Páez Gavira,Marco Asensio Willemsen,1
3869220,Spain,Pablo Martín Páez Gavira,Marcos Llorente Moreno,2
3869220,Spain,Pablo Martín Páez Gavira,Rodrigo Hernández Cascante,4
3869220,Spain,Rodrigo Hernández Cascante,Alejandro Balde Martínez,1
3869220,Spain,Rodrigo Hernández Cascante,Anssumane Fati,1
3869220,Spain,Rodrigo Hernández Cascante,Aymeric Laporte,68
3869220,Spain,Rodrigo Hernández Cascante,Carlos Soler Barragán,18
3869220,Spain,Rodrigo Hernández Cascante,Daniel Olmo Carvajal,2
3869220,Spain,Rodrigo Hernández Cascante,Ferrán Torres García,1
3869220,Spain,Rodrigo Hernández Cascante,Jordi Alba Ramos,7
3869220,Spain,Rodrigo Hernández Cascante,Marco Asensio Willemsen,4
3869220,Spain,Rodrigo Hernández Cascante,Marcos Llorente Moreno,39
3869220,Spain,Rodrigo Hernández Cascante,Nicholas Williams Arthuer,4
3869220,Spain,Rodrigo Hernández Cascante,Pablo Martín Páez Gavira,7
3869220,Spain,Rodrigo Hernández Cascante,Pablo Sarabia García,1
3869220,Spain,Rodrigo Hernández Cascante,Pedro González López,26
3869220,Spain,Rodrigo Hernández Cascante,Sergio Busquets i Burgos,18
3869220,Spain,Rodrigo Hernández Cascante,Unai Simón Mendibil,6
3869220,Spain,Rodrigo Hernández Cascante,Álvaro Borja Morata Martín,1
3869220,Spain,Unai Simón Mendibil,Alejandro Balde Martínez,2
3869220,Spain,Unai Simón Mendibil,Aymeric Laporte,8
3869220,Spain,Unai Simón Mendibil,Jordi Alba Ramos,1
3869220,Spain,Unai Simón Mendibil,Marcos Llorente Moreno,3
3869220,Spain,Unai Simón Mendibil,Pedro González López,1
3869220,Spain,Unai Simón Mendibil,Rodrigo Hernández Cascante,14
3869220,Spain,Unai Simón Mendibil,Sergio Busquets i Burgos,2
3869220,Spain,Ferrán Torres García,Carlos Soler Barragán,1
3869220,Spain,Ferrán Torres García,Jordi Alba Ramos,1
3869220,Spain,Ferrán Torres García,Marco Asensio Willemsen,1
3869220,Spain,Ferrán Torres García,Marcos Llorente Moreno,7
3869220,Spain,Ferrán Torres García,Pablo Martín Páez Gavira,2
3869220,Spain,Ferrán Torres García,Pedro González López,3
3869220,Spain,Ferrán Torres García,Rodrigo Hernández Cascante,4
3869220,Spain,Pablo Sarabia García,Carlos Soler Barragán,1
3869220,Spain,Pablo Sarabia García,Sergio Busquets i Burgos,1
3869253,Brazil,Alisson Ramsés Becker,Daniel Alves da Silva,1
3869253,Brazil,Alisson Ramsés Becker,Danilo Luiz da Silva,3
3869253,Brazil,Alisson Ramsés Becker,Marcos Aoás Corrêa,9
3869253,Brazil,Alisson Ramsés Becker,Thiago Emiliano da Silva,7
3869253,Brazil,Daniel Alves da Silva,Carlos Henrique Casimiro,1
3869253,Brazil,Daniel Alves da Silva,Lucas Tolentino Coelho de Lima,4
3869253,Brazil,Daniel Alves da Silva,Marcos Aoás Corrêa,4
3869253,Brazil,Daniel Alves da Silva,Raphael Dias Belloli,7
3869253,Brazil,Daniel Alves da Silva,Richarlison de Andrade,1
3869253,Brazil,Danilo Luiz da Silva,Alisson Ramsés Becker,4
3869253,Brazil,Danilo Luiz da Silva,Carlos Henrique Casimiro,13
3869253,Brazil,Danilo Luiz da Silva,Lucas Tolentino Coelho de Lima,2
3869253,Brazil,Danilo Luiz da Silva,Marcos Aoás Corrêa,7
3869253,Brazil,Danilo Luiz da Silva,Neymar da Silva Santos Junior,12
3869253,Brazil,Danilo Luiz da Silva,Raphael Dias Belloli,1
3869253,Brazil,Danilo Luiz da Silva,Thiago Emiliano da Silva,19
3869253,Brazil,Danilo Luiz da Silva,Vinícius José Paixão de Oliveira Júnior,7
3869253,Brazil,Danilo Luiz da Silva,Éder Gabriel Militão,2
3869253,Brazil,Marcos Aoás Corrêa,Alisson Ramsés Becker,3
3869253,Brazil,Marcos Aoás Corrêa,Carlos Henrique Casimiro,9
3869253,Brazil,Marcos Aoás Corrêa,Daniel Alves da Silva,2
3869253,Brazil,Marcos Aoás Corrêa,Danilo Luiz da Silva,7
3869253,Brazil,Marcos Aoás Corrêa,Lucas Tolentino Coelho de Lima,3
3869253,Brazil,Marcos Aoás Corrêa,Raphael Dias Belloli,2
3869253,Brazil,Marcos Aoás Corrêa,Richarlison de Andrade,1
3869253,Brazil,Marcos Aoás Corrêa,Thiago Emiliano da Silva,26
3869253,Brazil,Marcos Aoás Corrêa,Weverton Pereira da Silva,1
3869253,Brazil,Marcos Aoás Corrêa,Éder Gabriel Militão,12
3869253,Brazil,Thiago Emiliano da Silva,Alisson Ramsés Becker,2
3869253,Brazil,Thiago Emiliano da Silva,Carlos Henrique Casimiro,6
3869253,Brazil,Thiago Emiliano da Silva,Daniel Alves da Silva,3
3869253,Brazil,Thiago Emiliano da Silva,Danilo Luiz da Silva,28
3869253,Brazil,Thiago Emiliano da Silva,Gleison Bremer Silva Nascimento,5
3869253,Brazil,Thiago Emiliano da Silva,Lucas Tolentino Coelho de Lima,3
3869253,Brazil,Thiago Emiliano da Silva,Marcos Aoás Corrêa,16
3869253,Brazil,Thiago Emiliano da Silva,Neymar da Silva Santos Junior,5
3869253,Brazil,Thiago Emiliano da Silva,Raphael Dias Belloli,1
3869253,Brazil,Thiago Emiliano da Silva,Richarlison de Andrade,1
3869253,Brazil,Thiago Emiliano da Silva,Vinícius José Paixão de Oliveira Júnior,3
3869253,Brazil,Thiago Emiliano da Silva,Weverton Pereira da Silva,1
3869253,Brazil,Thiago Emiliano da Silva,Éder Gabriel Militão,8
3869253,Brazil,Carlos Henrique Casimiro,Alisson Ramsés Becker,1
3869253,Brazil,Carlos Henrique Casimiro,Danilo Luiz da Silva,13
3869253,Brazil,Carlos Henrique Casimiro,Gabriel Teodoro Martinelli Silva,6
3869253,Brazil,Carlos Henrique Casimiro,Gleison Bremer Silva Nascimento,4
3869253,Brazil,Carlos Henrique Casimiro,Lucas Tolentino Coelho de Lima,7
3869253,Brazil,Carlos Henrique Casimiro,Marcos Aoás Corrêa,5
3869253,Brazil,Carlos Henrique Casimiro,Neymar da Silva Santos Junior,9
3869253,Brazil,Carlos Henrique Casimiro,Raphael Dias Belloli,5
3869253,Brazil,Carlos Henrique Casimiro,Rodrygo Silva de Goes,3
3869253,Brazil,Carlos Henrique Casimiro,Thiago Emiliano da Silva,5
3869253,Brazil,Carlos Henrique Casimiro,Vinícius José Paixão de Oliveira Júnior,4
3869253,Brazil,Carlos Henrique Casimiro,Éder Gabriel Militão,3
3869253,Brazil,Gabriel Teodoro Martinelli Silva,Carlos Henrique Casimiro,2
3869253,Brazil,Gabriel Teodoro Martinelli Silva,Daniel Alves da Silva,1
3869253,Brazil,Gabriel Teodoro Martinelli Silva,Gleison Bremer Silva Nascimento,1
3869253,Brazil,Gabriel Teodoro Martinelli Silva,Lucas Tolentino Coelho de Lima,1
3869253,Brazil,Gabriel Teodoro Martinelli Silva,Neymar da Silva Santos Junior,1
3869253,Brazil,Gabriel Teodoro Martinelli Silva,Richarlison de Andrade,1
3869253,Brazil,Gabriel Teodoro Martinelli Silva,Rodrygo Silva de Goes,2
3869253,Brazil,Gabriel Teodoro Martinelli Silva,Thiago Emiliano da Silva,1
3869253,Brazil,Gleison Bremer Silva Nascimento,Carlos Henrique Casimiro,4
3869253,Brazil,Gleison Bremer Silva Nascimento,Gabriel Teodoro Martinelli Silva,1
3869253,Brazil,Gleison Bremer Silva Nascimento,Lucas Tolentino Coelho de Lima,2
3869253,Brazil,Gleison Bremer Silva Nascimento,Neymar da Silva Santos Junior,1
3869253,Brazil,Gleison Bremer Silva Nascimento,Thiago Emiliano da Silva,9
3869253,Brazil,Lucas Tolentino Coelho de Lima,Carlos Henrique Casimiro,9
3869253,Brazil,Lucas Tolentino Coelho de Lima,Daniel Alves da Silva,5
3869253,Brazil,Lucas Tolentino Coelho de Lima,Danilo Luiz da Silva,1
3869253,Brazil,Lucas Tolentino Coelho de Lima,Gabriel Teodoro Martinelli Silva,2
3869253,Brazil,Lucas Tolentino Coelho de Lima,Gleison Bremer Silva Nascimento,1
3869253,Brazil,Lucas Tolentino Coelho de Lima,Marcos Aoás Corrêa,6
3869253,Brazil,Lucas Tolentino Coelho de Lima,Neymar da Silva Santos Junior,3
3869253,Brazil,Lucas Tolentino Coelho de Lima,Raphael Dias Belloli,13
3869253,Brazil,Lucas Tolentino Coelho de Lima,Richarlison de Andrade,6
3869253,Brazil,Lucas Tolentino Coelho de Lima,Rodrygo Silva de Goes,1
3869253,Brazil,Lucas Tolentino Coelho de Lima,Thiago Emiliano da Silva,2
3869253,Brazil,Lucas Tolentino Coelho de Lima,Éder Gabriel Militão,4
3869253,Brazil,Neymar da Silva Santos Junior,Carlos Henrique Casimiro,4
3869253,Brazil,Neymar da Silva Santos Junior,Danilo Luiz da Silva,6
3869253,Brazil,Neymar da Silva Santos Junior,Gleison Bremer Silva Nascimento,1
3869253,Brazil,Neymar da Silva Santos Junior,Lucas Tolentino Coelho de Lima,4
3869253,Brazil,Neymar da Silva Santos Junior,Raphael Dias Belloli,2
3869253,Brazil,Neymar da Silva Santos Junior,Richarlison de Andrade,4
3869253,Brazil,Neymar da Silva Santos Junior,Thiago Emiliano da Silva,4
3869253,Brazil,Neymar da Silva Santos Junior,Vinícius José Paixão de Oliveira Júnior,12
3869253,Brazil,Raphael Dias Belloli,Carlos Henrique Casimiro,3
3869253,Brazil,Raphael Dias Belloli,Daniel Alves da Silva,2
3869253,Brazil,Raphael Dias Belloli,Gleison Bremer Silva Nascimento,1
3869253,Brazil,Raphael Dias Belloli,Lucas Tolentino Coelho de Lima,13
3869253,Brazil,Raphael Dias Belloli,Marcos Aoás Corrêa,1
3869253,Brazil,Raphael Dias Belloli,Neymar da Silva Santos Junior,4
3869253,Brazil,Raphael Dias Belloli,Richarlison de Andrade,3
3869253,Brazil,Raphael Dias Belloli,Thiago Emiliano da Silva,1
3869253,Brazil,Raphael Dias Belloli,Vinícius José Paixão de Oliveira Júnior,2
3869253,Brazil,Raphael Dias Belloli,Éder Gabriel Militão,6
3869253,Brazil,Rodrygo Silva de Goes,Carlos Henrique Casimiro,2
3869253,Brazil,Rodrygo Silva de Goes,Gabriel Teodoro Martinelli Silva,1
3869253,Brazil,Rodrygo Silva de Goes,Gleison Bremer Silva Nascimento,1
3869253,Brazil,Rodrygo Silva de Goes,Lucas Tolentino Coelho de Lima,1
3869253,Brazil,Vinícius José Paixão de Oliveira Júnior,Carlos Henrique Casimiro,2
3869253,Brazil,Vinícius José Paixão de Oliveira Júnior,Danilo Luiz da Silva,7
3869253,Brazil,Vinícius José Paixão de Oliveira Júnior,Lucas Tolentino Coelho de Lima,2
3869253,Brazil,Vinícius José Paixão de Oliveira Júnior,Neymar da Silva Santos Junior,8
3869253,Brazil,Vinícius José Paixão de Oliveira Júnior,Raphael Dias Belloli,2
3869253,Brazil,Vinícius José Paixão de Oliveira Júnior,Richarlison de Andrade,2
3869253,Brazil,Éder Gabriel Militão,Alisson Ramsés Becker,2
3869253,Brazil,Éder Gabriel Militão,Carlos Henrique Casimiro,4
3869253,Brazil,Éder Gabriel Militão,Lucas Tolentino Coelho de Lima,8
3869253,Brazil,Éder Gabriel Militão,Marcos Aoás Corrêa,14
3869253,Brazil,Éder Gabriel Militão,Raphael Dias Belloli,10
3869253,Brazil,Éder Gabriel Militão,Richarlison de Andrade,3
3869253,Brazil,Éder Gabriel Militão,Thiago Emiliano da Silva,3
3869253,Brazil,Éder Gabriel Militão,Vinícius José Paixão de Oliveira Júnior,3
3869253,Brazil,Richarlison de Andrade,Alisson Ramsés Becker,1
3869253,Brazil,Richarlison de Andrade,Carlos Henrique Casimiro,2
3869253,Brazil,Richarlison de Andrade,Daniel Alves da Silva,1
3869253,Brazil,Richarlison de Andrade,Danilo Luiz da Silva,1
3869253,Brazil,Richarlison de Andrade,Gabriel Teodoro Martinelli Silva,1
3869253,Brazil,Richarlison de Andrade,Lucas Tolentino Coelho de Lima,3
3869253,Brazil,Richarlison de Andrade,Marcos Aoás Corrêa,1
3869253,Brazil,Richarlison de Andrade,Neymar da Silva Santos Junior,2
3869253,Brazil,Richarlison de Andrade,Raphael Dias Belloli,3
3869253,Brazil,Richarlison de Andrade,Rodrygo Silva de Goes,1
3869253,Brazil,Richarlison de Andrade,Vinícius José Paixão de Oliveira Júnior,1
3869253,Brazil,Weverton Pereira da Silva,Daniel Alves da Silva,1
3869253,Brazil,Weverton Pereira da Silva,Gabriel Teodoro Martinelli Silva,1
3869253,Brazil,Weverton Pereira da Silva,Lucas Tolentino Coelho de Lima,1
3869253,Brazil,Weverton Pereira da Silva,Richarlison de Andrade,1
3869253,South Korea,Chul Hong,Gue-Sung Cho,1
3869253,South Korea,Chul Hong,Hee-Chan Hwang,3
3869253,South Korea,Chul Hong,Heung-Min Son,2
3869253,South Korea,Chul Hong,In-Beom Hwang,1
3869253,South Korea,Chul Hong,Jae-Sung Lee,3
3869253,South Korea,Chul Hong,Jun-Ho Son,1
3869253,South Korea,Chul Hong,Kang-In Lee,1
3869253,South Korea,Chul Hong,Moon-Hwan Kim,1
3869253,South Korea,Chul Hong,Young-Gwon Kim,4
3869253,South Korea,Gue-Sung Cho,Hee-Chan Hwang,3
3869253,South Korea,Gue-Sung Cho,Heung-Min Son,3
3869253,South Korea,Gue-Sung Cho,In-Beom Hwang,1
3869253,South Korea,Gue-Sung Cho,Jae-Sung Lee,1
3869253,South Korea,Gue-Sung Cho,Min Jae Kim,1
3869253,South Korea,Gue-Sung Cho,Moon-Hwan Kim,1
3869253,South Korea,Hee-Chan Hwang,Chul Hong,2
3869253,South Korea,Hee-Chan Hwang,Gue-Sung Cho,2
3869253,South Korea,Hee-Chan Hwang,Heung-Min Son,2
3869253,South Korea,Hee-Chan Hwang,In-Beom Hwang,11
3869253,South Korea,Hee-Chan Hwang,Jae-Sung Lee,1
3869253,South Korea,Hee-Chan Hwang,Jin-Su Kim,7
3869253,South Korea,Hee-Chan Hwang,Jun-Ho Son,2
3869253,South Korea,Hee-Chan Hwang,Kang-In Lee,2
3869253,South Korea,Hee-Chan Hwang,Min Jae Kim,3
3869253,South Korea,Hee-Chan Hwang,Moon-Hwan Kim,4
3869253,South Korea,Hee-Chan Hwang,Seung-Ho Paik,5
3869253,South Korea,Hee-Chan Hwang,Woo-Young Jung,1
3869253,South Korea,Hee-Chan Hwang,Young-Gwon Kim,1
3869253,South Korea,Heung-Min Son,Chul Hong,1
3869253,South Korea,Heung-Min Son,Hee-Chan Hwang,4
3869253,South Korea,Heung-Min Son,In-Beom Hwang,2
3869253,South Korea,Heung-Min Son,Jae-Sung Lee,5
3869253,South Korea,Heung-Min Son,Kang-In Lee,1
3869253,South Korea,Heung-Min Son,Min Jae Kim,2
3869253,South Korea,Heung-Min Son,Moon-Hwan Kim,2
3869253,South Korea,Heung-Min Son,Woo-Young Jung,4
3869253,South Korea,Heung-Min Son,Young-Gwon Kim,1
3869253,South Korea,In-Beom Hwang,Chul Hong,2
3869253,South Korea,In-Beom Hwang,Gue-Sung Cho,2
3869253,South Korea,In-Beom Hwang,Hee-Chan Hwang,8
3869253,South Korea,In-Beom Hwang,Heung-Min Son,5
3869253,South Korea,In-Beom Hwang,Jae-Sung Lee,2
3869253,South Korea,In-Beom Hwang,Jin-Su Kim,4
3869253,South Korea,In-Beom Hwang,Jun-Ho Son,1
3869253,South Korea,In-Beom Hwang,Min Jae Kim,2
3869253,South Korea,In-Beom Hwang,Moon-Hwan Kim,5
3869253,South Korea,In-Beom Hwang,Woo-Young Jung,7
3869253,South Korea,In-Beom Hwang,Young-Gwon Kim,2
3869253,South Korea,Jae-Sung Lee,Chul Hong,2
3869253,South Korea,Jae-Sung Lee,Gue-Sung Cho,3
3869253,South Korea,Jae-Sung Lee,Hee-Chan Hwang,3
3869253,South Korea,Jae-Sung Lee,Heung-Min Son,3
3869253,South Korea,Jae-Sung Lee,In-Beom Hwang,4
3869253,South Korea,Jae-Sung Lee,Jin-Su Kim,1
3869253,South Korea,Jae-Sung Lee,Jun-Ho Son,5
3869253,South Korea,Jae-Sung Lee,Min Jae Kim,6
3869253,South Korea,Jae-Sung Lee,Moon-Hwan Kim,5
3869253,South Korea,Jae-Sung Lee,Woo-Young Jung,4
3869253,South Korea,Jae-Sung Lee,Young-Gwon Kim,4
3869253,South Korea,Jun-Ho Son,Chul Hong,2
3869253,South Korea,Jun-Ho Son,Hee-Chan Hwang,6
3869253,South Korea,Jun-Ho Son,Heung-Min Son,2
3869253,South Korea,Jun-Ho Son,In-Beom Hwang,1
3869253,South Korea,Jun-Ho Son,Jae-Sung Lee,6
3869253,South Korea,Jun-Ho Son,Kang-In Lee,1
3869253,South Korea,Jun-Ho Son,Min Jae Kim,8
3869253,South Korea,Jun-Ho Son,Moon-Hwan Kim,1
3869253,South Korea,Jun-Ho Son,Seung-Gyu Kim,2
3869253,South Korea,Jun-Ho Son,Seung-Ho Paik,4
3869253,South Korea,Jun-Ho Son,Young-Gwon Kim,6
3869253,South Korea,Kang-In Lee,Hee-Chan Hwang,1
3869253,South Korea,Kang-In Lee,Heung-Min Son,1
3869253,South Korea,Kang-In Lee,Jun-Ho Son,1
3869253,South Korea,Kang-In Lee,Moon-Hwan Kim,1
3869253,South Korea,Kang-In Lee,Seung-Ho Paik,1
3869253,South Korea,Kang-In Lee,Young-Gwon Kim,2
3869253,South Korea,Moon-Hwan Kim,Gue-Sung Cho,1
3869253,South Korea,Moon-Hwan Kim,Hee-Chan Hwang,8
3869253,South Korea,Moon-Hwan Kim,Heung-Min Son,3
3869253,South Korea,Moon-Hwan Kim,In-Beom Hwang,6
3869253,South Korea,Moon-Hwan Kim,Jae-Sung Lee,6
3869253,South Korea,Moon-Hwan Kim,Jun-Ho Son,5
3869253,South Korea,Moon-Hwan Kim,Min Jae Kim,11
3869253,South Korea,Moon-Hwan Kim,Seung-Gyu Kim,2
3869253,South Korea,Moon-Hwan Kim,Seung-Ho Paik,3
3869253,South Korea,Moon-Hwan Kim,Woo-Young Jung,2
3869253,South Korea,Young-Gwon Kim,Chul Hong,4
3869253,South Korea,Young-Gwon Kim,Gue-Sung Cho,2
3869253,South Korea,Young-Gwon Kim,Hee-Chan Hwang,2
3869253,South Korea,Young-Gwon Kim,Heung-Min Son,2
3869253,South Korea,Young-Gwon Kim,In-Beom Hwang,3
3869253,South Korea,Young-Gwon Kim,Jae-Sung Lee,5
3869253,South Korea,Young-Gwon Kim,Jin-Su Kim,3
3869253,South Korea,Young-Gwon Kim,Jun-Ho Son,8
3869253,South Korea,Young-Gwon Kim,Kang-In Lee,1
3869253,South Korea,Young-Gwon Kim,Min Jae Kim,14
3869253,South Korea,Young-Gwon Kim,Seung-Gyu Kim,5
3869253,South Korea,Young-Gwon Kim,Seung-Ho Paik,1
3869253,South Korea,Young-Gwon Kim,Woo-Young Jung,5
3869253,South Korea,Min Jae Kim,Chul Hong,1
3869253,South Korea,Min Jae Kim,Hee-Chan Hwang,7
3869253,South Korea,Min Jae Kim,In-Beom Hwang,7
3869253,South Korea,Min Jae Kim,Jae-Sung Lee,5
3869253,South Korea,Min Jae Kim,Jin-Su Kim,1
3869253,South Korea,Min Jae Kim,Jun-Ho Son,4
3869253,South Korea,Min Jae Kim,Moon-Hwan Kim,14
3869253,South Korea,Min Jae Kim,Seung-Gyu Kim,4
3869253,South Korea,Min Jae Kim,Seung-Ho Paik,5
3869253,South Korea,Min Jae Kim,Woo-Young Jung,2
3869253,South Korea,Min Jae Kim,Young-Gwon Kim,12
3869253,South Korea,Jin-Su Kim,Gue-Sung Cho,2
3869253,South Korea,Jin-Su Kim,Hee-Chan Hwang,2
3869253,South Korea,Jin-Su Kim,Heung-Min Son,2
3869253,South Korea,Jin-Su Kim,In-Beom Hwang,5
3869253,South Korea,Jin-Su Kim,Woo-Young Jung,4
3869253,South Korea,Jin-Su Kim,Young-Gwon Kim,6
3869253,South Korea,Seung-Ho Paik,Chul Hong,1
3869253,South Korea,Seung-Ho Paik,Hee-Chan Hwang,3
3869253,South Korea,Seung-Ho Paik,Heung-Min Son,1
3869253,South Korea,Seung-Ho Paik,Jae-Sung Lee,1
3869253,South Korea,Seung-Ho Paik,Jun-Ho Son,4
3869253,South Korea,Seung-Ho Paik,Kang-In Lee,1
3869253,South Korea,Seung-Ho Paik,Min Jae Kim,3
3869253,South Korea,Seung-Ho Paik,Moon-Hwan Kim,3
3869253,South Korea,Seung-Ho Paik,Young-Gwon Kim,2
3869253,South Korea,Woo-Young Jung,Hee-Chan Hwang,5
3869253,South Korea,Woo-Young Jung,Heung-Min Son,2
3869253,South Korea,Woo-Young Jung,In-Beom Hwang,5
3869253,South Korea,Woo-Young Jung,Jae-Sung Lee,7
3869253,South Korea,Woo-Young Jung,Jin-Su Kim,2
3869253,South Korea,Woo-Young Jung,Min Jae Kim,3
3869253,South Korea,Woo-Young Jung,Moon-Hwan Kim,4
3869253,South Korea,Woo-Young Jung,Young-Gwon Kim,4
3869253,South Korea,Seung-Gyu Kim,Hee-Chan Hwang,1
3869253,South Korea,Seung-Gyu Kim,Heung-Min Son,1
3869253,South Korea,Seung-Gyu Kim,In-Beom Hwang,1
3869253,South Korea,Seung-Gyu Kim,Jae-Sung Lee,1
3869253,South Korea,Seung-Gyu Kim,Jin-Su Kim,1
3869253,South Korea,Seung-Gyu Kim,Min Jae Kim,7
3869253,South Korea,Seung-Gyu Kim,Moon-Hwan Kim,1
3869253,South Korea,Seung-Gyu Kim,Woo-Young Jung,1
3869253,South Korea,Seung-Gyu Kim,Young-Gwon Kim,8
3869254,Portugal,Bernardo Mota Veiga de Carvalho e Silva,Bruno Miguel Borges Fernandes,5
3869254,Portugal,Bernardo Mota Veiga de Carvalho e Silva,Diogo Meireles Costa,1
3869254,Portugal,Bernardo Mota Veiga de Carvalho e Silva,José Diogo Dalot Teixeira,5
3869254,Portugal,Bernardo Mota Veiga de Carvalho e Silva,João Félix Sequeira,5
3869254,Portugal,Bernardo Mota Veiga de Carvalho e Silva,Kléper Laveran Lima Ferreira,2
3869254,Portugal,Bernardo Mota Veiga de Carvalho e Silva,Otávio Edmilson da Silva Monteiro,4
3869254,Portugal,Bernardo Mota Veiga de Carvalho e Silva,Raphaël Adelino José Guerreiro,7
3869254,Portugal,Bernardo Mota Veiga de Carvalho e Silva,Rúben Santos Gato Alves Dias,1
3869254,Portugal,Bernardo Mota Veiga de Carvalho e Silva,Vitor Machado Ferreira,1
3869254,Portugal,Bernardo Mota Veiga de Carvalho e Silva,William Silva de Carvalho,9
3869254,Portugal,Bruno Miguel Borges Fernandes,Bernardo Mota Veiga de Carvalho e Silva,7
3869254,Portugal,Bruno Miguel Borges Fernandes,Cristiano Ronaldo dos Santos Aveiro,1
3869254,Portugal,Bruno Miguel Borges Fernandes,Gonçalo Matias Ramos,1
3869254,Portugal,Bruno Miguel Borges Fernandes,José Diogo Dalot Teixeira,1
3869254,Portugal,Bruno Miguel Borges Fernandes,João Félix Sequeira,3
3869254,Portugal,Bruno Miguel Borges Fernandes,Kléper Laveran Lima Ferreira,6
3869254,Portugal,Bruno Miguel Borges Fernandes,Otávio Edmilson da Silva Monteiro,2
3869254,Portugal,Bruno Miguel Borges Fernandes,Raphaël Adelino José Guerreiro,2
3869254,Portugal,Bruno Miguel Borges Fernandes,Ricardo Jorge Luz Horta,2
3869254,Portugal,Bruno Miguel Borges Fernandes,Rúben Diogo Da Silva Neves,1
3869254,Portugal,Bruno Miguel Borges Fernandes,Vitor Machado Ferreira,1
3869254,Portugal,Bruno Miguel Borges Fernandes,William Silva de Carvalho,5
3869254,Portugal,Diogo Meireles Costa,Bruno Miguel Borges Fernandes,2
3869254,Portugal,Diogo Meireles Costa,Gonçalo Matias Ramos,1
3869254,Portugal,Diogo Meireles Costa,José Diogo Dalot Teixeira,2
3869254,Portugal,Diogo Meireles Costa,João Félix Sequeira,1
3869254,Portugal,Diogo Meireles Costa,Kléper Laveran Lima Ferreira,3
3869254,Portugal,Diogo Meireles Costa,Otávio Edmilson da Silva Monteiro,1
3869254,Portugal,Diogo Meireles Costa,Raphaël Adelino José Guerreiro,1
3869254,Portugal,Diogo Meireles Costa,Rúben Santos Gato Alves Dias,4
3869254,Portugal,Diogo Meireles Costa,William Silva de Carvalho,4
3869254,Portugal,José Diogo Dalot Teixeira,Bernardo Mota Veiga de Carvalho e Silva,3
3869254,Portugal,José Diogo Dalot Teixeira,Bruno Miguel Borges Fernandes,2
3869254,Portugal,José Diogo Dalot Teixeira,Diogo Meireles Costa,2
3869254,Portugal,José Diogo Dalot Teixeira,Gonçalo Matias Ramos,1
3869254,Portugal,José Diogo Dalot Teixeira,João Félix Sequeira,2
3869254,Portugal,José Diogo Dalot Teixeira,Kléper Laveran Lima Ferreira,7
3869254,Portugal,José Diogo Dalot Teixeira,Otávio Edmilson da Silva Monteiro,1
3869254,Portugal,José Diogo Dalot Teixeira,Raphaël Adelino José Guerreiro,1
3869254,Portugal,José Diogo Dalot Teixeira,Ricardo Jorge Luz Horta,2
3869254,Portugal,José Diogo Dalot Teixeira,Rúben Diogo Da Silva Neves,1
3869254,Portugal,José Diogo Dalot Teixeira,Vitor Machado Ferreira,1
3869254,Portugal,José Diogo Dalot Teixeira,William Silva de Carvalho,7
3869254,Portugal,João Félix Sequeira,Bernardo Mota Veiga de Carvalho e Silva,7
3869254,Portugal,João Félix Sequeira,Bruno Miguel Borges Fernandes,6
3869254,Portugal,João Félix Sequeira,Gonçalo Matias Ramos,5
3869254,Portugal,João Félix Sequeira,Kléper Laveran Lima Ferreira,1
3869254,Portugal,João Félix Sequeira,Otávio Edmilson da Silva Monteiro,4
3869254,Portugal,João Félix Sequeira,Raphaël Adelino José Guerreiro,1
3869254,Portugal,João Félix Sequeira,Rúben Santos Gato Alves Dias,2
3869254,Portugal,João Félix Sequeira,William Silva de Carvalho,2
3869254,Portugal,Kléper Laveran Lima Ferreira,Bernardo Mota Veiga de Carvalho e Silva,2
3869254,Portugal,Kléper Laveran Lima Ferreira,Bruno Miguel Borges Fernandes,2
3869254,Portugal,Kléper Laveran Lima Ferreira,Diogo Meireles Costa,7
3869254,Portugal,Kléper Laveran Lima Ferreira,Gonçalo Matias Ramos,1
3869254,Portugal,Kléper Laveran Lima Ferreira,José Diogo Dalot Teixeira,2
3869254,Portugal,Kléper Laveran Lima Ferreira,João Félix Sequeira,1
3869254,Portugal,Kléper Laveran Lima Ferreira,Otávio Edmilson da Silva Monteiro,4
3869254,Portugal,Kléper Laveran Lima Ferreira,Raphaël Adelino José Guerreiro,1
3869254,Portugal,Kléper Laveran Lima Ferreira,Ricardo Jorge Luz Horta,1
3869254,Portugal,Kléper Laveran Lima Ferreira,Rúben Diogo Da Silva Neves,3
3869254,Portugal,Kléper Laveran Lima Ferreira,Rúben Santos Gato Alves Dias,5
3869254,Portugal,Kléper Laveran Lima Ferreira,Vitor Machado Ferreira,2
3869254,Portugal,Kléper Laveran Lima Ferreira,William Silva de Carvalho,9
3869254,Portugal,Otávio Edmilson da Silva Monteiro,Bernardo Mota Veiga de Carvalho e Silva,3
3869254,Portugal,Otávio Edmilson da Silva Monteiro,Bruno Miguel Borges Fernandes,4
3869254,Portugal,Otávio Edmilson da Silva Monteiro,Gonçalo Matias Ramos,2
3869254,Portugal,Otávio Edmilson da Silva Monteiro,José Diogo Dalot Teixeira,2
3869254,Portugal,Otávio Edmilson da Silva Monteiro,João Félix Sequeira,5
3869254,Portugal,Otávio Edmilson da Silva Monteiro,Kléper Laveran Lima Ferreira,2
3869254,Portugal,Otávio Edmilson da Silva Monteiro,Raphaël Adelino José Guerreiro,4
3869254,Portugal,Otávio Edmilson da Silva Monteiro,Rúben Santos Gato Alves Dias,4
3869254,Portugal,Otávio Edmilson da Silva Monteiro,William Silva de Carvalho,6
3869254,Portugal,Raphaël Adelino José Guerreiro,Bernardo Mota Veiga de Carvalho e Silva,8
3869254,Portugal,Raphaël Adelino José Guerreiro,Bruno Miguel Borges Fernandes,3
3869254,Portugal,Raphaël Adelino José Guerreiro,Gonçalo Matias Ramos,7
3869254,Portugal,Raphaël Adelino José Guerreiro,João Félix Sequeira,9
3869254,Portugal,Raphaël Adelino José Guerreiro,Kléper Laveran Lima Ferreira,1
3869254,Portugal,Raphaël Adelino José Guerreiro,Otávio Edmilson da Silva Monteiro,4
3869254,Portugal,Raphaël Adelino José Guerreiro,Rafael Alexandre Conceição Leão,3
3869254,Portugal,Raphaël Adelino José Guerreiro,Ricardo Jorge Luz Horta,1
3869254,Portugal,Raphaël Adelino José Guerreiro,Rúben Santos Gato Alves Dias,6
3869254,Portugal,Raphaël Adelino José Guerreiro,Vitor Machado Ferreira,2
3869254,Portugal,Raphaël Adelino José Guerreiro,William Silva de Carvalho,2
3869254,Portugal,Rúben Santos Gato Alves Dias,Bernardo Mota Veiga de Carvalho e Silva,3
3869254,Portugal,Rúben Santos Gato Alves Dias,Bruno Miguel Borges Fernandes,2
3869254,Portugal,Rúben Santos Gato Alves Dias,Diogo Meireles Costa,8
3869254,Portugal,Rúben Santos Gato Alves Dias,João Félix Sequeira,3
3869254,Portugal,Rúben Santos Gato Alves Dias,Kléper Laveran Lima Ferreira,9
3869254,Portugal,Rúben Santos Gato Alves Dias,Otávio Edmilson da Silva Monteiro,4
3869254,Portugal,Rúben Santos Gato Alves Dias,Raphaël Adelino José Guerreiro,5
3869254,Portugal,Rúben Santos Gato Alves Dias,Rúben Diogo Da Silva Neves,1
3869254,Portugal,Rúben Santos Gato Alves Dias,William Silva de Carvalho,3
3869254,Portugal,Vitor Machado Ferreira,Bernardo Mota Veiga de Carvalho e Silva,1
3869254,Portugal,Vitor Machado Ferreira,Bruno Miguel Borges Fernandes,1
3869254,Portugal,Vitor Machado Ferreira,Cristiano Ronaldo dos Santos Aveiro,2
3869254,Portugal,Vitor Machado Ferreira,Kléper Laveran Lima Ferreira,1
3869254,Portugal,Vitor Machado Ferreira,Raphaël Adelino José Guerreiro,1
3869254,Portugal,Vitor Machado Ferreira,Ricardo Jorge Luz Horta,1
3869254,Portugal,Vitor Machado Ferreira,Rúben Diogo Da Silva Neves,1
3869254,Portugal,Vitor Machado Ferreira,Rúben Santos Gato Alves Dias,2
3869254,Portugal,William Silva de Carvalho,Bernardo Mota Veiga de Carvalho e Silva,4
3869254,Portugal,William Silva de Carvalho,Bruno Miguel Borges Fernandes,5
3869254,Portugal,William Silva de Carvalho,Cristiano Ronaldo dos Santos Aveiro,1
3869254,Portugal,William Silva de Carvalho,Diogo Meireles Costa,4
3869254,Portugal,William Silva de Carvalho,Gonçalo Matias Ramos,1
3869254,Portugal,William Silva de Carvalho,José Diogo Dalot Teixeira,4
3869254,Portugal,William Silva de Carvalho,João Félix Sequeira,2
3869254,Portugal,William Silva de Carvalho,Kléper Laveran Lima Ferreira,13
3869254,Portugal,William Silva de Carvalho,Otávio Edmilson da Silva Monteiro,8
3869254,Portugal,William Silva de Carvalho,Raphaël Adelino José Guerreiro,2
3869254,Portugal,William Silva de Carvalho,Ricardo Jorge Luz Horta,2
3869254,Portugal,William Silva de Carvalho,Rúben Diogo Da Silva Neves,3
3869254,Portugal,William Silva de Carvalho,Rúben Santos Gato Alves Dias,5
3869254,Portugal,Cristiano Ronaldo dos Santos Aveiro,Bernardo Mota Veiga de Carvalho e Silva,1
3869254,Portugal,Cristiano Ronaldo dos Santos Aveiro,José Diogo Dalot Teixeira,1
3869254,Portugal,Cristiano Ronaldo dos Santos Aveiro,Vitor Machado Ferreira,1
3869254,Portugal,Cristiano Ronaldo dos Santos Aveiro,William Silva de Carvalho,1
3869254,Portugal,Gonçalo Matias Ramos,Bruno Miguel Borges Fernandes,1
3869254,Portugal,Gonçalo Matias Ramos,José Diogo Dalot Teixeira,1
3869254,Portugal,Gonçalo Matias Ramos,João Félix Sequeira,2
3869254,Portugal,Gonçalo Matias Ramos,Otávio Edmilson da Silva Monteiro,1
3869254,Portugal,Gonçalo Matias Ramos,Raphaël Adelino José Guerreiro,2
3869254,Portugal,Ricardo Jorge Luz Horta,Bruno Miguel Borges Fernandes,1
3869254,Portugal,Ricardo Jorge Luz Horta,José Diogo Dalot Teixeira,1
3869254,Portugal,Ricardo Jorge Luz Horta,Kléper Laveran Lima Ferreira,1
3869254,Portugal,Ricardo Jorge Luz Horta,Rafael Alexandre Conceição Leão,1
3869254,Portugal,Ricardo Jorge Luz Horta,Rúben Santos Gato Alves Dias,2
3869254,Portugal,Ricardo Jorge Luz Horta,Vitor Machado Ferreira,1
3869254,Portugal,Ricardo Jorge Luz Horta,William Silva de Carvalho,2
3869254,Portugal,Rúben Diogo Da Silva Neves,Bruno Miguel Borges Fernandes,1
3869254,Portugal,Rúben Diogo Da Silva Neves,Diogo Meireles Costa,2
3869254,Portugal,Rúben Diogo Da Silva Neves,Kléper Laveran Lima Ferreira,3
3869254,Portugal,Rúben Diogo Da Silva Neves,Ricardo Jorge Luz Horta,1
3869254,Portugal,Rúben Diogo Da Silva Neves,Rúben Santos Gato Alves Dias,3
3869254,Portugal,Rúben Diogo Da Silva Neves,William Silva de Carvalho,3
3869254,Portugal,Rafael Alexandre Conceição Leão,Raphaël Adelino José Guerreiro,1
3869254,Portugal,Rafael Alexandre Conceição Leão,Rúben Diogo Da Silva Neves,1
3869254,Switzerland,Ardon Jashari,Granit Xhaka,3
3869254,Switzerland,Ardon Jashari,Manuel Obafemi Akanji,1
3869254,Switzerland,Ardon Jashari,Ricardo Iván Rodríguez Araya,1
3869254,Switzerland,Granit Xhaka,Breel-Donald Embolo,2
3869254,Switzerland,Granit Xhaka,Denis Lemi Zakaria Lako Lado,2
3869254,Switzerland,Granit Xhaka,Djibril Sow,2
3869254,Switzerland,Granit Xhaka,Edimilson Fernandes,5
3869254,Switzerland,Granit Xhaka,Eray Ervin Cömert,8
3869254,Switzerland,Granit Xhaka,Fabian Lukas Schär,4
3869254,Switzerland,Granit Xhaka,Haris Seferović,1
3869254,Switzerland,Granit Xhaka,Manuel Obafemi Akanji,8
3869254,Switzerland,Granit Xhaka,Noah Okafor,5
3869254,Switzerland,Granit Xhaka,Remo Freuler,3
3869254,Switzerland,Granit Xhaka,Ricardo Iván Rodríguez Araya,13
3869254,Switzerland,Granit Xhaka,Ruben Vargas,3
3869254,Switzerland,Granit Xhaka,Xherdan Shaqiri,3
3869254,Switzerland,Granit Xhaka,Yann Sommer,3
3869254,Switzerland,Manuel Obafemi Akanji,Breel-Donald Embolo,2
3869254,Switzerland,Manuel Obafemi Akanji,Denis Lemi Zakaria Lako Lado,2
3869254,Switzerland,Manuel Obafemi Akanji,Djibril Sow,1
3869254,Switzerland,Manuel Obafemi Akanji,Edimilson Fernandes,7
3869254,Switzerland,Manuel Obafemi Akanji,Eray Ervin Cömert,11
3869254,Switzerland,Manuel Obafemi Akanji,Fabian Lukas Schär,4
3869254,Switzerland,Manuel Obafemi Akanji,Granit Xhaka,13
3869254,Switzerland,Manuel Obafemi Akanji,Haris Seferović,1
3869254,Switzerland,Manuel Obafemi Akanji,Noah Okafor,1
3869254,Switzerland,Manuel Obafemi Akanji,Remo Freuler,2
3869254,Switzerland,Manuel Obafemi Akanji,Ruben Vargas,2
3869254,Switzerland,Manuel Obafemi Akanji,Xherdan Shaqiri,7
3869254,Switzerland,Manuel Obafemi Akanji,Yann Sommer,5
3869254,Switzerland,Ricardo Iván Rodríguez Araya,Ardon Jashari,3
3869254,Switzerland,Ricardo Iván Rodríguez Araya,Breel-Donald Embolo,1
3869254,Switzerland,Ricardo Iván Rodríguez Araya,Edimilson Fernandes,1
3869254,Switzerland,Ricardo Iván Rodríguez Araya,Eray Ervin Cömert,4
3869254,Switzerland,Ricardo Iván Rodríguez Araya,Fabian Lukas Schär,8
3869254,Switzerland,Ricardo Iván Rodríguez Araya,Granit Xhaka,11
3869254,Switzerland,Ricardo Iván Rodríguez Araya,Manuel Obafemi Akanji,1
3869254,Switzerland,Ricardo Iván Rodríguez Araya,Noah Okafor,1
3869254,Switzerland,Ricardo Iván Rodríguez Araya,Remo Freuler,2
3869254,Switzerland,Ricardo Iván Rodríguez Araya,Ruben Vargas,13
3869254,Switzerland,Ricardo Iván Rodríguez Araya,Xherdan Shaqiri,2
3869254,Switzerland,Ricardo Iván Rodríguez Araya,Yann Sommer,4
3869254,Switzerland,Breel-Donald Embolo,Denis Lemi Zakaria Lako Lado,3
3869254,Switzerland,Breel-Donald Embolo,Djibril Sow,1
3869254,Switzerland,Breel-Donald Embolo,Edimilson Fernandes,1
3869254,Switzerland,Breel-Donald Embolo,Granit Xhaka,3
3869254,Switzerland,Breel-Donald Embolo,Manuel Obafemi Akanji,3
3869254,Switzerland,Breel-Donald Embolo,Ricardo Iván Rodríguez Araya,1
3869254,Switzerland,Breel-Donald Embolo,Xherdan Shaqiri,2
3869254,Switzerland,Denis Lemi Zakaria Lako Lado,Edimilson Fernandes,2
3869254,Switzerland,Denis Lemi Zakaria Lako Lado,Granit Xhaka,3
3869254,Switzerland,Denis Lemi Zakaria Lako Lado,Haris Seferović,1
3869254,Switzerland,Denis Lemi Zakaria Lako Lado,Manuel Obafemi Akanji,3
3869254,Switzerland,Denis Lemi Zakaria Lako Lado,Noah Okafor,1
3869254,Switzerland,Denis Lemi Zakaria Lako Lado,Ricardo Iván Rodríguez Araya,1
3869254,Switzerland,Djibril Sow,Breel-Donald Embolo,2
3869254,Switzerland,Djibril Sow,Edimilson Fernandes,1
3869254,Switzerland,Djibril Sow,Fabian Lukas Schär,2
3869254,Switzerland,Djibril Sow,Manuel Obafemi Akanji,2
3869254,Switzerland,Djibril Sow,Remo Freuler,2
3869254,Switzerland,Djibril Sow,Ricardo Iván Rodríguez Araya,2
3869254,Switzerland,Djibril Sow,Ruben Vargas,3
3869254,Switzerland,Djibril Sow,Xherdan Shaqiri,1
3869254,Switzerland,Edimilson Fernandes,Breel-Donald Embolo,2
3869254,Switzerland,Edimilson Fernandes,Denis Lemi Zakaria Lako Lado,2
3869254,Switzerland,Edimilson Fernandes,Djibril Sow,2
3869254,Switzerland,Edimilson Fernandes,Eray Ervin Cömert,3
3869254,Switzerland,Edimilson Fernandes,Fabian Lukas Schär,1
3869254,Switzerland,Edimilson Fernandes,Granit Xhaka,5
3869254,Switzerland,Edimilson Fernandes,Manuel Obafemi Akanji,8
3869254,Switzerland,Edimilson Fernandes,Remo Freuler,2
3869254,Switzerland,Edimilson Fernandes,Xherdan Shaqiri,16
3869254,Switzerland,Edimilson Fernandes,Yann Sommer,1
3869254,Switzerland,Xherdan Shaqiri,Breel-Donald Embolo,1
3869254,Switzerland,Xherdan Shaqiri,Denis Lemi Zakaria Lako Lado,2
3869254,Switzerland,Xherdan Shaqiri,Djibril Sow,2
3869254,Switzerland,Xherdan Shaqiri,Edimilson Fernandes,9
3869254,Switzerland,Xherdan Shaqiri,Eray Ervin Cömert,1
3869254,Switzerland,Xherdan Shaqiri,Granit Xhaka,3
3869254,Switzerland,Xherdan Shaqiri,Haris Seferović,2
3869254,Switzerland,Xherdan Shaqiri,Manuel Obafemi Akanji,1
3869254,Switzerland,Xherdan Shaqiri,Remo Freuler,1
3869254,Switzerland,Xherdan Shaqiri,Ricardo Iván Rodríguez Araya,2
3869254,Switzerland,Xherdan Shaqiri,Ruben Vargas,4
3869254,Switzerland,Haris Seferović,Ardon Jashari,1
3869254,Switzerland,Haris Seferović,Edimilson Fernandes,1
3869254,Switzerland,Haris Seferović,Noah Okafor,1
3869254,Switzerland,Haris Seferović,Xherdan Shaqiri,1
3869254,Switzerland,Noah Okafor,Ardon Jashari,1
3869254,Switzerland,Noah Okafor,Eray Ervin Cömert,1
3869254,Switzerland,Noah Okafor,Granit Xhaka,2
3869254,Switzerland,Noah Okafor,Manuel Obafemi Akanji,1
3869254,Switzerland,Noah Okafor,Ricardo Iván Rodríguez Araya,3
3869254,Switzerland,Fabian Lukas Schär,Edimilson Fernandes,3
3869254,Switzerland,Fabian Lukas Schär,Granit Xhaka,5
3869254,Switzerland,Fabian Lukas Schär,Manuel Obafemi Akanji,5
3869254,Switzerland,Fabian Lukas Schär,Ricardo Iván Rodríguez Araya,9
3869254,Switzerland,Fabian Lukas Schär,Ruben Vargas,1
3869254,Switzerland,Fabian Lukas Schär,Yann Sommer,6
3869254,Switzerland,Remo Freuler,Breel-Donald Embolo,1
3869254,Switzerland,Remo Freuler,Djibril Sow,2
3869254,Switzerland,Remo Freuler,Eray Ervin Cömert,1
3869254,Switzerland,Remo Freuler,Granit Xhaka,3
3869254,Switzerland,Remo Freuler,Manuel Obafemi Akanji,1
3869254,Switzerland,Remo Freuler,Ricardo Iván Rodríguez Araya,2
3869254,Switzerland,Remo Freuler,Ruben Vargas,4
3869254,Switzerland,Remo Freuler,Xherdan Shaqiri,3
3869254,Switzerland,Remo Freuler,Yann Sommer,1
3869254,Switzerland,Ruben Vargas,Breel-Donald Embolo,2
3869254,Switzerland,Ruben Vargas,Denis Lemi Zakaria Lako Lado,1
3869254,Switzerland,Ruben Vargas,Djibril Sow,2
3869254,Switzerland,Ruben Vargas,Fabian Lukas Schär,3
3869254,Switzerland,Ruben Vargas,Granit Xhaka,3
3869254,Switzerland,Ruben Vargas,Remo Freuler,6
3869254,Switzerland,Ruben Vargas,Ricardo Iván Rodríguez Araya,7
3869254,Switzerland,Ruben Vargas,Xherdan Shaqiri,3
3869254,Switzerland,Eray Ervin Cömert,Breel-Donald Embolo,3
3869254,Switzerland,Eray Ervin Cömert,Edimilson Fernandes,2
3869254,Switzerland,Eray Ervin Cömert,Granit Xhaka,7
3869254,Switzerland,Eray Ervin Cömert,Manuel Obafemi Akanji,7
3869254,Switzerland,Eray Ervin Cömert,Noah Okafor,2
3869254,Switzerland,Eray Ervin Cömert,Ricardo Iván Rodríguez Araya,7
3869254,Switzerland,Eray Ervin Cömert,Xherdan Shaqiri,2
3869254,Switzerland,Eray Ervin Cömert,Yann Sommer,5
3869254,Switzerland,Yann Sommer,Breel-Donald Embolo,2
3869254,Switzerland,Yann Sommer,Denis Lemi Zakaria Lako Lado,2
3869254,Switzerland,Yann Sommer,Djibril Sow,1
3869254,Switzerland,Yann Sommer,Edimilson Fernandes,4
3869254,Switzerland,Yann Sommer,Eray Ervin Cömert,4
3869254,Switzerland,Yann Sommer,Fabian Lukas Schär,5
3869254,Switzerland,Yann Sommer,Granit Xhaka,2
3869254,Switzerland,Yann Sommer,Manuel Obafemi Akanji,8
3869254,Switzerland,Yann Sommer,Remo Freuler,2
3869254,Switzerland,Yann Sommer,Ricardo Iván Rodríguez Araya,1
3869321,Argentina,Alexis Mac Allister,Cristian Gabriel Romero,1
3869321,Argentina,Alexis Mac Allister,Enzo Fernandez,3
3869321,Argentina,Alexis Mac Allister,Germán Alejandro Pezzella,1
3869321,Argentina,Alexis Mac Allister,Gonzalo Ariel Montiel,1
3869321,Argentina,Alexis Mac Allister,Julián Álvarez,3
3869321,Argentina,Alexis Mac Allister,Lautaro Javier Martínez,3
3869321,Argentina,Alexis Mac Allister,Leandro Daniel Paredes,1
3869321,Argentina,Alexis Mac Allister,Lionel Andrés Messi Cuccittini,3
3869321,Argentina,Alexis Mac Allister,Lisandro Martínez,3
3869321,Argentina,Alexis Mac Allister,Marcos Javier Acuña,6
3869321,Argentina,Alexis Mac Allister,Nahuel Molina Lucero,1
3869321,Argentina,Alexis Mac Allister,Nicolás Alejandro Tagliafico,3
3869321,Argentina,Alexis Mac Allister,Nicolás Hernán Otamendi,6
3869321,Argentina,Alexis Mac Allister,Rodrigo Javier De Paul,7
3869321,Argentina,Alexis Mac Allister,Ángel Fabián Di María Hernández,1
3869321,Argentina,Cristian Gabriel Romero,Alexis Mac Allister,3
3869321,Argentina,Cristian Gabriel Romero,Damián Emiliano Martínez,2
3869321,Argentina,Cristian Gabriel Romero,Enzo Fernandez,3
3869321,Argentina,Cristian Gabriel Romero,Julián Álvarez,2
3869321,Argentina,Cristian Gabriel Romero,Lionel Andrés Messi Cuccittini,6
3869321,Argentina,Cristian Gabriel Romero,Nahuel Molina Lucero,6
3869321,Argentina,Cristian Gabriel Romero,Nicolás Hernán Otamendi,10
3869321,Argentina,Cristian Gabriel Romero,Rodrigo Javier De Paul,12
3869321,Argentina,Enzo Fernandez,Alexis Mac Allister,4
3869321,Argentina,Enzo Fernandez,Cristian Gabriel Romero,8
3869321,Argentina,Enzo Fernandez,Germán Alejandro Pezzella,5
3869321,Argentina,Enzo Fernandez,Gonzalo Ariel Montiel,2
3869321,Argentina,Enzo Fernandez,Julián Álvarez,1
3869321,Argentina,Enzo Fernandez,Lautaro Javier Martínez,2
3869321,Argentina,Enzo Fernandez,Leandro Daniel Paredes,5
3869321,Argentina,Enzo Fernandez,Lionel Andrés Messi Cuccittini,4
3869321,Argentina,Enzo Fernandez,Lisandro Martínez,2
3869321,Argentina,Enzo Fernandez,Marcos Javier Acuña,2
3869321,Argentina,Enzo Fernandez,Nahuel Molina Lucero,5
3869321,Argentina,Enzo Fernandez,Nicolás Hernán Otamendi,10
3869321,Argentina,Enzo Fernandez,Rodrigo Javier De Paul,8
3869321,Argentina,Enzo Fernandez,Ángel Fabián Di María Hernández,2
3869321,Argentina,Germán Alejandro Pezzella,Damián Emiliano Martínez,2
3869321,Argentina,Germán Alejandro Pezzella,Enzo Fernandez,5
3869321,Argentina,Germán Alejandro Pezzella,Gonzalo Ariel Montiel,1
3869321,Argentina,Germán Alejandro Pezzella,Leandro Daniel Paredes,10
3869321,Argentina,Germán Alejandro Pezzella,Lionel Andrés Messi Cuccittini,1
3869321,Argentina,Germán Alejandro Pezzella,Nahuel Molina Lucero,1
3869321,Argentina,Germán Alejandro Pezzella,Nicolás Hernán Otamendi,7
3869321,Argentina,Germán Alejandro Pezzella,Ángel Fabián Di María Hernández,1
3869321,Argentina,Gonzalo Ariel Montiel,Alexis Mac Allister,1
3869321,Argentina,Gonzalo Ariel Montiel,Enzo Fernandez,1
3869321,Argentina,Gonzalo Ariel Montiel,Germán Alejandro Pezzella,1
3869321,Argentina,Gonzalo Ariel Montiel,Lautaro Javier Martínez,1
3869321,Argentina,Gonzalo Ariel Montiel,Leandro Daniel Paredes,1
3869321,Argentina,Gonzalo Ariel Montiel,Lionel Andrés Messi Cuccittini,4
3869321,Argentina,Gonzalo Ariel Montiel,Ángel Fabián Di María Hernández,1
3869321,Argentina,Julián Álvarez,Alexis Mac Allister,2
3869321,Argentina,Julián Álvarez,Lionel Andrés Messi Cuccittini,3
3869321,Argentina,Julián Álvarez,Lisandro Martínez,2
3869321,Argentina,Julián Álvarez,Marcos Javier Acuña,5
3869321,Argentina,Lautaro Javier Martínez,Alexis Mac Allister,1
3869321,Argentina,Lautaro Javier Martínez,Germán Alejandro Pezzella,2
3869321,Argentina,Lautaro Javier Martínez,Leandro Daniel Paredes,2
3869321,Argentina,Lautaro Javier Martínez,Lionel Andrés Messi Cuccittini,2
3869321,Argentina,Lautaro Javier Martínez,Lisandro Martínez,1
3869321,Argentina,Leandro Daniel Paredes,Alexis Mac Allister,6
3869321,Argentina,Leandro Daniel Paredes,Enzo Fernandez,13
3869321,Argentina,Leandro Daniel Paredes,Germán Alejandro Pezzella,4
3869321,Argentina,Leandro Daniel Paredes,Lautaro Javier Martínez,4
3869321,Argentina,Leandro Daniel Paredes,Lionel Andrés Messi Cuccittini,6
3869321,Argentina,Leandro Daniel Paredes,Lisandro Martínez,3
3869321,Argentina,Leandro Daniel Paredes,Nahuel Molina Lucero,2
3869321,Argentina,Leandro Daniel Paredes,Nicolás Hernán Otamendi,4
3869321,Argentina,Leandro Daniel Paredes,Ángel Fabián Di María Hernández,2
3869321,Argentina,Lionel Andrés Messi Cuccittini,Alexis Mac Allister,5
3869321,Argentina,Lionel Andrés Messi Cuccittini,Cristian Gabriel Romero,4
3869321,Argentina,Lionel Andrés Messi Cuccittini,Enzo Fernandez,8
3869321,Argentina,Lionel Andrés Messi Cuccittini,Germán Alejandro Pezzella,1
3869321,Argentina,Lionel Andrés Messi Cuccittini,Gonzalo Ariel Montiel,2
3869321,Argentina,Lionel Andrés Messi Cuccittini,Julián Álvarez,1
3869321,Argentina,Lionel Andrés Messi Cuccittini,Lautaro Javier Martínez,1
3869321,Argentina,Lionel Andrés Messi Cuccittini,Leandro Daniel Paredes,1
3869321,Argentina,Lionel Andrés Messi Cuccittini,Marcos Javier Acuña,2
3869321,Argentina,Lionel Andrés Messi Cuccittini,Nahuel Molina Lucero,5
3869321,Argentina,Lionel Andrés Messi Cuccittini,Nicolás Alejandro Tagliafico,1
3869321,Argentina,Lionel Andrés Messi Cuccittini,Nicolás Hernán Otamendi,2
3869321,Argentina,Lionel Andrés Messi Cuccittini,Rodrigo Javier De Paul,5
3869321,Argentina,Lionel Andrés Messi Cuccittini,Ángel Fabián Di María Hernández,2
3869321,Argentina,Lisandro Martínez,Alexis Mac Allister,2
3869321,Argentina,Lisandro Martínez,Cristian Gabriel Romero,1
3869321,Argentina,Lisandro Martínez,Damián Emiliano Martínez,1
3869321,Argentina,Lisandro Martínez,Enzo Fernandez,4
3869321,Argentina,Lisandro Martínez,Julián Álvarez,1
3869321,Argentina,Lisandro Martínez,Lautaro Javier Martínez,2
3869321,Argentina,Lisandro Martínez,Leandro Daniel Paredes,2
3869321,Argentina,Lisandro Martínez,Marcos Javier Acuña,4
3869321,Argentina,Lisandro Martínez,Nicolás Alejandro Tagliafico,2
3869321,Argentina,Lisandro Martínez,Nicolás Hernán Otamendi,10
3869321,Argentina,Marcos Javier Acuña,Alexis Mac Allister,4
3869321,Argentina,Marcos Javier Acuña,Damián Emiliano Martínez,1
3869321,Argentina,Marcos Javier Acuña,Enzo Fernandez,1
3869321,Argentina,Marcos Javier Acuña,Julián Álvarez,4
3869321,Argentina,Marcos Javier Acuña,Lisandro Martínez,6
3869321,Argentina,Marcos Javier Acuña,Nicolás Hernán Otamendi,1
3869321,Argentina,Marcos Javier Acuña,Rodrigo Javier De Paul,1
3869321,Argentina,Nahuel Molina Lucero,Alexis Mac Allister,3
3869321,Argentina,Nahuel Molina Lucero,Cristian Gabriel Romero,2
3869321,Argentina,Nahuel Molina Lucero,Enzo Fernandez,5
3869321,Argentina,Nahuel Molina Lucero,Julián Álvarez,1
3869321,Argentina,Nahuel Molina Lucero,Lautaro Javier Martínez,1
3869321,Argentina,Nahuel Molina Lucero,Leandro Daniel Paredes,2
3869321,Argentina,Nahuel Molina Lucero,Lionel Andrés Messi Cuccittini,9
3869321,Argentina,Nahuel Molina Lucero,Nicolás Hernán Otamendi,1
3869321,Argentina,Nahuel Molina Lucero,Rodrigo Javier De Paul,12
3869321,Argentina,Nicolás Alejandro Tagliafico,Alexis Mac Allister,6
3869321,Argentina,Nicolás Alejandro Tagliafico,Enzo Fernandez,1
3869321,Argentina,Nicolás Alejandro Tagliafico,Gonzalo Ariel Montiel,1
3869321,Argentina,Nicolás Alejandro Tagliafico,Leandro Daniel Paredes,2
3869321,Argentina,Nicolás Hernán Otamendi,Alexis Mac Allister,6
3869321,Argentina,Nicolás Hernán Otamendi,Cristian Gabriel Romero,19
3869321,Argentina,Nicolás Hernán Otamendi,Damián Emiliano Martínez,6
3869321,Argentina,Nicolás Hernán Otamendi,Enzo Fernandez,12
3869321,Argentina,Nicolás Hernán Otamendi,Germán Alejandro Pezzella,6
3869321,Argentina,Nicolás Hernán Otamendi,Julián Álvarez,1
3869321,Argentina,Nicolás Hernán Otamendi,Lautaro Javier Martínez,1
3869321,Argentina,Nicolás Hernán Otamendi,Leandro Daniel Paredes,10
3869321,Argentina,Nicolás Hernán Otamendi,Lionel Andrés Messi Cuccittini,2
3869321,Argentina,Nicolás Hernán Otamendi,Lisandro Martínez,9
3869321,Argentina,Nicolás Hernán Otamendi,Marcos Javier Acuña,2
3869321,Argentina,Nicolás Hernán Otamendi,Nahuel Molina Lucero,2
3869321,Argentina,Nicolás Hernán Otamendi,Rodrigo Javier De Paul,4
3869321,Argentina,Rodrigo Javier De Paul,Alexis Mac Allister,2
3869321,Argentina,Rodrigo Javier De Paul,Cristian Gabriel Romero,4
3869321,Argentina,Rodrigo Javier De Paul,Damián Emiliano Martínez,1
3869321,Argentina,Rodrigo Javier De Paul,Enzo Fernandez,9
3869321,Argentina,Rodrigo Javier De Paul,Julián Álvarez,3
3869321,Argentina,Rodrigo Javier De Paul,Lionel Andrés Messi Cuccittini,5
3869321,Argentina,Rodrigo Javier De Paul,Nahuel Molina Lucero,9
3869321,Argentina,Rodrigo Javier De Paul,Nicolás Hernán Otamendi,8
3869321,Argentina,Ángel Fabián Di María Hernández,Enzo Fernandez,1
3869321,Argentina,Ángel Fabián Di María Hernández,Germán Alejandro Pezzella,1
3869321,Argentina,Ángel Fabián Di María Hernández,Gonzalo Ariel Montiel,3
3869321,Argentina,Ángel Fabián Di María Hernández,Lionel Andrés Messi Cuccittini,4
3869321,Argentina,Damián Emiliano Martínez,Alexis Mac Allister,1
3869321,Argentina,Damián Emiliano Martínez,Germán Alejandro Pezzella,4
3869321,Argentina,Damián Emiliano Martínez,Gonzalo Ariel Montiel,1
3869321,Argentina,Damián Emiliano Martínez,Julián Álvarez,1
3869321,Argentina,Damián Emiliano Martínez,Lautaro Javier Martínez,2
3869321,Argentina,Damián Emiliano Martínez,Leandro Daniel Paredes,3
3869321,Argentina,Damián Emiliano Martínez,Lisandro Martínez,1
3869321,Argentina,Damián Emiliano Martínez,Nicolás Hernán Otamendi,6
3869321,Netherlands,Andries Noppert,Cody Mathès Gakpo,3
3869321,Netherlands,Andries Noppert,Denzel Dumfries,3
3869321,Netherlands,Andries Noppert,Frenkie de Jong,6
3869321,Netherlands,Andries Noppert,Jurriën David Norman Timber,12
3869321,Netherlands,Andries Noppert,Luuk de Jong,1
3869321,Netherlands,Andries Noppert,Marten de Roon,3
3869321,Netherlands,Andries Noppert,Nathan Aké,7
3869321,Netherlands,Andries Noppert,Noa Lang,1
3869321,Netherlands,Andries Noppert,Steven Berghuis,1
3869321,Netherlands,Andries Noppert,Teun Koopmeiners,1
3869321,Netherlands,Andries Noppert,Virgil van Dijk,4
3869321,Netherlands,Andries Noppert,Wout Weghorst,4
3869321,Netherlands,Cody Mathès Gakpo,Andries Noppert,1
3869321,Netherlands,Cody Mathès Gakpo,Denzel Dumfries,2
3869321,Netherlands,Cody Mathès Gakpo,Frenkie de Jong,3
3869321,Netherlands,Cody Mathès Gakpo,Luuk de Jong,2
3869321,Netherlands,Cody Mathès Gakpo,Memphis Depay,3
3869321,Netherlands,Cody Mathès Gakpo,Nathan Aké,2
3869321,Netherlands,Cody Mathès Gakpo,Steven Berghuis,1
3869321,Netherlands,Cody Mathès Gakpo,Steven Bergwijn,2
3869321,Netherlands,Cody Mathès Gakpo,Virgil van Dijk,3
3869321,Netherlands,Cody Mathès Gakpo,Wout Weghorst,2
3869321,Netherlands,Denzel Dumfries,Andries Noppert,2
3869321,Netherlands,Denzel Dumfries,Cody Mathès Gakpo,3
3869321,Netherlands,Denzel Dumfries,Frenkie de Jong,1
3869321,Netherlands,Denzel Dumfries,Jurriën David Norman Timber,13
3869321,Netherlands,Denzel Dumfries,Luuk de Jong,1
3869321,Netherlands,Denzel Dumfries,Marten de Roon,1
3869321,Netherlands,Denzel Dumfries,Memphis Depay,3
3869321,Netherlands,Denzel Dumfries,Steven Berghuis,2
3869321,Netherlands,Denzel Dumfries,Steven Bergwijn,2
3869321,Netherlands,Denzel Dumfries,Teun Koopmeiners,1
3869321,Netherlands,Frenkie de Jong,Andries Noppert,5
3869321,Netherlands,Frenkie de Jong,Cody Mathès Gakpo,8
3869321,Netherlands,Frenkie de Jong,Daley Blind,4
3869321,Netherlands,Frenkie de Jong,Jurriën David Norman Timber,17
3869321,Netherlands,Frenkie de Jong,Luuk de Jong,2
3869321,Netherlands,Frenkie de Jong,Marten de Roon,8
3869321,Netherlands,Frenkie de Jong,Memphis Depay,5
3869321,Netherlands,Frenkie de Jong,Nathan Aké,3
3869321,Netherlands,Frenkie de Jong,Steven Berghuis,3
3869321,Netherlands,Frenkie de Jong,Steven Bergwijn,1
3869321,Netherlands,Frenkie de Jong,Teun Koopmeiners,8
3869321,Netherlands,Frenkie de Jong,Virgil van Dijk,17
3869321,Netherlands,Jurriën David Norman Timber,Andries Noppert,10
3869321,Netherlands,Jurriën David Norman Timber,Cody Mathès Gakpo,1
3869321,Netherlands,Jurriën David Norman Timber,Denzel Dumfries,7
3869321,Netherlands,Jurriën David Norman Timber,Frenkie de Jong,17
3869321,Netherlands,Jurriën David Norman Timber,Luuk de Jong,1
3869321,Netherlands,Jurriën David Norman Timber,Marten de Roon,2
3869321,Netherlands,Jurriën David Norman Timber,Memphis Depay,2
3869321,Netherlands,Jurriën David Norman Timber,Steven Berghuis,10
3869321,Netherlands,Jurriën David Norman Timber,Steven Bergwijn,4
3869321,Netherlands,Jurriën David Norman Timber,Teun Koopmeiners,7
3869321,Netherlands,Jurriën David Norman Timber,Virgil van Dijk,26
3869321,Netherlands,Luuk de Jong,Cody Mathès Gakpo,1
3869321,Netherlands,Luuk de Jong,Frenkie de Jong,1
3869321,Netherlands,Luuk de Jong,Nathan Aké,2
3869321,Netherlands,Luuk de Jong,Steven Berghuis,3
3869321,Netherlands,Luuk de Jong,Wout Weghorst,1
3869321,Netherlands,Marten de Roon,Denzel Dumfries,1
3869321,Netherlands,Marten de Roon,Frenkie de Jong,4
3869321,Netherlands,Marten de Roon,Jurriën David Norman Timber,5
3869321,Netherlands,Marten de Roon,Memphis Depay,3
3869321,Netherlands,Marten de Roon,Nathan Aké,5
3869321,Netherlands,Marten de Roon,Steven Bergwijn,1
3869321,Netherlands,Marten de Roon,Virgil van Dijk,5
3869321,Netherlands,Nathan Aké,Andries Noppert,9
3869321,Netherlands,Nathan Aké,Cody Mathès Gakpo,7
3869321,Netherlands,Nathan Aké,Daley Blind,6
3869321,Netherlands,Nathan Aké,Denzel Dumfries,1
3869321,Netherlands,Nathan Aké,Frenkie de Jong,9
3869321,Netherlands,Nathan Aké,Jurriën David Norman Timber,3
3869321,Netherlands,Nathan Aké,Marten de Roon,1
3869321,Netherlands,Nathan Aké,Memphis Depay,10
3869321,Netherlands,Nathan Aké,Steven Berghuis,3
3869321,Netherlands,Nathan Aké,Teun Koopmeiners,1
3869321,Netherlands,Nathan Aké,Virgil van Dijk,11
3869321,Netherlands,Nathan Aké,Wout Weghorst,1
3869321,Netherlands,Steven Berghuis,Cody Mathès Gakpo,2
3869321,Netherlands,Steven Berghuis,Daley Blind,1
3869321,Netherlands,Steven Berghuis,Denzel Dumfries,7
3869321,Netherlands,Steven Berghuis,Frenkie de Jong,2
3869321,Netherlands,Steven Berghuis,Jurriën David Norman Timber,4
3869321,Netherlands,Steven Berghuis,Luuk de Jong,1
3869321,Netherlands,Steven Berghuis,Memphis Depay,1
3869321,Netherlands,Steven Berghuis,Teun Koopmeiners,4
3869321,Netherlands,Steven Berghuis,Virgil van Dijk,1
3869321,Netherlands,Steven Berghuis,Wout Weghorst,1
3869321,Netherlands,Teun Koopmeiners,Andries Noppert,1
3869321,Netherlands,Teun Koopmeiners,Cody Mathès Gakpo,1
3869321,Netherlands,Teun Koopmeiners,Denzel Dumfries,1
3869321,Netherlands,Teun Koopmeiners,Frenkie de Jong,4
3869321,Netherlands,Teun Koopmeiners,Jurriën David Norman Timber,7
3869321,Netherlands,Teun Koopmeiners,Luuk de Jong,2
3869321,Netherlands,Teun Koopmeiners,Memphis Depay,1
3869321,Netherlands,Teun Koopmeiners,Nathan Aké,3
3869321,Netherlands,Teun Koopmeiners,Steven Berghuis,4
3869321,Netherlands,Teun Koopmeiners,Virgil van Dijk,7
3869321,Netherlands,Teun Koopmeiners,Wout Weghorst,1
3869321,Netherlands,Virgil van Dijk,Andries Noppert,1
3869321,Netherlands,Virgil van Dijk,Cody Mathès Gakpo,2
3869321,Netherlands,Virgil van Dijk,Daley Blind,3
3869321,Netherlands,Virgil van Dijk,Denzel Dumfries,1
3869321,Netherlands,Virgil van Dijk,Frenkie de Jong,17
3869321,Netherlands,Virgil van Dijk,Jurriën David Norman Timber,12
3869321,Netherlands,Virgil van Dijk,Luuk de Jong,1
3869321,Netherlands,Virgil van Dijk,Marten de Roon,6
3869321,Netherlands,Virgil van Dijk,Memphis Depay,5
3869321,Netherlands,Virgil van Dijk,Nathan Aké,26
3869321,Netherlands,Virgil van Dijk,Steven Berghuis,2
3869321,Netherlands,Virgil van Dijk,Steven Bergwijn,3
3869321,Netherlands,Virgil van Dijk,Teun Koopmeiners,5
3869321,Netherlands,Virgil van Dijk,Wout Weghorst,1
3869321,Netherlands,Wout Weghorst,Cody Mathès Gakpo,2
3869321,Netherlands,Wout Weghorst,Jurriën David Norman Timber,1
3869321,Netherlands,Wout Weghorst,Luuk de Jong,2
3869321,Netherlands,Wout Weghorst,Teun Koopmeiners,1
3869321,Netherlands,Memphis Depay,Andries Noppert,1
3869321,Netherlands,Memphis Depay,Cody Mathès Gakpo,3
3869321,Netherlands,Memphis Depay,Daley Blind,5
3869321,Netherlands,Memphis Depay,Denzel Dumfries,1
3869321,Netherlands,Memphis Depay,Frenkie de Jong,4
3869321,Netherlands,Memphis Depay,Jurriën David Norman Timber,1
3869321,Netherlands,Memphis Depay,Marten de Roon,2
3869321,Netherlands,Memphis Depay,Nathan Aké,5
3869321,Netherlands,Memphis Depay,Steven Berghuis,1
3869321,Netherlands,Memphis Depay,Steven Bergwijn,2
3869321,Netherlands,Memphis Depay,Teun Koopmeiners,1
3869321,Netherlands,Memphis Depay,Virgil van Dijk,1
3869321,Netherlands,Steven Bergwijn,Daley Blind,1
3869321,Netherlands,Steven Bergwijn,Denzel Dumfries,7
3869321,Netherlands,Steven Bergwijn,Frenkie de Jong,2
3869321,Netherlands,Steven Bergwijn,Jurriën David Norman Timber,2
3869321,Netherlands,Steven Bergwijn,Memphis Depay,4
3869321,Netherlands,Daley Blind,Cody Mathès Gakpo,1
3869321,Netherlands,Daley Blind,Frenkie de Jong,7
3869321,Netherlands,Daley Blind,Marten de Roon,1
3869321,Netherlands,Daley Blind,Memphis Depay,7
3869321,Netherlands,Daley Blind,Nathan Aké,4
3869321,Netherlands,Daley Blind,Steven Berghuis,1
3869321,Netherlands,Daley Blind,Steven Bergwijn,1
3869321,Netherlands,Daley Blind,Teun Koopmeiners,1
3869321,Netherlands,Daley Blind,Virgil van Dijk,1
3869354,England,Bukayo Saka,Declan Rice,2
3869354,England,Bukayo Saka,Harry Kane,6
3869354,England,Bukayo Saka,John Stones,1
3869354,England,Bukayo Saka,Jordan Brian Henderson,4
3869354,England,Bukayo Saka,Jude Bellingham,1
3869354,England,Bukayo Saka,Kyle Walker,3
3869354,England,Bukayo Saka,Philip Foden,1
3869354,England,Declan Rice,Bukayo Saka,1
3869354,England,Declan Rice,Harry Kane,5
3869354,England,Declan Rice,Harry Maguire,11
3869354,England,Declan Rice,John Stones,9
3869354,England,Declan Rice,Jordan Brian Henderson,4
3869354,England,Declan Rice,Jude Bellingham,3
3869354,England,Declan Rice,Kyle Walker,8
3869354,England,Declan Rice,Luke Shaw,9
3869354,England,Declan Rice,Marcus Rashford,1
3869354,England,Declan Rice,Philip Foden,8
3869354,England,Declan Rice,Raheem Sterling,1
3869354,England,Harry Kane,Bukayo Saka,2
3869354,England,Harry Kane,Declan Rice,4
3869354,England,Harry Kane,Harry Maguire,1
3869354,England,Harry Kane,Jordan Brian Henderson,1
3869354,England,Harry Kane,Jude Bellingham,1
3869354,England,Harry Kane,Kyle Walker,1
3869354,England,Harry Kane,Luke Shaw,3
3869354,England,Harry Kane,Marcus Rashford,1
3869354,England,John Stones,Bukayo Saka,4
3869354,England,John Stones,Declan Rice,15
3869354,England,John Stones,Harry Kane,1
3869354,England,John Stones,Harry Maguire,21
3869354,England,John Stones,Jordan Brian Henderson,14
3869354,England,John Stones,Jordan Pickford,1
3869354,England,John Stones,Jude Bellingham,4
3869354,England,John Stones,Kyle Walker,8
3869354,England,John Stones,Luke Shaw,1
3869354,England,John Stones,Philip Foden,1
3869354,England,Jordan Brian Henderson,Bukayo Saka,11
3869354,England,Jordan Brian Henderson,Declan Rice,3
3869354,England,Jordan Brian Henderson,Harry Maguire,6
3869354,England,Jordan Brian Henderson,John Stones,6
3869354,England,Jordan Brian Henderson,Jude Bellingham,4
3869354,England,Jordan Brian Henderson,Kyle Walker,6
3869354,England,Jordan Brian Henderson,Luke Shaw,2
3869354,England,Jordan Brian Henderson,Philip Foden,3
3869354,England,Jude Bellingham,Bukayo Saka,3
3869354,England,Jude Bellingham,Declan Rice,4
3869354,England,Jude Bellingham,Harry Kane,1
3869354,England,Jude Bellingham,Harry Maguire,4
3869354,England,Jude Bellingham,John Stones,1
3869354,England,Jude Bellingham,Jordan Brian Henderson,4
3869354,England,Jude Bellingham,Kyle Walker,1
3869354,England,Jude Bellingham,Luke Shaw,12
3869354,England,Jude Bellingham,Mason Mount,1
3869354,England,Jude Bellingham,Philip Foden,4
3869354,England,Jude Bellingham,Raheem Sterling,1
3869354,England,Kyle Walker,Bukayo Saka,5
3869354,England,Kyle Walker,Declan Rice,6
3869354,England,Kyle Walker,Harry Kane,2
3869354,England,Kyle Walker,Harry Maguire,5
3869354,England,Kyle Walker,John Stones,12
3869354,England,Kyle Walker,Jordan Brian Henderson,4
3869354,England,Kyle Walker,Jordan Pickford,2
3869354,England,Kyle Walker,Jude Bellingham,3
3869354,England,Kyle Walker,Raheem Sterling,2
3869354,England,Philip Foden,Bukayo Saka,1
3869354,England,Philip Foden,Declan Rice,2
3869354,England,Philip Foden,Harry Kane,1
3869354,England,Philip Foden,Harry Maguire,2
3869354,England,Philip Foden,John Stones,1
3869354,England,Philip Foden,Jordan Brian Henderson,4
3869354,England,Philip Foden,Jude Bellingham,6
3869354,England,Philip Foden,Luke Shaw,5
3869354,England,Harry Maguire,Bukayo Saka,2
3869354,England,Harry Maguire,Declan Rice,10
3869354,England,Harry Maguire,Harry Kane,1
3869354,England,Harry Maguire,John Stones,28
3869354,England,Harry Maguire,Jordan Brian Henderson,6
3869354,England,Harry Maguire,Jordan Pickford,3
3869354,England,Harry Maguire,Jude Bellingham,5
3869354,England,Harry Maguire,Luke Shaw,19
3869354,England,Harry Maguire,Marcus Rashford,1
3869354,England,Harry Maguire,Philip Foden,4
3869354,England,Luke Shaw,Declan Rice,9
3869354,England,Luke Shaw,Harry Kane,1
3869354,England,Luke Shaw,Harry Maguire,28
3869354,England,Luke Shaw,Jordan Pickford,2
3869354,England,Luke Shaw,Jude Bellingham,9
3869354,England,Luke Shaw,Philip Foden,5
3869354,England,Luke Shaw,Raheem Sterling,1
3869354,England,Marcus Rashford,Harry Kane,2
3869354,England,Marcus Rashford,Jude Bellingham,1
3869354,England,Raheem Sterling,Declan Rice,2
3869354,England,Raheem Sterling,Jude Bellingham,1
3869354,England,Raheem Sterling,Kyle Walker,1
3869354,England,Jordan Pickford,Harry Kane,3
3869354,England,Jordan Pickford,Harry Maguire,7
3869354,England,Jordan Pickford,John Stones,7
3869354,England,Jordan Pickford,Jude Bellingham,1
3869354,England,Jordan Pickford,Kyle Walker,1
3869354,England,Jordan Pickford,Luke Shaw,1
3869354,England,Mason Mount,Harry Maguire,1
3869354,England,Mason Mount,Raheem Sterling,1
3869354,France,Adrien Rabiot,Antoine Griezmann,1
3869354,France,Adrien Rabiot,Aurélien Djani Tchouaméni,5
3869354,France,Adrien Rabiot,Dayotchanculle Upamecano,4
3869354,France,Adrien Rabiot,Jules Koundé,3
3869354,France,Adrien Rabiot,Kylian Mbappé Lottin,9
3869354,France,Adrien Rabiot,Olivier Giroud,2
3869354,France,Adrien Rabiot,Ousmane Dembélé,2
3869354,France,Adrien Rabiot,Raphaël Varane,2
3869354,France,Adrien Rabiot,Theo Bernard François Hernández,7
3869354,France,Antoine Griezmann,Adrien Rabiot,4
3869354,France,Antoine Griezmann,Aurélien Djani Tchouaméni,8
3869354,France,Antoine Griezmann,Dayotchanculle Upamecano,7
3869354,France,Antoine Griezmann,Jules Koundé,3
3869354,France,Antoine Griezmann,Kylian Mbappé Lottin,3
3869354,France,Antoine Griezmann,Olivier Giroud,2
3869354,France,Antoine Griezmann,Ousmane Dembélé,8
3869354,France,Antoine Griezmann,Raphaël Varane,1
3869354,France,Antoine Griezmann,Theo Bernard François Hernández,3
3869354,France,Aurélien Djani Tchouaméni,Adrien Rabiot,8
3869354,France,Aurélien Djani Tchouaméni,Antoine Griezmann,8
3869354,France,Aurélien Djani Tchouaméni,Dayotchanculle Upamecano,8
3869354,France,Aurélien Djani Tchouaméni,Hugo Lloris,1
3869354,France,Aurélien Djani Tchouaméni,Jules Koundé,5
3869354,France,Aurélien Djani Tchouaméni,Kylian Mbappé Lottin,2
3869354,France,Aurélien Djani Tchouaméni,Ousmane Dembélé,2
3869354,France,Aurélien Djani Tchouaméni,Raphaël Varane,4
3869354,France,Aurélien Djani Tchouaméni,Theo Bernard François Hernández,1
3869354,France,Dayotchanculle Upamecano,Adrien Rabiot,3
3869354,France,Dayotchanculle Upamecano,Antoine Griezmann,3
3869354,France,Dayotchanculle Upamecano,Aurélien Djani Tchouaméni,1
3869354,France,Dayotchanculle Upamecano,Hugo Lloris,3
3869354,France,Dayotchanculle Upamecano,Jules Koundé,2
3869354,France,Dayotchanculle Upamecano,Kylian Mbappé Lottin,2
3869354,France,Dayotchanculle Upamecano,Ousmane Dembélé,1
3869354,France,Dayotchanculle Upamecano,Raphaël Varane,9
3869354,France,Dayotchanculle Upamecano,Theo Bernard François Hernández,12
3869354,France,Jules Koundé,Adrien Rabiot,1
3869354,France,Jules Koundé,Antoine Griezmann,7
3869354,France,Jules Koundé,Aurélien Djani Tchouaméni,8
3869354,France,Jules Koundé,Hugo Lloris,1
3869354,France,Jules Koundé,Kylian Mbappé Lottin,1
3869354,France,Jules Koundé,Olivier Giroud,1
3869354,France,Jules Koundé,Ousmane Dembélé,13
3869354,France,Jules Koundé,Raphaël Varane,5
3869354,France,Jules Koundé,Theo Bernard François Hernández,2
3869354,France,Kylian Mbappé Lottin,Adrien Rabiot,7
3869354,France,Kylian Mbappé Lottin,Aurélien Djani Tchouaméni,2
3869354,France,Kylian Mbappé Lottin,Dayotchanculle Upamecano,3
3869354,France,Kylian Mbappé Lottin,Olivier Giroud,2
3869354,France,Kylian Mbappé Lottin,Ousmane Dembélé,5
3869354,France,Kylian Mbappé Lottin,Theo Bernard François Hernández,7
3869354,France,Olivier Giroud,Aurélien Djani Tchouaméni,1
3869354,France,Olivier Giroud,Jules Koundé,1
3869354,France,Olivier Giroud,Kylian Mbappé Lottin,2
3869354,France,Olivier Giroud,Ousmane Dembélé,2
3869354,France,Ousmane Dembélé,Adrien Rabiot,1
3869354,France,Ousmane Dembélé,Antoine Griezmann,9
3869354,France,Ousmane Dembélé,Aurélien Djani Tchouaméni,5
3869354,France,Ousmane Dembélé,Dayotchanculle Upamecano,1
3869354,France,Ousmane Dembélé,Jules Koundé,7
3869354,France,Ousmane Dembélé,Kylian Mbappé Lottin,1
3869354,France,Ousmane Dembélé,Olivier Giroud,2
3869354,France,Ousmane Dembélé,Raphaël Varane,3
3869354,France,Ousmane Dembélé,Theo Bernard François Hernández,1
3869354,France,Raphaël Varane,Adrien Rabiot,3
3869354,France,Raphaël Varane,Antoine Griezmann,4
3869354,France,Raphaël Varane,Aurélien Djani Tchouaméni,2
3869354,France,Raphaël Varane,Dayotchanculle Upamecano,7
3869354,France,Raphaël Varane,Hugo Lloris,2
3869354,France,Raphaël Varane,Jules Koundé,6
3869354,France,Raphaël Varane,Olivier Giroud,2
3869354,France,Raphaël Varane,Ousmane Dembélé,5
3869354,France,Theo Bernard François Hernández,Adrien Rabiot,7
3869354,France,Theo Bernard François Hernández,Antoine Griezmann,3
3869354,France,Theo Bernard François Hernández,Aurélien Djani Tchouaméni,5
3869354,France,Theo Bernard François Hernández,Dayotchanculle Upamecano,4
3869354,France,Theo Bernard François Hernández,Hugo Lloris,2
3869354,France,Theo Bernard François Hernández,Kylian Mbappé Lottin,10
3869354,France,Theo Bernard François Hernández,Olivier Giroud,1
3869354,France,Theo Bernard François Hernández,Raphaël Varane,2
3869354,France,Hugo Lloris,Adrien Rabiot,1
3869354,France,Hugo Lloris,Aurélien Djani Tchouaméni,1
3869354,France,Hugo Lloris,Dayotchanculle Upamecano,2
3869354,France,Hugo Lloris,Kingsley Coman,1
3869354,France,Hugo Lloris,Olivier Giroud,4
3869354,France,Hugo Lloris,Ousmane Dembélé,1
3869354,France,Hugo Lloris,Raphaël Varane,3
3869420,Brazil,Alex Sandro Lobo Silva,Marcos Aoás Corrêa,1
3869420,Brazil,Alex Sandro Lobo Silva,Rodrygo Silva de Goes,3
3869420,Brazil,Marcos Aoás Corrêa,Alex Sandro Lobo Silva,1
3869420,Brazil,Marcos Aoás Corrêa,Alisson Ramsés Becker,5
3869420,Brazil,Marcos Aoás Corrêa,Antony Matheus dos Santos,1
3869420,Brazil,Marcos Aoás Corrêa,Carlos Henrique Casimiro,10
3869420,Brazil,Marcos Aoás Corrêa,Danilo Luiz da Silva,27
3869420,Brazil,Marcos Aoás Corrêa,Lucas Tolentino Coelho de Lima,3
3869420,Brazil,Marcos Aoás Corrêa,Neymar da Silva Santos Junior,9
3869420,Brazil,Marcos Aoás Corrêa,Rodrygo Silva de Goes,7
3869420,Brazil,Marcos Aoás Corrêa,Thiago Emiliano da Silva,21
3869420,Brazil,Marcos Aoás Corrêa,Vinícius José Paixão de Oliveira Júnior,1
3869420,Brazil,Marcos Aoás Corrêa,Éder Gabriel Militão,8
3869420,Brazil,Rodrygo Silva de Goes,Alex Sandro Lobo Silva,1
3869420,Brazil,Rodrygo Silva de Goes,Carlos Henrique Casimiro,5
3869420,Brazil,Rodrygo Silva de Goes,Danilo Luiz da Silva,10
3869420,Brazil,Rodrygo Silva de Goes,Lucas Tolentino Coelho de Lima,1
3869420,Brazil,Rodrygo Silva de Goes,Neymar da Silva Santos Junior,7
3869420,Brazil,Rodrygo Silva de Goes,Pedro Guilherme Abreu dos Santos,1
3869420,Brazil,Rodrygo Silva de Goes,Richarlison de Andrade,1
3869420,Brazil,Rodrygo Silva de Goes,Thiago Emiliano da Silva,1
3869420,Brazil,Rodrygo Silva de Goes,Éder Gabriel Militão,2
3869420,Brazil,Alisson Ramsés Becker,Carlos Henrique Casimiro,1
3869420,Brazil,Alisson Ramsés Becker,Danilo Luiz da Silva,2
3869420,Brazil,Alisson Ramsés Becker,Marcos Aoás Corrêa,10
3869420,Brazil,Alisson Ramsés Becker,Pedro Guilherme Abreu dos Santos,2
3869420,Brazil,Alisson Ramsés Becker,Thiago Emiliano da Silva,12
3869420,Brazil,Alisson Ramsés Becker,Éder Gabriel Militão,2
3869420,Brazil,Carlos Henrique Casimiro,Alisson Ramsés Becker,1
3869420,Brazil,Carlos Henrique Casimiro,Antony Matheus dos Santos,4
3869420,Brazil,Carlos Henrique Casimiro,Danilo Luiz da Silva,5
3869420,Brazil,Carlos Henrique Casimiro,Lucas Tolentino Coelho de Lima,9
3869420,Brazil,Carlos Henrique Casimiro,Marcos Aoás Corrêa,8
3869420,Brazil,Carlos Henrique Casimiro,Neymar da Silva Santos Junior,5
3869420,Brazil,Carlos Henrique Casimiro,Raphael Dias Belloli,1
3869420,Brazil,Carlos Henrique Casimiro,Richarlison de Andrade,3
3869420,Brazil,Carlos Henrique Casimiro,Rodrygo Silva de Goes,4
3869420,Brazil,Carlos Henrique Casimiro,Thiago Emiliano da Silva,8
3869420,Brazil,Carlos Henrique Casimiro,Vinícius José Paixão de Oliveira Júnior,2
3869420,Brazil,Carlos Henrique Casimiro,Éder Gabriel Militão,5
3869420,Brazil,Danilo Luiz da Silva,Alisson Ramsés Becker,3
3869420,Brazil,Danilo Luiz da Silva,Antony Matheus dos Santos,1
3869420,Brazil,Danilo Luiz da Silva,Carlos Henrique Casimiro,10
3869420,Brazil,Danilo Luiz da Silva,Lucas Tolentino Coelho de Lima,1
3869420,Brazil,Danilo Luiz da Silva,Marcos Aoás Corrêa,22
3869420,Brazil,Danilo Luiz da Silva,Neymar da Silva Santos Junior,21
3869420,Brazil,Danilo Luiz da Silva,Pedro Guilherme Abreu dos Santos,1
3869420,Brazil,Danilo Luiz da Silva,Rodrygo Silva de Goes,8
3869420,Brazil,Danilo Luiz da Silva,Thiago Emiliano da Silva,15
3869420,Brazil,Danilo Luiz da Silva,Vinícius José Paixão de Oliveira Júnior,6
3869420,Brazil,Danilo Luiz da Silva,Éder Gabriel Militão,5
3869420,Brazil,Pedro Guilherme Abreu dos Santos,Antony Matheus dos Santos,1
3869420,Brazil,Pedro Guilherme Abreu dos Santos,Carlos Henrique Casimiro,1
3869420,Brazil,Pedro Guilherme Abreu dos Santos,Frederico Rodrigues Santos,1
3869420,Brazil,Pedro Guilherme Abreu dos Santos,Neymar da Silva Santos Junior,3
3869420,Brazil,Pedro Guilherme Abreu dos Santos,Rodrygo Silva de Goes,1
3869420,Brazil,Thiago Emiliano da Silva,Alisson Ramsés Becker,2
3869420,Brazil,Thiago Emiliano da Silva,Antony Matheus dos Santos,7
3869420,Brazil,Thiago Emiliano da Silva,Carlos Henrique Casimiro,5
3869420,Brazil,Thiago Emiliano da Silva,Danilo Luiz da Silva,12
3869420,Brazil,Thiago Emiliano da Silva,Lucas Tolentino Coelho de Lima,9
3869420,Brazil,Thiago Emiliano da Silva,Marcos Aoás Corrêa,27
3869420,Brazil,Thiago Emiliano da Silva,Neymar da Silva Santos Junior,6
3869420,Brazil,Thiago Emiliano da Silva,Pedro Guilherme Abreu dos Santos,1
3869420,Brazil,Thiago Emiliano da Silva,Raphael Dias Belloli,3
3869420,Brazil,Thiago Emiliano da Silva,Richarlison de Andrade,1
3869420,Brazil,Thiago Emiliano da Silva,Vinícius José Paixão de Oliveira Júnior,1
3869420,Brazil,Thiago Emiliano da Silva,Éder Gabriel Militão,18
3869420,Brazil,Éder Gabriel Militão,Alisson Ramsés Becker,4
3869420,Brazil,Éder Gabriel Militão,Antony Matheus dos Santos,17
3869420,Brazil,Éder Gabriel Militão,Carlos Henrique Casimiro,7
3869420,Brazil,Éder Gabriel Militão,Danilo Luiz da Silva,3
3869420,Brazil,Éder Gabriel Militão,Lucas Tolentino Coelho de Lima,14
3869420,Brazil,Éder Gabriel Militão,Marcos Aoás Corrêa,10
3869420,Brazil,Éder Gabriel Militão,Neymar da Silva Santos Junior,2
3869420,Brazil,Éder Gabriel Militão,Pedro Guilherme Abreu dos Santos,1
3869420,Brazil,Éder Gabriel Militão,Raphael Dias Belloli,11
3869420,Brazil,Éder Gabriel Militão,Thiago Emiliano da Silva,10
3869420,Brazil,Antony Matheus dos Santos,Alisson Ramsés Becker,1
3869420,Brazil,Antony Matheus dos Santos,Carlos Henrique Casimiro,5
3869420,Brazil,Antony Matheus dos Santos,Lucas Tolentino Coelho de Lima,4
3869420,Brazil,Antony Matheus dos Santos,Marcos Aoás Corrêa,2
3869420,Brazil,Antony Matheus dos Santos,Neymar da Silva Santos Junior,3
3869420,Brazil,Antony Matheus dos Santos,Pedro Guilherme Abreu dos Santos,1
3869420,Brazil,Antony Matheus dos Santos,Richarlison de Andrade,2
3869420,Brazil,Antony Matheus dos Santos,Thiago Emiliano da Silva,2
3869420,Brazil,Antony Matheus dos Santos,Éder Gabriel Militão,9
3869420,Brazil,Lucas Tolentino Coelho de Lima,Antony Matheus dos Santos,3
3869420,Brazil,Lucas Tolentino Coelho de Lima,Carlos Henrique Casimiro,8
3869420,Brazil,Lucas Tolentino Coelho de Lima,Danilo Luiz da Silva,8
3869420,Brazil,Lucas Tolentino Coelho de Lima,Marcos Aoás Corrêa,4
3869420,Brazil,Lucas Tolentino Coelho de Lima,Neymar da Silva Santos Junior,7
3869420,Brazil,Lucas Tolentino Coelho de Lima,Raphael Dias Belloli,7
3869420,Brazil,Lucas Tolentino Coelho de Lima,Richarlison de Andrade,2
3869420,Brazil,Lucas Tolentino Coelho de Lima,Rodrygo Silva de Goes,1
3869420,Brazil,Lucas Tolentino Coelho de Lima,Thiago Emiliano da Silva,2
3869420,Brazil,Lucas Tolentino Coelho de Lima,Éder Gabriel Militão,14
3869420,Brazil,Neymar da Silva Santos Junior,Alex Sandro Lobo Silva,1
3869420,Brazil,Neymar da Silva Santos Junior,Antony Matheus dos Santos,1
3869420,Brazil,Neymar da Silva Santos Junior,Carlos Henrique Casimiro,5
3869420,Brazil,Neymar da Silva Santos Junior,Danilo Luiz da Silva,11
3869420,Brazil,Neymar da Silva Santos Junior,Frederico Rodrigues Santos,1
3869420,Brazil,Neymar da Silva Santos Junior,Lucas Tolentino Coelho de Lima,6
3869420,Brazil,Neymar da Silva Santos Junior,Marcos Aoás Corrêa,2
3869420,Brazil,Neymar da Silva Santos Junior,Pedro Guilherme Abreu dos Santos,2
3869420,Brazil,Neymar da Silva Santos Junior,Raphael Dias Belloli,2
3869420,Brazil,Neymar da Silva Santos Junior,Richarlison de Andrade,2
3869420,Brazil,Neymar da Silva Santos Junior,Rodrygo Silva de Goes,8
3869420,Brazil,Neymar da Silva Santos Junior,Thiago Emiliano da Silva,3
3869420,Brazil,Neymar da Silva Santos Junior,Vinícius José Paixão de Oliveira Júnior,5
3869420,Brazil,Neymar da Silva Santos Junior,Éder Gabriel Militão,1
3869420,Brazil,Richarlison de Andrade,Carlos Henrique Casimiro,2
3869420,Brazil,Richarlison de Andrade,Lucas Tolentino Coelho de Lima,1
3869420,Brazil,Richarlison de Andrade,Neymar da Silva Santos Junior,3
3869420,Brazil,Richarlison de Andrade,Vinícius José Paixão de Oliveira Júnior,1
3869420,Brazil,Raphael Dias Belloli,Carlos Henrique Casimiro,2
3869420,Brazil,Raphael Dias Belloli,Danilo Luiz da Silva,3
3869420,Brazil,Raphael Dias Belloli,Lucas Tolentino Coelho de Lima,5
3869420,Brazil,Raphael Dias Belloli,Marcos Aoás Corrêa,2
3869420,Brazil,Raphael Dias Belloli,Richarlison de Andrade,1
3869420,Brazil,Raphael Dias Belloli,Thiago Emiliano da Silva,1
3869420,Brazil,Raphael Dias Belloli,Éder Gabriel Militão,5
3869420,Brazil,Vinícius José Paixão de Oliveira Júnior,Carlos Henrique Casimiro,1
3869420,Brazil,Vinícius José Paixão de Oliveira Júnior,Danilo Luiz da Silva,1
3869420,Brazil,Vinícius José Paixão de Oliveira Júnior,Neymar da Silva Santos Junior,3
3869420,Brazil,Vinícius José Paixão de Oliveira Júnior,Richarlison de Andrade,1
3869420,Brazil,Vinícius José Paixão de Oliveira Júnior,Thiago Emiliano da Silva,2
3869420,Brazil,Frederico Rodrigues Santos,Carlos Henrique Casimiro,1
3869420,Brazil,Frederico Rodrigues Santos,Danilo Luiz da Silva,1
3869420,Croatia,Andrej Kramarić,Borna Sosa,1
3869420,Croatia,Andrej Kramarić,Dejan Lovren,1
3869420,Croatia,Andrej Kramarić,Ivan Perišić,4
3869420,Croatia,Andrej Kramarić,Josip Juranović,1
3869420,Croatia,Andrej Kramarić,Luka Modrić,4
3869420,Croatia,Andrej Kramarić,Marcelo Brozović,7
3869420,Croatia,Andrej Kramarić,Mateo Kovačić,3
3869420,Croatia,Borna Sosa,Andrej Kramarić,3
3869420,Croatia,Borna Sosa,Bruno Petković,2
3869420,Croatia,Borna Sosa,Dejan Lovren,1
3869420,Croatia,Borna Sosa,Dominik Livaković,1
3869420,Croatia,Borna Sosa,Ivan Perišić,6
3869420,Croatia,Borna Sosa,Joško Gvardiol,4
3869420,Croatia,Borna Sosa,Luka Modrić,3
3869420,Croatia,Borna Sosa,Marcelo Brozović,2
3869420,Croatia,Borna Sosa,Mateo Kovačić,8
3869420,Croatia,Dejan Lovren,Andrej Kramarić,1
3869420,Croatia,Dejan Lovren,Borna Sosa,2
3869420,Croatia,Dejan Lovren,Dominik Livaković,10
3869420,Croatia,Dejan Lovren,Ivan Perišić,1
3869420,Croatia,Dejan Lovren,Josip Juranović,14
3869420,Croatia,Dejan Lovren,Joško Gvardiol,12
3869420,Croatia,Dejan Lovren,Lovro Majer,3
3869420,Croatia,Dejan Lovren,Luka Modrić,17
3869420,Croatia,Dejan Lovren,Marcelo Brozović,12
3869420,Croatia,Dejan Lovren,Mario Pašalić,4
3869420,Croatia,Dejan Lovren,Mateo Kovačić,4
3869420,Croatia,Dejan Lovren,Nikola Vlašić,2
3869420,Croatia,Ivan Perišić,Andrej Kramarić,1
3869420,Croatia,Ivan Perišić,Borna Sosa,4
3869420,Croatia,Ivan Perišić,Dejan Lovren,1
3869420,Croatia,Ivan Perišić,Joško Gvardiol,1
3869420,Croatia,Ivan Perišić,Luka Modrić,4
3869420,Croatia,Ivan Perišić,Marcelo Brozović,2
3869420,Croatia,Ivan Perišić,Mateo Kovačić,5
3869420,Croatia,Josip Juranović,Andrej Kramarić,7
3869420,Croatia,Josip Juranović,Bruno Petković,3
3869420,Croatia,Josip Juranović,Dejan Lovren,11
3869420,Croatia,Josip Juranović,Dominik Livaković,1
3869420,Croatia,Josip Juranović,Ivan Perišić,1
3869420,Croatia,Josip Juranović,Joško Gvardiol,1
3869420,Croatia,Josip Juranović,Lovro Majer,5
3869420,Croatia,Josip Juranović,Luka Modrić,15
3869420,Croatia,Josip Juranović,Marcelo Brozović,12
3869420,Croatia,Josip Juranović,Mario Pašalić,10
3869420,Croatia,Josip Juranović,Nikola Vlašić,3
3869420,Croatia,Luka Modrić,Andrej Kramarić,2
3869420,Croatia,Luka Modrić,Borna Sosa,7
3869420,Croatia,Luka Modrić,Bruno Petković,2
3869420,Croatia,Luka Modrić,Dejan Lovren,15
3869420,Croatia,Luka Modrić,Ivan Perišić,8
3869420,Croatia,Luka Modrić,Josip Juranović,15
3869420,Croatia,Luka Modrić,Joško Gvardiol,5
3869420,Croatia,Luka Modrić,Lovro Majer,5
3869420,Croatia,Luka Modrić,Marcelo Brozović,20
3869420,Croatia,Luka Modrić,Mario Pašalić,9
3869420,Croatia,Luka Modrić,Mateo Kovačić,10
3869420,Croatia,Luka Modrić,Nikola Vlašić,4
3869420,Croatia,Marcelo Brozović,Andrej Kramarić,4
3869420,Croatia,Marcelo Brozović,Borna Sosa,3
3869420,Croatia,Marcelo Brozović,Dejan Lovren,8
3869420,Croatia,Marcelo Brozović,Ivan Perišić,3
3869420,Croatia,Marcelo Brozović,Josip Juranović,9
3869420,Croatia,Marcelo Brozović,Joško Gvardiol,11
3869420,Croatia,Marcelo Brozović,Lovro Majer,5
3869420,Croatia,Marcelo Brozović,Luka Modrić,27
3869420,Croatia,Marcelo Brozović,Mario Pašalić,2
3869420,Croatia,Marcelo Brozović,Mateo Kovačić,25
3869420,Croatia,Marcelo Brozović,Nikola Vlašić,1
3869420,Croatia,Mateo Kovačić,Andrej Kramarić,6
3869420,Croatia,Mateo Kovačić,Borna Sosa,6
3869420,Croatia,Mateo Kovačić,Dejan Lovren,5
3869420,Croatia,Mateo Kovačić,Dominik Livaković,1
3869420,Croatia,Mateo Kovačić,Ivan Perišić,4
3869420,Croatia,Mateo Kovačić,Josip Juranović,2
3869420,Croatia,Mateo Kovačić,Joško Gvardiol,11
3869420,Croatia,Mateo Kovačić,Luka Modrić,16
3869420,Croatia,Mateo Kovačić,Marcelo Brozović,13
3869420,Croatia,Mateo Kovačić,Mario Pašalić,3
3869420,Croatia,Bruno Petković,Marcelo Brozović,4
3869420,Croatia,Bruno Petković,Mateo Kovačić,1
3869420,Croatia,Bruno Petković,Nikola Vlašić,1
3869420,Croatia,Dominik Livaković,Dejan Lovren,19
3869420,Croatia,Dominik Livaković,Ivan Perišić,2
3869420,Croatia,Dominik Livaković,Josip Juranović,4
3869420,Croatia,Dominik Livaković,Joško Gvardiol,6
3869420,Croatia,Dominik Livaković,Marcelo Brozović,1
3869420,Croatia,Dominik Livaković,Mario Pašalić,2
3869420,Croatia,Joško Gvardiol,Andrej Kramarić,1
3869420,Croatia,Joško Gvardiol,Borna Sosa,6
3869420,Croatia,Joško Gvardiol,Bruno Petković,2
3869420,Croatia,Joško Gvardiol,Dejan Lovren,7
3869420,Croatia,Joško Gvardiol,Dominik Livaković,7
3869420,Croatia,Joško Gvardiol,Ivan Perišić,3
3869420,Croatia,Joško Gvardiol,Josip Juranović,4
3869420,Croatia,Joško Gvardiol,Luka Modrić,9
3869420,Croatia,Joško Gvardiol,Marcelo Brozović,10
3869420,Croatia,Joško Gvardiol,Mario Pašalić,1
3869420,Croatia,Joško Gvardiol,Mateo Kovačić,10
3869420,Croatia,Nikola Vlašić,Dejan Lovren,1
3869420,Croatia,Nikola Vlašić,Josip Juranović,3
3869420,Croatia,Nikola Vlašić,Lovro Majer,1
3869420,Croatia,Nikola Vlašić,Luka Modrić,1
3869420,Croatia,Nikola Vlašić,Marcelo Brozović,1
3869420,Croatia,Nikola Vlašić,Mislav Oršić,1
3869420,Croatia,Lovro Majer,Bruno Petković,1
3869420,Croatia,Lovro Majer,Dejan Lovren,3
3869420,Croatia,Lovro Majer,Josip Juranović,3
3869420,Croatia,Lovro Majer,Joško Gvardiol,2
3869420,Croatia,Lovro Majer,Luka Modrić,2
3869420,Croatia,Lovro Majer,Marcelo Brozović,3
3869420,Croatia,Lovro Majer,Nikola Vlašić,1
3869420,Croatia,Mario Pašalić,Andrej Kramarić,4
3869420,Croatia,Mario Pašalić,Borna Sosa,3
3869420,Croatia,Mario Pašalić,Dejan Lovren,2
3869420,Croatia,Mario Pašalić,Ivan Perišić,1
3869420,Croatia,Mario Pašalić,Josip Juranović,6
3869420,Croatia,Mario Pašalić,Luka Modrić,7
3869420,Croatia,Mario Pašalić,Marcelo Brozović,3
3869420,Croatia,Mario Pašalić,Mateo Kovačić,2
3869420,Croatia,Mislav Oršić,Bruno Petković,1
3869486,Morocco,Achraf Dari,Achraf Hakimi Mouh,1
3869486,Morocco,Achraf Dari,Hakim Ziyech,1
3869486,Morocco,Achraf Dari,Walid Cheddira,1
3869486,Morocco,Achraf Dari,Yassine Bounou,1
3869486,Morocco,Achraf Hakimi Mouh,Achraf Dari,1
3869486,Morocco,Achraf Hakimi Mouh,Azzedine Ounahi,5
3869486,Morocco,Achraf Hakimi Mouh,Hakim Ziyech,12
3869486,Morocco,Achraf Hakimi Mouh,Jawad El Yamiq,2
3869486,Morocco,Achraf Hakimi Mouh,Romain Saïss,1
3869486,Morocco,Achraf Hakimi Mouh,Selim Amallah,2
3869486,Morocco,Achraf Hakimi Mouh,Walid Cheddira,1
3869486,Morocco,Achraf Hakimi Mouh,Yahia Attiyat allah,1
3869486,Morocco,Achraf Hakimi Mouh,Yassine Bounou,2
3869486,Morocco,Achraf Hakimi Mouh,Youssef En-Nesyri,1
3869486,Morocco,Hakim Ziyech,Achraf Hakimi Mouh,3
3869486,Morocco,Hakim Ziyech,Azzedine Ounahi,5
3869486,Morocco,Hakim Ziyech,Jawad El Yamiq,1
3869486,Morocco,Hakim Ziyech,Sofiane Boufal,2
3869486,Morocco,Hakim Ziyech,Sofyan Amrabat,3
3869486,Morocco,Hakim Ziyech,Yassine Bounou,1
3869486,Morocco,Hakim Ziyech,Youssef En-Nesyri,2
3869486,Morocco,Walid Cheddira,Azzedine Ounahi,1
3869486,Morocco,Walid Cheddira,Sofiane Boufal,1
3869486,Morocco,Yassine Bounou,Achraf Dari,1
3869486,Morocco,Yassine Bounou,Achraf Hakimi Mouh,3
3869486,Morocco,Yassine Bounou,Hakim Ziyech,1
3869486,Morocco,Yassine Bounou,Jawad El Yamiq,5
3869486,Morocco,Yassine Bounou,Romain Saïss,3
3869486,Morocco,Yassine Bounou,Sofiane Boufal,2
3869486,Morocco,Yassine Bounou,Sofyan Amrabat,1
3869486,Morocco,Yassine Bounou,Walid Cheddira,2
3869486,Morocco,Yassine Bounou,Yahia Attiyat allah,1
3869486,Morocco,Yassine Bounou,Youssef En-Nesyri,3
3869486,Morocco,Yassine Bounou,Zakaria Aboukhlal,2
3869486,Morocco,Azzedine Ounahi,Achraf Hakimi Mouh,10
3869486,Morocco,Azzedine Ounahi,Hakim Ziyech,3
3869486,Morocco,Azzedine Ounahi,Jawad El Yamiq,1
3869486,Morocco,Azzedine Ounahi,Sofiane Boufal,2
3869486,Morocco,Azzedine Ounahi,Sofyan Amrabat,1
3869486,Morocco,Azzedine Ounahi,Walid Cheddira,1
3869486,Morocco,Azzedine Ounahi,Yahia Attiyat allah,2
3869486,Morocco,Jawad El Yamiq,Achraf Hakimi Mouh,6
3869486,Morocco,Jawad El Yamiq,Azzedine Ounahi,3
3869486,Morocco,Jawad El Yamiq,Hakim Ziyech,3
3869486,Morocco,Jawad El Yamiq,Sofyan Amrabat,1
3869486,Morocco,Jawad El Yamiq,Yahia Attiyat allah,1
3869486,Morocco,Jawad El Yamiq,Yassine Bounou,3
3869486,Morocco,Jawad El Yamiq,Youssef En-Nesyri,1
3869486,Morocco,Romain Saïss,Azzedine Ounahi,1
3869486,Morocco,Romain Saïss,Jawad El Yamiq,2
3869486,Morocco,Romain Saïss,Selim Amallah,1
3869486,Morocco,Romain Saïss,Sofiane Boufal,1
3869486,Morocco,Romain Saïss,Sofyan Amrabat,1
3869486,Morocco,Romain Saïss,Yahia Attiyat allah,4
3869486,Morocco,Romain Saïss,Yassine Bounou,2
3869486,Morocco,Selim Amallah,Achraf Hakimi Mouh,2
3869486,Morocco,Selim Amallah,Jawad El Yamiq,2
3869486,Morocco,Selim Amallah,Romain Saïss,2
3869486,Morocco,Selim Amallah,Sofiane Boufal,1
3869486,Morocco,Selim Amallah,Yahia Attiyat allah,1
3869486,Morocco,Yahia Attiyat allah,Selim Amallah,2
3869486,Morocco,Yahia Attiyat allah,Sofiane Boufal,7
3869486,Morocco,Yahia Attiyat allah,Sofyan Amrabat,1
3869486,Morocco,Yahia Attiyat allah,Walid Cheddira,1
3869486,Morocco,Yahia Attiyat allah,Yassine Bounou,1
3869486,Morocco,Yahia Attiyat allah,Youssef En-Nesyri,4
3869486,Morocco,Youssef En-Nesyri,Achraf Hakimi Mouh,1
3869486,Morocco,Youssef En-Nesyri,Azzedine Ounahi,1
3869486,Morocco,Youssef En-Nesyri,Selim Amallah,1
3869486,Morocco,Youssef En-Nesyri,Sofiane Boufal,2
3869486,Morocco,Sofiane Boufal,Achraf Dari,1
3869486,Morocco,Sofiane Boufal,Azzedine Ounahi,6
3869486,Morocco,Sofiane Boufal,Romain Saïss,1
3869486,Morocco,Sofiane Boufal,Selim Amallah,3
3869486,Morocco,Sofiane Boufal,Sofyan Amrabat,1
3869486,Morocco,Sofiane Boufal,Yahia Attiyat allah,3
3869486,Morocco,Sofiane Boufal,Youssef En-Nesyri,2
3869486,Morocco,Sofyan Amrabat,Azzedine Ounahi,2
3869486,Morocco,Sofyan Amrabat,Hakim Ziyech,5
3869486,Morocco,Sofyan Amrabat,Romain Saïss,1
3869486,Morocco,Sofyan Amrabat,Selim Amallah,1
3869486,Morocco,Sofyan Amrabat,Sofiane Boufal,1
3869486,Morocco,Sofyan Amrabat,Yahia Attiyat allah,1
3869486,Morocco,Sofyan Amrabat,Yassine Bounou,1
3869486,Morocco,Sofyan Amrabat,Youssef En-Nesyri,1
3869486,Portugal,Bernardo Mota Veiga de Carvalho e Silva,Bruno Miguel Borges Fernandes,11
3869486,Portugal,Bernardo Mota Veiga de Carvalho e Silva,Gonçalo Matias Ramos,2
3869486,Portugal,Bernardo Mota Veiga de Carvalho e Silva,José Diogo Dalot Teixeira,3
3869486,Portugal,Bernardo Mota Veiga de Carvalho e Silva,João Félix Sequeira,3
3869486,Portugal,Bernardo Mota Veiga de Carvalho e Silva,João Pedro Cavaco Cancelo,13
3869486,Portugal,Bernardo Mota Veiga de Carvalho e Silva,Kléper Laveran Lima Ferreira,15
3869486,Portugal,Bernardo Mota Veiga de Carvalho e Silva,Otávio Edmilson da Silva Monteiro,9
3869486,Portugal,Bernardo Mota Veiga de Carvalho e Silva,Rafael Alexandre Conceição Leão,5
3869486,Portugal,Bernardo Mota Veiga de Carvalho e Silva,Raphaël Adelino José Guerreiro,3
3869486,Portugal,Bernardo Mota Veiga de Carvalho e Silva,Ricardo Jorge Luz Horta,1
3869486,Portugal,Bernardo Mota Veiga de Carvalho e Silva,Rúben Diogo Da Silva Neves,6
3869486,Portugal,Bernardo Mota Veiga de Carvalho e Silva,Rúben Santos Gato Alves Dias,10
3869486,Portugal,Bernardo Mota Veiga de Carvalho e Silva,Vitor Machado Ferreira,7
3869486,Portugal,Bruno Miguel Borges Fernandes,Bernardo Mota Veiga de Carvalho e Silva,6
3869486,Portugal,Bruno Miguel Borges Fernandes,Cristiano Ronaldo dos Santos Aveiro,2
3869486,Portugal,Bruno Miguel Borges Fernandes,Diogo Meireles Costa,1
3869486,Portugal,Bruno Miguel Borges Fernandes,José Diogo Dalot Teixeira,7
3869486,Portugal,Bruno Miguel Borges Fernandes,João Félix Sequeira,8
3869486,Portugal,Bruno Miguel Borges Fernandes,João Pedro Cavaco Cancelo,3
3869486,Portugal,Bruno Miguel Borges Fernandes,Kléper Laveran Lima Ferreira,5
3869486,Portugal,Bruno Miguel Borges Fernandes,Otávio Edmilson da Silva Monteiro,5
3869486,Portugal,Bruno Miguel Borges Fernandes,Raphaël Adelino José Guerreiro,2
3869486,Portugal,Bruno Miguel Borges Fernandes,Ricardo Jorge Luz Horta,3
3869486,Portugal,Bruno Miguel Borges Fernandes,Rúben Diogo Da Silva Neves,8
3869486,Portugal,Bruno Miguel Borges Fernandes,Rúben Santos Gato Alves Dias,4
3869486,Portugal,Bruno Miguel Borges Fernandes,Vitor Machado Ferreira,3
3869486,Portugal,Gonçalo Matias Ramos,Bernardo Mota Veiga de Carvalho e Silva,1
3869486,Portugal,Gonçalo Matias Ramos,Kléper Laveran Lima Ferreira,2
3869486,Portugal,Gonçalo Matias Ramos,Raphaël Adelino José Guerreiro,1
3869486,Portugal,Gonçalo Matias Ramos,Rúben Santos Gato Alves Dias,2
3869486,Portugal,José Diogo Dalot Teixeira,Bernardo Mota Veiga de Carvalho e Silva,4
3869486,Portugal,José Diogo Dalot Teixeira,Bruno Miguel Borges Fernandes,6
3869486,Portugal,José Diogo Dalot Teixeira,Kléper Laveran Lima Ferreira,7
3869486,Portugal,José Diogo Dalot Teixeira,Otávio Edmilson da Silva Monteiro,2
3869486,Portugal,José Diogo Dalot Teixeira,Rúben Diogo Da Silva Neves,4
3869486,Portugal,José Diogo Dalot Teixeira,Rúben Santos Gato Alves Dias,4
3869486,Portugal,José Diogo Dalot Teixeira,Vitor Machado Ferreira,5
3869486,Portugal,João Félix Sequeira,Bernardo Mota Veiga de Carvalho e Silva,3
3869486,Portugal,João Félix Sequeira,Bruno Miguel Borges Fernandes,1
3869486,Portugal,João Félix Sequeira,Cristiano Ronaldo dos Santos Aveiro,1
3869486,Portugal,João Félix Sequeira,Gonçalo Matias Ramos,1
3869486,Portugal,João Félix Sequeira,João Pedro Cavaco Cancelo,1
3869486,Portugal,João Félix Sequeira,Kléper Laveran Lima Ferreira,3
3869486,Portugal,João Félix Sequeira,Raphaël Adelino José Guerreiro,2
3869486,Portugal,João Félix Sequeira,Rúben Diogo Da Silva Neves,1
3869486,Portugal,João Félix Sequeira,Vitor Machado Ferreira,1
3869486,Portugal,João Pedro Cavaco Cancelo,Bernardo Mota Veiga de Carvalho e Silva,18
3869486,Portugal,João Pedro Cavaco Cancelo,Cristiano Ronaldo dos Santos Aveiro,2
3869486,Portugal,João Pedro Cavaco Cancelo,Kléper Laveran Lima Ferreira,3
3869486,Portugal,João Pedro Cavaco Cancelo,Rafael Alexandre Conceição Leão,6
3869486,Portugal,João Pedro Cavaco Cancelo,Ricardo Jorge Luz Horta,1
3869486,Portugal,João Pedro Cavaco Cancelo,Rúben Santos Gato Alves Dias,2
3869486,Portugal,João Pedro Cavaco Cancelo,Vitor Machado Ferreira,5
3869486,Portugal,Kléper Laveran Lima Ferreira,Bernardo Mota Veiga de Carvalho e Silva,19
3869486,Portugal,Kléper Laveran Lima Ferreira,Bruno Miguel Borges Fernandes,10
3869486,Portugal,Kléper Laveran Lima Ferreira,Diogo Meireles Costa,2
3869486,Portugal,Kléper Laveran Lima Ferreira,Gonçalo Matias Ramos,1
3869486,Portugal,Kléper Laveran Lima Ferreira,José Diogo Dalot Teixeira,9
3869486,Portugal,Kléper Laveran Lima Ferreira,João Félix Sequeira,1
3869486,Portugal,Kléper Laveran Lima Ferreira,João Pedro Cavaco Cancelo,3
3869486,Portugal,Kléper Laveran Lima Ferreira,Otávio Edmilson da Silva Monteiro,13
3869486,Portugal,Kléper Laveran Lima Ferreira,Raphaël Adelino José Guerreiro,1
3869486,Portugal,Kléper Laveran Lima Ferreira,Ricardo Jorge Luz Horta,1
3869486,Portugal,Kléper Laveran Lima Ferreira,Rúben Diogo Da Silva Neves,13
3869486,Portugal,Kléper Laveran Lima Ferreira,Rúben Santos Gato Alves Dias,18
3869486,Portugal,Kléper Laveran Lima Ferreira,Vitor Machado Ferreira,3
3869486,Portugal,Otávio Edmilson da Silva Monteiro,Bernardo Mota Veiga de Carvalho e Silva,8
3869486,Portugal,Otávio Edmilson da Silva Monteiro,Bruno Miguel Borges Fernandes,5
3869486,Portugal,Otávio Edmilson da Silva Monteiro,Cristiano Ronaldo dos Santos Aveiro,3
3869486,Portugal,Otávio Edmilson da Silva Monteiro,Gonçalo Matias Ramos,3
3869486,Portugal,Otávio Edmilson da Silva Monteiro,José Diogo Dalot Teixeira,2
3869486,Portugal,Otávio Edmilson da Silva Monteiro,João Félix Sequeira,1
3869486,Portugal,Otávio Edmilson da Silva Monteiro,Kléper Laveran Lima Ferreira,4
3869486,Portugal,Otávio Edmilson da Silva Monteiro,Raphaël Adelino José Guerreiro,3
3869486,Portugal,Otávio Edmilson da Silva Monteiro,Rúben Diogo Da Silva Neves,5
3869486,Portugal,Otávio Edmilson da Silva Monteiro,Rúben Santos Gato Alves Dias,6
3869486,Portugal,Rafael Alexandre Conceição Leão,Bernardo Mota Veiga de Carvalho e Silva,1
3869486,Portugal,Rafael Alexandre Conceição Leão,João Pedro Cavaco Cancelo,5
3869486,Portugal,Rafael Alexandre Conceição Leão,Kléper Laveran Lima Ferreira,1
3869486,Portugal,Rafael Alexandre Conceição Leão,Vitor Machado Ferreira,1
3869486,Portugal,Raphaël Adelino José Guerreiro,Diogo Meireles Costa,1
3869486,Portugal,Raphaël Adelino José Guerreiro,Gonçalo Matias Ramos,1
3869486,Portugal,Raphaël Adelino José Guerreiro,João Félix Sequeira,3
3869486,Portugal,Raphaël Adelino José Guerreiro,Otávio Edmilson da Silva Monteiro,1
3869486,Portugal,Raphaël Adelino José Guerreiro,Rúben Diogo Da Silva Neves,6
3869486,Portugal,Raphaël Adelino José Guerreiro,Rúben Santos Gato Alves Dias,12
3869486,Portugal,Ricardo Jorge Luz Horta,Bruno Miguel Borges Fernandes,4
3869486,Portugal,Ricardo Jorge Luz Horta,Cristiano Ronaldo dos Santos Aveiro,2
3869486,Portugal,Ricardo Jorge Luz Horta,Vitor Machado Ferreira,3
3869486,Portugal,Rúben Diogo Da Silva Neves,Bernardo Mota Veiga de Carvalho e Silva,6
3869486,Portugal,Rúben Diogo Da Silva Neves,Bruno Miguel Borges Fernandes,7
3869486,Portugal,Rúben Diogo Da Silva Neves,Diogo Meireles Costa,3
3869486,Portugal,Rúben Diogo Da Silva Neves,José Diogo Dalot Teixeira,4
3869486,Portugal,Rúben Diogo Da Silva Neves,João Félix Sequeira,5
3869486,Portugal,Rúben Diogo Da Silva Neves,Kléper Laveran Lima Ferreira,14
3869486,Portugal,Rúben Diogo Da Silva Neves,Otávio Edmilson da Silva Monteiro,7
3869486,Portugal,Rúben Diogo Da Silva Neves,Raphaël Adelino José Guerreiro,3
3869486,Portugal,Rúben Diogo Da Silva Neves,Rúben Santos Gato Alves Dias,11
3869486,Portugal,Rúben Santos Gato Alves Dias,Bernardo Mota Veiga de Carvalho e Silva,12
3869486,Portugal,Rúben Santos Gato Alves Dias,Bruno Miguel Borges Fernandes,6
3869486,Portugal,Rúben Santos Gato Alves Dias,Gonçalo Matias Ramos,2
3869486,Portugal,Rúben Santos Gato Alves Dias,José Diogo Dalot Teixeira,2
3869486,Portugal,Rúben Santos Gato Alves Dias,João Félix Sequeira,2
3869486,Portugal,Rúben Santos Gato Alves Dias,João Pedro Cavaco Cancelo,6
3869486,Portugal,Rúben Santos Gato Alves Dias,Kléper Laveran Lima Ferreira,22
3869486,Portugal,Rúben Santos Gato Alves Dias,Otávio Edmilson da Silva Monteiro,9
3869486,Portugal,Rúben Santos Gato Alves Dias,Raphaël Adelino José Guerreiro,8
3869486,Portugal,Rúben Santos Gato Alves Dias,Rúben Diogo Da Silva Neves,15
3869486,Portugal,Rúben Santos Gato Alves Dias,Vitor Machado Ferreira,4
3869486,Portugal,Vitor Machado Ferreira,Bernardo Mota Veiga de Carvalho e Silva,5
3869486,Portugal,Vitor Machado Ferreira,Bruno Miguel Borges Fernandes,2
3869486,Portugal,Vitor Machado Ferreira,José Diogo Dalot Teixeira,3
3869486,Portugal,Vitor Machado Ferreira,João Félix Sequeira,2
3869486,Portugal,Vitor Machado Ferreira,João Pedro Cavaco Cancelo,5
3869486,Portugal,Vitor Machado Ferreira,Kléper Laveran Lima Ferreira,6
3869486,Portugal,Vitor Machado Ferreira,Rafael Alexandre Conceição Leão,3
3869486,Portugal,Vitor Machado Ferreira,Ricardo Jorge Luz Horta,3
3869486,Portugal,Vitor Machado Ferreira,Rúben Santos Gato Alves Dias,4
3869486,Portugal,Cristiano Ronaldo dos Santos Aveiro,Bruno Miguel Borges Fernandes,1
3869486,Portugal,Cristiano Ronaldo dos Santos Aveiro,José Diogo Dalot Teixeira,1
3869486,Portugal,Cristiano Ronaldo dos Santos Aveiro,João Félix Sequeira,1
3869486,Portugal,Cristiano Ronaldo dos Santos Aveiro,Vitor Machado Ferreira,1
3869486,Portugal,Diogo Meireles Costa,Bernardo Mota Veiga de Carvalho e Silva,1
3869486,Portugal,Diogo Meireles Costa,João Pedro Cavaco Cancelo,1
3869486,Portugal,Diogo Meireles Costa,Kléper Laveran Lima Ferreira,7
3869486,Portugal,Diogo Meireles Costa,Otávio Edmilson da Silva Monteiro,2
3869486,Portugal,Diogo Meireles Costa,Rúben Diogo Da Silva Neves,4
3869486,Portugal,Diogo Meireles Costa,Rúben Santos Gato Alves Dias,7
3869519,Argentina,Alexis Mac Allister,Cristian Gabriel Romero,1
3869519,Argentina,Alexis Mac Allister,Enzo Fernandez,4
3869519,Argentina,Alexis Mac Allister,Exequiel Alejandro Palacios,2
3869519,Argentina,Alexis Mac Allister,Julián Álvarez,3
3869519,Argentina,Alexis Mac Allister,Leandro Daniel Paredes,4
3869519,Argentina,Alexis Mac Allister,Lionel Andrés Messi Cuccittini,2
3869519,Argentina,Alexis Mac Allister,Lisandro Martínez,1
3869519,Argentina,Alexis Mac Allister,Nahuel Molina Lucero,2
3869519,Argentina,Alexis Mac Allister,Nicolás Alejandro Tagliafico,2
3869519,Argentina,Alexis Mac Allister,Nicolás Hernán Otamendi,4
3869519,Argentina,Alexis Mac Allister,Rodrigo Javier De Paul,5
3869519,Argentina,Cristian Gabriel Romero,Alexis Mac Allister,1
3869519,Argentina,Cristian Gabriel Romero,Damián Emiliano Martínez,1
3869519,Argentina,Cristian Gabriel Romero,Enzo Fernandez,1
3869519,Argentina,Cristian Gabriel Romero,Leandro Daniel Paredes,2
3869519,Argentina,Cristian Gabriel Romero,Lionel Andrés Messi Cuccittini,6
3869519,Argentina,Cristian Gabriel Romero,Nahuel Molina Lucero,4
3869519,Argentina,Cristian Gabriel Romero,Nicolás Hernán Otamendi,4
3869519,Argentina,Cristian Gabriel Romero,Paulo Bruno Exequiel Dybala,1
3869519,Argentina,Cristian Gabriel Romero,Rodrigo Javier De Paul,9
3869519,Argentina,Enzo Fernandez,Alexis Mac Allister,9
3869519,Argentina,Enzo Fernandez,Cristian Gabriel Romero,5
3869519,Argentina,Enzo Fernandez,Exequiel Alejandro Palacios,2
3869519,Argentina,Enzo Fernandez,Julián Álvarez,4
3869519,Argentina,Enzo Fernandez,Leandro Daniel Paredes,2
3869519,Argentina,Enzo Fernandez,Lionel Andrés Messi Cuccittini,6
3869519,Argentina,Enzo Fernandez,Lisandro Martínez,1
3869519,Argentina,Enzo Fernandez,Nahuel Molina Lucero,1
3869519,Argentina,Enzo Fernandez,Nicolás Alejandro Tagliafico,5
3869519,Argentina,Enzo Fernandez,Nicolás Hernán Otamendi,3
3869519,Argentina,Enzo Fernandez,Paulo Bruno Exequiel Dybala,1
3869519,Argentina,Enzo Fernandez,Rodrigo Javier De Paul,2
3869519,Argentina,Exequiel Alejandro Palacios,Alexis Mac Allister,4
3869519,Argentina,Exequiel Alejandro Palacios,Cristian Gabriel Romero,1
3869519,Argentina,Exequiel Alejandro Palacios,Enzo Fernandez,1
3869519,Argentina,Exequiel Alejandro Palacios,Juan Marcos Foyth,1
3869519,Argentina,Exequiel Alejandro Palacios,Lionel Andrés Messi Cuccittini,3
3869519,Argentina,Exequiel Alejandro Palacios,Paulo Bruno Exequiel Dybala,1
3869519,Argentina,Exequiel Alejandro Palacios,Ángel Martín Correa,2
3869519,Argentina,Julián Álvarez,Alexis Mac Allister,3
3869519,Argentina,Julián Álvarez,Enzo Fernandez,4
3869519,Argentina,Julián Álvarez,Lionel Andrés Messi Cuccittini,4
3869519,Argentina,Julián Álvarez,Nahuel Molina Lucero,1
3869519,Argentina,Julián Álvarez,Nicolás Alejandro Tagliafico,1
3869519,Argentina,Julián Álvarez,Rodrigo Javier De Paul,1
3869519,Argentina,Leandro Daniel Paredes,Alexis Mac Allister,7
3869519,Argentina,Leandro Daniel Paredes,Cristian Gabriel Romero,2
3869519,Argentina,Leandro Daniel Paredes,Enzo Fernandez,7
3869519,Argentina,Leandro Daniel Paredes,Lionel Andrés Messi Cuccittini,6
3869519,Argentina,Leandro Daniel Paredes,Nahuel Molina Lucero,3
3869519,Argentina,Leandro Daniel Paredes,Nicolás Alejandro Tagliafico,2
3869519,Argentina,Leandro Daniel Paredes,Nicolás Hernán Otamendi,4
3869519,Argentina,Leandro Daniel Paredes,Rodrigo Javier De Paul,5
3869519,Argentina,Lionel Andrés Messi Cuccittini,Alexis Mac Allister,4
3869519,Argentina,Lionel Andrés Messi Cuccittini,Enzo Fernandez,6
3869519,Argentina,Lionel Andrés Messi Cuccittini,Exequiel Alejandro Palacios,2
3869519,Argentina,Lionel Andrés Messi Cuccittini,Julián Álvarez,4
3869519,Argentina,Lionel Andrés Messi Cuccittini,Leandro Daniel Paredes,3
3869519,Argentina,Lionel Andrés Messi Cuccittini,Nahuel Molina Lucero,7
3869519,Argentina,Lionel Andrés Messi Cuccittini,Nicolás Hernán Otamendi,2
3869519,Argentina,Lionel Andrés Messi Cuccittini,Paulo Bruno Exequiel Dybala,4
3869519,Argentina,Lionel Andrés Messi Cuccittini,Rodrigo Javier De Paul,2
3869519,Argentina,Lisandro Martínez,Alexis Mac Allister,1
3869519,Argentina,Lisandro Martínez,Cristian Gabriel Romero,1
3869519,Argentina,Lisandro Martínez,Enzo Fernandez,1
3869519,Argentina,Lisandro Martínez,Exequiel Alejandro Palacios,1
3869519,Argentina,Lisandro Martínez,Nicolás Alejandro Tagliafico,2
3869519,Argentina,Lisandro Martínez,Nicolás Hernán Otamendi,1
3869519,Argentina,Lisandro Martínez,Ángel Martín Correa,1
3869519,Argentina,Nahuel Molina Lucero,Alexis Mac Allister,1
3869519,Argentina,Nahuel Molina Lucero,Cristian Gabriel Romero,1
3869519,Argentina,Nahuel Molina Lucero,Damián Emiliano Martínez,1
3869519,Argentina,Nahuel Molina Lucero,Enzo Fernandez,1
3869519,Argentina,Nahuel Molina Lucero,Julián Álvarez,1
3869519,Argentina,Nahuel Molina Lucero,Leandro Daniel Paredes,4
3869519,Argentina,Nahuel Molina Lucero,Lionel Andrés Messi Cuccittini,8
3869519,Argentina,Nahuel Molina Lucero,Nicolás Hernán Otamendi,1
3869519,Argentina,Nahuel Molina Lucero,Paulo Bruno Exequiel Dybala,1
3869519,Argentina,Nahuel Molina Lucero,Rodrigo Javier De Paul,9
3869519,Argentina,Nicolás Alejandro Tagliafico,Alexis Mac Allister,4
3869519,Argentina,Nicolás Alejandro Tagliafico,Enzo Fernandez,5
3869519,Argentina,Nicolás Alejandro Tagliafico,Julián Álvarez,4
3869519,Argentina,Nicolás Alejandro Tagliafico,Leandro Daniel Paredes,1
3869519,Argentina,Nicolás Alejandro Tagliafico,Lisandro Martínez,2
3869519,Argentina,Nicolás Alejandro Tagliafico,Nicolás Hernán Otamendi,5
3869519,Argentina,Nicolás Alejandro Tagliafico,Rodrigo Javier De Paul,1
3869519,Argentina,Nicolás Alejandro Tagliafico,Ángel Martín Correa,2
3869519,Argentina,Nicolás Hernán Otamendi,Alexis Mac Allister,3
3869519,Argentina,Nicolás Hernán Otamendi,Cristian Gabriel Romero,4
3869519,Argentina,Nicolás Hernán Otamendi,Damián Emiliano Martínez,3
3869519,Argentina,Nicolás Hernán Otamendi,Enzo Fernandez,11
3869519,Argentina,Nicolás Hernán Otamendi,Leandro Daniel Paredes,8
3869519,Argentina,Nicolás Hernán Otamendi,Lionel Andrés Messi Cuccittini,1
3869519,Argentina,Nicolás Hernán Otamendi,Lisandro Martínez,4
3869519,Argentina,Nicolás Hernán Otamendi,Nicolás Alejandro Tagliafico,5
3869519,Argentina,Rodrigo Javier De Paul,Cristian Gabriel Romero,7
3869519,Argentina,Rodrigo Javier De Paul,Enzo Fernandez,3
3869519,Argentina,Rodrigo Javier De Paul,Julián Álvarez,1
3869519,Argentina,Rodrigo Javier De Paul,Leandro Daniel Paredes,5
3869519,Argentina,Rodrigo Javier De Paul,Lionel Andrés Messi Cuccittini,4
3869519,Argentina,Rodrigo Javier De Paul,Nahuel Molina Lucero,10
3869519,Argentina,Rodrigo Javier De Paul,Nicolás Hernán Otamendi,4
3869519,Argentina,Damián Emiliano Martínez,Alexis Mac Allister,2
3869519,Argentina,Damián Emiliano Martínez,Cristian Gabriel Romero,1
3869519,Argentina,Damián Emiliano Martínez,Julián Álvarez,2
3869519,Argentina,Damián Emiliano Martínez,Leandro Daniel Paredes,1
3869519,Argentina,Damián Emiliano Martínez,Nicolás Alejandro Tagliafico,1
3869519,Argentina,Damián Emiliano Martínez,Nicolás Hernán Otamendi,3
3869519,Argentina,Damián Emiliano Martínez,Paulo Bruno Exequiel Dybala,2
3869519,Argentina,Damián Emiliano Martínez,Rodrigo Javier De Paul,1
3869519,Argentina,Paulo Bruno Exequiel Dybala,Alexis Mac Allister,1
3869519,Argentina,Paulo Bruno Exequiel Dybala,Cristian Gabriel Romero,1
3869519,Argentina,Paulo Bruno Exequiel Dybala,Exequiel Alejandro Palacios,3
3869519,Argentina,Paulo Bruno Exequiel Dybala,Juan Marcos Foyth,2
3869519,Argentina,Paulo Bruno Exequiel Dybala,Lionel Andrés Messi Cuccittini,1
3869519,Argentina,Juan Marcos Foyth,Cristian Gabriel Romero,1
3869519,Argentina,Juan Marcos Foyth,Exequiel Alejandro Palacios,1
3869519,Argentina,Juan Marcos Foyth,Paulo Bruno Exequiel Dybala,1
3869519,Argentina,Ángel Martín Correa,Exequiel Alejandro Palacios,2
3869519,Argentina,Ángel Martín Correa,Lionel Andrés Messi Cuccittini,1
3869519,Argentina,Ángel Martín Correa,Nicolás Alejandro Tagliafico,1
3869519,Croatia,Andrej Kramarić,Borna Sosa,5
3869519,Croatia,Andrej Kramarić,Dejan Lovren,3
3869519,Croatia,Andrej Kramarić,Ivan Perišić,6
3869519,Croatia,Andrej Kramarić,Josip Juranović,2
3869519,Croatia,Andrej Kramarić,Joško Gvardiol,1
3869519,Croatia,Andrej Kramarić,Luka Modrić,2
3869519,Croatia,Andrej Kramarić,Marcelo Brozović,1
3869519,Croatia,Andrej Kramarić,Mario Pašalić,1
3869519,Croatia,Andrej Kramarić,Mateo Kovačić,12
3869519,Croatia,Andrej Kramarić,Mislav Oršić,1
3869519,Croatia,Borna Sosa,Andrej Kramarić,4
3869519,Croatia,Borna Sosa,Dejan Lovren,1
3869519,Croatia,Borna Sosa,Dominik Livaković,2
3869519,Croatia,Borna Sosa,Ivan Perišić,3
3869519,Croatia,Borna Sosa,Joško Gvardiol,6
3869519,Croatia,Borna Sosa,Marcelo Brozović,3
3869519,Croatia,Borna Sosa,Mateo Kovačić,7
3869519,Croatia,Dejan Lovren,Andrej Kramarić,1
3869519,Croatia,Dejan Lovren,Borna Sosa,3
3869519,Croatia,Dejan Lovren,Bruno Petković,1
3869519,Croatia,Dejan Lovren,Dominik Livaković,8
3869519,Croatia,Dejan Lovren,Josip Juranović,18
3869519,Croatia,Dejan Lovren,Joško Gvardiol,7
3869519,Croatia,Dejan Lovren,Lovro Majer,2
3869519,Croatia,Dejan Lovren,Luka Modrić,11
3869519,Croatia,Dejan Lovren,Marcelo Brozović,7
3869519,Croatia,Dejan Lovren,Mario Pašalić,1
3869519,Croatia,Dejan Lovren,Mateo Kovačić,5
3869519,Croatia,Dejan Lovren,Mislav Oršić,1
3869519,Croatia,Dejan Lovren,Nikola Vlašić,2
3869519,Croatia,Ivan Perišić,Andrej Kramarić,2
3869519,Croatia,Ivan Perišić,Borna Sosa,3
3869519,Croatia,Ivan Perišić,Bruno Petković,1
3869519,Croatia,Ivan Perišić,Dejan Lovren,2
3869519,Croatia,Ivan Perišić,Dominik Livaković,1
3869519,Croatia,Ivan Perišić,Joško Gvardiol,9
3869519,Croatia,Ivan Perišić,Lovro Majer,2
3869519,Croatia,Ivan Perišić,Luka Modrić,2
3869519,Croatia,Ivan Perišić,Marcelo Brozović,1
3869519,Croatia,Ivan Perišić,Marko Livaja,1
3869519,Croatia,Ivan Perišić,Mateo Kovačić,10
3869519,Croatia,Ivan Perišić,Mislav Oršić,7
3869519,Croatia,Josip Juranović,Andrej Kramarić,1
3869519,Croatia,Josip Juranović,Bruno Petković,2
3869519,Croatia,Josip Juranović,Dejan Lovren,14
3869519,Croatia,Josip Juranović,Dominik Livaković,1
3869519,Croatia,Josip Juranović,Ivan Perišić,1
3869519,Croatia,Josip Juranović,Joško Gvardiol,1
3869519,Croatia,Josip Juranović,Lovro Majer,4
3869519,Croatia,Josip Juranović,Luka Modrić,14
3869519,Croatia,Josip Juranović,Marcelo Brozović,1
3869519,Croatia,Josip Juranović,Mario Pašalić,3
3869519,Croatia,Josip Juranović,Mateo Kovačić,3
3869519,Croatia,Josip Juranović,Nikola Vlašić,6
3869519,Croatia,Joško Gvardiol,Andrej Kramarić,6
3869519,Croatia,Joško Gvardiol,Borna Sosa,6
3869519,Croatia,Joško Gvardiol,Dejan Lovren,11
3869519,Croatia,Joško Gvardiol,Dominik Livaković,7
3869519,Croatia,Joško Gvardiol,Ivan Perišić,6
3869519,Croatia,Joško Gvardiol,Josip Juranović,1
3869519,Croatia,Joško Gvardiol,Lovro Majer,1
3869519,Croatia,Joško Gvardiol,Luka Modrić,2
3869519,Croatia,Joško Gvardiol,Marcelo Brozović,10
3869519,Croatia,Joško Gvardiol,Mateo Kovačić,8
3869519,Croatia,Joško Gvardiol,Mislav Oršić,3
3869519,Croatia,Luka Modrić,Andrej Kramarić,5
3869519,Croatia,Luka Modrić,Borna Sosa,3
3869519,Croatia,Luka Modrić,Dejan Lovren,6
3869519,Croatia,Luka Modrić,Ivan Perišić,5
3869519,Croatia,Luka Modrić,Josip Juranović,10
3869519,Croatia,Luka Modrić,Joško Gvardiol,3
3869519,Croatia,Luka Modrić,Marcelo Brozović,9
3869519,Croatia,Luka Modrić,Mario Pašalić,4
3869519,Croatia,Luka Modrić,Marko Livaja,1
3869519,Croatia,Luka Modrić,Mateo Kovačić,16
3869519,Croatia,Luka Modrić,Nikola Vlašić,4
3869519,Croatia,Marcelo Brozović,Andrej Kramarić,4
3869519,Croatia,Marcelo Brozović,Borna Sosa,7
3869519,Croatia,Marcelo Brozović,Dejan Lovren,7
3869519,Croatia,Marcelo Brozović,Dominik Livaković,1
3869519,Croatia,Marcelo Brozović,Ivan Perišić,2
3869519,Croatia,Marcelo Brozović,Josip Juranović,1
3869519,Croatia,Marcelo Brozović,Joško Gvardiol,6
3869519,Croatia,Marcelo Brozović,Luka Modrić,4
3869519,Croatia,Marcelo Brozović,Mario Pašalić,1
3869519,Croatia,Marcelo Brozović,Mateo Kovačić,13
3869519,Croatia,Marcelo Brozović,Nikola Vlašić,1
3869519,Croatia,Mario Pašalić,Josip Juranović,1
3869519,Croatia,Mario Pašalić,Marcelo Brozović,5
3869519,Croatia,Mario Pašalić,Mateo Kovačić,3
3869519,Croatia,Mateo Kovačić,Andrej Kramarić,5
3869519,Croatia,Mateo Kovačić,Borna Sosa,5
3869519,Croatia,Mateo Kovačić,Bruno Petković,5
3869519,Croatia,Mateo Kovačić,Dejan Lovren,9
3869519,Croatia,Mateo Kovačić,Dominik Livaković,1
3869519,Croatia,Mateo Kovačić,Ivan Perišić,10
3869519,Croatia,Mateo Kovačić,Josip Juranović,4
3869519,Croatia,Mateo Kovačić,Joško Gvardiol,7
3869519,Croatia,Mateo Kovačić,Lovro Majer,1
3869519,Croatia,Mateo Kovačić,Luka Modrić,22
3869519,Croatia,Mateo Kovačić,Marcelo Brozović,10
3869519,Croatia,Mateo Kovačić,Marko Livaja,2
3869519,Croatia,Mateo Kovačić,Mislav Oršić,1
3869519,Croatia,Mateo Kovačić,Nikola Vlašić,2
3869519,Croatia,Mislav Oršić,Andrej Kramarić,4
3869519,Croatia,Mislav Oršić,Dejan Lovren,1
3869519,Croatia,Mislav Oršić,Ivan Perišić,1
3869519,Croatia,Mislav Oršić,Lovro Majer,2
3869519,Croatia,Mislav Oršić,Marko Livaja,1
3869519,Croatia,Mislav Oršić,Mateo Kovačić,2
3869519,Croatia,Mislav Oršić,Nikola Vlašić,1
3869519,Croatia,Dominik Livaković,Dejan Lovren,11
3869519,Croatia,Dominik Livaković,Ivan Perišić,1
3869519,Croatia,Dominik Livaković,Josip Juranović,2
3869519,Croatia,Dominik Livaković,Joško Gvardiol,11
3869519,Croatia,Dominik Livaković,Luka Modrić,1
3869519,Croatia,Dominik Livaković,Marcelo Brozović,1
3869519,Croatia,Bruno Petković,Andrej Kramarić,1
3869519,Croatia,Bruno Petković,Ivan Perišić,1
3869519,Croatia,Bruno Petković,Joško Gvardiol,1
3869519,Croatia,Bruno Petković,Luka Modrić,1
3869519,Croatia,Bruno Petković,Mateo Kovačić,2
3869519,Croatia,Bruno Petković,Mislav Oršić,2
3869519,Croatia,Lovro Majer,Bruno Petković,2
3869519,Croatia,Lovro Majer,Ivan Perišić,2
3869519,Croatia,Lovro Majer,Josip Juranović,3
3869519,Croatia,Lovro Majer,Joško Gvardiol,1
3869519,Croatia,Lovro Majer,Marko Livaja,1
3869519,Croatia,Lovro Majer,Mateo Kovačić,1
3869519,Croatia,Lovro Majer,Mislav Oršić,1
3869519,Croatia,Nikola Vlašić,Bruno Petković,1
3869519,Croatia,Nikola Vlašić,Dejan Lovren,2
3869519,Croatia,Nikola Vlašić,Josip Juranović,3
3869519,Croatia,Nikola Vlašić,Joško Gvardiol,1
3869519,Croatia,Nikola Vlašić,Lovro Majer,2
3869519,Croatia,Nikola Vlašić,Luka Modrić,1
3869519,Croatia,Nikola Vlašić,Mateo Kovačić,1
3869519,Croatia,Marko Livaja,Bruno Petković,1
3869519,Croatia,Marko Livaja,Mateo Kovačić,2
3869519,Croatia,Marko Livaja,Mislav Oršić,1
3869552,France,Antoine Griezmann,Aurélien Djani Tchouaméni,6
3869552,France,Antoine Griezmann,Ibrahima Konaté,1
3869552,France,Antoine Griezmann,Jules Koundé,1
3869552,France,Antoine Griezmann,Kylian Mbappé Lottin,2
3869552,France,Antoine Griezmann,Marcus Thuram,1
3869552,France,Antoine Griezmann,Olivier Giroud,4
3869552,France,Antoine Griezmann,Ousmane Dembélé,4
3869552,France,Antoine Griezmann,Randal Kolo Muani,1
3869552,France,Antoine Griezmann,Raphaël Varane,2
3869552,France,Antoine Griezmann,Theo Bernard François Hernández,1
3869552,France,Aurélien Djani Tchouaméni,Antoine Griezmann,7
3869552,France,Aurélien Djani Tchouaméni,Ibrahima Konaté,6
3869552,France,Aurélien Djani Tchouaméni,Jules Koundé,6
3869552,France,Aurélien Djani Tchouaméni,Kylian Mbappé Lottin,2
3869552,France,Aurélien Djani Tchouaméni,Marcus Thuram,2
3869552,France,Aurélien Djani Tchouaméni,Olivier Giroud,2
3869552,France,Aurélien Djani Tchouaméni,Ousmane Dembélé,1
3869552,France,Aurélien Djani Tchouaméni,Raphaël Varane,5
3869552,France,Aurélien Djani Tchouaméni,Theo Bernard François Hernández,3
3869552,France,Aurélien Djani Tchouaméni,Youssouf Fofana,7
3869552,France,Ibrahima Konaté,Antoine Griezmann,1
3869552,France,Ibrahima Konaté,Aurélien Djani Tchouaméni,3
3869552,France,Ibrahima Konaté,Hugo Lloris,2
3869552,France,Ibrahima Konaté,Jules Koundé,3
3869552,France,Ibrahima Konaté,Kylian Mbappé Lottin,5
3869552,France,Ibrahima Konaté,Olivier Giroud,1
3869552,France,Ibrahima Konaté,Raphaël Varane,20
3869552,France,Ibrahima Konaté,Theo Bernard François Hernández,5
3869552,France,Ibrahima Konaté,Youssouf Fofana,4
3869552,France,Jules Koundé,Antoine Griezmann,4
3869552,France,Jules Koundé,Aurélien Djani Tchouaméni,9
3869552,France,Jules Koundé,Hugo Lloris,3
3869552,France,Jules Koundé,Ibrahima Konaté,1
3869552,France,Jules Koundé,Marcus Thuram,1
3869552,France,Jules Koundé,Olivier Giroud,3
3869552,France,Jules Koundé,Ousmane Dembélé,6
3869552,France,Jules Koundé,Randal Kolo Muani,1
3869552,France,Jules Koundé,Raphaël Varane,14
3869552,France,Jules Koundé,Youssouf Fofana,1
3869552,France,Kylian Mbappé Lottin,Antoine Griezmann,2
3869552,France,Kylian Mbappé Lottin,Aurélien Djani Tchouaméni,1
3869552,France,Kylian Mbappé Lottin,Jules Koundé,1
3869552,France,Kylian Mbappé Lottin,Marcus Thuram,2
3869552,France,Kylian Mbappé Lottin,Olivier Giroud,1
3869552,France,Kylian Mbappé Lottin,Raphaël Varane,1
3869552,France,Kylian Mbappé Lottin,Theo Bernard François Hernández,2
3869552,France,Kylian Mbappé Lottin,Youssouf Fofana,2
3869552,France,Marcus Thuram,Aurélien Djani Tchouaméni,1
3869552,France,Marcus Thuram,Kylian Mbappé Lottin,2
3869552,France,Marcus Thuram,Theo Bernard François Hernández,1
3869552,France,Marcus Thuram,Youssouf Fofana,2
3869552,France,Olivier Giroud,Antoine Griezmann,1
3869552,France,Olivier Giroud,Aurélien Djani Tchouaméni,1
3869552,France,Olivier Giroud,Kylian Mbappé Lottin,2
3869552,France,Olivier Giroud,Ousmane Dembélé,2
3869552,France,Olivier Giroud,Youssouf Fofana,2
3869552,France,Ousmane Dembélé,Antoine Griezmann,6
3869552,France,Ousmane Dembélé,Aurélien Djani Tchouaméni,3
3869552,France,Ousmane Dembélé,Ibrahima Konaté,1
3869552,France,Ousmane Dembélé,Jules Koundé,2
3869552,France,Ousmane Dembélé,Raphaël Varane,2
3869552,France,Randal Kolo Muani,Antoine Griezmann,1
3869552,France,Randal Kolo Muani,Jules Koundé,1
3869552,France,Raphaël Varane,Antoine Griezmann,2
3869552,France,Raphaël Varane,Aurélien Djani Tchouaméni,4
3869552,France,Raphaël Varane,Hugo Lloris,4
3869552,France,Raphaël Varane,Ibrahima Konaté,17
3869552,France,Raphaël Varane,Jules Koundé,17
3869552,France,Raphaël Varane,Olivier Giroud,2
3869552,France,Raphaël Varane,Ousmane Dembélé,4
3869552,France,Raphaël Varane,Youssouf Fofana,2
3869552,France,Theo Bernard François Hernández,Aurélien Djani Tchouaméni,2
3869552,France,Theo Bernard François Hernández,Hugo Lloris,1
3869552,France,Theo Bernard François Hernández,Ibrahima Konaté,6
3869552,France,Theo Bernard François Hernández,Kylian Mbappé Lottin,6
3869552,France,Theo Bernard François Hernández,Marcus Thuram,3
3869552,France,Theo Bernard François Hernández,Olivier Giroud,1
3869552,France,Theo Bernard François Hernández,Ousmane Dembélé,1
3869552,France,Theo Bernard François Hernández,Raphaël Varane,1
3869552,France,Theo Bernard François Hernández,Youssouf Fofana,4
3869552,France,Youssouf Fofana,Antoine Griezmann,2
3869552,France,Youssouf Fofana,Aurélien Djani Tchouaméni,3
3869552,France,Youssouf Fofana,Ibrahima Konaté,6
3869552,France,Youssouf Fofana,Jules Koundé,1
3869552,France,Youssouf Fofana,Kylian Mbappé Lottin,6
3869552,France,Youssouf Fofana,Marcus Thuram,2
3869552,France,Youssouf Fofana,Olivier Giroud,1
3869552,France,Youssouf Fofana,Raphaël Varane,2
3869552,France,Youssouf Fofana,Theo Bernard François Hernández,4
3869552,France,Hugo Lloris,Antoine Griezmann,1
3869552,France,Hugo Lloris,Ibrahima Konaté,3
3869552,France,Hugo Lloris,Jules Koundé,1
3869552,France,Hugo Lloris,Marcus Thuram,3
3869552,France,Hugo Lloris,Olivier Giroud,4
3869552,France,Hugo Lloris,Randal Kolo Muani,1
3869552,France,Hugo Lloris,Raphaël Varane,5
3869552,France,Hugo Lloris,Theo Bernard François Hernández,1
3869552,Morocco,Abderrazak Hamdallah,Sofyan Amrabat,1
3869552,Morocco,Abderrazak Hamdallah,Zakaria Aboukhlal,1
3869552,Morocco,Sofyan Amrabat,Abdessamad Ezzalzouli,2
3869552,Morocco,Sofyan Amrabat,Achraf Dari,10
3869552,Morocco,Sofyan Amrabat,Achraf Hakimi Mouh,6
3869552,Morocco,Sofyan Amrabat,Azzedine Ounahi,13
3869552,Morocco,Sofyan Amrabat,Hakim Ziyech,12
3869552,Morocco,Sofyan Amrabat,Jawad El Yamiq,9
3869552,Morocco,Sofyan Amrabat,Romain Saïss,1
3869552,Morocco,Sofyan Amrabat,Selim Amallah,6
3869552,Morocco,Sofyan Amrabat,Sofiane Boufal,4
3869552,Morocco,Sofyan Amrabat,Yahia Attiyat allah,4
3869552,Morocco,Sofyan Amrabat,Yassine Bounou,1
3869552,Morocco,Sofyan Amrabat,Zakaria Aboukhlal,1
3869552,Morocco,Zakaria Aboukhlal,Hakim Ziyech,1
3869552,Morocco,Zakaria Aboukhlal,Yahia Attiyat allah,1
3869552,Morocco,Abdessamad Ezzalzouli,Azzedine Ounahi,1
3869552,Morocco,Abdessamad Ezzalzouli,Jawad El Yamiq,1
3869552,Morocco,Abdessamad Ezzalzouli,Sofyan Amrabat,1
3869552,Morocco,Abdessamad Ezzalzouli,Yahia Attiyat allah,1
3869552,Morocco,Azzedine Ounahi,Achraf Dari,8
3869552,Morocco,Azzedine Ounahi,Achraf Hakimi Mouh,12
3869552,Morocco,Azzedine Ounahi,Hakim Ziyech,11
3869552,Morocco,Azzedine Ounahi,Jawad El Yamiq,8
3869552,Morocco,Azzedine Ounahi,Noussair Mazraoui,7
3869552,Morocco,Azzedine Ounahi,Romain Saïss,2
3869552,Morocco,Azzedine Ounahi,Selim Amallah,4
3869552,Morocco,Azzedine Ounahi,Sofiane Boufal,6
3869552,Morocco,Azzedine Ounahi,Sofyan Amrabat,7
3869552,Morocco,Azzedine Ounahi,Yahia Attiyat allah,2
3869552,Morocco,Azzedine Ounahi,Yassine Bounou,1
3869552,Morocco,Jawad El Yamiq,Achraf Dari,15
3869552,Morocco,Jawad El Yamiq,Achraf Hakimi Mouh,2
3869552,Morocco,Jawad El Yamiq,Azzedine Ounahi,17
3869552,Morocco,Jawad El Yamiq,Hakim Ziyech,5
3869552,Morocco,Jawad El Yamiq,Noussair Mazraoui,6
3869552,Morocco,Jawad El Yamiq,Romain Saïss,7
3869552,Morocco,Jawad El Yamiq,Selim Amallah,5
3869552,Morocco,Jawad El Yamiq,Sofyan Amrabat,19
3869552,Morocco,Jawad El Yamiq,Yahia Attiyat allah,6
3869552,Morocco,Jawad El Yamiq,Yassine Bounou,8
3869552,Morocco,Yahia Attiyat allah,Abdessamad Ezzalzouli,1
3869552,Morocco,Yahia Attiyat allah,Achraf Dari,1
3869552,Morocco,Yahia Attiyat allah,Azzedine Ounahi,3
3869552,Morocco,Yahia Attiyat allah,Hakim Ziyech,1
3869552,Morocco,Yahia Attiyat allah,Jawad El Yamiq,8
3869552,Morocco,Yahia Attiyat allah,Sofyan Amrabat,2
3869552,Morocco,Yahia Attiyat allah,Yassine Bounou,1
3869552,Morocco,Yahia Attiyat allah,Zakaria Aboukhlal,2
3869552,Morocco,Achraf Dari,Achraf Hakimi Mouh,11
3869552,Morocco,Achraf Dari,Azzedine Ounahi,5
3869552,Morocco,Achraf Dari,Hakim Ziyech,8
3869552,Morocco,Achraf Dari,Jawad El Yamiq,14
3869552,Morocco,Achraf Dari,Noussair Mazraoui,1
3869552,Morocco,Achraf Dari,Romain Saïss,4
3869552,Morocco,Achraf Dari,Selim Amallah,1
3869552,Morocco,Achraf Dari,Sofiane Boufal,1
3869552,Morocco,Achraf Dari,Sofyan Amrabat,14
3869552,Morocco,Achraf Dari,Yassine Bounou,4
3869552,Morocco,Achraf Hakimi Mouh,Abderrazak Hamdallah,2
3869552,Morocco,Achraf Hakimi Mouh,Achraf Dari,6
3869552,Morocco,Achraf Hakimi Mouh,Azzedine Ounahi,17
3869552,Morocco,Achraf Hakimi Mouh,Hakim Ziyech,17
3869552,Morocco,Achraf Hakimi Mouh,Jawad El Yamiq,4
3869552,Morocco,Achraf Hakimi Mouh,Selim Amallah,1
3869552,Morocco,Achraf Hakimi Mouh,Sofiane Boufal,4
3869552,Morocco,Achraf Hakimi Mouh,Sofyan Amrabat,9
3869552,Morocco,Achraf Hakimi Mouh,Yassine Bounou,1
3869552,Morocco,Achraf Hakimi Mouh,Youssef En-Nesyri,1
3869552,Morocco,Achraf Hakimi Mouh,Zakaria Aboukhlal,1
3869552,Morocco,Hakim Ziyech,Achraf Dari,1
3869552,Morocco,Hakim Ziyech,Achraf Hakimi Mouh,23
3869552,Morocco,Hakim Ziyech,Azzedine Ounahi,5
3869552,Morocco,Hakim Ziyech,Jawad El Yamiq,5
3869552,Morocco,Hakim Ziyech,Noussair Mazraoui,2
3869552,Morocco,Hakim Ziyech,Romain Saïss,2
3869552,Morocco,Hakim Ziyech,Sofiane Boufal,2
3869552,Morocco,Hakim Ziyech,Sofyan Amrabat,8
3869552,Morocco,Hakim Ziyech,Yahia Attiyat allah,2
3869552,Morocco,Noussair Mazraoui,Azzedine Ounahi,3
3869552,Morocco,Noussair Mazraoui,Jawad El Yamiq,8
3869552,Morocco,Noussair Mazraoui,Romain Saïss,1
3869552,Morocco,Noussair Mazraoui,Selim Amallah,1
3869552,Morocco,Noussair Mazraoui,Sofiane Boufal,4
3869552,Morocco,Noussair Mazraoui,Sofyan Amrabat,2
3869552,Morocco,Noussair Mazraoui,Youssef En-Nesyri,1
3869552,Morocco,Romain Saïss,Achraf Dari,2
3869552,Morocco,Romain Saïss,Achraf Hakimi Mouh,2
3869552,Morocco,Romain Saïss,Azzedine Ounahi,1
3869552,Morocco,Romain Saïss,Hakim Ziyech,1
3869552,Morocco,Romain Saïss,Jawad El Yamiq,7
3869552,Morocco,Romain Saïss,Noussair Mazraoui,1
3869552,Morocco,Romain Saïss,Sofyan Amrabat,1
3869552,Morocco,Romain Saïss,Yassine Bounou,1
3869552,Morocco,Selim Amallah,Achraf Hakimi Mouh,2
3869552,Morocco,Selim Amallah,Azzedine Ounahi,4
3869552,Morocco,Selim Amallah,Hakim Ziyech,2
3869552,Morocco,Selim Amallah,Jawad El Yamiq,3
3869552,Morocco,Selim Amallah,Sofiane Boufal,2
3869552,Morocco,Selim Amallah,Sofyan Amrabat,1
3869552,Morocco,Selim Amallah,Yahia Attiyat allah,2
3869552,Morocco,Sofiane Boufal,Achraf Dari,2
3869552,Morocco,Sofiane Boufal,Achraf Hakimi Mouh,1
3869552,Morocco,Sofiane Boufal,Azzedine Ounahi,2
3869552,Morocco,Sofiane Boufal,Hakim Ziyech,3
3869552,Morocco,Sofiane Boufal,Jawad El Yamiq,2
3869552,Morocco,Sofiane Boufal,Noussair Mazraoui,1
3869552,Morocco,Sofiane Boufal,Selim Amallah,2
3869552,Morocco,Sofiane Boufal,Yahia Attiyat allah,1
3869552,Morocco,Yassine Bounou,Abdessamad Ezzalzouli,1
3869552,Morocco,Yassine Bounou,Achraf Dari,9
3869552,Morocco,Yassine Bounou,Azzedine Ounahi,5
3869552,Morocco,Yassine Bounou,Jawad El Yamiq,11
3869552,Morocco,Yassine Bounou,Sofyan Amrabat,4
3869552,Morocco,Youssef En-Nesyri,Achraf Hakimi Mouh,1
3869552,Morocco,Youssef En-Nesyri,Azzedine Ounahi,1
3869552,Morocco,Youssef En-Nesyri,Sofyan Amrabat,1
3869684,Croatia,Andrej Kramarić,Ivan Perišić,2
3869684,Croatia,Andrej Kramarić,Josip Stanišić,1
3869684,Croatia,Andrej Kramarić,Josip Šutalo,1
3869684,Croatia,Andrej Kramarić,Lovro Majer,1
3869684,Croatia,Andrej Kramarić,Luka Modrić,1
3869684,Croatia,Andrej Kramarić,Marko Livaja,1
3869684,Croatia,Andrej Kramarić,Mateo Kovačić,1
3869684,Croatia,Andrej Kramarić,Mislav Oršić,4
3869684,Croatia,Ivan Perišić,Andrej Kramarić,3
3869684,Croatia,Ivan Perišić,Bruno Petković,1
3869684,Croatia,Ivan Perišić,Dominik Livaković,1
3869684,Croatia,Ivan Perišić,Josip Šutalo,1
3869684,Croatia,Ivan Perišić,Joško Gvardiol,11
3869684,Croatia,Ivan Perišić,Lovro Majer,1
3869684,Croatia,Ivan Perišić,Luka Modrić,2
3869684,Croatia,Ivan Perišić,Marko Livaja,3
3869684,Croatia,Ivan Perišić,Mateo Kovačić,11
3869684,Croatia,Ivan Perišić,Mislav Oršić,7
3869684,Croatia,Josip Stanišić,Andrej Kramarić,4
3869684,Croatia,Josip Stanišić,Dominik Livaković,1
3869684,Croatia,Josip Stanišić,Ivan Perišić,1
3869684,Croatia,Josip Stanišić,Josip Šutalo,12
3869684,Croatia,Josip Stanišić,Joško Gvardiol,2
3869684,Croatia,Josip Stanišić,Lovro Majer,5
3869684,Croatia,Josip Stanišić,Luka Modrić,7
3869684,Croatia,Josip Stanišić,Mateo Kovačić,1
3869684,Croatia,Josip Stanišić,Nikola Vlašić,3
3869684,Croatia,Josip Šutalo,Andrej Kramarić,1
3869684,Croatia,Josip Šutalo,Dominik Livaković,7
3869684,Croatia,Josip Šutalo,Ivan Perišić,2
3869684,Croatia,Josip Šutalo,Josip Stanišić,10
3869684,Croatia,Josip Šutalo,Joško Gvardiol,16
3869684,Croatia,Josip Šutalo,Lovro Majer,3
3869684,Croatia,Josip Šutalo,Luka Modrić,12
3869684,Croatia,Josip Šutalo,Mario Pašalić,2
3869684,Croatia,Josip Šutalo,Mateo Kovačić,8
3869684,Croatia,Josip Šutalo,Mislav Oršić,1
3869684,Croatia,Lovro Majer,Ivan Perišić,1
3869684,Croatia,Lovro Majer,Josip Stanišić,6
3869684,Croatia,Lovro Majer,Josip Šutalo,3
3869684,Croatia,Lovro Majer,Joško Gvardiol,3
3869684,Croatia,Lovro Majer,Luka Modrić,5
3869684,Croatia,Lovro Majer,Marko Livaja,2
3869684,Croatia,Lovro Majer,Mateo Kovačić,4
3869684,Croatia,Lovro Majer,Mislav Oršić,1
3869684,Croatia,Luka Modrić,Andrej Kramarić,3
3869684,Croatia,Luka Modrić,Bruno Petković,2
3869684,Croatia,Luka Modrić,Ivan Perišić,5
3869684,Croatia,Luka Modrić,Josip Stanišić,5
3869684,Croatia,Luka Modrić,Josip Šutalo,12
3869684,Croatia,Luka Modrić,Joško Gvardiol,10
3869684,Croatia,Luka Modrić,Lovro Majer,5
3869684,Croatia,Luka Modrić,Mario Pašalić,2
3869684,Croatia,Luka Modrić,Marko Livaja,1
3869684,Croatia,Luka Modrić,Mateo Kovačić,15
3869684,Croatia,Luka Modrić,Mislav Oršić,2
3869684,Croatia,Luka Modrić,Nikola Vlašić,2
3869684,Croatia,Marko Livaja,Andrej Kramarić,1
3869684,Croatia,Marko Livaja,Ivan Perišić,1
3869684,Croatia,Marko Livaja,Lovro Majer,3
3869684,Croatia,Marko Livaja,Mateo Kovačić,1
3869684,Croatia,Marko Livaja,Mislav Oršić,2
3869684,Croatia,Mateo Kovačić,Andrej Kramarić,2
3869684,Croatia,Mateo Kovačić,Bruno Petković,2
3869684,Croatia,Mateo Kovačić,Dominik Livaković,1
3869684,Croatia,Mateo Kovačić,Ivan Perišić,6
3869684,Croatia,Mateo Kovačić,Josip Stanišić,3
3869684,Croatia,Mateo Kovačić,Josip Šutalo,10
3869684,Croatia,Mateo Kovačić,Joško Gvardiol,9
3869684,Croatia,Mateo Kovačić,Lovro Majer,9
3869684,Croatia,Mateo Kovačić,Luka Modrić,15
3869684,Croatia,Mateo Kovačić,Mario Pašalić,1
3869684,Croatia,Mateo Kovačić,Marko Livaja,2
3869684,Croatia,Mateo Kovačić,Mislav Oršić,3
3869684,Croatia,Mislav Oršić,Andrej Kramarić,1
3869684,Croatia,Mislav Oršić,Bruno Petković,3
3869684,Croatia,Mislav Oršić,Ivan Perišić,6
3869684,Croatia,Mislav Oršić,Joško Gvardiol,2
3869684,Croatia,Mislav Oršić,Lovro Majer,1
3869684,Croatia,Mislav Oršić,Luka Modrić,1
3869684,Croatia,Mislav Oršić,Marko Livaja,3
3869684,Croatia,Mislav Oršić,Mateo Kovačić,4
3869684,Croatia,Mislav Oršić,Nikola Vlašić,1
3869684,Croatia,Bruno Petković,Josip Šutalo,1
3869684,Croatia,Bruno Petković,Luka Modrić,1
3869684,Croatia,Bruno Petković,Mislav Oršić,2
3869684,Croatia,Dominik Livaković,Bruno Petković,5
3869684,Croatia,Dominik Livaković,Ivan Perišić,3
3869684,Croatia,Dominik Livaković,Josip Stanišić,1
3869684,Croatia,Dominik Livaković,Josip Šutalo,7
3869684,Croatia,Dominik Livaković,Joško Gvardiol,8
3869684,Croatia,Dominik Livaković,Mateo Kovačić,2
3869684,Croatia,Dominik Livaković,Mislav Oršić,2
3869684,Croatia,Dominik Livaković,Nikola Vlašić,1
3869684,Croatia,Joško Gvardiol,Andrej Kramarić,1
3869684,Croatia,Joško Gvardiol,Bruno Petković,1
3869684,Croatia,Joško Gvardiol,Dominik Livaković,2
3869684,Croatia,Joško Gvardiol,Ivan Perišić,7
3869684,Croatia,Joško Gvardiol,Josip Stanišić,1
3869684,Croatia,Joško Gvardiol,Josip Šutalo,14
3869684,Croatia,Joško Gvardiol,Lovro Majer,1
3869684,Croatia,Joško Gvardiol,Luka Modrić,11
3869684,Croatia,Joško Gvardiol,Marko Livaja,1
3869684,Croatia,Joško Gvardiol,Mateo Kovačić,16
3869684,Croatia,Joško Gvardiol,Mislav Oršić,5
3869684,Croatia,Joško Gvardiol,Nikola Vlašić,1
3869684,Croatia,Nikola Vlašić,Bruno Petković,1
3869684,Croatia,Nikola Vlašić,Josip Stanišić,2
3869684,Croatia,Nikola Vlašić,Mario Pašalić,2
3869684,Croatia,Mario Pašalić,Josip Stanišić,3
3869684,Croatia,Mario Pašalić,Luka Modrić,2
3869684,Croatia,Mario Pašalić,Mislav Oršić,2
3869684,Morocco,Abdelhamid Sabiri,Achraf Hakimi Mouh,2
3869684,Morocco,Abdelhamid Sabiri,Hakim Ziyech,3
3869684,Morocco,Abdelhamid Sabiri,Sofiane Boufal,1
3869684,Morocco,Abdelhamid Sabiri,Sofyan Amrabat,2
3869684,Morocco,Abdelhamid Sabiri,Yahia Attiyat allah,1
3869684,Morocco,Achraf Hakimi Mouh,Abdelhamid Sabiri,3
3869684,Morocco,Achraf Hakimi Mouh,Azzedine Ounahi,6
3869684,Morocco,Achraf Hakimi Mouh,Badr Banoun,1
3869684,Morocco,Achraf Hakimi Mouh,Bilal El Khannous,10
3869684,Morocco,Achraf Hakimi Mouh,Hakim Ziyech,21
3869684,Morocco,Achraf Hakimi Mouh,Ilias Chair,1
3869684,Morocco,Achraf Hakimi Mouh,Jawad El Yamiq,4
3869684,Morocco,Achraf Hakimi Mouh,Selim Amallah,3
3869684,Morocco,Achraf Hakimi Mouh,Sofiane Boufal,3
3869684,Morocco,Achraf Hakimi Mouh,Sofyan Amrabat,5
3869684,Morocco,Achraf Hakimi Mouh,Yahia Attiyat allah,1
3869684,Morocco,Achraf Hakimi Mouh,Yassine Bounou,2
3869684,Morocco,Achraf Hakimi Mouh,Youssef En-Nesyri,3
3869684,Morocco,Hakim Ziyech,Abdelhamid Sabiri,3
3869684,Morocco,Hakim Ziyech,Achraf Dari,5
3869684,Morocco,Hakim Ziyech,Achraf Hakimi Mouh,16
3869684,Morocco,Hakim Ziyech,Azzedine Ounahi,3
3869684,Morocco,Hakim Ziyech,Bilal El Khannous,3
3869684,Morocco,Hakim Ziyech,Ilias Chair,2
3869684,Morocco,Hakim Ziyech,Jawad El Yamiq,4
3869684,Morocco,Hakim Ziyech,Sofiane Boufal,3
3869684,Morocco,Hakim Ziyech,Sofyan Amrabat,5
3869684,Morocco,Hakim Ziyech,Yahia Attiyat allah,3
3869684,Morocco,Hakim Ziyech,Yassine Bounou,1
3869684,Morocco,Hakim Ziyech,Youssef En-Nesyri,2
3869684,Morocco,Sofiane Boufal,Abdelhamid Sabiri,3
3869684,Morocco,Sofiane Boufal,Achraf Dari,1
3869684,Morocco,Sofiane Boufal,Achraf Hakimi Mouh,2
3869684,Morocco,Sofiane Boufal,Azzedine Ounahi,1
3869684,Morocco,Sofiane Boufal,Bilal El Khannous,2
3869684,Morocco,Sofiane Boufal,Hakim Ziyech,3
3869684,Morocco,Sofiane Boufal,Sofyan Amrabat,1
3869684,Morocco,Sofiane Boufal,Yahia Attiyat allah,3
3869684,Morocco,Sofiane Boufal,Youssef En-Nesyri,2
3869684,Morocco,Sofyan Amrabat,Abdelhamid Sabiri,1
3869684,Morocco,Sofyan Amrabat,Achraf Dari,7
3869684,Morocco,Sofyan Amrabat,Achraf Hakimi Mouh,3
3869684,Morocco,Sofyan Amrabat,Azzedine Ounahi,6
3869684,Morocco,Sofyan Amrabat,Badr Banoun,5
3869684,Morocco,Sofyan Amrabat,Hakim Ziyech,8
3869684,Morocco,Sofyan Amrabat,Ilias Chair,1
3869684,Morocco,Sofyan Amrabat,Jawad El Yamiq,1
3869684,Morocco,Sofyan Amrabat,Selim Amallah,2
3869684,Morocco,Sofyan Amrabat,Sofiane Boufal,2
3869684,Morocco,Sofyan Amrabat,Yahia Attiyat allah,8
3869684,Morocco,Sofyan Amrabat,Yassine Bounou,1
3869684,Morocco,Yahia Attiyat allah,Abdelhamid Sabiri,2
3869684,Morocco,Yahia Attiyat allah,Achraf Dari,4
3869684,Morocco,Yahia Attiyat allah,Anass Zaroury,6
3869684,Morocco,Yahia Attiyat allah,Azzedine Ounahi,2
3869684,Morocco,Yahia Attiyat allah,Badr Banoun,3
3869684,Morocco,Yahia Attiyat allah,Bilal El Khannous,4
3869684,Morocco,Yahia Attiyat allah,Hakim Ziyech,2
3869684,Morocco,Yahia Attiyat allah,Ilias Chair,3
3869684,Morocco,Yahia Attiyat allah,Selim Amallah,2
3869684,Morocco,Yahia Attiyat allah,Sofiane Boufal,3
3869684,Morocco,Yahia Attiyat allah,Sofyan Amrabat,3
3869684,Morocco,Yahia Attiyat allah,Yassine Bounou,3
3869684,Morocco,Yahia Attiyat allah,Youssef En-Nesyri,3
3869684,Morocco,Achraf Dari,Bilal El Khannous,2
3869684,Morocco,Achraf Dari,Hakim Ziyech,2
3869684,Morocco,Achraf Dari,Ilias Chair,1
3869684,Morocco,Achraf Dari,Jawad El Yamiq,4
3869684,Morocco,Achraf Dari,Sofiane Boufal,3
3869684,Morocco,Achraf Dari,Sofyan Amrabat,6
3869684,Morocco,Achraf Dari,Yahia Attiyat allah,6
3869684,Morocco,Achraf Dari,Yassine Bounou,5
3869684,Morocco,Bilal El Khannous,Abdelhamid Sabiri,1
3869684,Morocco,Bilal El Khannous,Achraf Dari,1
3869684,Morocco,Bilal El Khannous,Achraf Hakimi Mouh,6
3869684,Morocco,Bilal El Khannous,Hakim Ziyech,3
3869684,Morocco,Bilal El Khannous,Jawad El Yamiq,2
3869684,Morocco,Bilal El Khannous,Sofiane Boufal,2
3869684,Morocco,Bilal El Khannous,Sofyan Amrabat,1
3869684,Morocco,Bilal El Khannous,Yahia Attiyat allah,3
3869684,Morocco,Bilal El Khannous,Yassine Bounou,1
3869684,Morocco,Ilias Chair,Achraf Dari,2
3869684,Morocco,Ilias Chair,Achraf Hakimi Mouh,1
3869684,Morocco,Ilias Chair,Anass Zaroury,2
3869684,Morocco,Ilias Chair,Azzedine Ounahi,2
3869684,Morocco,Ilias Chair,Hakim Ziyech,2
3869684,Morocco,Ilias Chair,Sofiane Boufal,2
3869684,Morocco,Ilias Chair,Yahia Attiyat allah,2
3869684,Morocco,Jawad El Yamiq,Abdelhamid Sabiri,1
3869684,Morocco,Jawad El Yamiq,Achraf Dari,2
3869684,Morocco,Jawad El Yamiq,Achraf Hakimi Mouh,8
3869684,Morocco,Jawad El Yamiq,Azzedine Ounahi,1
3869684,Morocco,Jawad El Yamiq,Bilal El Khannous,2
3869684,Morocco,Jawad El Yamiq,Hakim Ziyech,4
3869684,Morocco,Jawad El Yamiq,Sofiane Boufal,1
3869684,Morocco,Jawad El Yamiq,Sofyan Amrabat,4
3869684,Morocco,Jawad El Yamiq,Yahia Attiyat allah,1
3869684,Morocco,Jawad El Yamiq,Yassine Bounou,6
3869684,Morocco,Jawad El Yamiq,Youssef En-Nesyri,1
3869684,Morocco,Yassine Bounou,Achraf Dari,4
3869684,Morocco,Yassine Bounou,Achraf Hakimi Mouh,1
3869684,Morocco,Yassine Bounou,Anass Zaroury,1
3869684,Morocco,Yassine Bounou,Badr Banoun,7
3869684,Morocco,Yassine Bounou,Ilias Chair,2
3869684,Morocco,Yassine Bounou,Jawad El Yamiq,10
3869684,Morocco,Yassine Bounou,Selim Amallah,2
3869684,Morocco,Yassine Bounou,Sofiane Boufal,2
3869684,Morocco,Yassine Bounou,Sofyan Amrabat,5
3869684,Morocco,Yassine Bounou,Yahia Attiyat allah,4
3869684,Morocco,Azzedine Ounahi,Achraf Hakimi Mouh,4
3869684,Morocco,Azzedine Ounahi,Badr Banoun,3
3869684,Morocco,Azzedine Ounahi,Hakim Ziyech,10
3869684,Morocco,Azzedine Ounahi,Selim Amallah,1
3869684,Morocco,Azzedine Ounahi,Sofiane Boufal,1
3869684,Morocco,Azzedine Ounahi,Sofyan Amrabat,4
3869684,Morocco,Azzedine Ounahi,Yahia Attiyat allah,1
3869684,Morocco,Badr Banoun,Achraf Hakimi Mouh,5
3869684,Morocco,Badr Banoun,Azzedine Ounahi,3
3869684,Morocco,Badr Banoun,Ilias Chair,1
3869684,Morocco,Badr Banoun,Jawad El Yamiq,1
3869684,Morocco,Badr Banoun,Selim Amallah,2
3869684,Morocco,Badr Banoun,Sofyan Amrabat,3
3869684,Morocco,Badr Banoun,Yahia Attiyat allah,3
3869684,Morocco,Badr Banoun,Yassine Bounou,3
3869684,Morocco,Selim Amallah,Achraf Hakimi Mouh,1
3869684,Morocco,Selim Amallah,Azzedine Ounahi,1
3869684,Morocco,Selim Amallah,Badr Banoun,1
3869684,Morocco,Selim Amallah,Ilias Chair,2
3869684,Morocco,Selim Amallah,Sofyan Amrabat,1
3869684,Morocco,Selim Amallah,Yahia Attiyat allah,4
3869684,Morocco,Selim Amallah,Yassine Bounou,1
3869684,Morocco,Youssef En-Nesyri,Abdelhamid Sabiri,1
3869684,Morocco,Youssef En-Nesyri,Achraf Hakimi Mouh,3
3869684,Morocco,Youssef En-Nesyri,Bilal El Khannous,1
3869684,Morocco,Youssef En-Nesyri,Hakim Ziyech,1
3869684,Morocco,Youssef En-Nesyri,Jawad El Yamiq,2
3869684,Morocco,Youssef En-Nesyri,Sofiane Boufal,1
3869684,Morocco,Anass Zaroury,Achraf Hakimi Mouh,1
3869684,Morocco,Anass Zaroury,Azzedine Ounahi,1
3869684,Morocco,Anass Zaroury,Ilias Chair,2
3869684,Morocco,Anass Zaroury,Selim Amallah,2
3869684,Morocco,Anass Zaroury,Sofyan Amrabat,2
3869684,Morocco,Anass Zaroury,Yahia Attiyat allah,1
3869684,Morocco,Anass Zaroury,Youssef En-Nesyri,1
3869685,Argentina,Alexis Mac Allister,Enzo Fernandez,12
3869685,Argentina,Alexis Mac Allister,Julián Álvarez,1
3869685,Argentina,Alexis Mac Allister,Lautaro Javier Martínez,1
3869685,Argentina,Alexis Mac Allister,Leandro Daniel Paredes,2
3869685,Argentina,Alexis Mac Allister,Lionel Andrés Messi Cuccittini,7
3869685,Argentina,Alexis Mac Allister,Marcos Javier Acuña,6
3869685,Argentina,Alexis Mac Allister,Nicolás Alejandro Tagliafico,3
3869685,Argentina,Alexis Mac Allister,Nicolás Hernán Otamendi,3
3869685,Argentina,Alexis Mac Allister,Rodrigo Javier De Paul,2
3869685,Argentina,Alexis Mac Allister,Ángel Fabián Di María Hernández,8
3869685,Argentina,Enzo Fernandez,Alexis Mac Allister,9
3869685,Argentina,Enzo Fernandez,Cristian Gabriel Romero,7
3869685,Argentina,Enzo Fernandez,Gonzalo Ariel Montiel,5
3869685,Argentina,Enzo Fernandez,Julián Álvarez,5
3869685,Argentina,Enzo Fernandez,Lautaro Javier Martínez,1
3869685,Argentina,Enzo Fernandez,Leandro Daniel Paredes,2
3869685,Argentina,Enzo Fernandez,Lionel Andrés Messi Cuccittini,11
3869685,Argentina,Enzo Fernandez,Marcos Javier Acuña,4
3869685,Argentina,Enzo Fernandez,Nahuel Molina Lucero,6
3869685,Argentina,Enzo Fernandez,Nicolás Alejandro Tagliafico,5
3869685,Argentina,Enzo Fernandez,Nicolás Hernán Otamendi,9
3869685,Argentina,Enzo Fernandez,Rodrigo Javier De Paul,14
3869685,Argentina,Enzo Fernandez,Ángel Fabián Di María Hernández,1
3869685,Argentina,Julián Álvarez,Alexis Mac Allister,5
3869685,Argentina,Julián Álvarez,Enzo Fernandez,3
3869685,Argentina,Julián Álvarez,Lionel Andrés Messi Cuccittini,5
3869685,Argentina,Julián Álvarez,Marcos Javier Acuña,2
3869685,Argentina,Julián Álvarez,Nahuel Molina Lucero,2
3869685,Argentina,Julián Álvarez,Nicolás Alejandro Tagliafico,1
3869685,Argentina,Julián Álvarez,Rodrigo Javier De Paul,6
3869685,Argentina,Julián Álvarez,Ángel Fabián Di María Hernández,2
3869685,Argentina,Lautaro Javier Martínez,Enzo Fernandez,2
3869685,Argentina,Lautaro Javier Martínez,Leandro Daniel Paredes,1
3869685,Argentina,Lautaro Javier Martínez,Lionel Andrés Messi Cuccittini,1
3869685,Argentina,Lautaro Javier Martínez,Marcos Javier Acuña,1
3869685,Argentina,Leandro Daniel Paredes,Cristian Gabriel Romero,1
3869685,Argentina,Leandro Daniel Paredes,Enzo Fernandez,5
3869685,Argentina,Leandro Daniel Paredes,Gonzalo Ariel Montiel,2
3869685,Argentina,Leandro Daniel Paredes,Lionel Andrés Messi Cuccittini,2
3869685,Argentina,Leandro Daniel Paredes,Marcos Javier Acuña,2
3869685,Argentina,Leandro Daniel Paredes,Nicolás Alejandro Tagliafico,1
3869685,Argentina,Leandro Daniel Paredes,Nicolás Hernán Otamendi,2
3869685,Argentina,Lionel Andrés Messi Cuccittini,Alexis Mac Allister,6
3869685,Argentina,Lionel Andrés Messi Cuccittini,Cristian Gabriel Romero,2
3869685,Argentina,Lionel Andrés Messi Cuccittini,Enzo Fernandez,8
3869685,Argentina,Lionel Andrés Messi Cuccittini,Gonzalo Ariel Montiel,2
3869685,Argentina,Lionel Andrés Messi Cuccittini,Julián Álvarez,5
3869685,Argentina,Lionel Andrés Messi Cuccittini,Lautaro Javier Martínez,1
3869685,Argentina,Lionel Andrés Messi Cuccittini,Marcos Javier Acuña,2
3869685,Argentina,Lionel Andrés Messi Cuccittini,Nahuel Molina Lucero,5
3869685,Argentina,Lionel Andrés Messi Cuccittini,Nicolás Hernán Otamendi,1
3869685,Argentina,Lionel Andrés Messi Cuccittini,Rodrigo Javier De Paul,12
3869685,Argentina,Lionel Andrés Messi Cuccittini,Ángel Fabián Di María Hernández,5
3869685,Argentina,Marcos Javier Acuña,Alexis Mac Allister,4
3869685,Argentina,Marcos Javier Acuña,Damián Emiliano Martínez,1
3869685,Argentina,Marcos Javier Acuña,Enzo Fernandez,1
3869685,Argentina,Marcos Javier Acuña,Julián Álvarez,1
3869685,Argentina,Marcos Javier Acuña,Lautaro Javier Martínez,4
3869685,Argentina,Marcos Javier Acuña,Lionel Andrés Messi Cuccittini,1
3869685,Argentina,Marcos Javier Acuña,Nicolás Alejandro Tagliafico,2
3869685,Argentina,Marcos Javier Acuña,Nicolás Hernán Otamendi,4
3869685,Argentina,Marcos Javier Acuña,Paulo Bruno Exequiel Dybala,1
3869685,Argentina,Nicolás Alejandro Tagliafico,Alexis Mac Allister,13
3869685,Argentina,Nicolás Alejandro Tagliafico,Enzo Fernandez,5
3869685,Argentina,Nicolás Alejandro Tagliafico,Julián Álvarez,5
3869685,Argentina,Nicolás Alejandro Tagliafico,Marcos Javier Acuña,4
3869685,Argentina,Nicolás Alejandro Tagliafico,Nicolás Hernán Otamendi,10
3869685,Argentina,Nicolás Alejandro Tagliafico,Ángel Fabián Di María Hernández,7
3869685,Argentina,Nicolás Hernán Otamendi,Alexis Mac Allister,1
3869685,Argentina,Nicolás Hernán Otamendi,Cristian Gabriel Romero,18
3869685,Argentina,Nicolás Hernán Otamendi,Damián Emiliano Martínez,6
3869685,Argentina,Nicolás Hernán Otamendi,Enzo Fernandez,14
3869685,Argentina,Nicolás Hernán Otamendi,Germán Alejandro Pezzella,1
3869685,Argentina,Nicolás Hernán Otamendi,Leandro Daniel Paredes,2
3869685,Argentina,Nicolás Hernán Otamendi,Marcos Javier Acuña,3
3869685,Argentina,Nicolás Hernán Otamendi,Nahuel Molina Lucero,1
3869685,Argentina,Nicolás Hernán Otamendi,Nicolás Alejandro Tagliafico,15
3869685,Argentina,Nicolás Hernán Otamendi,Paulo Bruno Exequiel Dybala,1
3869685,Argentina,Nicolás Hernán Otamendi,Rodrigo Javier De Paul,3
3869685,Argentina,Nicolás Hernán Otamendi,Ángel Fabián Di María Hernández,4
3869685,Argentina,Rodrigo Javier De Paul,Alexis Mac Allister,3
3869685,Argentina,Rodrigo Javier De Paul,Cristian Gabriel Romero,8
3869685,Argentina,Rodrigo Javier De Paul,Damián Emiliano Martínez,2
3869685,Argentina,Rodrigo Javier De Paul,Enzo Fernandez,9
3869685,Argentina,Rodrigo Javier De Paul,Julián Álvarez,4
3869685,Argentina,Rodrigo Javier De Paul,Lionel Andrés Messi Cuccittini,14
3869685,Argentina,Rodrigo Javier De Paul,Marcos Javier Acuña,1
3869685,Argentina,Rodrigo Javier De Paul,Nahuel Molina Lucero,8
3869685,Argentina,Rodrigo Javier De Paul,Nicolás Hernán Otamendi,8
3869685,Argentina,Ángel Fabián Di María Hernández,Alexis Mac Allister,3
3869685,Argentina,Ángel Fabián Di María Hernández,Enzo Fernandez,3
3869685,Argentina,Ángel Fabián Di María Hernández,Julián Álvarez,2
3869685,Argentina,Ángel Fabián Di María Hernández,Lionel Andrés Messi Cuccittini,4
3869685,Argentina,Ángel Fabián Di María Hernández,Nahuel Molina Lucero,2
3869685,Argentina,Ángel Fabián Di María Hernández,Nicolás Alejandro Tagliafico,5
3869685,Argentina,Ángel Fabián Di María Hernández,Nicolás Hernán Otamendi,3
3869685,Argentina,Ángel Fabián Di María Hernández,Rodrigo Javier De Paul,3
3869685,Argentina,Cristian Gabriel Romero,Alexis Mac Allister,1
3869685,Argentina,Cristian Gabriel Romero,Damián Emiliano Martínez,4
3869685,Argentina,Cristian Gabriel Romero,Enzo Fernandez,14
3869685,Argentina,Cristian Gabriel Romero,Gonzalo Ariel Montiel,3
3869685,Argentina,Cristian Gabriel Romero,Julián Álvarez,2
3869685,Argentina,Cristian Gabriel Romero,Lionel Andrés Messi Cuccittini,2
3869685,Argentina,Cristian Gabriel Romero,Marcos Javier Acuña,1
3869685,Argentina,Cristian Gabriel Romero,Nahuel Molina Lucero,7
3869685,Argentina,Cristian Gabriel Romero,Nicolás Hernán Otamendi,12
3869685,Argentina,Cristian Gabriel Romero,Rodrigo Javier De Paul,11
3869685,Argentina,Cristian Gabriel Romero,Ángel Fabián Di María Hernández,3
3869685,Argentina,Damián Emiliano Martínez,Cristian Gabriel Romero,5
3869685,Argentina,Damián Emiliano Martínez,Enzo Fernandez,2
3869685,Argentina,Damián Emiliano Martínez,Marcos Javier Acuña,1
3869685,Argentina,Damián Emiliano Martínez,Nahuel Molina Lucero,2
3869685,Argentina,Damián Emiliano Martínez,Nicolás Hernán Otamendi,6
3869685,Argentina,Damián Emiliano Martínez,Paulo Bruno Exequiel Dybala,1
3869685,Argentina,Damián Emiliano Martínez,Ángel Fabián Di María Hernández,1
3869685,Argentina,Gonzalo Ariel Montiel,Enzo Fernandez,1
3869685,Argentina,Gonzalo Ariel Montiel,Lautaro Javier Martínez,2
3869685,Argentina,Gonzalo Ariel Montiel,Leandro Daniel Paredes,2
3869685,Argentina,Gonzalo Ariel Montiel,Lionel Andrés Messi Cuccittini,3
3869685,Argentina,Nahuel Molina Lucero,Alexis Mac Allister,1
3869685,Argentina,Nahuel Molina Lucero,Cristian Gabriel Romero,3
3869685,Argentina,Nahuel Molina Lucero,Damián Emiliano Martínez,2
3869685,Argentina,Nahuel Molina Lucero,Enzo Fernandez,4
3869685,Argentina,Nahuel Molina Lucero,Julián Álvarez,3
3869685,Argentina,Nahuel Molina Lucero,Lionel Andrés Messi Cuccittini,10
3869685,Argentina,Nahuel Molina Lucero,Nicolás Hernán Otamendi,1
3869685,Argentina,Nahuel Molina Lucero,Rodrigo Javier De Paul,15
3869685,Argentina,Paulo Bruno Exequiel Dybala,Enzo Fernandez,1
3869685,Argentina,Germán Alejandro Pezzella,Nicolás Hernán Otamendi,1
3869685,France,Adrien Rabiot,Antoine Griezmann,3
3869685,France,Adrien Rabiot,Aurélien Djani Tchouaméni,8
3869685,France,Adrien Rabiot,Dayotchanculle Upamecano,5
3869685,France,Adrien Rabiot,Eduardo Camavinga,2
3869685,France,Adrien Rabiot,Jules Koundé,2
3869685,France,Adrien Rabiot,Kingsley Coman,1
3869685,France,Adrien Rabiot,Kylian Mbappé Lottin,7
3869685,France,Adrien Rabiot,Marcus Thuram,4
3869685,France,Adrien Rabiot,Ousmane Dembélé,1
3869685,France,Adrien Rabiot,Randal Kolo Muani,1
3869685,France,Adrien Rabiot,Raphaël Varane,4
3869685,France,Adrien Rabiot,Theo Bernard François Hernández,5
3869685,France,Antoine Griezmann,Adrien Rabiot,3
3869685,France,Antoine Griezmann,Aurélien Djani Tchouaméni,3
3869685,France,Antoine Griezmann,Dayotchanculle Upamecano,1
3869685,France,Antoine Griezmann,Jules Koundé,3
3869685,France,Antoine Griezmann,Kylian Mbappé Lottin,2
3869685,France,Antoine Griezmann,Olivier Giroud,1
3869685,France,Antoine Griezmann,Randal Kolo Muani,2
3869685,France,Antoine Griezmann,Raphaël Varane,1
3869685,France,Antoine Griezmann,Theo Bernard François Hernández,5
3869685,France,Aurélien Djani Tchouaméni,Adrien Rabiot,9
3869685,France,Aurélien Djani Tchouaméni,Antoine Griezmann,1
3869685,France,Aurélien Djani Tchouaméni,Dayotchanculle Upamecano,9
3869685,France,Aurélien Djani Tchouaméni,Eduardo Camavinga,4
3869685,France,Aurélien Djani Tchouaméni,Hugo Lloris,2
3869685,France,Aurélien Djani Tchouaméni,Jules Koundé,8
3869685,France,Aurélien Djani Tchouaméni,Kylian Mbappé Lottin,4
3869685,France,Aurélien Djani Tchouaméni,Olivier Giroud,1
3869685,France,Aurélien Djani Tchouaméni,Ousmane Dembélé,2
3869685,France,Aurélien Djani Tchouaméni,Randal Kolo Muani,2
3869685,France,Aurélien Djani Tchouaméni,Raphaël Varane,6
3869685,France,Aurélien Djani Tchouaméni,Theo Bernard François Hernández,7
3869685,France,Aurélien Djani Tchouaméni,Youssouf Fofana,1
3869685,France,Dayotchanculle Upamecano,Adrien Rabiot,4
3869685,France,Dayotchanculle Upamecano,Antoine Griezmann,1
3869685,France,Dayotchanculle Upamecano,Aurélien Djani Tchouaméni,7
3869685,France,Dayotchanculle Upamecano,Eduardo Camavinga,2
3869685,France,Dayotchanculle Upamecano,Hugo Lloris,3
3869685,France,Dayotchanculle Upamecano,Jules Koundé,6
3869685,France,Dayotchanculle Upamecano,Kylian Mbappé Lottin,1
3869685,France,Dayotchanculle Upamecano,Marcus Thuram,1
3869685,France,Dayotchanculle Upamecano,Ousmane Dembélé,1
3869685,France,Dayotchanculle Upamecano,Randal Kolo Muani,1
3869685,France,Dayotchanculle Upamecano,Raphaël Varane,14
3869685,France,Dayotchanculle Upamecano,Theo Bernard François Hernández,10
3869685,France,Eduardo Camavinga,Adrien Rabiot,2
3869685,France,Eduardo Camavinga,Aurélien Djani Tchouaméni,1
3869685,France,Eduardo Camavinga,Dayotchanculle Upamecano,7
3869685,France,Eduardo Camavinga,Jules Koundé,1
3869685,France,Eduardo Camavinga,Kingsley Coman,1
3869685,France,Eduardo Camavinga,Kylian Mbappé Lottin,2
3869685,France,Eduardo Camavinga,Marcus Thuram,4
3869685,France,Eduardo Camavinga,Raphaël Varane,1
3869685,France,Eduardo Camavinga,Youssouf Fofana,2
3869685,France,Jules Koundé,Adrien Rabiot,1
3869685,France,Jules Koundé,Antoine Griezmann,4
3869685,France,Jules Koundé,Aurélien Djani Tchouaméni,6
3869685,France,Jules Koundé,Dayotchanculle Upamecano,3
3869685,France,Jules Koundé,Hugo Lloris,3
3869685,France,Jules Koundé,Ibrahima Konaté,1
3869685,France,Jules Koundé,Kingsley Coman,5
3869685,France,Jules Koundé,Kylian Mbappé Lottin,1
3869685,France,Jules Koundé,Marcus Thuram,1
3869685,France,Jules Koundé,Ousmane Dembélé,6
3869685,France,Jules Koundé,Randal Kolo Muani,6
3869685,France,Jules Koundé,Raphaël Varane,15
3869685,France,Kingsley Coman,Adrien Rabiot,2
3869685,France,Kingsley Coman,Jules Koundé,1
3869685,France,Kingsley Coman,Raphaël Varane,2
3869685,France,Kylian Mbappé Lottin,Adrien Rabiot,4
3869685,France,Kylian Mbappé Lottin,Antoine Griezmann,2
3869685,France,Kylian Mbappé Lottin,Aurélien Djani Tchouaméni,1
3869685,France,Kylian Mbappé Lottin,Dayotchanculle Upamecano,1
3869685,France,Kylian Mbappé Lottin,Jules Koundé,1
3869685,France,Kylian Mbappé Lottin,Kingsley Coman,1
3869685,France,Kylian Mbappé Lottin,Marcus Thuram,2
3869685,France,Kylian Mbappé Lottin,Randal Kolo Muani,3
3869685,France,Kylian Mbappé Lottin,Theo Bernard François Hernández,4
3869685,France,Marcus Thuram,Adrien Rabiot,2
3869685,France,Marcus Thuram,Antoine Griezmann,2
3869685,France,Marcus Thuram,Aurélien Djani Tchouaméni,1
3869685,France,Marcus Thuram,Eduardo Camavinga,2
3869685,France,Marcus Thuram,Jules Koundé,1
3869685,France,Marcus Thuram,Kylian Mbappé Lottin,2
3869685,France,Marcus Thuram,Randal Kolo Muani,2
3869685,France,Marcus Thuram,Raphaël Varane,1
3869685,France,Marcus Thuram,Theo Bernard François Hernández,1
3869685,France,Marcus Thuram,Youssouf Fofana,1
3869685,France,Ousmane Dembélé,Adrien Rabiot,1
3869685,France,Ousmane Dembélé,Antoine Griezmann,1
3869685,France,Ousmane Dembélé,Jules Koundé,4
3869685,France,Ousmane Dembélé,Olivier Giroud,2
3869685,France,Ousmane Dembélé,Theo Bernard François Hernández,1
3869685,France,Randal Kolo Muani,Adrien Rabiot,1
3869685,France,Randal Kolo Muani,Aurélien Djani Tchouaméni,3
3869685,France,Randal Kolo Muani,Jules Koundé,2
3869685,France,Randal Kolo Muani,Kylian Mbappé Lottin,1
3869685,France,Randal Kolo Muani,Marcus Thuram,3
3869685,France,Randal Kolo Muani,Raphaël Varane,1
3869685,France,Raphaël Varane,Adrien Rabiot,2
3869685,France,Raphaël Varane,Antoine Griezmann,3
3869685,France,Raphaël Varane,Aurélien Djani Tchouaméni,7
3869685,France,Raphaël Varane,Dayotchanculle Upamecano,16
3869685,France,Raphaël Varane,Eduardo Camavinga,1
3869685,France,Raphaël Varane,Hugo Lloris,6
3869685,France,Raphaël Varane,Jules Koundé,12
3869685,France,Raphaël Varane,Marcus Thuram,1
3869685,France,Raphaël Varane,Ousmane Dembélé,1
3869685,France,Raphaël Varane,Randal Kolo Muani,1
3869685,France,Raphaël Varane,Theo Bernard François Hernández,3
3869685,France,Raphaël Varane,Youssouf Fofana,2
3869685,France,Theo Bernard François Hernández,Adrien Rabiot,5
3869685,France,Theo Bernard François Hernández,Antoine Griezmann,3
3869685,France,Theo Bernard François Hernández,Aurélien Djani Tchouaméni,5
3869685,France,Theo Bernard François Hernández,Dayotchanculle Upamecano,8
3869685,France,Theo Bernard François Hernández,Hugo Lloris,1
3869685,France,Theo Bernard François Hernández,Jules Koundé,1
3869685,France,Theo Bernard François Hernández,Kylian Mbappé Lottin,8
3869685,France,Theo Bernard François Hernández,Marcus Thuram,4
3869685,France,Theo Bernard François Hernández,Olivier Giroud,1
3869685,France,Theo Bernard François Hernández,Raphaël Varane,2
3869685,France,Olivier Giroud,Adrien Rabiot,1
3869685,France,Olivier Giroud,Antoine Griezmann,2
3869685,France,Olivier Giroud,Aurélien Djani Tchouaméni,1
3869685,France,Olivier Giroud,Ousmane Dembélé,1
3869685,France,Hugo Lloris,Adrien Rabiot,2
3869685,France,Hugo Lloris,Antoine Griezmann,1
3869685,France,Hugo Lloris,Dayotchanculle Upamecano,4
3869685,France,Hugo Lloris,Eduardo Camavinga,2
3869685,France,Hugo Lloris,Jules Koundé,1
3869685,France,Hugo Lloris,Marcus Thuram,3
3869685,France,Hugo Lloris,Olivier Giroud,3
3869685,France,Hugo Lloris,Randal Kolo Muani,1
3869685,France,Hugo Lloris,Raphaël Varane,4
3869685,France,Hugo Lloris,Theo Bernard François Hernández,1
3869685,France,Hugo Lloris,Youssouf Fofana,1
3869685,France,Youssouf Fofana,Aurélien Djani Tchouaméni,1
3869685,France,Youssouf Fofana,Dayotchanculle Upamecano,1
3869685,France,Youssouf Fofana,Eduardo Camavinga,2
3869685,France,Youssouf Fofana,Jules Koundé,4
3869685,France,Youssouf Fofana,Kylian Mbappé Lottin,1
3869685,France,Ibrahima Konaté,Randal Kolo Muani,1
