match_id,team,player,passes_sent,passes_received,weighted_in_degree,weighted_out_degree,total_weighted_degree,betweenness_centrality,unique_passing_partners,progressive_passes_sent,progressive_passes_received
3857254,Denmark,Kasper Dolberg,10,16,16,10,26,0.0631868131868132,9,1,13
3857254,Denmark,Christian Dannemann Eriksen,66,67,67,66,133,0.08763736263736265,14,7,28
3857254,Denmark,Andreas Skov Olsen,19,30,30,19,49,0.1582417582417583,10,2,20
3857254,Denmark,Rasmus Nissen Kristensen,44,39,39,44,83,0.03406593406593406,9,15,16
3857254,Denmark,Joakim Mæhle,43,40,40,43,83,0.09184981684981687,13,10,27
3857254,Denmark,Pierre-Emile Højbjerg,68,68,68,68,136,0.026556776556776556,13,23,11
3857254,Denmark,Joachim Andersen,62,58,58,62,120,0.24395604395604392,14,22,1
3857254,Denmark,Kasper Schmeichel,22,13,13,22,35,0.056043956043956046,9,12,0
3857254,Denmark,Andreas Christensen,78,73,73,78,151,0.0,10,24,3
3857254,Denmark,Simon Thorup Kjær,50,45,45,50,95,0.041208791208791215,10,19,0
3857254,Denmark,Thomas Delaney,26,26,26,26,52,0.07783882783882785,9,9,9
3857254,Denmark,Mikkel Damsgaard,22,23,23,22,45,0.11501831501831503,10,9,11
3857254,Denmark,Mathias Jensen,28,29,29,28,57,0.04441391941391941,8,8,9
3857254,Denmark,Andreas Evald Cornelius,3,12,12,3,15,0.013736263736263738,6,0,9
3857254,Denmark,Jesper Lindstrøm,3,5,5,3,8,0.03727106227106227,4,0,4
3857254,Tunisia,Dylan Daniel Mahmoud Bronn,30,31,31,30,61,0.09555555555555556,10,9,7
3857254,Tunisia,Yassine Meriah,44,47,47,44,91,0.1003174603174603,11,14,0
3857254,Tunisia,Issam Jebali,15,20,20,15,35,0.08238095238095239,9,2,15
3857254,Tunisia,Anis Ben Slimane,17,18,18,17,35,0.07095238095238096,9,2,9
3857254,Tunisia,Youssef Msakni,19,25,25,19,44,0.061428571428571443,9,5,6
3857254,Tunisia,Ali Abdi,27,29,29,27,56,0.09015873015873015,9,11,15
3857254,Tunisia,Aïssa Bilal Laïdouni,36,32,32,36,68,0.09023809523809523,12,9,12
3857254,Tunisia,Mohamed Dräger,23,24,24,23,47,0.10341269841269843,10,4,18
3857254,Tunisia,Montassar Omar Talbi,38,33,33,38,71,0.14333333333333334,11,10,0
3857254,Tunisia,Ellyes Joris Skhiri,30,24,24,30,54,0.003968253968253968,8,11,4
3857254,Tunisia,Aymen Dahmen,25,19,19,25,44,0.08285714285714285,8,11,0
3857254,Tunisia,Naïm Sliti,6,8,8,6,14,0.24603174603174607,7,1,2
3857254,Tunisia,Hannibal Mejbri,2,1,1,2,3,0.024761904761904766,3,0,0
3857254,Tunisia,Taha Yassine Khenissi,1,2,2,1,3,0.08507936507936507,3,0,2
3857254,Tunisia,Wajdi Kechrida,1,0,0,1,1,0.0,1,0,0
3857254,Tunisia,Ferjani Sassi,1,2,2,1,3,0.06666666666666668,2,1,0
3857255,Spain,Pablo Martín Páez Gavira,41,41,41,41,82,0.039047619047619046,10,3,12
3857255,Spain,Pau Francisco Torres,171,178,178,171,349,0.048571428571428564,13,34,9
3857255,Spain,César Azpilicueta Tanco,70,65,65,70,135,0.0,8,12,14
3857255,Spain,Rodrigo Hernández Cascante,206,193,193,206,399,0.08547619047619048,14,61,11
3857255,Spain,Pedro González López,116,121,121,116,237,0.0646031746031746,14,28,9
3857255,Spain,Sergio Busquets i Burgos,69,63,63,69,132,0.2175396825396826,14,9,12
3857255,Spain,Álvaro Borja Morata Martín,11,17,17,11,28,0.263968253968254,9,0,13
3857255,Spain,Alejandro Balde Martínez,58,54,54,58,112,0.03571428571428572,6,7,9
3857255,Spain,Nicholas Williams Arthuer,22,24,24,22,46,0.0,6,1,12
3857255,Spain,Daniel Olmo Carvajal,36,51,51,36,87,0.165,10,2,27
3857255,Spain,Unai Simón Mendibil,37,28,28,37,65,0.05031746031746032,7,21,0
3857255,Spain,Daniel Carvajal Ramos,57,44,44,57,101,0.03650793650793651,9,9,12
3857255,Spain,Ferrán Torres García,13,16,16,13,29,0.06198412698412698,6,0,13
3857255,Spain,Marco Asensio Willemsen,20,33,33,20,53,0.17634920634920637,9,4,15
3857255,Spain,Jordi Alba Ramos,49,47,47,49,96,0.0642857142857143,8,3,19
3857255,Spain,Anssumane Fati,17,18,18,17,35,0.03253968253968254,5,1,8
3857255,Japan,Junya Ito,20,18,18,20,38,0.0694270015698587,11,3,9
3857255,Japan,Takefusa Kubo,6,10,10,6,16,0.023076923076923078,6,2,3
3857255,Japan,Hidemasa Morita,26,25,25,26,51,0.18553113553113554,13,7,8
3857255,Japan,Daichi Kamada,10,14,14,10,24,0.1021978021978022,9,4,8
3857255,Japan,Ao Tanaka,20,21,21,20,41,0.22588958660387237,12,6,5
3857255,Japan,Ko Itakura,16,12,12,16,28,0.18774201988487704,10,4,2
3857255,Japan,Maya Yoshida,17,12,12,17,29,0.05257718472004187,8,7,1
3857255,Japan,Yuto Nagatomo,7,10,10,7,17,0.004631083202511774,6,0,8
3857255,Japan,Shogo Taniguchi,26,18,18,26,44,0.05484039769754056,10,13,0
3857255,Japan,Shūichi Gonda,11,9,9,11,20,0.0038461538461538464,9,9,0
3857255,Japan,Daizen Maeda,3,3,3,3,6,0.022762951334379906,5,1,3
3857255,Japan,Kaoru Mitoma,8,10,10,8,18,0.13351648351648351,6,2,4
3857255,Japan,Ritsu Doan,2,7,7,2,9,0.02994505494505495,6,2,3
3857255,Japan,Takuma Asano,4,7,7,4,11,0.006135531135531136,5,0,7
3857255,Japan,Takehiro Tomiyasu,1,1,1,1,2,0.011446886446886446,2,1,0
3857256,Switzerland,Breel-Donald Embolo,14,23,23,14,37,0.13246336996337,10,1,17
3857256,Switzerland,Remo Freuler,14,21,21,14,35,0.19445970695970702,11,2,7
3857256,Switzerland,Silvan Widmer,50,43,43,50,93,0.036584249084249086,10,18,9
3857256,Switzerland,Fabian Lukas Schär,35,30,30,35,65,0.033195970695970696,10,15,1
3857256,Switzerland,Djibril Sow,23,23,23,23,46,0.052976190476190475,10,6,12
3857256,Switzerland,Xherdan Shaqiri,16,26,26,16,42,0.016666666666666666,9,3,12
3857256,Switzerland,Gregor Kobel,19,10,10,19,29,0.016483516483516484,6,9,0
3857256,Switzerland,Ruben Vargas,17,23,23,17,40,0.0815018315018315,8,5,17
3857256,Switzerland,Ricardo Iván Rodríguez Araya,31,36,36,31,67,0.08072344322344323,12,7,20
3857256,Switzerland,Manuel Obafemi Akanji,46,41,41,46,87,0.0018315018315018315,10,18,3
3857256,Switzerland,Granit Xhaka,52,45,45,52,97,0.1501831501831502,14,20,7
3857256,Switzerland,Edimilson Fernandes,13,11,11,13,24,0.05032051282051282,7,3,2
3857256,Switzerland,Denis Lemi Zakaria Lako Lado,8,5,5,8,13,0.1863095238095238,7,4,0
3857256,Switzerland,Christian Fassnacht,8,8,8,8,16,0.04386446886446887,5,1,4
3857256,Switzerland,Noah Okafor,0,1,1,0,1,0.0,1,0,1
3857256,Serbia,Andrija Živković,21,26,26,21,47,0.09793650793650795,10,3,15
3857256,Serbia,Saša Lukić,53,47,47,53,100,0.012698412698412698,15,13,6
3857256,Serbia,Nikola Milenković,51,52,52,51,103,0.23769841269841271,14,11,8
3857256,Serbia,Sergej Milinković-Savić,26,23,23,26,49,0.18011904761904762,12,5,8
3857256,Serbia,Filip Kostić,35,30,30,35,65,0.010714285714285713,10,9,19
3857256,Serbia,Strahinja Pavlović,66,65,65,66,131,0.06888888888888889,14,30,5
3857256,Serbia,Milos Veljkovic,29,26,26,29,55,0.0037301587301587303,9,10,2
3857256,Serbia,Vanja Milinković Savić,30,24,24,30,54,0.09595238095238096,11,17,0
3857256,Serbia,Dušan Tadić,28,34,34,28,62,0.03456349206349207,12,8,14
3857256,Serbia,Aleksandar Mitrović,17,24,24,17,41,0.05293650793650794,10,4,17
3857256,Serbia,Dušan Vlahović,3,11,11,3,14,0.04317460317460318,7,0,10
3857256,Serbia,Luka Jović,7,12,12,7,19,0.006587301587301588,8,0,8
3857256,Serbia,Nemanja Gudelj,17,12,12,17,29,0.06888888888888889,9,3,1
3857256,Serbia,Nemanja Maksimović,17,11,11,17,28,0.0965079365079365,9,4,1
3857256,Serbia,Nemanja Radonjić,5,7,7,5,12,0.0453968253968254,7,1,3
3857256,Serbia,Filip Đuričić,2,3,3,2,5,0.05452380952380952,5,0,1
3857257,Denmark,Martin Braithwaite Christensen,10,13,13,10,23,0.08910430839002269,9,1,10
3857257,Denmark,Christian Dannemann Eriksen,69,60,60,69,129,0.045328798185941044,15,18,11
3857257,Denmark,Joakim Mæhle,40,41,41,40,81,0.09671201814058958,10,9,14
3857257,Denmark,Andreas Christensen,89,79,79,89,168,0.09603174603174602,15,26,1
3857257,Denmark,Joachim Andersen,95,100,100,95,195,0.02993197278911565,14,35,5
3857257,Denmark,Pierre-Emile Højbjerg,71,51,51,71,122,0.04834467120181406,15,21,9
3857257,Denmark,Rasmus Nissen Kristensen,39,35,35,39,74,0.051757369614512466,9,13,8
3857257,Denmark,Mathias Jensen,25,34,34,25,59,0.041405895691609976,11,3,17
3857257,Denmark,Kasper Schmeichel,34,26,26,34,60,0.019331065759637188,10,18,0
3857257,Denmark,Andreas Skov Olsen,25,33,33,25,58,0.07781179138321995,13,3,19
3857257,Denmark,Jesper Lindstrøm,20,33,33,20,53,0.10273809523809527,13,3,19
3857257,Denmark,Alexander Hartmann Bah,33,33,33,33,66,0.0325453514739229,9,5,22
3857257,Denmark,Mikkel Damsgaard,12,12,12,12,24,0.2112698412698413,10,6,5
3857257,Denmark,Kasper Dolberg,4,9,9,4,13,0.018979591836734696,7,1,5
3857257,Denmark,Robert Skov,16,17,17,16,33,0.01671201814058957,7,1,9
3857257,Denmark,Andreas Evald Cornelius,8,14,14,8,22,0.017148526077097506,9,0,9
3857257,Australia,Miloš Degenek,22,16,16,22,38,0.04611459968602826,10,13,6
3857257,Australia,Mitchell Thomas Duke,13,23,23,13,36,0.2319335426478284,11,2,17
3857257,Australia,Mathew Ryan,24,12,12,24,36,0.013736263736263738,9,19,0
3857257,Australia,Aziz Eraltay Behich,29,24,24,29,53,0.13788592360020932,12,8,5
3857257,Australia,Kye Rowles,21,15,15,21,36,0.12026425954997386,10,9,0
3857257,Australia,Harry Souttar,14,7,7,14,21,0.005363683935112506,10,8,1
3857257,Australia,Mathew Leckie,18,31,31,18,49,0.011446886446886446,11,4,19
3857257,Australia,Riley McGree,11,18,18,11,29,0.1956828885400314,9,3,11
3857257,Australia,Jackson Irvine,21,19,19,21,40,0.045303506017791734,9,7,3
3857257,Australia,Craig Goodwin,12,17,17,12,29,0.044740973312401885,9,3,10
3857257,Australia,Aaron Mooy,23,22,22,23,45,0.08613291470434327,11,7,4
3857257,Australia,Keanu Baccus,7,9,9,7,16,0.19288330716902144,8,1,5
3857257,Australia,Bailey Wright,1,2,2,1,3,0.016483516483516484,3,1,0
3857257,Australia,Jamie MacLaren,2,4,4,2,6,0.0,3,0,4
3857257,Australia,Ajdin Hrustic,1,0,0,1,1,0.0,1,0,0
3857258,Brazil,Richarlison de Andrade,12,17,17,12,29,0.06365079365079365,8,1,13
3857258,Brazil,Neymar da Silva Santos Junior,36,58,58,36,94,0.07261904761904762,11,7,23
3857258,Brazil,Alex Sandro Lobo Silva,83,69,69,83,152,0.10253968253968256,14,30,15
3857258,Brazil,Carlos Henrique Casimiro,57,51,51,57,108,0.04682539682539683,13,17,4
3857258,Brazil,Thiago Emiliano da Silva,69,62,62,69,131,0.13349206349206352,12,29,1
3857258,Brazil,Alisson Ramsés Becker,20,6,6,20,26,0.06960317460317463,6,8,0
3857258,Brazil,Marcos Aoás Corrêa,62,52,52,62,114,0.02023809523809524,10,15,2
3857258,Brazil,Danilo Luiz da Silva,72,67,67,72,139,0.04619047619047619,12,19,15
3857258,Brazil,Lucas Tolentino Coelho de Lima,30,34,34,30,64,0.06626984126984127,10,7,6
3857258,Brazil,Vinícius José Paixão de Oliveira Júnior,21,29,29,21,50,0.011825396825396827,6,1,21
3857258,Brazil,Raphael Dias Belloli,28,35,35,28,63,0.1261904761904762,11,5,22
3857258,Brazil,Frederico Rodrigues Santos,14,14,14,14,28,0.27706349206349207,8,4,6
3857258,Brazil,Rodrygo Silva de Goes,12,15,15,12,27,0.1573015873015873,9,3,7
3857258,Brazil,Antony Matheus dos Santos,15,19,19,15,34,0.009603174603174603,8,3,10
3857258,Brazil,Gabriel Fernando de Jesus,7,7,7,7,14,0.07587301587301588,5,2,3
3857258,Brazil,Gabriel Teodoro Martinelli Silva,1,4,4,1,5,0.019999999999999997,3,0,3
3857258,Serbia,Saša Lukić,28,25,25,28,53,0.024679487179487175,11,7,1
3857258,Serbia,Milos Veljkovic,40,39,39,40,79,0.1492019884877028,13,7,7
3857258,Serbia,Nemanja Gudelj,29,30,30,29,59,0.013412698412698413,10,5,4
3857258,Serbia,Strahinja Pavlović,31,34,34,31,65,0.029365079365079365,11,9,7
3857258,Serbia,Filip Mladenović,19,15,15,19,34,0.07522675736961451,11,2,5
3857258,Serbia,Sergej Milinković-Savić,28,36,36,28,64,0.1514960172103029,15,8,9
3857258,Serbia,Nikola Milenković,42,32,32,42,74,0.0294842723414152,12,13,2
3857258,Serbia,Aleksandar Mitrović,17,19,19,17,36,0.06664965986394558,10,2,12
3857258,Serbia,Andrija Živković,20,20,20,20,40,0.04857462643176928,9,3,9
3857258,Serbia,Dušan Tadić,20,31,31,20,51,0.12382914704343276,13,2,14
3857258,Serbia,Vanja Milinković Savić,35,23,23,35,58,0.11684690970405257,13,26,0
3857258,Serbia,Ivan Ilić,19,16,16,19,35,0.06307794057794058,12,2,2
3857258,Serbia,Nemanja Radonjić,7,11,11,7,18,0.007188208616780045,6,1,7
3857258,Serbia,Dušan Vlahović,4,7,7,4,11,0.030555555555555558,7,1,6
3857258,Serbia,Darko Lazović,7,8,8,7,15,0.053098290598290604,6,1,4
3857258,Serbia,Nemanja Maksimović,5,5,5,5,10,0.04448732484446771,7,1,1
3857259,Serbia,Aleksandar Mitrović,18,23,23,18,41,0.0920408163265306,11,2,15
3857259,Serbia,Saša Lukić,62,60,60,62,122,0.02412698412698413,14,9,13
3857259,Serbia,Strahinja Pavlović,24,22,22,24,46,0.0625170068027211,10,12,1
3857259,Serbia,Milos Veljkovic,30,26,26,30,56,0.03531746031746032,11,13,2
3857259,Serbia,Nikola Milenković,43,31,31,43,74,0.04321995464852608,13,20,2
3857259,Serbia,Andrija Živković,32,29,29,32,61,0.017830687830687836,8,11,14
3857259,Serbia,Filip Kostić,38,44,44,38,82,0.01773620559334845,12,9,22
3857259,Serbia,Vanja Milinković Savić,27,18,18,27,45,0.01813303099017385,9,10,0
3857259,Serbia,Sergej Milinković-Savić,36,46,46,36,82,0.005158730158730159,9,11,16
3857259,Serbia,Nemanja Maksimović,29,25,25,29,54,0.19375283446712016,13,8,6
3857259,Serbia,Dušan Tadić,40,54,54,40,94,0.14054421768707484,15,11,26
3857259,Serbia,Stefan Mitrović,17,17,17,17,34,0.11058201058201059,10,3,1
3857259,Serbia,Srđan Babić,11,12,12,11,23,0.008272864701436131,7,3,2
3857259,Serbia,Marko Grujić,14,15,15,14,29,0.2753968253968254,11,6,6
3857259,Serbia,Nemanja Radonjić,4,4,4,4,8,0.04925170068027212,5,0,3
3857259,Serbia,Filip Đuričić,3,2,2,3,5,0.0,2,2,1
3857259,Cameroon,Ngoran Suiru Fai Collins,44,37,37,44,81,0.008492063492063492,13,15,9
3857259,Cameroon,Martin Hongla Yma II,22,23,23,22,45,0.04404761904761905,9,3,3
3857259,Cameroon,Devis Rogers Epassy Mboka,26,18,18,26,44,0.004761904761904762,8,21,0
3857259,Cameroon,Jean-Charles Castelletto,24,21,21,24,45,0.08341269841269841,11,10,4
3857259,Cameroon,Jean-Eric Maxim Choupo-Moting,19,20,20,19,39,0.07279478458049887,13,4,17
3857259,Cameroon,Pierre Kunde Malong,17,21,21,17,38,0.09325396825396824,10,4,3
3857259,Cameroon,André-Frank Zambo Anguissa,20,17,17,20,37,0.22623015873015878,12,4,5
3857259,Cameroon,Nicolas Alexis Julio N'Koulou Ndoubena,27,28,28,27,55,0.13310090702947844,11,8,3
3857259,Cameroon,Nouhou Tolo,25,24,24,25,49,0.10232426303854876,13,7,8
3857259,Cameroon,Karl Brillant Toko Ekambi,7,9,9,7,16,0.06315759637188209,7,2,4
3857259,Cameroon,Bryan Mbeumo,13,23,23,13,36,0.026111111111111113,11,3,15
3857259,Cameroon,Vincent Paté Aboubakar,7,9,9,7,16,0.13023809523809526,9,1,6
3857259,Cameroon,Christian Mougang Bassogog,5,10,10,5,15,0.041428571428571426,7,1,7
3857259,Cameroon,Gaël Ondoua,10,6,6,10,16,0.09199546485260772,8,2,0
3857259,Cameroon,Georges-Kévin Nkoudou Mbida,6,6,6,6,12,0.010873015873015873,5,0,4
3857259,Cameroon,Samuel Yves Oum Gwet,4,4,4,4,8,0.0035714285714285718,5,3,0
3857260,Mexico,Henry Josué Martín Mex,7,14,14,7,21,0.12182539682539684,9,0,8
3857260,Mexico,Luis Gerardo Chávez Magallón,38,40,40,38,78,0.10365079365079366,14,14,5
3857260,Mexico,Jorge Eduardo Sánchez Ramos,29,23,23,29,52,0.09198412698412699,9,12,14
3857260,Mexico,César Jasib Montes Castro,57,55,55,57,112,0.0815873015873016,12,21,6
3857260,Mexico,Francisco Guillermo Ochoa Magaña,38,21,21,38,59,0.0,7,26,0
3857260,Mexico,Héctor Alfredo Moreno Herrera,55,42,42,55,97,0.061984126984126996,12,19,8
3857260,Mexico,Edson Omar Álvarez Velázquez,41,35,35,41,76,0.1096031746031746,11,7,8
3857260,Mexico,Orbelín Pineda Alvarado,20,31,31,20,51,0.040396825396825396,9,7,10
3857260,Mexico,Hirving Rodrigo Lozano Bahena,19,38,38,19,57,0.2704761904761904,14,8,28
3857260,Mexico,Jesús Daniel Gallardo Vasconcelos,38,28,28,38,66,0.033730158730158735,11,8,15
3857260,Mexico,Ernesto Alexis Vega Rojas,10,14,14,10,24,0.05055555555555556,7,1,9
3857260,Mexico,Carlos Uriel Antuna Romero,4,9,9,4,13,0.014285714285714287,6,0,7
3857260,Mexico,Raúl Alonso Jiménez Rodríguez,5,5,5,5,10,0.05761904761904763,5,1,3
3857260,Mexico,Carlos Alberto Rodríguez Gómez,3,8,8,3,11,0.17698412698412702,7,0,4
3857260,Mexico,Kevin Nahin Álvarez Campos,3,3,3,3,6,0.017063492063492065,4,2,1
3857260,Mexico,Rogelio Gabriel Funes Mori,0,1,1,0,1,0.0,1,0,0
3857260,Saudi Arabia,Mohammed Khalil Al Owais,17,7,7,17,24,0.04048927263212978,8,12,0
3857260,Saudi Arabia,Abdulelah Al Amri,24,19,19,24,43,0.1626504447933019,12,18,2
3857260,Saudi Arabia,Saleh Khalid Al Shehri,10,16,16,10,26,0.0032051282051282055,8,1,8
3857260,Saudi Arabia,Saud Abdullah Abdul Hamid,14,11,11,14,25,0.10807169021454736,11,6,3
3857260,Saudi Arabia,Salem Mohammed Al Dawsari,15,22,22,15,37,0.18197278911564624,11,4,12
3857260,Saudi Arabia,Ali Albulayhi,10,4,4,10,14,0.06007326007326008,6,4,2
3857260,Saudi Arabia,Ali Al Hassan,4,5,5,4,9,0.04441391941391941,7,1,1
3857260,Saudi Arabia,Sultan Abdullah Salim Al Ghannam,22,21,21,22,43,0.0029304029304029304,9,11,10
3857260,Saudi Arabia,Firas Tariq Nasser Al Albirakan,13,27,27,13,40,0.03479853479853481,11,3,19
3857260,Saudi Arabia,Mohammed Kanoo,21,25,25,21,46,0.06834118262689692,12,6,12
3857260,Saudi Arabia,Hassan Mohammed Al-Tambakti,15,12,12,15,27,0.019688644688644688,9,5,2
3857260,Saudi Arabia,Riyadh Sharahili,17,10,10,17,27,0.0805860805860806,10,3,0
3857260,Saudi Arabia,Abdullah Mohammed Madu,4,5,5,4,9,0.10741758241758241,6,2,0
3857260,Saudi Arabia,Abdulrahman Al-Obood,6,7,7,6,13,0.04285714285714286,5,1,5
3857260,Saudi Arabia,Hattan Babhir,2,3,3,2,5,0.006868131868131869,3,0,1
3857261,Wales,Aaron Ramsey,24,24,24,24,48,0.08541950113378685,12,2,7
3857261,Wales,Ben Davies,15,18,18,15,33,0.11047619047619046,9,5,2
3857261,Wales,Joe Rodon,42,36,36,42,78,0.02521541950113379,12,10,1
3857261,Wales,Ethan Ampadu,27,23,23,27,50,0.062369614512471666,12,6,5
3857261,Wales,Chris Mepham,48,42,42,48,90,0.08608843537414966,15,20,0
3857261,Wales,Daniel Ward,20,17,17,20,37,0.1279875283446712,10,13,0
3857261,Wales,Neco Williams,5,3,3,5,8,0.03164965986394558,6,1,2
3857261,Wales,Gareth Frank Bale,1,5,5,1,6,0.010204081632653062,5,0,2
3857261,Wales,Joe Allen,23,24,24,23,47,0.030975056689342403,11,2,9
3857261,Wales,Kieffer Roberto Francisco Moore,11,23,23,11,34,0.10280045351473922,12,0,18
3857261,Wales,Daniel James,10,11,11,10,21,0.043633786848072564,8,0,9
3857261,Wales,Connor Roberts,27,25,25,27,52,0.0957482993197279,12,7,5
3857261,Wales,Brennan Johnson,2,5,5,2,7,0.05738095238095239,5,1,3
3857261,Wales,Joseff Morrell,11,9,9,11,20,0.10653061224489795,9,2,1
3857261,Wales,Harry Wilson,6,6,6,6,12,0.0561904761904762,6,1,5
3857261,Wales,Rubin Colwill,2,3,3,2,5,0.03361678004535148,4,0,1
3857261,England,Jordan Brian Henderson,50,52,52,50,102,0.08619047619047619,15,8,15
3857261,England,Jude Bellingham,47,48,48,47,95,0.10196145124716553,14,6,10
3857261,England,Harry Kane,7,13,13,7,20,0.04460317460317462,7,3,8
3857261,England,John Stones,75,72,72,75,147,0.050079365079365085,13,24,4
3857261,England,Phil Foden,27,34,34,27,61,0.1848979591836735,11,3,19
3857261,England,Kyle Walker,50,40,40,50,90,0.04404761904761906,10,10,9
3857261,England,Harry Maguire,77,82,82,77,159,0.01277777777777778,13,28,3
3857261,England,Marcus Rashford,23,34,34,23,57,0.09464852607709752,11,1,19
3857261,England,Declan Rice,45,36,36,45,81,0.014285714285714287,9,10,4
3857261,England,Jordan Pickford,29,25,25,29,54,0.011904761904761906,7,8,0
3857261,England,Luke Shaw,51,51,51,51,102,0.07039682539682539,9,15,18
3857261,England,Trent Alexander-Arnold,21,17,17,21,38,0.07412698412698414,8,7,2
3857261,England,Callum Wilson,5,11,11,5,16,0.14675736961451247,9,1,8
3857261,England,Kieran Trippier,17,10,10,17,27,0.0526984126984127,7,2,1
3857261,England,Kalvin Phillips,15,14,14,15,29,0.10634920634920637,9,3,2
3857261,England,Jack Grealish,14,14,14,14,28,0.053537414965986393,8,0,7
3857262,South Korea,Gue-Sung Cho,13,26,26,13,39,0.06425518925518925,10,3,18
3857262,South Korea,Woo-Young Jung,48,47,47,48,95,0.005723443223443223,12,15,8
3857262,South Korea,Young-Gwon Kim,33,32,32,33,65,0.006944444444444444,10,16,3
3857262,South Korea,Jin-Su Kim,26,23,23,26,49,0.05662393162393162,11,6,10
3857262,South Korea,Heung-Min Son,16,20,20,16,36,0.2179181929181929,11,1,13
3857262,South Korea,Kang-In Lee,22,23,23,22,45,0.1733745421245421,10,7,6
3857262,South Korea,In-Beom Hwang,33,37,37,33,70,0.052350427350427345,12,7,8
3857262,South Korea,Kyung-Won Kwon,32,28,28,32,60,0.05525030525030525,9,9,1
3857262,South Korea,Moon-Hwan Kim,31,24,24,31,55,0.04418498168498168,11,9,9
3857262,South Korea,Seung-Gyu Kim,31,21,21,31,52,0.0,7,14,0
3857262,South Korea,Jae-Sung Lee,12,11,11,12,23,0.1432081807081807,7,2,6
3857262,South Korea,Hee-Chan Hwang,3,9,9,3,12,0.09641330891330889,9,0,4
3857262,South Korea,Jun-Ho Son,7,6,6,7,13,0.041727716727716725,7,1,2
3857262,South Korea,Ui-Jo Hwang,2,2,2,2,4,0.021749084249084248,4,0,2
3857262,Portugal,Rúben Diogo Da Silva Neves,62,59,59,62,121,0.005952380952380953,9,19,6
3857262,Portugal,José Diogo Dalot Teixeira,53,55,55,53,108,0.1358049886621315,14,14,17
3857262,Portugal,António João Pereira Albuquerque Tavares Silva,57,50,50,57,107,0.020045351473922904,11,16,3
3857262,Portugal,João Pedro Cavaco Cancelo,77,66,66,77,143,0.11187074829931973,15,22,23
3857262,Portugal,Vitor Machado Ferreira,59,62,62,59,121,0.0,11,11,9
3857262,Portugal,Kléper Laveran Lima Ferreira,67,61,61,67,128,0.148265306122449,15,20,2
3857262,Portugal,João Mário Naval da Costa Eduardo,34,33,33,34,67,0.18494331065759637,12,3,15
3857262,Portugal,Cristiano Ronaldo dos Santos Aveiro,15,20,20,15,35,0.05452380952380952,8,0,10
3857262,Portugal,Matheus Luiz Nunes,21,31,31,21,52,0.008095238095238096,10,4,14
3857262,Portugal,Diogo Meireles Costa,23,19,19,23,42,0.06634920634920635,9,14,0
3857262,Portugal,Ricardo Jorge Luz Horta,13,17,17,13,30,0.0754875283446712,9,2,7
3857262,Portugal,Rafael Alexandre Conceição Leão,7,13,13,7,20,0.09886621315192744,7,0,9
3857262,Portugal,João Maria Lobo Alves Palhinha Gonçalves,16,15,15,16,31,0.02691609977324263,9,3,3
3857262,Portugal,André Miguel Valente Silva,10,12,12,10,22,0.24948979591836734,9,1,9
3857262,Portugal,William Silva de Carvalho,13,13,13,13,26,0.009523809523809525,7,3,1
3857262,Portugal,Bernardo Mota Veiga de Carvalho e Silva,7,8,8,7,15,0.003968253968253968,5,0,4
3857263,Spain,Pablo Martín Páez Gavira,10,12,12,10,22,0.08333333333333334,9,2,2
3857263,Spain,Aymeric Laporte,89,84,84,89,173,0.012362637362637364,12,26,2
3857263,Spain,Rodrigo Hernández Cascante,95,87,87,95,182,0.018315018315018316,13,27,2
3857263,Spain,Ferrán Torres García,11,28,28,11,39,0.03937728937728937,10,2,19
3857263,Spain,Jordi Alba Ramos,71,63,63,71,134,0.008241758241758242,11,18,19
3857263,Spain,Daniel Carvajal Ramos,65,48,48,65,113,0.17628205128205132,14,12,15
3857263,Spain,Pedro González López,59,58,58,59,117,0.038461538461538464,13,15,12
3857263,Spain,Daniel Olmo Carvajal,33,47,47,33,80,0.01785714285714286,10,4,23
3857263,Spain,Unai Simón Mendibil,47,41,41,47,88,0.0086996336996337,9,11,0
3857263,Spain,Sergio Busquets i Burgos,41,29,29,41,70,0.09752747252747254,14,11,5
3857263,Spain,Marco Asensio Willemsen,29,36,36,29,65,0.13873626373626374,11,4,17
3857263,Spain,Álvaro Borja Morata Martín,4,12,12,4,16,0.23443223443223443,10,2,11
3857263,Spain,Jorge Resurrección Merodio,8,11,11,8,19,0.027014652014652012,6,2,4
3857263,Spain,Nicholas Williams Arthuer,8,14,14,8,22,0.16941391941391942,9,2,7
3857263,Spain,Alejandro Balde Martínez,8,8,8,8,16,0.03937728937728938,7,2,2
3857263,Germany,Leon Goretzka,19,16,16,19,35,0.0931859410430839,12,5,2
3857263,Germany,İlkay Gündoğan,13,12,12,13,25,0.08653439153439155,10,0,5
3857263,Germany,Thilo Kehrer,21,20,20,21,41,0.10639455782312926,9,10,6
3857263,Germany,Niklas Süle,41,34,34,41,75,0.2539455782312925,14,14,3
3857263,Germany,Manuel Neuer,32,29,29,32,61,0.0,9,14,0
3857263,Germany,Antonio Rüdiger,41,40,40,41,81,0.0962962962962963,12,13,2
3857263,Germany,David Raum,33,31,31,33,64,0.08099773242630386,10,9,10
3857263,Germany,Jamal Musiala,17,30,30,17,47,0.0815873015873016,13,1,20
3857263,Germany,Serge Gnabry,12,20,20,12,32,0.0654761904761905,9,1,14
3857263,Germany,Joshua Kimmich,30,22,22,30,52,0.03854497354497355,12,9,4
3857263,Germany,Thomas Müller,8,12,12,8,20,0.1473015873015873,8,0,5
3857263,Germany,Lukas Klostermann,8,3,3,8,11,0.0,5,1,1
3857263,Germany,Niclas Füllkrug,5,8,8,5,13,0.11477324263038548,7,1,5
3857263,Germany,Leroy Sané,7,10,10,7,17,0.024489795918367346,7,2,2
3857263,Germany,Nico Schlotterbeck,3,3,3,3,6,0.02293650793650794,5,2,2
3857263,Germany,Jonas Hofmann,1,1,1,1,2,0.01203703703703704,2,0,1
3857264,Poland,Karol Świderski,7,5,5,7,12,0.10442211227925516,8,2,4
3857264,Poland,Jakub Piotr Kiwior,38,38,38,38,76,0.07864735793307222,10,12,1
3857264,Poland,Kamil Glik,32,32,32,32,64,0.004761904761904762,8,5,2
3857264,Poland,Wojciech Szczęsny,20,16,16,20,36,0.11916305916305915,9,14,0
3857264,Poland,Bartosz Bereszyński,26,18,18,26,44,0.12745310245310246,8,6,7
3857264,Poland,Matty Cash,27,26,26,27,53,0.07869820655534943,10,7,4
3857264,Poland,Robert Lewandowski,12,21,21,12,33,0.10068027210884353,11,1,16
3857264,Poland,Piotr Zieliński,27,21,21,27,48,0.27693259121830555,13,5,5
3857264,Poland,Krystian Bielik,24,29,29,24,53,0.12936507936507938,11,6,4
3857264,Poland,Przemysław Frankowski,8,13,13,8,21,0.008688930117501548,6,1,5
3857264,Poland,Grzegorz Krychowiak,20,19,19,20,39,0.0779767058338487,11,5,6
3857264,Poland,Michał Skóraś,8,9,9,8,17,0.01277056277056277,5,0,4
3857264,Poland,Jakub Kamiński,4,8,8,4,12,0.078994708994709,6,0,4
3857264,Poland,Damian Szymański,9,8,8,9,17,0.03791383219954649,6,1,2
3857264,Poland,Artur Jędrzejczyk,4,3,3,4,7,0.044826839826839826,4,2,2
3857264,Poland,Krzysztof Piątek,1,1,1,1,2,0.0,2,0,1
3857264,Argentina,Marcos Javier Acuña,35,33,33,35,68,0.1326984126984127,9,7,17
3857264,Argentina,Julián Álvarez,20,25,25,20,45,0.049999999999999996,10,1,16
3857264,Argentina,Nahuel Molina Lucero,71,64,64,71,135,0.2526984126984127,13,12,21
3857264,Argentina,Rodrigo Javier De Paul,142,138,138,142,280,0.056269841269841275,14,33,21
3857264,Argentina,Cristian Gabriel Romero,67,63,63,67,130,0.06523809523809525,13,15,1
3857264,Argentina,Nicolás Hernán Otamendi,89,85,85,89,174,0.04126984126984127,15,34,4
3857264,Argentina,Enzo Fernandez,86,85,85,86,171,0.003968253968253968,12,16,6
3857264,Argentina,Alexis Mac Allister,50,51,51,50,101,0.10317460317460317,11,8,18
3857264,Argentina,Ángel Fabián Di María Hernández,40,51,51,40,91,0.02896825396825397,10,6,33
3857264,Argentina,Lionel Andrés Messi Cuccittini,59,76,76,59,135,0.10198412698412698,13,18,16
3857264,Argentina,Damián Emiliano Martínez,12,7,7,12,19,0.06468253968253969,6,6,0
3857264,Argentina,Nicolás Alejandro Tagliafico,38,35,35,38,73,0.14666666666666667,10,4,26
3857264,Argentina,Leandro Daniel Paredes,77,73,73,77,150,0.01746031746031746,12,20,5
3857264,Argentina,Germán Alejandro Pezzella,18,16,16,18,34,0.05555555555555556,7,6,0
3857264,Argentina,Lautaro Javier Martínez,10,11,11,10,21,0.026984126984126985,9,1,3
3857264,Argentina,Thiago Ezequiel Almada,12,13,13,12,25,0.09690476190476188,8,2,2
3857265,Mexico,Henry Josué Martín Mex,8,14,14,8,22,0.05844017094017093,8,0,9
3857265,Mexico,Héctor Miguel Herrera López,26,25,25,26,51,0.03899572649572649,10,6,5
3857265,Mexico,Luis Gerardo Chávez Magallón,45,48,48,45,93,0.06196581196581196,13,16,10
3857265,Mexico,Jesús Daniel Gallardo Vasconcelos,40,33,33,40,73,0.2486111111111111,12,9,12
3857265,Mexico,Héctor Alfredo Moreno Herrera,73,73,73,73,146,0.014316239316239316,12,24,14
3857265,Mexico,Ernesto Alexis Vega Rojas,25,33,33,25,58,0.06837606837606838,11,6,18
3857265,Mexico,Edson Omar Álvarez Velázquez,44,42,42,44,86,0.055982905982905985,10,11,5
3857265,Mexico,César Jasib Montes Castro,57,57,57,57,114,0.010683760683760682,10,15,7
3857265,Mexico,Jorge Eduardo Sánchez Ramos,43,31,31,43,74,0.1577991452991453,13,13,7
3857265,Mexico,Hirving Rodrigo Lozano Bahena,19,31,31,19,50,0.031196581196581193,11,3,26
3857265,Mexico,Francisco Guillermo Ochoa Magaña,32,16,16,32,48,0.02991452991452991,6,16,0
3857265,Mexico,Carlos Alberto Rodríguez Gómez,17,19,19,17,36,0.18579059829059827,10,7,6
3857265,Mexico,Raúl Alonso Jiménez Rodríguez,6,9,9,6,15,0.109508547008547,8,4,6
3857265,Mexico,Carlos Uriel Antuna Romero,2,6,6,2,8,0.0021367521367521365,4,0,5
3857265,Poland,Grzegorz Krychowiak,19,18,18,19,37,0.14499389499389495,11,7,4
3857265,Poland,Robert Lewandowski,13,33,33,13,46,0.23798840048840045,12,3,24
3857265,Poland,Matty Cash,27,23,23,27,50,0.12721306471306473,11,7,3
3857265,Poland,Piotr Zieliński,21,20,20,21,41,0.07148962148962149,9,1,2
3857265,Poland,Sebastian Szymański,16,25,25,16,41,0.03888888888888888,8,7,6
3857265,Poland,Bartosz Bereszyński,30,17,17,30,47,0.07542735042735044,10,4,3
3857265,Poland,Nicola Zalewski,12,13,13,12,25,0.030876068376068374,6,1,9
3857265,Poland,Wojciech Szczęsny,24,12,12,24,36,0.04215506715506715,9,21,0
3857265,Poland,Jakub Piotr Kiwior,34,33,33,34,67,0.06036324786324786,10,9,4
3857265,Poland,Kamil Glik,25,24,24,25,49,0.016025641025641024,10,6,0
3857265,Poland,Jakub Kamiński,9,14,14,9,23,0.04903846153846154,9,1,7
3857265,Poland,Krystian Bielik,18,15,15,18,33,0.050763125763125756,10,4,3
3857265,Poland,Przemysław Frankowski,7,6,6,7,13,0.057539682539682536,7,2,4
3857265,Poland,Arkadiusz Milik,4,6,6,4,10,0.019978632478632477,4,0,4
3857266,Denmark,Andreas Evald Cornelius,10,15,15,10,25,0.09446624803767661,8,1,9
3857266,Denmark,Christian Dannemann Eriksen,58,55,55,58,113,0.09644819466248038,14,19,12
3857266,Denmark,Rasmus Nissen Kristensen,56,60,60,56,116,0.040201465201465204,12,16,38
3857266,Denmark,Jesper Lindstrøm,15,24,24,15,39,0.0773940345368917,8,0,13
3857266,Denmark,Pierre-Emile Højbjerg,61,61,61,61,122,0.02985347985347986,13,18,7
3857266,Denmark,Joakim Mæhle,37,36,36,37,73,0.0738095238095238,12,6,21
3857266,Denmark,Victor Nelsson,68,55,55,68,123,0.18157378335949764,13,20,3
3857266,Denmark,Andreas Christensen,69,67,67,69,136,0.03201203558346415,10,20,5
3857266,Denmark,Kasper Schmeichel,16,6,6,16,22,0.03745421245421245,8,10,0
3857266,Denmark,Joachim Andersen,42,41,41,42,83,0.1680337519623234,12,16,1
3857266,Denmark,Mikkel Damsgaard,23,27,27,23,50,0.01098901098901099,9,5,9
3857266,Denmark,Martin Braithwaite Christensen,3,11,11,3,14,0.04551282051282052,7,0,8
3857266,Denmark,Kasper Dolberg,3,4,4,3,7,0.055782312925170066,6,0,4
3857266,Denmark,Christian Nørgaard,14,13,13,14,27,0.20651491365777083,9,3,3
3857266,Denmark,Alexander Hartmann Bah,4,4,4,4,8,0.027380952380952384,5,1,2
3857266,France,Ousmane Dembélé,23,29,29,23,52,0.0,8,3,20
3857266,France,Jules Koundé,53,50,50,53,103,0.005860805860805861,11,16,10
3857266,France,Adrien Rabiot,41,41,41,41,82,0.09111721611721611,11,11,8
3857266,France,Kylian Mbappé Lottin,30,49,49,30,79,0.10979853479853481,10,6,29
3857266,France,Hugo Lloris,20,16,16,20,36,0.03882783882783883,8,14,0
3857266,France,Dayotchanculle Upamecano,54,46,46,54,100,0.007326007326007326,11,22,1
3857266,France,Theo Bernard François Hernández,66,60,60,66,126,0.06950549450549451,10,18,26
3857266,France,Aurélien Djani Tchouaméni,67,61,61,67,128,0.2301739926739927,14,22,8
3857266,France,Raphaël Varane,35,32,32,35,67,0.04496336996336997,9,10,2
3857266,France,Antoine Griezmann,37,34,34,37,71,0.0614010989010989,12,10,10
3857266,France,Olivier Giroud,8,14,14,8,22,0.10384615384615387,7,2,8
3857266,France,Marcus Thuram,4,5,5,4,9,0.13461538461538464,6,0,4
3857266,France,Ibrahima Konaté,11,12,12,11,23,0.17783882783882785,8,1,1
3857266,France,Kingsley Coman,13,14,14,13,27,0.1399267399267399,8,2,10
3857266,France,Youssouf Fofana,2,1,1,2,3,0.0,1,0,0
3857267,Ecuador,Gonzalo Jordy Plata Jiménez,24,23,23,24,47,0.09181057038199895,12,5,13
3857267,Ecuador,Piero Martín Hincapié Reyna,74,75,75,74,149,0.03388278388278388,11,27,5
3857267,Ecuador,Angelo Smit Preciado Quiñónez,29,26,26,29,55,0.14285714285714285,10,4,16
3857267,Ecuador,Felix Eduardo Torres Caicedo,56,55,55,56,111,0.08746729461015175,12,19,2
3857267,Ecuador,Pervis Josué Estupiñán Tenorio,42,37,37,42,79,0.18158032443746733,11,10,20
3857267,Ecuador,Hernán Ismael Galíndez,22,14,14,22,36,0.05970695970695972,6,11,0
3857267,Ecuador,Carlos Armando Gruezo Arboleda,13,14,14,13,27,0.03727106227106228,8,6,0
3857267,Ecuador,Enner Remberto Valencia Lastra,8,18,18,8,26,0.13008895866038722,11,1,13
3857267,Ecuador,Moisés Isaac Caicedo Corozo,41,39,39,41,80,0.07299843014128729,11,10,10
3857267,Ecuador,Michael Steveen Estrada Martínez,3,12,12,3,15,0.10576923076923078,7,0,7
3857267,Ecuador,Alan Steven Franco Palma,4,2,2,4,6,0.004578754578754579,3,1,0
3857267,Ecuador,Jeremy Leonel Sarmiento Morante,12,11,11,12,23,0.08910256410256412,7,3,8
3857267,Ecuador,José Adoni Cifuentes Charcopa,27,29,29,27,56,0.07367870225013082,10,8,9
3857267,Ecuador,Djorkaeff Neicer Reasco González,3,5,5,3,8,0.08453689167974882,8,1,4
3857267,Ecuador,Jackson Gabriel Porozo Vernaza,4,2,2,4,6,0.05519361590790162,5,2,1
3857267,Senegal,Kalidou Koulibaly,20,16,16,20,36,0.025694444444444443,10,12,1
3857267,Senegal,Pathé Ismaël Ciss,22,19,19,22,41,0.037076118326118325,9,9,5
3857267,Senegal,Idrissa Gana Gueye,22,20,20,22,42,0.057395382395382395,10,5,6
3857267,Senegal,Ismail Jakobs,21,19,19,21,40,0.132747113997114,11,10,6
3857267,Senegal,Pape Gueye,20,17,17,20,37,0.01414141414141414,10,5,7
3857267,Senegal,Ismaïla Sarr,15,25,25,15,40,0.09898989898989899,12,3,17
3857267,Senegal,Abdou Diallo,20,19,19,20,39,0.01691919191919192,9,10,2
3857267,Senegal,Youssouf Sabaly,27,25,25,27,52,0.11843434343434343,11,13,7
3857267,Senegal,Iliman Ndiaye,11,15,15,11,26,0.016937229437229438,7,0,11
3857267,Senegal,Edouard Mendy,16,10,10,16,26,0.017045454545454544,7,7,0
3857267,Senegal,Boulaye Dia,5,17,17,5,22,0.0768939393939394,10,0,13
3857267,Senegal,Cheikh Ahmadou Bamba Mbacke Dieng,3,5,5,3,8,0.06099386724386724,5,0,3
3857267,Senegal,Nampalys Mendy,11,6,6,11,17,0.17184343434343435,9,5,1
3857268,Canada,Jonathan David,17,29,29,17,46,0.15608843537414965,11,5,15
3857268,Canada,Stephen Antunes Eustáquio,58,55,55,58,113,0.03734693877551021,13,20,11
3857268,Canada,Richie Laryea,14,19,19,14,33,0.01865079365079365,8,5,9
3857268,Canada,Alistair Johnston,46,36,36,46,82,0.02393990929705216,12,17,14
3857268,Canada,Milan Borjan,27,15,15,27,42,0.03369047619047619,7,18,0
3857268,Canada,Kamal Miller,39,35,35,39,74,0.07234126984126985,12,17,7
3857268,Canada,Atiba Hutchinson,27,24,24,27,51,0.15584467120181408,10,6,3
3857268,Canada,Steven de Sousa Vitoria,44,40,40,44,84,0.0,11,21,2
3857268,Canada,Alphonso Davies,33,30,30,33,63,0.2088888888888889,14,2,11
3857268,Canada,David Junior Hoilett,6,9,9,6,15,0.07033446712018142,7,2,6
3857268,Canada,Tajon Buchanan,18,30,30,18,48,0.022505668934240365,11,0,17
3857268,Canada,Ismael Koné,30,30,30,30,60,0.00630952380952381,11,6,8
3857268,Canada,Cyle Larin,9,16,16,9,25,0.11333333333333333,9,2,10
3857268,Canada,Sam Adekugbe,20,17,17,20,37,0.007539682539682541,9,4,9
3857268,Canada,Jonathan Osorio,8,9,9,8,17,0.023616780045351473,6,0,1
3857268,Canada,Liam Millar,5,7,7,5,12,0.16175170068027211,7,1,3
3857268,Belgium,Kevin De Bruyne,29,33,33,29,62,0.10256410256410257,13,10,16
3857268,Belgium,Youri Tielemans,14,17,17,14,31,0.0641941391941392,7,1,7
3857268,Belgium,Toby Alderweireld,69,66,66,69,135,0.07326007326007326,13,17,0
3857268,Belgium,Axel Witsel,45,32,32,45,77,0.15833333333333333,14,10,5
3857268,Belgium,Eden Hazard,20,22,22,20,42,0.17573260073260072,10,4,13
3857268,Belgium,Jan Vertonghen,55,62,62,55,117,0.01272893772893773,10,17,8
3857268,Belgium,Leander Dendoncker,73,67,67,73,140,0.026923076923076928,11,22,5
3857268,Belgium,Timothy Castagne,34,37,37,34,71,0.03177655677655678,11,10,20
3857268,Belgium,Thibaut Courtois,42,26,26,42,68,0.04551282051282052,9,20,0
3857268,Belgium,Michy Batshuayi Tunga,8,21,21,8,29,0.060897435897435896,10,0,16
3857268,Belgium,Yannick Ferreira Carrasco,13,11,11,13,24,0.05714285714285715,4,0,7
3857268,Belgium,Amadou Onana,18,19,19,18,37,0.09871794871794871,8,3,6
3857268,Belgium,Thomas Meunier,17,18,18,17,35,0.0848901098901099,9,5,8
3857268,Belgium,Leandro Trossard,11,14,14,11,25,0.08553113553113553,8,2,5
3857268,Belgium,Ikoma Loïs Openda,3,6,6,3,9,0.03882783882783882,5,0,5
3857269,Switzerland,Djibril Sow,19,18,18,19,37,0.12193877551020407,10,3,7
3857269,Switzerland,Manuel Obafemi Akanji,67,70,70,67,137,0.03468253968253968,14,24,6
3857269,Switzerland,Nico Elvedi,67,62,62,67,129,0.02520408163265306,10,16,2
3857269,Switzerland,Ricardo Iván Rodríguez Araya,41,33,33,41,74,0.0583560090702948,11,9,12
3857269,Switzerland,Ruben Vargas,13,20,20,13,33,0.05282312925170068,8,2,12
3857269,Switzerland,Breel-Donald Embolo,8,17,17,8,25,0.1204081632653061,11,1,13
3857269,Switzerland,Yann Sommer,46,30,30,46,76,0.04285714285714287,8,13,0
3857269,Switzerland,Silvan Widmer,35,44,44,35,79,0.08253968253968254,11,9,14
3857269,Switzerland,Granit Xhaka,59,57,57,59,116,0.13044217687074833,13,12,9
3857269,Switzerland,Remo Freuler,35,30,30,35,65,0.11908163265306124,13,9,5
3857269,Switzerland,Fabian Rieder,9,14,14,9,23,0.038469387755102044,6,0,7
3857269,Switzerland,Edimilson Fernandes,11,13,13,11,24,0.09902494331065759,9,0,4
3857269,Switzerland,Renato Steffen,12,9,9,12,21,0.13863945578231293,10,3,4
3857269,Switzerland,Michel Aebischer,2,4,4,2,6,0.010238095238095239,3,0,3
3857269,Switzerland,Haris Seferović,2,3,3,2,5,0.042902494331065764,5,0,2
3857269,Switzerland,Fabian Frei,2,4,4,2,6,0.04087301587301588,6,0,1
3857269,Brazil,Marcos Aoás Corrêa,92,81,81,92,173,0.01880952380952381,12,20,3
3857269,Brazil,Vinícius José Paixão de Oliveira Júnior,18,37,37,18,55,0.12428571428571429,13,3,28
3857269,Brazil,Carlos Henrique Casimiro,40,35,35,40,75,0.03468253968253968,13,13,6
3857269,Brazil,Lucas Tolentino Coelho de Lima,33,36,36,33,69,0.025396825396825397,9,7,11
3857269,Brazil,Alex Sandro Lobo Silva,63,50,50,63,113,0.038537414965986394,11,14,7
3857269,Brazil,Thiago Emiliano da Silva,77,76,76,77,153,0.037698412698412696,13,25,1
3857269,Brazil,Éder Gabriel Militão,56,51,51,56,107,0.06222222222222222,12,15,8
3857269,Brazil,Alisson Ramsés Becker,11,8,8,11,19,0.03258503401360544,5,4,0
3857269,Brazil,Raphael Dias Belloli,25,28,28,25,53,0.22574829931972792,11,4,16
3857269,Brazil,Richarlison de Andrade,3,12,12,3,15,0.041507936507936515,6,0,10
3857269,Brazil,Frederico Rodrigues Santos,23,25,25,23,48,0.0619047619047619,10,5,8
3857269,Brazil,Rodrygo Silva de Goes,21,23,23,21,44,0.11549886621315193,12,2,5
3857269,Brazil,Bruno Guimarães Rodriguez Moura,20,23,23,20,43,0.1211904761904762,11,2,7
3857269,Brazil,Antony Matheus dos Santos,11,11,11,11,22,0.009126984126984128,7,0,4
3857269,Brazil,Gabriel Fernando de Jesus,4,5,5,4,9,0.08235827664399094,6,2,3
3857269,Brazil,Alex Nicolao Telles,10,6,6,10,16,0.129297052154195,7,3,2
3857270,Uruguay,Darwin Gabriel Núñez Ribeiro,11,21,21,11,32,0.06783824640967498,10,0,15
3857270,Uruguay,Matías Vecino Falero,11,13,13,11,24,0.05223356009070295,9,5,5
3857270,Uruguay,José María Giménez de Vargas,40,37,37,40,77,0.04922902494331066,11,16,1
3857270,Uruguay,Diego Roberto Godín Leal,19,13,13,19,32,0.05821995464852608,9,4,1
3857270,Uruguay,Sergio Rochet Álvarez,15,14,14,15,29,0.06526455026455028,9,6,0
3857270,Uruguay,Mathías Olivera Miramontes,27,23,23,27,50,0.022585034013605444,11,2,8
3857270,Uruguay,Edinson Roberto Cavani Gómez,13,18,18,13,31,0.1292101284958428,11,1,8
3857270,Uruguay,Sebastián Coates Nión,38,30,30,38,68,0.07668934240362812,14,20,0
3857270,Uruguay,Rodrigo Bentancur Colmán,49,41,41,49,90,0.02866969009826153,14,12,11
3857270,Uruguay,Federico Santiago Valverde Dipetta,38,39,39,38,77,0.14606198034769463,15,12,9
3857270,Uruguay,Guillermo Varela Olivera,23,23,23,23,46,0.02647392290249433,9,7,5
3857270,Uruguay,Giorgian Daniel De Arrascaeta Benedetti,20,21,21,20,41,0.047275132275132276,11,2,11
3857270,Uruguay,Facundo Pellistri Rebollo,9,13,13,9,22,0.040442176870748296,8,1,7
3857270,Uruguay,Luis Alberto Suárez Díaz,5,8,8,5,13,0.061190476190476205,6,1,4
3857270,Uruguay,Maximiliano Gómez González,2,4,4,2,6,0.032471655328798185,5,0,3
3857270,Uruguay,Matías Nicolás Viña Susperreguy,4,6,6,4,10,0.04502645502645503,4,2,3
3857270,Portugal,Bruno Miguel Borges Fernandes,48,58,58,48,106,0.09012471655328799,13,13,15
3857270,Portugal,João Félix Sequeira,30,41,41,30,71,0.038662131519274376,10,3,18
3857270,Portugal,Cristiano Ronaldo dos Santos Aveiro,30,40,40,30,70,0.06278911564625851,11,2,22
3857270,Portugal,William Silva de Carvalho,59,55,55,59,114,0.0,11,15,9
3857270,Portugal,Nuno Mendes,30,28,28,30,58,0.007936507936507936,7,7,6
3857270,Portugal,Rúben Santos Gato Alves Dias,57,48,48,57,105,0.002380952380952381,12,20,4
3857270,Portugal,Diogo Meireles Costa,22,26,26,22,48,0.0909297052154195,8,12,0
3857270,Portugal,Kléper Laveran Lima Ferreira,51,43,43,51,94,0.005714285714285714,12,17,1
3857270,Portugal,Bernardo Mota Veiga de Carvalho e Silva,55,52,52,55,107,0.10257369614512471,14,8,19
3857270,Portugal,João Pedro Cavaco Cancelo,51,45,45,51,96,0.241281179138322,13,8,8
3857270,Portugal,Rúben Diogo Da Silva Neves,44,43,43,44,87,0.062188208616780045,11,7,4
3857270,Portugal,Raphaël Adelino José Guerreiro,24,19,19,24,43,0.24890022675736967,13,6,5
3857270,Portugal,Rafael Alexandre Conceição Leão,8,11,11,8,19,0.030634920634920633,6,2,6
3857270,Portugal,Gonçalo Matias Ramos,5,5,5,5,10,0.05651927437641724,5,1,4
3857270,Portugal,João Maria Lobo Alves Palhinha Gonçalves,7,6,6,7,13,0.03587301587301588,7,1,0
3857270,Portugal,Matheus Luiz Nunes,4,5,5,4,9,0.1100793650793651,7,0,1
3857271,Iran,Alireza Jahanbakhsh,5,6,6,5,11,0.03586805555555555,5,1,2
3857271,Iran,Morteza Pouraliganji,18,16,16,18,34,0.06749999999999999,11,6,2
3857271,Iran,Mehdi Taremi,17,20,20,17,37,0.14163194444444444,13,3,12
3857271,Iran,Roozbeh Cheshmi,5,4,4,5,9,0.08854166666666667,5,0,0
3857271,Iran,Alireza Safar Beiranvand,0,1,1,0,1,0.0,1,0,0
3857271,Iran,Ehsan Hajsafi,16,19,19,16,35,0.025,11,8,7
3857271,Iran,Ali Karimi,3,3,3,3,6,0.04340277777777778,5,0,1
3857271,Iran,Milad Mohammadi,9,8,8,9,17,0.0,4,2,4
3857271,Iran,Ahmad Nourollahi,12,13,13,12,25,0.07829861111111111,9,4,5
3857271,Iran,Sadegh Moharrami,19,14,14,19,33,0.061423611111111096,11,2,6
3857271,Iran,Seyed Hossein Hosseini,7,8,8,7,15,0.010243055555555554,7,6,0
3857271,Iran,Seyed Majid Hosseini,12,11,11,12,23,0.21583333333333332,11,2,0
3857271,Iran,Saeid Ezatolahi Afagh,9,8,8,9,17,0.0044444444444444444,8,4,0
3857271,Iran,Mohammad Hossein Kanani Zadegan,8,7,7,8,15,0.11437499999999999,9,5,0
3857271,Iran,Ali Gholizadeh,10,13,13,10,23,0.0038194444444444448,7,3,6
3857271,Iran,Mehdi Torabi,9,8,8,9,17,0.158125,9,2,3
3857271,Iran,Sardar Azmoun,4,4,4,4,8,0.06052083333333333,4,1,1
3857271,England,Kieran Trippier,84,74,74,84,158,0.05681096681096681,13,12,24
3857271,England,John Stones,117,112,112,117,229,0.1497619047619048,15,41,2
3857271,England,Luke Shaw,104,97,97,104,201,0.027936507936507936,14,19,39
3857271,England,Harry Maguire,64,57,57,64,121,0.0015873015873015873,9,28,0
3857271,England,Jude Bellingham,94,86,86,94,180,0.07856421356421357,15,23,22
3857271,England,Declan Rice,92,85,85,92,177,0.07875180375180375,15,22,8
3857271,England,Mason Mount,32,35,35,32,67,0.028571428571428574,10,9,13
3857271,England,Bukayo Saka,22,31,31,22,53,0.07642135642135642,9,2,20
3857271,England,Raheem Sterling,25,33,33,25,58,0.09725108225108227,9,7,14
3857271,England,Harry Kane,10,16,16,10,26,0.16860750360750362,11,2,10
3857271,England,Jordan Pickford,18,23,23,18,41,0.06912698412698413,9,6,0
3857271,England,Marcus Rashford,15,24,24,15,39,0.13198412698412698,9,4,12
3857271,England,Eric Dier,29,25,25,29,54,0.0928860028860029,8,13,0
3857271,England,Jack Grealish,19,22,22,19,41,0.06431457431457432,9,0,10
3857271,England,Phil Foden,17,22,22,17,39,0.010945165945165945,9,2,13
3857271,England,Callum Wilson,4,4,4,4,8,0.06717893217893217,6,1,4
3857272,England,Mason Mount,27,34,34,27,61,0.08087606837606835,10,4,22
3857272,England,John Stones,86,85,85,86,171,0.0,11,35,3
3857272,England,Harry Maguire,70,64,64,70,134,0.24396367521367518,12,23,1
3857272,England,Luke Shaw,69,62,62,69,131,0.04113247863247863,12,22,22
3857272,England,Declan Rice,56,47,47,56,103,0.027724358974358973,11,15,6
3857272,England,Kieran Trippier,64,51,51,64,115,0.011698717948717947,11,15,13
3857272,England,Jordan Pickford,21,16,16,21,37,0.010149572649572648,7,10,0
3857272,England,Raheem Sterling,18,21,21,18,39,0.2125534188034188,9,4,11
3857272,England,Harry Kane,16,29,29,16,45,0.11303418803418802,12,5,19
3857272,England,Jude Bellingham,33,36,36,33,69,0.07211538461538461,10,5,16
3857272,England,Bukayo Saka,20,27,27,20,47,0.08167735042735043,10,3,17
3857272,England,Jordan Brian Henderson,9,11,11,9,20,0.08685897435897436,7,1,5
3857272,England,Jack Grealish,9,14,14,9,23,0.08290598290598289,7,2,8
3857272,England,Marcus Rashford,2,3,3,2,5,0.043536324786324784,3,0,1
3857272,United States,Walker Zimmerman,62,57,57,62,119,0.18498168498168502,13,14,1
3857272,United States,Matthew Charles Turner,29,22,22,29,51,0.09926739926739928,9,14,0
3857272,United States,Tyler Adams,41,33,33,41,74,0.02973137973137973,12,8,5
3857272,United States,Haji Wright,7,11,11,7,18,0.12173382173382175,8,0,7
3857272,United States,Timothy Weah,19,23,23,19,42,0.1085775335775336,9,4,12
3857272,United States,Weston McKennie,29,28,28,29,57,0.1180708180708181,10,11,11
3857272,United States,Tim Ream,47,45,45,47,92,0.02564102564102564,9,15,2
3857272,United States,Sergino Dest,33,32,32,33,65,0.047619047619047616,9,8,10
3857272,United States,Christian Pulisic,23,34,34,23,57,0.13904151404151405,13,5,20
3857272,United States,Antonee Robinson,33,32,32,33,65,0.09099511599511602,10,11,17
3857272,United States,Yunus Dimoara Musah,30,33,33,30,63,0.04322344322344322,12,10,7
3857272,United States,Shaquell Moore,12,12,12,12,24,0.08400488400488401,8,4,5
3857272,United States,Brenden Aaronson,9,9,9,9,18,0.046092796092796096,7,1,3
3857272,United States,Joshua Sargent,1,2,2,1,3,0.05479242979242979,3,0,2
3857272,United States,Giovanni Reyna,2,4,4,2,6,0.0,4,0,3
3857273,Wales,Aaron Ramsey,38,48,48,38,86,0.11309523809523812,12,8,20
3857273,Wales,Chris Mepham,49,47,47,49,96,0.18351648351648356,12,14,5
3857273,Wales,Joe Rodon,54,43,43,54,97,0.0358974358974359,10,18,0
3857273,Wales,Connor Roberts,27,30,30,27,57,0.01913919413919414,8,6,9
3857273,Wales,Wayne Hennessey,30,12,12,30,42,0.03296703296703297,8,20,0
3857273,Wales,Ben Davies,65,58,58,65,123,0.0946886446886447,13,26,11
3857273,Wales,Neco Williams,42,38,38,42,80,0.09514652014652013,11,11,15
3857273,Wales,Ethan Ampadu,54,53,53,54,107,0.021245421245421246,11,17,15
3857273,Wales,Kieffer Roberto Francisco Moore,17,30,30,17,47,0.24432234432234434,12,3,23
3857273,Wales,Harry Wilson,19,23,23,19,42,0.013278388278388278,8,2,8
3857273,Wales,Gareth Frank Bale,19,27,27,19,46,0.04212454212454213,9,4,13
3857273,Wales,Daniel James,6,13,13,6,19,0.021062271062271064,5,0,9
3857273,Wales,Brennan Johnson,7,10,10,7,17,0.34587912087912087,8,0,5
3857273,Wales,Joe Allen,7,3,3,7,10,0.0782967032967033,6,0,0
3857273,Wales,Daniel Ward,4,3,3,4,7,0.0,3,4,0
3857273,Iran,Ramin Rezaeian,32,32,32,32,64,0.06293650793650794,13,16,9
3857273,Iran,Ali Gholizadeh,21,25,25,21,46,0.053696145124716564,8,5,12
3857273,Iran,Saeid Ezatolahi Afagh,18,15,15,18,33,0.08298185941043083,10,6,7
3857273,Iran,Mehdi Taremi,17,29,29,17,46,0.13477324263038548,14,4,15
3857273,Iran,Ehsan Hajsafi,21,21,21,21,42,0.08444444444444443,10,7,8
3857273,Iran,Morteza Pouraliganji,15,12,12,15,27,0.06955782312925171,9,8,2
3857273,Iran,Seyed Majid Hosseini,24,10,10,24,34,0.03829931972789116,9,8,1
3857273,Iran,Ahmad Nourollahi,13,14,14,13,27,0.043310657596371885,9,3,4
3857273,Iran,Seyed Hossein Hosseini,15,8,8,15,23,0.0104875283446712,7,11,0
3857273,Iran,Sardar Azmoun,8,17,17,8,25,0.020045351473922904,8,2,13
3857273,Iran,Milad Mohammadi,23,15,15,23,38,0.2395578231292517,12,10,2
3857273,Iran,Karim Ansarifard,3,4,4,3,7,0.060238095238095236,7,1,3
3857273,Iran,Roozbeh Cheshmi,2,0,0,2,2,0.0,1,1,0
3857273,Iran,Alireza Jahanbakhsh,6,8,8,6,14,0.01785714285714286,6,2,5
3857273,Iran,Mehdi Torabi,6,11,11,6,17,0.0802154195011338,7,2,6
3857273,Iran,Ali Karimi,3,6,6,3,9,0.05116780045351473,6,2,1
3857274,Ecuador,Gonzalo Jordy Plata Jiménez,27,32,32,27,59,0.03685897435897435,10,5,17
3857274,Ecuador,Piero Martín Hincapié Reyna,29,26,26,29,55,0.16346153846153846,10,6,0
3857274,Ecuador,Felix Eduardo Torres Caicedo,53,49,49,53,102,0.00908119658119658,11,30,2
3857274,Ecuador,Angelo Smit Preciado Quiñónez,26,23,23,26,49,0.0892094017094017,10,7,8
3857274,Ecuador,Michael Steveen Estrada Martínez,15,22,22,15,37,0.13514957264957264,9,4,15
3857274,Ecuador,Enner Remberto Valencia Lastra,17,33,33,17,50,0.0924145299145299,9,1,16
3857274,Ecuador,Pervis Josué Estupiñán Tenorio,44,35,35,44,79,0.0,9,10,14
3857274,Ecuador,Moisés Isaac Caicedo Corozo,43,44,44,43,87,0.0,10,10,11
3857274,Ecuador,Hernán Ismael Galíndez,12,8,8,12,20,0.0,4,3,0
3857274,Ecuador,Jackson Gabriel Porozo Vernaza,33,29,29,33,62,0.06196581196581196,9,6,2
3857274,Ecuador,Jhegson Sebastián Méndez Carabalí,54,45,45,54,99,0.14583333333333331,10,12,3
3857274,Ecuador,Jeremy Leonel Sarmiento Morante,6,10,10,6,16,0.1987179487179487,6,0,3
3857274,Ecuador,Romario Andrés Ibarra Mina,0,2,2,0,2,0.0,2,0,2
3857274,Ecuador,Kevin José Rodríguez Cortez,0,1,1,0,1,0.0,1,0,1
3857274,Netherlands,Denzel Dumfries,19,21,21,19,40,0.07280219780219781,9,3,12
3857274,Netherlands,Teun Koopmeiners,29,34,34,29,63,0.07290685504971221,11,5,10
3857274,Netherlands,Davy Klaassen,21,22,22,21,43,0.14154892726321297,10,5,10
3857274,Netherlands,Frenkie de Jong,67,61,61,67,128,0.060897435897435896,12,16,10
3857274,Netherlands,Daley Blind,56,54,54,56,110,0.12179487179487179,11,19,13
3857274,Netherlands,Nathan Aké,73,66,66,73,139,0.04075091575091575,11,17,14
3857274,Netherlands,Virgil van Dijk,48,44,44,48,92,0.03250915750915751,10,16,2
3857274,Netherlands,Cody Mathès Gakpo,12,21,21,12,33,0.021245421245421246,9,3,8
3857274,Netherlands,Steven Bergwijn,15,17,17,15,32,0.032051282051282055,8,0,11
3857274,Netherlands,Jurriën David Norman Timber,56,50,50,56,106,0.07162480376766092,10,16,13
3857274,Netherlands,Andries Noppert,36,28,28,36,64,0.052564102564102565,8,20,0
3857274,Netherlands,Memphis Depay,9,18,18,9,27,0.12199110413396126,8,0,11
3857274,Netherlands,Steven Berghuis,8,14,14,8,22,0.20596546310832023,9,4,9
3857274,Netherlands,Marten de Roon,7,6,6,7,13,0.12106227106227106,5,1,1
3857274,Netherlands,Wout Weghorst,1,1,1,1,2,0.0,1,0,1
3857275,Tunisia,Ellyes Joris Skhiri,30,31,31,30,61,0.08443732193732192,10,11,3
3857275,Tunisia,Wahbi Khazri,8,12,12,8,20,0.08653846153846154,7,3,10
3857275,Tunisia,Anis Ben Slimane,18,30,30,18,48,0.0579059829059829,9,4,18
3857275,Tunisia,Wajdi Kechrida,29,33,33,29,62,0.06623931623931623,11,9,16
3857275,Tunisia,Yassine Meriah,32,28,28,32,60,0.01321225071225071,7,16,2
3857275,Tunisia,Nader Ghandri,27,21,21,27,48,0.05099715099715099,9,4,1
3857275,Tunisia,Montassar Omar Talbi,25,18,18,25,43,0.037250712250712255,8,13,3
3857275,Tunisia,Ali Maâloul,39,35,35,39,74,0.015669515669515667,10,15,16
3857275,Tunisia,Aïssa Bilal Laïdouni,37,36,36,37,73,0.25655270655270657,12,13,12
3857275,Tunisia,Aymen Dahmen,8,6,6,8,14,0.05904558404558404,7,5,0
3857275,Tunisia,Mohamed Ali Ben Romdhane,14,17,17,14,31,0.03596866096866096,8,1,8
3857275,Tunisia,Issam Jebali,3,6,6,3,9,0.23226495726495722,7,0,6
3857275,Tunisia,Ghilane Chalali,4,2,2,4,6,0.02991452991452991,4,1,1
3857275,Tunisia,Ali Abdi,1,0,0,1,1,0.0,1,1,0
3857275,France,Steve Mandanda,18,9,9,18,27,0.06992063492063492,8,14,0
3857275,France,Raphaël Varane,41,40,40,41,81,0.0292384731670446,10,11,5
3857275,France,Axel Disasi,55,47,47,55,102,0.07994520030234317,14,12,12
3857275,France,Randal Kolo Muani,12,25,25,12,37,0.09473544973544973,11,0,18
3857275,France,Ibrahima Konaté,66,59,59,66,125,0.06540816326530614,13,25,1
3857275,France,Eduardo Camavinga,70,62,62,70,132,0.07753968253968253,15,16,21
3857275,France,Kingsley Coman,16,23,23,16,39,0.023333333333333338,8,0,14
3857275,France,Aurélien Djani Tchouaméni,89,85,85,89,174,0.06757936507936509,15,19,19
3857275,France,Jordan Veretout,32,30,30,32,62,0.06351095993953138,10,9,3
3857275,France,Youssouf Fofana,27,36,36,27,63,0.19431027966742254,12,8,14
3857275,France,Mattéo Guendouzi Olié,28,25,25,28,53,0.018611111111111113,10,5,8
3857275,France,William Saliba,37,29,29,37,66,0.043873771730914585,10,14,1
3857275,France,Kylian Mbappé Lottin,17,30,30,17,47,0.06704081632653061,9,2,7
3857275,France,Adrien Rabiot,14,21,21,14,35,0.08154761904761905,9,2,8
3857275,France,Antoine Griezmann,29,28,28,29,57,0.023854875283446715,10,8,7
3857275,France,Ousmane Dembélé,13,15,15,13,28,0.06206349206349207,8,1,8
3857276,Morocco,Youssef En-Nesyri,12,19,19,12,31,0.11682539682539683,11,1,16
3857276,Morocco,Sofyan Amrabat,43,38,38,43,81,0.06468253968253969,12,11,6
3857276,Morocco,Nayef Aguerd,35,33,33,35,68,0.018253968253968255,8,14,1
3857276,Morocco,Romain Saïss,30,28,28,30,58,0.06309523809523811,11,12,1
3857276,Morocco,Achraf Hakimi Mouh,49,42,42,49,91,0.08071428571428572,11,16,9
3857276,Morocco,Hakim Ziyech,26,32,32,26,58,0.012857142857142859,10,4,14
3857276,Morocco,Yassine Bounou,25,21,21,25,46,0.10714285714285714,11,12,0
3857276,Morocco,Abdelhamid Sabiri,21,22,22,21,43,0.12301587301587302,9,1,6
3857276,Morocco,Sofiane Boufal,15,21,21,15,36,0.10031746031746032,9,3,8
3857276,Morocco,Noussair Mazraoui,18,14,14,18,32,0.0784920634920635,10,5,6
3857276,Morocco,Azzedine Ounahi,27,28,28,27,55,0.15134920634920634,9,6,12
3857276,Morocco,Zakaria Aboukhlal,3,3,3,3,6,0.011904761904761906,3,2,1
3857276,Morocco,Selim Amallah,0,2,2,0,2,0.0,2,0,1
3857276,Morocco,Abderrazak Hamdallah,3,7,7,3,10,0.05952380952380952,5,0,7
3857276,Morocco,Jawad El Yamiq,1,0,0,1,1,0.0,1,1,0
3857276,Morocco,Yahya Jabrane,2,0,0,2,2,0.0,2,0,0
3857276,Canada,Milan Borjan,21,12,12,21,33,0.12208616780045353,11,15,0
3857276,Canada,Kamal Miller,83,76,76,83,159,0.08023809523809523,14,30,4
3857276,Canada,David Junior Hoilett,20,22,22,20,42,0.09003779289493574,12,5,12
3857276,Canada,Cyle Larin,6,12,12,6,18,0.08752456538170825,9,3,7
3857276,Canada,Alphonso Davies,19,27,27,19,46,0.15420823885109602,13,0,16
3857276,Canada,Mark Anthony Kaye,50,56,56,50,106,0.0033333333333333335,10,5,11
3857276,Canada,Steven de Sousa Vitoria,70,63,63,70,133,0.04246031746031747,13,14,3
3857276,Canada,Alistair Johnston,58,43,43,58,101,0.05598261526832956,14,11,7
3857276,Canada,Jonathan Osorio,27,29,29,27,56,0.03963529856386999,11,5,7
3857276,Canada,Sam Adekugbe,31,30,30,31,61,0.006243386243386244,9,9,7
3857276,Canada,Tajon Buchanan,21,34,34,21,55,0.09417233560090706,14,8,24
3857276,Canada,Atiba Hutchinson,28,22,22,28,50,0.06404761904761905,12,10,4
3857276,Canada,Ismael Koné,27,26,26,27,53,0.07728269085411944,11,9,9
3857276,Canada,Jonathan David,11,13,13,11,24,0.06269463340891913,8,3,9
3857276,Canada,Richie Laryea,5,8,8,5,13,0.047683295540438396,7,0,4
3857276,Canada,David Wallace Wotherspoon,3,7,7,3,10,0.0,4,1,4
3857277,Morocco,Youssef En-Nesyri,7,11,11,7,18,0.08589743589743591,9,0,11
3857277,Morocco,Sofyan Amrabat,41,33,33,41,74,0.09103872318158034,12,9,6
3857277,Morocco,Noussair Mazraoui,17,11,11,17,28,0.0027472527472527475,5,5,3
3857277,Morocco,Romain Saïss,45,41,41,45,86,0.042268445839874415,12,19,0
3857277,Morocco,Nayef Aguerd,41,36,36,41,77,0.0,9,15,0
3857277,Morocco,Sofiane Boufal,14,21,21,14,35,0.02152014652014652,8,5,13
3857277,Morocco,Yassine Bounou,20,11,11,20,31,0.1705389848246991,10,9,0
3857277,Morocco,Achraf Hakimi Mouh,43,34,34,43,77,0.04167974882260597,10,9,9
3857277,Morocco,Azzedine Ounahi,22,31,31,22,53,0.06713762428048142,9,4,7
3857277,Morocco,Hakim Ziyech,20,32,32,20,52,0.0,8,2,16
3857277,Morocco,Selim Amallah,10,18,18,10,28,0.17026425954997387,10,2,9
3857277,Morocco,Yahia Attiyat allah,14,7,7,14,21,0.2035845107273679,10,5,2
3857277,Morocco,Abdessamad Ezzalzouli,0,4,4,0,4,0.0,3,0,4
3857277,Morocco,Abdelhamid Sabiri,7,10,10,7,17,0.10361067503924648,6,0,3
3857277,Morocco,Abderrazak Hamdallah,0,1,1,0,1,0.0,1,0,1
3857277,Croatia,Josip Juranović,45,39,39,45,84,0.21064887493458923,13,7,23
3857277,Croatia,Dejan Lovren,82,79,79,82,161,0.05714285714285714,12,23,1
3857277,Croatia,Joško Gvardiol,102,101,101,102,203,0.03965201465201466,13,38,6
3857277,Croatia,Mateo Kovačić,48,46,46,48,94,0.1406593406593407,12,5,9
3857277,Croatia,Borna Sosa,47,51,51,47,98,0.11486132914704344,14,10,21
3857277,Croatia,Luka Modrić,77,74,74,77,151,0.0206959706959707,13,25,11
3857277,Croatia,Ivan Perišić,29,32,32,29,61,0.079421768707483,10,4,18
3857277,Croatia,Marcelo Brozović,77,79,79,77,156,0.0,11,11,20
3857277,Croatia,Andrej Kramarić,10,14,14,10,24,0.13581894296180008,10,0,5
3857277,Croatia,Nikola Vlašić,7,15,15,7,22,0.10624018838304554,9,0,8
3857277,Croatia,Dominik Livaković,26,13,13,26,39,0.04654631083202512,9,13,0
3857277,Croatia,Mario Pašalić,14,15,15,14,29,0.06763474620617478,9,2,7
3857277,Croatia,Marko Livaja,3,8,8,3,11,0.0923992673992674,8,1,5
3857277,Croatia,Lovro Majer,9,10,10,9,19,0.03413134484563057,7,0,5
3857277,Croatia,Mislav Oršić,1,1,1,1,2,0.0,2,0,0
3857278,Iran,Mehdi Taremi,27,37,37,27,64,0.19090702947845806,15,4,22
3857278,Iran,Ramin Rezaeian,39,41,41,39,80,0.04047619047619048,12,15,19
3857278,Iran,Ahmad Nourollahi,14,13,13,14,27,0.17984126984126989,10,3,3
3857278,Iran,Sardar Azmoun,6,11,11,6,17,0.01404761904761905,7,1,7
3857278,Iran,Saeid Ezatolahi Afagh,44,44,44,44,88,0.11484126984126986,15,18,7
3857278,Iran,Milad Mohammadi,13,12,12,13,25,0.011111111111111113,4,3,10
3857278,Iran,Ehsan Hajsafi,27,30,30,27,57,0.0816326530612245,9,9,10
3857278,Iran,Ali Gholizadeh,16,13,13,16,29,0.00373015873015873,7,4,5
3857278,Iran,Morteza Pouraliganji,60,59,59,60,119,0.019489795918367348,11,27,4
3857278,Iran,Alireza Safar Beiranvand,21,16,16,21,37,0.005158730158730159,8,12,0
3857278,Iran,Seyed Majid Hosseini,51,42,42,51,93,0.08240362811791384,13,18,2
3857278,Iran,Ali Karimi,30,27,27,30,57,0.16212018140589568,13,5,11
3857278,Iran,Saman Ghoddos,15,21,21,15,36,0.07190476190476192,10,3,13
3857278,Iran,Mehdi Torabi,16,14,14,16,30,0.07687074829931974,9,5,5
3857278,Iran,Abolfazl Jalali,21,19,19,21,40,0.013650793650793653,7,3,9
3857278,Iran,Karim Ansarifard,2,3,3,2,5,0.030997732426303857,4,0,3
3857278,United States,Yunus Dimoara Musah,47,45,45,47,92,0.040873015873015874,12,12,16
3857278,United States,Sergino Dest,43,48,48,43,91,0.0373015873015873,12,7,19
3857278,United States,Timothy Weah,27,33,33,27,60,0.04456349206349206,10,2,8
3857278,United States,Cameron Carter-Vickers,50,42,42,50,92,0.06206349206349208,10,18,2
3857278,United States,Tim Ream,54,47,47,54,101,0.007473544973544974,11,27,4
3857278,United States,Tyler Adams,63,49,49,63,112,0.05888888888888889,12,16,8
3857278,United States,Antonee Robinson,36,39,39,36,75,0.07306878306878307,13,8,15
3857278,United States,Matthew Charles Turner,29,15,15,29,44,0.011574074074074073,10,18,0
3857278,United States,Weston McKennie,31,37,37,31,68,0.02564814814814815,11,14,13
3857278,United States,Joshua Sargent,19,25,25,19,44,0.22664021164021164,12,0,20
3857278,United States,Christian Pulisic,12,17,17,12,29,0.121005291005291,8,3,7
3857278,United States,Brenden Aaronson,7,14,14,7,21,0.1906613756613757,10,3,10
3857278,United States,Kellyn Kai Perry-Acosta,3,3,3,3,6,0.05509259259259261,5,1,1
3857278,United States,Shaquell Moore,2,4,4,2,6,0.02052910052910053,5,1,1
3857278,United States,Haji Wright,1,8,8,1,9,0.04119047619047619,5,0,8
3857278,United States,Walker Zimmerman,2,0,0,2,2,0.0,2,2,0
3857279,France,Olivier Giroud,10,14,14,10,24,0.10521978021978022,7,1,7
3857279,France,Aurélien Djani Tchouaméni,74,71,71,74,145,0.02197802197802198,11,18,8
3857279,France,Adrien Rabiot,61,61,61,61,122,0.10357142857142856,13,9,12
3857279,France,Dayotchanculle Upamecano,112,103,103,112,215,0.08177655677655678,13,37,0
3857279,France,Benjamin Pavard,81,70,70,81,151,0.033791208791208796,11,14,9
3857279,France,Ibrahima Konaté,87,89,89,87,176,0.030219780219780223,12,25,3
3857279,France,Lucas Hernández Pi,6,6,6,6,12,0.027472527472527476,3,1,2
3857279,France,Kylian Mbappé Lottin,42,63,63,42,105,0.18113553113553113,12,5,34
3857279,France,Antoine Griezmann,66,70,70,66,136,0.004578754578754579,13,12,19
3857279,France,Ousmane Dembélé,25,33,33,25,58,0.07252747252747253,8,1,13
3857279,France,Hugo Lloris,19,11,11,19,30,0.10155677655677657,8,10,0
3857279,France,Theo Bernard François Hernández,60,54,54,60,114,0.07087912087912089,9,8,27
3857279,France,Youssouf Fofana,18,17,17,18,35,0.07912087912087915,8,4,3
3857279,France,Kingsley Coman,12,13,13,12,25,0.15714285714285717,8,1,9
3857279,France,Jules Koundé,7,5,5,7,12,0.07298534798534799,6,0,0
3857279,Australia,Nathaniel Atkinson,30,20,20,30,50,0.12023809523809526,10,8,7
3857279,Australia,Harry Souttar,43,44,44,43,87,0.011111111111111112,10,17,0
3857279,Australia,Kye Rowles,59,56,56,59,115,0.08571428571428572,11,17,0
3857279,Australia,Aziz Eraltay Behich,55,49,49,55,104,0.02777777777777778,13,10,9
3857279,Australia,Mathew Leckie,21,31,31,21,52,0.19642857142857145,12,3,19
3857279,Australia,Jackson Irvine,28,33,33,28,61,0.046031746031746035,10,7,9
3857279,Australia,Aaron Mooy,58,60,60,58,118,0.13087301587301586,15,11,16
3857279,Australia,Mitchell Thomas Duke,7,10,10,7,17,0.11801587301587303,7,0,8
3857279,Australia,Craig Goodwin,18,21,21,18,39,0.07809523809523809,7,2,11
3857279,Australia,Riley McGree,18,19,19,18,37,0.06817460317460318,7,1,8
3857279,Australia,Mathew Ryan,26,16,16,26,42,0.08865079365079366,10,16,0
3857279,Australia,Jason Cummings,4,4,4,4,8,0.006349206349206349,5,1,4
3857279,Australia,Garang Kuol,2,4,4,2,6,0.03412698412698413,3,1,3
3857279,Australia,Awer Denis Bul Mabil,9,12,12,9,21,0.03134920634920635,6,0,7
3857279,Australia,Miloš Degenek,10,9,9,10,19,0.05436507936507937,6,6,0
3857279,Australia,Keanu Baccus,6,6,6,6,12,0.07912698412698414,6,1,0
3857280,Brazil,Gabriel Fernando de Jesus,12,11,11,12,23,0.07428571428571429,10,1,7
3857280,Brazil,Fábio Henrique Tavares,50,40,40,50,90,0.03801587301587302,15,18,4
3857280,Brazil,Rodrygo Silva de Goes,22,31,31,22,53,0.012222222222222223,10,5,14
3857280,Brazil,Alex Nicolao Telles,25,25,25,25,50,0.044708994708994705,9,8,2
3857280,Brazil,Gleison Bremer Silva Nascimento,62,54,54,62,116,0.006349206349206349,10,10,0
3857280,Brazil,Éder Gabriel Militão,69,64,64,69,133,0.018253968253968255,12,23,4
3857280,Brazil,Ederson Santana de Moraes,28,14,14,28,42,0.1791005291005291,12,20,0
3857280,Brazil,Antony Matheus dos Santos,36,53,53,36,89,0.0025396825396825397,10,2,30
3857280,Brazil,Frederico Rodrigues Santos,29,33,33,29,62,0.06825396825396826,10,11,14
3857280,Brazil,Daniel Alves da Silva,71,56,56,71,127,0.1598941798941799,13,17,9
3857280,Brazil,Gabriel Teodoro Martinelli Silva,23,38,38,23,61,0.04920634920634921,11,6,26
3857280,Brazil,Marcos Aoás Corrêa,32,24,24,32,56,0.09116402116402116,10,13,7
3857280,Brazil,Éverton Augusto de Barros Ribeiro,15,19,19,15,34,0.1885978835978836,11,2,11
3857280,Brazil,Bruno Guimarães Rodriguez Moura,26,30,30,26,56,0.08703703703703705,12,10,8
3857280,Brazil,Pedro Guilherme Abreu dos Santos,5,11,11,5,16,0.03513227513227513,6,0,6
3857280,Brazil,Raphael Dias Belloli,7,9,9,7,16,0.019920634920634922,5,0,4
3857280,Cameroon,Ngoran Suiru Fai Collins,19,10,10,19,29,0.191025641025641,10,8,2
3857280,Cameroon,Jean-Eric Maxim Choupo-Moting,13,26,26,13,39,0.0936965811965812,12,1,20
3857280,Cameroon,André-Frank Zambo Anguissa,39,43,43,39,82,0.04647435897435897,12,15,11
3857280,Cameroon,Vincent Paté Aboubakar,7,20,20,7,27,0.20395299145299142,10,1,11
3857280,Cameroon,Nouhou Tolo,16,12,12,16,28,0.037606837606837605,8,5,3
3857280,Cameroon,Bryan Mbeumo,8,12,12,8,20,0.10566239316239316,7,2,6
3857280,Cameroon,Pierre Kunde Malong,22,16,16,22,38,0.010683760683760682,8,7,2
3857280,Cameroon,Enzo Ebosse,34,30,30,34,64,0.0021367521367521365,8,11,1
3857280,Cameroon,Christopher Wooh,27,28,28,27,55,0.05202991452991453,9,7,4
3857280,Cameroon,Devis Rogers Epassy Mboka,30,15,15,30,45,0.003205128205128205,7,17,0
3857280,Cameroon,Nicolas Moumi Ngamaleu,19,21,21,19,40,0.08386752136752136,10,5,13
3857280,Cameroon,Karl Brillant Toko Ekambi,8,7,7,8,15,0.14049145299145296,7,1,5
3857280,Cameroon,Jules Olivier Ntcham,11,10,10,11,21,0.09711538461538462,9,4,4
3857280,Cameroon,Jerome Ngom Mbekeli,1,4,4,1,5,0.09519230769230769,5,1,3
3857281,Croatia,Marko Livaja,8,19,19,8,27,0.12825396825396826,8,2,16
3857281,Croatia,Marcelo Brozović,55,53,53,55,108,0.19944444444444442,12,13,8
3857281,Croatia,Borna Sosa,45,35,35,45,80,0.0015873015873015873,10,14,9
3857281,Croatia,Joško Gvardiol,44,40,40,44,84,0.1196031746031746,10,14,1
3857281,Croatia,Dejan Lovren,43,38,38,43,81,0.057460317460317475,11,16,1
3857281,Croatia,Josip Juranović,37,33,33,37,70,0.21730158730158736,11,10,13
3857281,Croatia,Dominik Livaković,14,13,13,14,27,0.06777777777777778,7,9,0
3857281,Croatia,Andrej Kramarić,28,34,34,28,62,0.060476190476190475,10,2,17
3857281,Croatia,Mateo Kovačić,42,34,34,42,76,0.007936507936507936,8,13,7
3857281,Croatia,Ivan Perišić,30,36,36,30,66,0.1354761904761905,11,8,18
3857281,Croatia,Luka Modrić,45,48,48,45,93,0.055952380952380955,9,7,8
3857281,Croatia,Bruno Petković,6,15,15,6,21,0.2413492063492064,8,1,11
3857281,Croatia,Nikola Vlašić,4,5,5,4,9,0.06785714285714287,6,1,2
3857281,Croatia,Mario Pašalić,5,1,1,5,6,0.0,4,2,0
3857281,Croatia,Lovro Majer,2,4,4,2,6,0.12642857142857142,5,0,0
3857281,Croatia,Mislav Oršić,3,3,3,3,6,0.02555555555555556,4,1,2
3857281,Canada,Milan Borjan,27,18,18,27,45,0.11784580498866214,11,17,0
3857281,Canada,Kamal Miller,62,59,59,62,121,0.0009523809523809525,15,25,2
3857281,Canada,Alistair Johnston,52,42,42,52,94,0.059098639455782316,14,21,6
3857281,Canada,Jonathan David,15,20,20,15,35,0.04174603174603175,11,2,17
3857281,Canada,Tajon Buchanan,22,33,33,22,55,0.15341836734693878,13,7,17
3857281,Canada,Steven de Sousa Vitoria,46,41,41,46,87,0.07390022675736961,14,16,2
3857281,Canada,Cyle Larin,6,9,9,6,15,0.0796485260770975,7,1,7
3857281,Canada,Alphonso Davies,30,39,39,30,69,0.02374149659863946,14,4,19
3857281,Canada,Atiba Hutchinson,48,47,47,48,95,0.027074829931972792,13,12,15
3857281,Canada,Stephen Antunes Eustáquio,27,22,22,27,49,0.010374149659863946,8,7,4
3857281,Canada,Richie Laryea,16,17,17,16,33,0.06547619047619048,9,0,6
3857281,Canada,Ismael Koné,39,38,38,39,77,0.0046485260770975055,12,11,8
3857281,Canada,Jonathan Osorio,19,20,20,19,39,0.1146655328798186,11,1,8
3857281,Canada,David Junior Hoilett,14,19,19,14,33,0.14913832199546484,11,5,10
3857281,Canada,Sam Adekugbe,11,10,10,11,21,0.04563492063492063,8,1,7
3857281,Canada,Lucas Daniel Cavallini,3,3,3,3,6,0.030045351473922906,5,0,2
3857282,United States,Joshua Sargent,10,13,13,10,23,0.13647392290249433,8,0,9
3857282,United States,Tim Ream,68,65,65,68,133,0.09141156462585034,12,27,3
3857282,United States,Walker Zimmerman,82,76,76,82,158,0.04183106575963719,11,30,1
3857282,United States,Antonee Robinson,49,42,42,49,91,0.11190476190476191,12,16,14
3857282,United States,Yunus Dimoara Musah,38,42,42,38,80,0.017182539682539685,9,9,18
3857282,United States,Sergino Dest,65,63,63,65,128,0.02972789115646259,11,14,15
3857282,United States,Timothy Weah,24,27,27,24,51,0.1926190476190476,12,4,17
3857282,United States,Weston McKennie,27,27,27,27,54,0.023571428571428573,9,5,11
3857282,United States,Tyler Adams,63,49,49,63,112,0.0054421768707483,14,11,4
3857282,United States,Christian Pulisic,30,51,51,30,81,0.20459183673469386,14,8,28
3857282,United States,Matthew Charles Turner,22,17,17,22,39,0.07587301587301588,10,11,0
3857282,United States,Brenden Aaronson,17,20,20,17,37,0.05548185941043084,9,2,7
3857282,United States,Haji Wright,4,7,7,4,11,0.01650793650793651,7,1,7
3857282,United States,DeAndre Yedlin,12,11,11,12,23,0.08412698412698413,9,4,5
3857282,United States,Kellyn Kai Perry-Acosta,7,8,8,7,15,0.04004535147392291,6,1,3
3857282,United States,Jordan Morris,2,2,2,2,4,0.0016326530612244899,3,0,1
3857282,Wales,Harry Wilson,23,21,21,23,44,0.1001831501831502,10,5,12
3857282,Wales,Daniel James,7,11,11,7,18,0.06648351648351648,9,0,11
3857282,Wales,Aaron Ramsey,24,31,31,24,55,0.1279129600558172,12,4,12
3857282,Wales,Chris Mepham,46,43,43,46,89,0.10531789638932496,12,15,2
3857282,Wales,Connor Roberts,38,33,33,38,71,0.09610805860805861,12,14,18
3857282,Wales,Neco Williams,24,20,20,24,44,0.15823085644514215,11,6,12
3857282,Wales,Ben Davies,41,28,28,41,69,0.02673992673992674,10,12,1
3857282,Wales,Wayne Hennessey,22,16,16,22,38,0.06343101343101344,11,12,0
3857282,Wales,Joe Rodon,51,55,55,51,106,0.0013736263736263737,10,13,1
3857282,Wales,Ethan Ampadu,29,30,30,29,59,0.018969126111983255,11,15,6
3857282,Wales,Gareth Frank Bale,14,25,25,14,39,0.06862026862026861,10,4,13
3857282,Wales,Kieffer Roberto Francisco Moore,13,19,19,13,32,0.10602869352869355,11,4,13
3857282,Wales,Brennan Johnson,3,3,3,3,6,0.0,3,1,2
3857282,Wales,Joseff Morrell,1,0,0,1,1,0.0,1,1,0
3857282,Wales,Sorba Thomas,3,4,4,3,7,0.08644688644688646,5,1,4
3857283,Belgium,Michy Batshuayi Tunga,7,14,14,7,21,0.08492063492063492,7,0,11
3857283,Belgium,Axel Witsel,77,65,65,77,142,0.19817460317460317,14,14,9
3857283,Belgium,Toby Alderweireld,94,95,95,94,189,0.054365079365079366,11,32,6
3857283,Belgium,Amadou Onana,39,43,43,39,82,0.0011904761904761906,8,6,11
3857283,Belgium,Jan Vertonghen,97,89,89,97,186,0.02103174603174603,11,25,10
3857283,Belgium,Thomas Meunier,39,40,40,39,79,0.15674603174603174,11,11,27
3857283,Belgium,Kevin De Bruyne,45,52,52,45,97,0.012698412698412698,14,17,24
3857283,Belgium,Eden Hazard,25,33,33,25,58,0.026587301587301593,8,6,11
3857283,Belgium,Thibaut Courtois,34,19,19,34,53,0.0,7,22,0
3857283,Belgium,Timothy Castagne,65,61,61,65,126,0.024761904761904766,12,15,13
3857283,Belgium,Thorgan Hazard,30,33,33,30,63,0.2031746031746032,10,6,19
3857283,Belgium,Youri Tielemans,27,26,26,27,53,0.17468253968253972,11,6,5
3857283,Belgium,Dries Mertens,11,15,15,11,26,0.22341269841269845,8,2,7
3857283,Belgium,Leandro Trossard,10,12,12,10,22,0.05031746031746032,6,2,8
3857283,Belgium,Charles De Ketelaere,3,5,5,3,8,0.04023809523809524,4,0,2
3857283,Belgium,Romelu Lukaku Menama,1,2,2,1,3,0.0,2,0,1
3857283,Morocco,Hakim Ziyech,21,32,32,21,53,0.07795918367346939,11,6,16
3857283,Morocco,Youssef En-Nesyri,4,6,6,4,10,0.044002267573696144,7,1,6
3857283,Morocco,Selim Amallah,17,18,18,17,35,0.04654761904761905,8,0,9
3857283,Morocco,Romain Saïss,32,29,29,32,61,0.10880952380952379,12,13,0
3857283,Morocco,Nayef Aguerd,38,35,35,38,73,0.13637188208616782,13,14,1
3857283,Morocco,Achraf Hakimi Mouh,30,31,31,30,61,0.015260770975056692,9,8,5
3857283,Morocco,Sofiane Boufal,21,26,26,21,47,0.1652040816326531,11,6,14
3857283,Morocco,Sofyan Amrabat,35,30,30,35,65,0.041269841269841276,13,8,4
3857283,Morocco,Azzedine Ounahi,26,26,26,26,52,0.013378684807256236,10,2,5
3857283,Morocco,Noussair Mazraoui,28,26,26,28,54,0.031632653061224494,10,9,11
3857283,Morocco,Munir Mohand Mohamedi,18,8,8,18,26,0.04997732426303855,9,7,0
3857283,Morocco,Yahia Attiyat allah,4,5,5,4,9,0.03037414965986395,6,2,2
3857283,Morocco,Abdelhamid Sabiri,5,4,4,5,9,0.11040816326530614,8,1,1
3857283,Morocco,Abderrazak Hamdallah,3,6,6,3,9,0.04166666666666667,7,2,6
3857283,Morocco,Jawad El Yamiq,2,0,0,2,2,0.0,2,2,0
3857283,Morocco,Zakaria Aboukhlal,3,5,5,3,8,0.1284013605442177,6,1,2
3857284,Germany,Kai Havertz,17,22,22,17,39,0.13076719576719575,9,1,11
3857284,Germany,Joshua Kimmich,82,83,83,82,165,0.1177910052910053,14,19,19
3857284,Germany,Manuel Neuer,50,42,42,50,92,0.027301587301587306,7,31,0
3857284,Germany,Nico Schlotterbeck,109,96,96,109,205,0.09166666666666667,14,30,25
3857284,Germany,Antonio Rüdiger,106,104,104,106,210,0.19992063492063494,12,32,0
3857284,Germany,Niklas Süle,95,82,82,95,177,0.025396825396825397,11,28,13
3857284,Germany,Jamal Musiala,38,52,52,38,90,0.0,8,9,27
3857284,Germany,David Raum,60,59,59,60,119,0.1844973544973545,12,9,29
3857284,Germany,Serge Gnabry,39,48,48,39,87,0.05952380952380953,11,4,22
3857284,Germany,Thomas Müller,32,37,37,32,69,0.02605820105820106,10,5,18
3857284,Germany,İlkay Gündoğan,64,62,62,64,126,0.003968253968253968,10,19,13
3857284,Germany,Jonas Hofmann,15,17,17,15,32,0.05701058201058202,8,1,6
3857284,Germany,Leon Goretzka,7,8,8,7,15,0.16957671957671958,8,2,3
3857284,Germany,Mario Götze,4,4,4,4,8,0.09714285714285716,7,1,1
3857284,Germany,Niclas Füllkrug,3,6,6,3,9,0.11441798941798943,7,1,4
3857284,Germany,Youssoufa Moukoko,2,1,1,2,3,0.014021164021164023,2,0,1
3857284,Japan,Ko Itakura,22,17,17,22,39,0.02523809523809524,11,8,2
3857284,Japan,Ao Tanaka,23,28,28,23,51,0.06958049886621318,12,5,11
3857284,Japan,Daizen Maeda,2,4,4,2,6,0.03104308390022676,6,0,2
3857284,Japan,Wataru Endo,24,18,18,24,42,0.21833333333333332,13,7,5
3857284,Japan,Yuto Nagatomo,10,6,6,10,16,0.11905895691609979,8,4,5
3857284,Japan,Hiroki Sakai,17,17,17,17,34,0.06563492063492064,10,10,7
3857284,Japan,Takefusa Kubo,1,3,3,1,4,0.08873015873015874,4,0,3
3857284,Japan,Daichi Kamada,15,17,17,15,32,0.07405895691609979,10,7,8
3857284,Japan,Maya Yoshida,32,32,32,32,64,0.024285714285714285,10,9,0
3857284,Japan,Junya Ito,7,15,15,7,22,0.15111111111111114,7,1,12
3857284,Japan,Shūichi Gonda,23,18,18,23,41,0.12683673469387755,9,8,0
3857284,Japan,Takehiro Tomiyasu,18,15,15,18,33,0.020000000000000004,8,7,2
3857284,Japan,Takuma Asano,5,10,10,5,15,0.14706349206349206,9,2,7
3857284,Japan,Kaoru Mitoma,13,6,6,13,19,0.13166666666666668,9,3,4
3857284,Japan,Takumi Minamino,1,5,5,1,6,0.03507936507936508,3,0,3
3857284,Japan,Ritsu Doan,2,4,4,2,6,0.0,3,1,1
3857285,Netherlands,Vincent Janssen,9,12,12,9,21,0.05512820512820513,7,1,3
3857285,Netherlands,Frenkie de Jong,57,56,56,57,113,0.017307692307692305,12,16,13
3857285,Netherlands,Daley Blind,46,38,38,46,84,0.18525641025641026,12,11,16
3857285,Netherlands,Nathan Aké,57,58,58,57,115,0.026175213675213672,9,22,4
3857285,Netherlands,Virgil van Dijk,49,51,51,49,100,0.10833333333333332,10,11,2
3857285,Netherlands,Steven Berghuis,38,36,36,38,74,0.17628205128205127,11,10,14
3857285,Netherlands,Matthijs de Ligt,40,36,36,40,76,0.0625,10,12,5
3857285,Netherlands,Andries Noppert,25,12,12,25,37,0.0485042735042735,8,15,0
3857285,Netherlands,Denzel Dumfries,25,33,33,25,58,0.13952991452991453,11,2,20
3857285,Netherlands,Cody Mathès Gakpo,14,15,15,14,29,0.07467948717948718,9,2,6
3857285,Netherlands,Steven Bergwijn,16,22,22,16,38,0.03824786324786325,7,2,12
3857285,Netherlands,Memphis Depay,10,18,18,10,28,0.18985042735042731,9,0,11
3857285,Netherlands,Teun Koopmeiners,4,4,4,4,8,0.02564102564102564,4,3,1
3857285,Netherlands,Davy Klaassen,3,2,2,3,5,0.058974358974358966,5,0,0
3857285,Senegal,Ismaïla Sarr,14,28,28,14,42,0.13724965510679793,12,2,17
3857285,Senegal,Boulaye Dia,11,12,12,11,23,0.17778947243232956,8,1,4
3857285,Senegal,Youssouf Sabaly,61,54,54,61,115,0.0013736263736263737,12,13,15
3857285,Senegal,Nampalys Mendy,38,37,37,38,75,0.0965344179629894,11,11,3
3857285,Senegal,Krépin Diatta,32,37,37,32,69,0.0034340659340659344,9,6,11
3857285,Senegal,Idrissa Gana Gueye,36,32,32,36,68,0.16881927596213311,13,5,10
3857285,Senegal,Abdou Diallo,13,20,20,13,33,0.02710622710622711,9,3,6
3857285,Senegal,Kalidou Koulibaly,40,35,35,40,75,0.1320102516531088,14,13,0
3857285,Senegal,Cheikhou Kouyaté,21,19,19,21,40,0.0926906426906427,10,1,6
3857285,Senegal,Pape Abou Cissé,21,24,24,21,45,0.08562271062271062,12,14,0
3857285,Senegal,Edouard Mendy,27,16,16,27,43,0.01222765329908187,8,10,0
3857285,Senegal,Ismail Jakobs,10,8,8,10,18,0.02417582417582418,7,4,3
3857285,Senegal,Pape Gueye,9,9,9,9,18,0.07152014652014653,7,1,2
3857285,Senegal,Nicolas Jackson,9,9,9,9,18,0.022161172161172162,4,2,6
3857285,Senegal,Cheikh Ahmadou Bamba Mbacke Dieng,2,4,4,2,6,0.11416678559535702,6,0,3
3857286,Qatar,Almoez Ali Zainalabiddin Abdulla,7,8,8,7,15,0.18506493506493507,8,0,5
3857286,Qatar,Akram Hassan Afif,33,37,37,33,70,0.001893939393939394,9,4,16
3857286,Qatar,Hassan Khalid Al Heidos,22,30,30,22,52,0.08234126984126985,10,0,14
3857286,Qatar,Bassam Hisham Al Rawi,48,45,45,48,93,0.08910533910533912,12,20,2
3857286,Qatar,Pedro Miguel Correia,26,24,24,26,50,0.01939033189033189,9,4,16
3857286,Qatar,Boualem Khoukhi,66,62,62,66,128,0.1268939393939394,10,20,0
3857286,Qatar,Abdelkarim Hassan Al Haj Fadlalla,57,55,55,57,112,0.025703463203463204,10,18,2
3857286,Qatar,Abdulaziz Hatem Mohammed Abdullah,30,39,39,30,69,0.27534271284271283,11,8,14
3857286,Qatar,Homam Alamin Ahmed,29,25,25,29,54,0.07638888888888888,11,1,12
3857286,Qatar,Karim Boudiaf,42,39,39,42,81,0.0588023088023088,10,12,8
3857286,Qatar,Saad Abdullah Al Sheeb,17,9,9,17,26,0.159992784992785,9,6,0
3857286,Qatar,Mohammed Waed Abdulwahhab Al Bayati,2,5,5,2,7,0.1663059163059163,5,0,2
3857286,Qatar,Mohammed Muntari,3,4,4,3,7,0.0,4,0,2
3857286,Ecuador,Piero Martín Hincapié Reyna,68,66,66,68,134,0.020547706261991976,11,16,2
3857286,Ecuador,Pervis Josué Estupiñán Tenorio,60,52,52,60,112,0.18986568986568989,13,14,16
3857286,Ecuador,Angelo Smit Preciado Quiñónez,42,31,31,42,73,0.08802982731554161,13,16,8
3857286,Ecuador,Michael Steveen Estrada Martínez,12,22,22,12,34,0.12595063666492237,11,4,15
3857286,Ecuador,Felix Eduardo Torres Caicedo,50,50,50,50,100,0.10277341705913136,10,12,0
3857286,Ecuador,Enner Remberto Valencia Lastra,14,26,26,14,40,0.04610151753008897,8,1,15
3857286,Ecuador,Jhegson Sebastián Méndez Carabalí,76,67,67,76,143,0.0061486132914704335,11,17,1
3857286,Ecuador,Moisés Isaac Caicedo Corozo,44,40,40,44,84,0.0013736263736263737,11,8,6
3857286,Ecuador,Romario Andrés Ibarra Mina,11,13,13,11,24,0.024341531484388626,7,2,9
3857286,Ecuador,Hernán Ismael Galíndez,10,7,7,10,17,0.026159951159951157,8,6,0
3857286,Ecuador,Gonzalo Jordy Plata Jiménez,27,34,34,27,61,0.14860457003314145,12,2,18
3857286,Ecuador,Jeremy Leonel Sarmiento Morante,6,6,6,6,12,0.06674079888365603,6,1,4
3857286,Ecuador,José Adoni Cifuentes Charcopa,6,11,11,6,17,0.05594802023373452,7,0,7
3857286,Ecuador,Alan Steven Franco Palma,6,6,6,6,12,0.12045177045177045,7,2,0
3857286,Ecuador,Kevin José Rodríguez Cortez,0,1,1,0,1,0.0,1,0,0
3857287,South Korea,Ui-Jo Hwang,6,10,10,6,16,0.21759259259259253,7,0,6
3857287,South Korea,Woo-Young Jung,46,41,41,46,87,0.0794871794871795,12,11,7
3857287,South Korea,Young-Gwon Kim,33,34,34,33,67,0.051709401709401706,10,16,1
3857287,South Korea,Sang-Ho Na,13,24,24,13,37,0.009615384615384616,7,0,15
3857287,South Korea,Min Jae Kim,44,40,40,44,84,0.0547008547008547,11,19,1
3857287,South Korea,Seung-Gyu Kim,19,12,12,19,31,0.025997150997150994,7,10,0
3857287,South Korea,In-Beom Hwang,46,48,48,46,94,0.12019230769230768,13,13,9
3857287,South Korea,Jae-Sung Lee,32,28,28,32,60,0.0,9,3,10
3857287,South Korea,Jin-Su Kim,19,17,17,19,36,0.03258547008547008,9,6,10
3857287,South Korea,Heung-Min Son,19,32,32,19,51,0.2540242165242165,12,1,10
3857287,South Korea,Moon-Hwan Kim,52,36,36,52,88,0.040491452991452986,11,8,7
3857287,South Korea,Jun-Ho Son,10,11,11,10,21,0.006089743589743589,8,3,2
3857287,South Korea,Kang-In Lee,8,9,9,8,17,0.04006410256410257,6,2,5
3857287,South Korea,Gue-Sung Cho,4,9,9,4,13,0.04526353276353277,8,0,9
3857287,Uruguay,Matías Vecino Falero,33,31,31,33,64,0.05743066457352171,10,6,7
3857287,Uruguay,Rodrigo Bentancur Colmán,68,67,67,68,135,0.015293040293040294,13,15,11
3857287,Uruguay,Mathías Olivera Miramontes,40,28,28,40,68,0.031691522762951334,9,10,16
3857287,Uruguay,Darwin Gabriel Núñez Ribeiro,13,26,26,13,39,0.3200811093668237,12,2,18
3857287,Uruguay,Luis Alberto Suárez Díaz,7,16,16,7,23,0.0173992673992674,7,0,11
3857287,Uruguay,José Martín Cáceres Silva,68,59,59,68,127,0.11147305075876503,12,21,4
3857287,Uruguay,Diego Roberto Godín Leal,66,66,66,66,132,0.08722527472527473,12,14,3
3857287,Uruguay,José María Giménez de Vargas,67,68,68,67,135,0.047534013605442176,13,26,8
3857287,Uruguay,Sergio Rochet Álvarez,19,12,12,19,31,0.03618524332810047,6,12,0
3857287,Uruguay,Federico Santiago Valverde Dipetta,51,52,52,51,103,0.07386839351125066,12,11,11
3857287,Uruguay,Facundo Pellistri Rebollo,16,19,19,16,35,0.11456698063840923,8,1,16
3857287,Uruguay,Edinson Roberto Cavani Gómez,6,9,9,6,15,0.09546703296703297,7,0,5
3857287,Uruguay,Diego Nicolás De La Cruz Arcosa,10,13,13,10,23,0.06227106227106228,8,0,6
3857287,Uruguay,Matías Nicolás Viña Susperreguy,8,6,6,8,14,0.058150183150183145,6,2,3
3857287,Uruguay,Guillermo Varela Olivera,3,3,3,3,6,0.02972265829408687,5,1,2
3857288,Australia,Riley McGree,14,19,19,14,33,0.05992063492063492,9,1,8
3857288,Australia,Aaron Mooy,38,29,29,38,67,0.19929705215419505,11,17,3
3857288,Australia,Aziz Eraltay Behich,28,29,29,28,57,0.2052154195011338,11,8,9
3857288,Australia,Kye Rowles,25,18,18,25,43,0.0031746031746031746,8,7,0
3857288,Australia,Fran Karačić,23,15,15,23,38,0.041666666666666664,9,12,7
3857288,Australia,Mitchell Thomas Duke,10,21,21,10,31,0.0051587301587301595,9,2,14
3857288,Australia,Harry Souttar,25,20,20,25,45,0.023174603174603174,10,14,0
3857288,Australia,Jackson Irvine,29,20,20,29,49,0.14346938775510207,12,6,4
3857288,Australia,Craig Goodwin,21,30,30,21,51,0.06354875283446713,9,7,18
3857288,Australia,Mathew Leckie,20,30,30,20,50,0.027539682539682538,10,4,17
3857288,Australia,Mathew Ryan,17,14,14,17,31,0.1054421768707483,9,12,0
3857288,Australia,Ajdin Hrustic,10,14,14,10,24,0.15732426303854877,9,1,5
3857288,Australia,Jamie MacLaren,5,8,8,5,13,0.10378684807256235,7,0,7
3857288,Australia,Miloš Degenek,5,2,2,5,7,0.014682539682539684,3,4,1
3857288,Australia,Keanu Baccus,3,3,3,3,6,0.09019274376417234,4,1,1
3857288,Australia,Awer Denis Bul Mabil,1,2,2,1,3,0.034693877551020415,2,0,2
3857288,Tunisia,Montassar Omar Talbi,52,42,42,52,94,0.07914704343275772,12,21,2
3857288,Tunisia,Issam Jebali,11,13,13,11,24,0.14722658294086863,11,0,8
3857288,Tunisia,Aïssa Bilal Laïdouni,24,23,23,24,47,0.0409689516832374,11,9,9
3857288,Tunisia,Youssef Msakni,31,43,43,31,74,0.016666666666666666,13,7,27
3857288,Tunisia,Yassine Meriah,62,64,64,62,126,0.03885400313971743,13,15,1
3857288,Tunisia,Ellyes Joris Skhiri,49,41,41,49,90,0.11054421768707484,14,19,8
3857288,Tunisia,Dylan Daniel Mahmoud Bronn,41,39,39,41,80,0.0761250654107797,11,9,5
3857288,Tunisia,Aymen Dahmen,15,13,13,15,28,0.05370225013082156,10,9,0
3857288,Tunisia,Mohamed Dräger,12,12,12,12,24,0.15673294959009246,9,1,4
3857288,Tunisia,Naïm Sliti,23,32,32,23,55,0.12827926042211757,14,7,17
3857288,Tunisia,Ali Abdi,44,38,38,44,82,0.04918890633176348,12,12,24
3857288,Tunisia,Ferjani Sassi,24,24,24,24,48,0.08601081458224315,11,9,5
3857288,Tunisia,Wahbi Khazri,4,11,11,4,15,0.06399354613640328,7,1,5
3857288,Tunisia,Wajdi Kechrida,13,10,10,13,23,0.05228065585208442,8,4,7
3857288,Tunisia,Taha Yassine Khenissi,1,1,1,1,2,0.006126809698238271,2,0,1
3857289,Mexico,José Andrés Guardado Hernández,11,10,10,11,21,0.024045002616431194,8,2,3
3857289,Mexico,Héctor Miguel Herrera López,37,27,27,37,64,0.10567765567765568,12,4,4
3857289,Mexico,Jesús Daniel Gallardo Vasconcelos,19,17,17,19,36,0.3196101517530089,10,4,5
3857289,Mexico,Héctor Alfredo Moreno Herrera,38,36,36,38,74,0.03603479853479854,12,16,4
3857289,Mexico,Hirving Rodrigo Lozano Bahena,3,13,13,3,16,0.028165881737310314,9,1,7
3857289,Mexico,Néstor Alejandro Araújo Razo,47,38,38,47,85,0.11611721611721612,11,17,7
3857289,Mexico,Kevin Nahin Álvarez Campos,15,13,13,15,28,0.05238095238095238,7,2,10
3857289,Mexico,Ernesto Alexis Vega Rojas,3,6,6,3,9,0.10091575091575093,4,1,5
3857289,Mexico,Luis Gerardo Chávez Magallón,21,24,24,21,45,0.13398744113029828,13,3,7
3857289,Mexico,César Jasib Montes Castro,49,49,49,49,98,0.042582417582417584,11,14,3
3857289,Mexico,Francisco Guillermo Ochoa Magaña,20,17,17,20,37,0.04542124542124542,7,9,0
3857289,Mexico,Érick Gabriel Gutiérrez Galaviz,25,25,25,25,50,0.10690737833594978,8,3,5
3857289,Mexico,Raúl Alonso Jiménez Rodríguez,8,10,10,8,18,0.034170591313448455,8,2,5
3857289,Mexico,Carlos Uriel Antuna Romero,3,8,8,3,11,0.020427786499215072,5,0,7
3857289,Mexico,Roberto Carlos Alvarado Hernández,5,11,11,5,16,0.0327577184720042,5,0,6
3857289,Argentina,Damián Emiliano Martínez,18,12,12,18,30,0.1288888888888889,9,8,0
3857289,Argentina,Nicolás Hernán Otamendi,76,68,68,76,144,0.031746031746031744,12,28,3
3857289,Argentina,Gonzalo Ariel Montiel,49,43,43,49,92,0.0453968253968254,10,9,24
3857289,Argentina,Ángel Fabián Di María Hernández,21,34,34,21,55,0.07976190476190477,11,3,19
3857289,Argentina,Marcos Javier Acuña,28,25,25,28,53,0.18492063492063496,13,4,9
3857289,Argentina,Lautaro Javier Martínez,3,9,9,3,12,0.03190476190476191,7,0,7
3857289,Argentina,Lisandro Martínez,48,49,49,48,97,0.032539682539682535,11,17,11
3857289,Argentina,Rodrigo Javier De Paul,59,59,59,59,118,0.004761904761904762,12,8,13
3857289,Argentina,Guido Rodríguez,54,54,54,54,108,0.002936507936507937,10,20,2
3857289,Argentina,Lionel Andrés Messi Cuccittini,38,46,46,38,84,0.16865079365079366,14,10,7
3857289,Argentina,Alexis Mac Allister,34,36,36,34,70,0.08404761904761907,10,6,17
3857289,Argentina,Enzo Fernandez,23,20,20,23,43,0.22944444444444445,13,5,1
3857289,Argentina,Nahuel Molina Lucero,10,8,8,10,18,0.13523809523809527,7,3,4
3857289,Argentina,Exequiel Alejandro Palacios,6,3,3,6,9,0.0,4,1,1
3857289,Argentina,Julián Álvarez,6,7,7,6,13,0.06904761904761905,6,0,4
3857289,Argentina,Cristian Gabriel Romero,3,3,3,3,6,0.014404761904761906,3,0,0
3857290,Switzerland,Xherdan Shaqiri,24,33,33,24,57,0.024206349206349207,9,9,13
3857290,Switzerland,Manuel Obafemi Akanji,58,53,53,58,111,0.003968253968253968,12,26,4
3857290,Switzerland,Granit Xhaka,38,41,41,38,79,0.13060090702947846,14,14,9
3857290,Switzerland,Nico Elvedi,65,53,53,65,118,0.1651587301587302,14,15,2
3857290,Switzerland,Djibril Sow,31,33,33,31,64,0.024761904761904766,10,5,12
3857290,Switzerland,Ricardo Iván Rodríguez Araya,49,42,42,49,91,0.025283446712018143,11,15,10
3857290,Switzerland,Remo Freuler,59,54,54,59,113,0.04753968253968255,14,11,6
3857290,Switzerland,Silvan Widmer,42,40,40,42,82,0.11080498866213152,12,11,15
3857290,Switzerland,Ruben Vargas,24,32,32,24,56,0.0703798185941043,10,1,18
3857290,Switzerland,Breel-Donald Embolo,14,24,24,14,38,0.04404761904761905,9,1,20
3857290,Switzerland,Yann Sommer,30,19,19,30,49,0.0673469387755102,7,14,0
3857290,Switzerland,Noah Okafor,9,13,13,9,22,0.10394557823129252,8,0,9
3857290,Switzerland,Fabian Frei,7,9,9,7,16,0.1690589569160998,7,1,0
3857290,Switzerland,Haris Seferović,4,7,7,4,11,0.05385487528344672,6,0,5
3857290,Switzerland,Fabian Rieder,5,6,6,5,11,0.08204648526077098,5,1,1
3857290,Switzerland,Eray Ervin Cömert,2,2,2,2,4,0.0,2,1,1
3857290,Cameroon,Ngoran Suiru Fai Collins,40,44,44,40,84,0.14522283272283273,11,16,11
3857290,Cameroon,Bryan Mbeumo,31,41,41,31,72,0.10987484737484739,11,4,22
3857290,Cameroon,Nicolas Alexis Julio N'Koulou Ndoubena,52,51,51,52,103,0.19404761904761905,12,16,0
3857290,Cameroon,Samuel Yves Oum Gwet,48,36,36,48,84,0.06410256410256411,12,10,4
3857290,Cameroon,Martin Hongla Yma II,30,32,32,30,62,0.012728937728937729,9,9,12
3857290,Cameroon,André-Frank Zambo Anguissa,56,58,58,56,114,0.004304029304029304,12,16,18
3857290,Cameroon,André Onana,44,38,38,44,82,0.04926739926739927,10,17,0
3857290,Cameroon,Nouhou Tolo,40,32,32,40,72,0.11694139194139196,13,9,12
3857290,Cameroon,Karl Brillant Toko Ekambi,27,28,28,27,55,0.0,8,3,14
3857290,Cameroon,Jean-Charles Castelletto,39,41,41,39,80,0.018315018315018316,12,15,4
3857290,Cameroon,Jean-Eric Maxim Choupo-Moting,15,17,17,15,32,0.08058608058608059,9,4,11
3857290,Cameroon,Georges-Kévin Nkoudou Mbida,3,6,6,3,9,0.06684981684981685,6,1,2
3857290,Cameroon,Vincent Paté Aboubakar,6,8,8,6,14,0.1405677655677656,9,0,7
3857290,Cameroon,Gaël Ondoua,7,4,4,7,11,0.2102716727716728,9,2,2
3857290,Cameroon,Nicolas Moumi Ngamaleu,2,4,4,2,6,0.0,5,0,3
3857291,Spain,Pablo Martín Páez Gavira,66,75,75,66,141,0.1392063492063492,14,8,23
3857291,Spain,Aymeric Laporte,143,135,135,143,278,0.057460317460317455,14,56,4
3857291,Spain,César Azpilicueta Tanco,99,88,88,99,187,0.06539682539682541,13,25,13
3857291,Spain,Rodrigo Hernández Cascante,139,125,125,139,264,0.08468253968253969,13,45,4
3857291,Spain,Jordi Alba Ramos,110,100,100,110,210,0.07920634920634921,11,19,37
3857291,Spain,Daniel Olmo Carvajal,59,70,70,59,129,0.1265873015873016,12,3,42
3857291,Spain,Sergio Busquets i Burgos,88,83,83,88,171,0.00873015873015873,11,19,14
3857291,Spain,Pedro González López,85,84,84,85,169,0.0,9,18,21
3857291,Spain,Ferrán Torres García,19,29,29,19,48,0.09142857142857143,8,1,16
3857291,Spain,Unai Simón Mendibil,33,31,31,33,64,0.14182539682539683,10,16,0
3857291,Spain,Marco Asensio Willemsen,32,45,45,32,77,0.06071428571428572,11,3,14
3857291,Spain,Carlos Soler Barragán,43,41,41,43,84,0.07071428571428572,12,9,15
3857291,Spain,Álvaro Borja Morata Martín,7,12,12,7,19,0.17761904761904762,10,1,8
3857291,Spain,Alejandro Balde Martínez,31,31,31,31,62,0.011904761904761906,8,9,14
3857291,Spain,Jorge Resurrección Merodio,48,49,49,48,97,0.0911904761904762,10,6,6
3857291,Spain,Nicholas Williams Arthuer,7,11,11,7,18,0.0,4,1,8
3857291,Costa Rica,Bryan Oviedo,12,14,14,12,26,0.10883219954648526,10,5,5
3857291,Costa Rica,Yeltsin Ignacio Tejeda Valverde,12,9,9,12,21,0.18658730158730158,13,4,0
3857291,Costa Rica,Celso Borges Mora,16,11,11,16,27,0.017556689342403634,9,9,4
3857291,Costa Rica,Jewison Bennette,3,9,9,3,12,0.029580498866213157,7,0,4
3857291,Costa Rica,Carlos Manuel Martínez Castro,10,6,6,10,16,0.02142857142857143,6,3,2
3857291,Costa Rica,Joel Nathaniel Campbell Samuels,17,24,24,17,41,0.0927607709750567,14,1,16
3857291,Costa Rica,Francisco Javier Calvo Quesada,18,16,16,18,34,0.11323129251700681,11,10,0
3857291,Costa Rica,Óscar Esau Duarte Gaitán,18,18,18,18,36,0.04204081632653062,12,7,1
3857291,Costa Rica,Anthony Daniel Contreras Enríquez,4,6,6,4,10,0.08445578231292519,6,0,5
3857291,Costa Rica,Keylor Navas Gamboa,13,7,7,13,20,0.07086167800453516,10,7,0
3857291,Costa Rica,Keysher Fuller Spence,10,12,12,10,22,0.05175736961451247,9,4,6
3857291,Costa Rica,Kendall Jamaal Waston Manley,11,8,8,11,19,0.04184807256235828,9,3,3
3857291,Costa Rica,Bryan Ruiz González,8,10,10,8,18,0.02691609977324263,9,0,7
3857291,Costa Rica,Álvaro José Zamora Mata,5,7,7,5,12,0.029467120181405897,6,1,5
3857291,Costa Rica,Brandon Aguilera Zamora,6,6,6,6,12,0.03569160997732427,7,2,1
3857291,Costa Rica,Ronald Alberto Matarrita Ulate,9,9,9,9,18,0.041910430839002276,8,3,0
3857292,Germany,Thomas Müller,14,21,21,14,35,0.12639455782312925,11,2,10
3857292,Germany,Antonio Rüdiger,80,67,67,80,147,0.12726757369614514,14,32,4
3857292,Germany,Joshua Kimmich,117,109,109,117,226,0.005952380952380953,15,35,37
3857292,Germany,İlkay Gündoğan,71,68,68,71,139,0.0011904761904761906,11,23,12
3857292,Germany,Manuel Neuer,29,18,18,29,47,0.11777777777777779,10,26,0
3857292,Germany,Niklas Süle,97,90,90,97,187,0.05952380952380953,14,44,12
3857292,Germany,David Raum,58,49,49,58,107,0.0071428571428571435,9,4,31
3857292,Germany,Jamal Musiala,39,60,60,39,99,0.07476190476190477,14,7,24
3857292,Germany,Serge Gnabry,34,42,42,34,76,0.1277777777777778,14,6,19
3857292,Germany,Leon Goretzka,20,23,23,20,43,0.05404761904761905,8,2,8
3857292,Germany,Leroy Sané,41,48,48,41,89,0.04261904761904762,12,7,19
3857292,Germany,Lukas Klostermann,38,31,31,38,69,0.08917233560090702,12,7,6
3857292,Germany,Niclas Füllkrug,8,14,14,8,22,0.15116780045351472,10,1,7
3857292,Germany,Mario Götze,11,11,11,11,22,0.012471655328798186,9,4,7
3857292,Germany,Kai Havertz,9,15,15,9,24,0.16934240362811795,10,3,8
3857292,Germany,Matthias Ginter,3,3,3,3,6,0.0,3,2,1
3857292,Costa Rica,Keylor Navas Gamboa,21,9,9,21,30,0.0446031746031746,9,13,0
3857292,Costa Rica,Celso Borges Mora,31,26,26,31,57,0.04163265306122449,12,9,8
3857292,Costa Rica,Joel Nathaniel Campbell Samuels,50,69,69,50,119,0.044535147392290246,15,12,34
3857292,Costa Rica,Juan Pablo Vargas Campos,22,16,16,22,38,0.12642857142857142,11,11,1
3857292,Costa Rica,Óscar Esau Duarte Gaitán,12,16,16,12,28,0.21260770975056695,10,3,0
3857292,Costa Rica,Kendall Jamaal Waston Manley,16,15,15,16,31,0.0723015873015873,10,10,1
3857292,Costa Rica,Keysher Fuller Spence,15,17,17,15,32,0.027426303854875284,8,3,8
3857292,Costa Rica,Johan Alberto Venegas Ulloa,11,13,13,11,24,0.06425170068027213,7,1,8
3857292,Costa Rica,Brandon Aguilera Zamora,14,16,16,14,30,0.006394557823129253,7,3,6
3857292,Costa Rica,Yeltsin Ignacio Tejeda Valverde,24,28,28,24,52,0.0946825396825397,12,11,6
3857292,Costa Rica,Bryan Oviedo,25,18,18,25,43,0.06017006802721089,8,6,8
3857292,Costa Rica,Youstin Delfin Salas Gómez,15,6,6,15,21,0.0,6,9,0
3857292,Costa Rica,Ronald Alberto Matarrita Ulate,11,13,13,11,24,0.29382086167800453,9,5,3
3857292,Costa Rica,Jewison Bennette,6,11,11,6,17,0.021281179138321997,6,0,9
3857292,Costa Rica,Roan Roberto Wilson Gordon,6,6,6,6,12,0.052505668934240364,5,0,1
3857292,Costa Rica,Anthony Daniel Contreras Enríquez,5,5,5,5,10,0.0,5,0,3
3857293,Uruguay,Luis Alberto Suárez Díaz,14,21,21,14,35,0.07717893217893218,9,2,8
3857293,Uruguay,Federico Santiago Valverde Dipetta,63,62,62,63,125,0.13424603174603178,15,25,10
3857293,Uruguay,Mathías Olivera Miramontes,41,31,31,41,72,0.05356421356421358,12,7,9
3857293,Uruguay,Giorgian Daniel De Arrascaeta Benedetti,14,28,28,14,42,0.02380952380952381,12,2,14
3857293,Uruguay,Darwin Gabriel Núñez Ribeiro,12,19,19,12,31,0.027301587301587306,9,1,16
3857293,Uruguay,José María Giménez de Vargas,33,23,23,33,56,0.05373015873015873,10,14,2
3857293,Uruguay,Guillermo Varela Olivera,36,41,41,36,77,0.047020202020202025,12,13,18
3857293,Uruguay,Facundo Pellistri Rebollo,10,17,17,10,27,0.11725108225108227,8,2,11
3857293,Uruguay,Sergio Rochet Álvarez,19,9,9,19,28,0.06895743145743147,9,13,0
3857293,Uruguay,Sebastián Coates Nión,40,36,36,40,76,0.01277777777777778,12,11,2
3857293,Uruguay,Rodrigo Bentancur Colmán,17,11,11,17,28,0.04111111111111111,8,5,1
3857293,Uruguay,Matías Vecino Falero,38,35,35,38,73,0.13276695526695528,13,11,5
3857293,Uruguay,Diego Nicolás De La Cruz Arcosa,10,10,10,10,20,0.026702741702741704,8,4,4
3857293,Uruguay,Edinson Roberto Cavani Gómez,10,11,11,10,21,0.08633838383838384,10,2,9
3857293,Uruguay,Agustín Canobbio Graviz,5,6,6,5,11,0.1172907647907648,6,2,2
3857293,Uruguay,Maximiliano Gómez González,2,4,4,2,6,0.03571428571428572,5,0,3
3857293,Ghana,André Ayew Pelé,6,11,11,6,17,0.03865079365079366,8,1,9
3857293,Ghana,Iñaki Williams Arthuer,10,11,11,10,21,0.20204081632653062,10,1,9
3857293,Ghana,Thomas Teye Partey,63,61,61,63,124,0.07560090702947847,14,23,9
3857293,Ghana,Alidu Seidu,41,32,32,41,73,0.11126984126984128,11,13,13
3857293,Ghana,Daniel Amartey,47,40,40,47,87,0.09312925170068027,12,18,1
3857293,Ghana,Mohamed Salisu,42,44,44,42,86,0.1133219954648526,12,20,4
3857293,Ghana,Jordan Ayew,6,8,8,6,14,0.08155328798185942,6,0,5
3857293,Ghana,Abdul Rahman Baba,43,34,34,43,77,0.0015873015873015873,10,13,17
3857293,Ghana,Salis Abdul Samed,46,48,48,46,94,0.052142857142857144,11,10,4
3857293,Ghana,Lawrence Ati-Zigi,19,8,8,19,27,0.09518140589569161,8,14,0
3857293,Ghana,Mohammed Kudus,27,37,37,27,64,0.10717687074829932,13,6,19
3857293,Ghana,Osman Bukari,10,12,12,10,22,0.0028231292517006804,6,0,10
3857293,Ghana,Kamaldeen Sulemana,9,22,22,9,31,0.04015873015873016,9,0,15
3857293,Ghana,Daniel-Kofi Kyereh,14,13,13,14,27,0.17280045351473924,8,3,4
3857293,Ghana,Antoine Semenyo,1,2,2,1,3,0.010090702947845805,3,0,2
3857293,Ghana,Abdul Fatawu Issahaku,0,1,1,0,1,0.0,1,0,1
3857294,Netherlands,Memphis Depay,27,39,39,27,66,0.03142857142857143,9,2,24
3857294,Netherlands,Frenkie de Jong,87,91,91,87,178,0.013492063492063493,12,17,21
3857294,Netherlands,Marten de Roon,56,60,60,56,116,0.04357142857142858,11,9,5
3857294,Netherlands,Nathan Aké,97,89,89,97,186,0.054126984126984135,13,32,5
3857294,Netherlands,Daley Blind,102,96,96,102,198,0.0015873015873015873,13,19,27
3857294,Netherlands,Virgil van Dijk,80,72,72,80,152,0.09857142857142857,12,36,3
3857294,Netherlands,Jurriën David Norman Timber,107,100,100,107,207,0.059682539682539684,14,21,21
3857294,Netherlands,Davy Klaassen,27,32,32,27,59,0.056111111111111105,9,2,10
3857294,Netherlands,Cody Mathès Gakpo,29,42,42,29,71,0.0,9,1,17
3857294,Netherlands,Denzel Dumfries,48,47,47,48,95,0.06071428571428572,11,9,30
3857294,Netherlands,Andries Noppert,27,11,11,27,38,0.06436507936507936,9,22,0
3857294,Netherlands,Steven Berghuis,28,32,32,28,60,0.2364285714285714,12,3,2
3857294,Netherlands,Vincent Janssen,7,10,10,7,17,0.14634920634920634,8,0,4
3857294,Netherlands,Teun Koopmeiners,14,15,15,14,29,0.051349206349206346,7,4,2
3857294,Netherlands,Kenneth Taylor,9,8,8,9,17,0.14714285714285716,7,1,5
3857294,Netherlands,Wout Weghorst,2,3,3,2,5,0.0031746031746031746,4,0,2
3857294,Qatar,Meshaal Aissa Barsham,17,15,15,17,32,0.14413832199546484,9,4,0
3857294,Qatar,Boualem Khoukhi,44,46,46,44,90,0.10291383219954647,13,15,3
3857294,Qatar,Pedro Miguel Correia,34,37,37,34,71,0.1953968253968254,13,10,4
3857294,Qatar,Abdelkarim Hassan Al Haj Fadlalla,34,36,36,34,70,0.09376984126984127,12,10,7
3857294,Qatar,Ismaeel Mohammad Mohammad,25,25,25,25,50,0.01650793650793651,8,0,11
3857294,Qatar,Hassan Khalid Al Heidos,20,21,21,20,41,0.060810657596371887,9,7,3
3857294,Qatar,Assim Omer Al Haj Madibo,24,17,17,24,41,0.01682539682539683,9,3,0
3857294,Qatar,Akram Hassan Afif,68,68,68,68,136,0.0,13,14,22
3857294,Qatar,Homam Alamin Ahmed,24,21,21,24,45,0.17691609977324263,12,5,7
3857294,Qatar,Abdulaziz Hatem Mohammed Abdullah,35,38,38,35,73,0.018888888888888893,11,7,10
3857294,Qatar,Almoez Ali Zainalabiddin Abdulla,13,13,13,13,26,0.07666666666666666,8,1,2
3857294,Qatar,Karim Boudiaf,21,19,19,21,40,0.09238095238095238,9,8,1
3857294,Qatar,Mohammed Muntari,12,14,14,12,26,0.14365079365079367,10,1,7
3857294,Qatar,Ali Assadalla Thaimn Qambar,22,22,22,22,44,0.013412698412698414,8,1,5
3857294,Qatar,Mosaab Khoder Jibril,3,3,3,3,6,0.0,1,0,3
3857294,Qatar,Ahmed Alaa Eldin Abdelmotaal,0,1,1,0,1,0.0,1,0,1
3857295,Costa Rica,Joel Nathaniel Campbell Samuels,38,45,45,38,83,0.0766025641025641,10,7,21
3857295,Costa Rica,Francisco Javier Calvo Quesada,67,59,59,67,126,0.15641025641025638,12,23,3
3857295,Costa Rica,Óscar Esau Duarte Gaitán,38,36,36,38,74,0.03205128205128205,10,10,0
3857295,Costa Rica,Kendall Jamaal Waston Manley,38,38,38,38,76,0.08653846153846154,10,7,2
3857295,Costa Rica,Keylor Navas Gamboa,21,17,17,21,38,0.04764957264957265,8,7,0
3857295,Costa Rica,Bryan Oviedo,31,30,30,31,61,0.00641025641025641,9,6,13
3857295,Costa Rica,Celso Borges Mora,47,45,45,47,92,0.09722222222222222,10,15,5
3857295,Costa Rica,Yeltsin Ignacio Tejeda Valverde,43,42,42,43,85,0.16559829059829062,12,7,9
3857295,Costa Rica,Anthony Daniel Contreras Enríquez,8,11,11,8,19,0.0219017094017094,8,0,10
3857295,Costa Rica,Gerson Torres Barrantes,17,19,19,17,36,0.18856837606837604,8,0,7
3857295,Costa Rica,Keysher Fuller Spence,18,19,19,18,37,0.11741452991452991,10,3,8
3857295,Costa Rica,Brandon Aguilera Zamora,5,9,9,5,14,0.20598290598290597,6,0,5
3857295,Costa Rica,Jewison Bennette,2,3,3,2,5,0.00908119658119658,3,0,1
3857295,Costa Rica,Daniel Alonso Chacón Salas,1,1,1,1,2,0.012499999999999999,2,0,1
3857295,Japan,Hidemasa Morita,59,61,61,59,120,0.09021164021164021,15,18,11
3857295,Japan,Ayase Ueda,7,16,16,7,23,0.02738095238095238,9,1,15
3857295,Japan,Yuki Soma,13,14,14,13,27,0.18095238095238098,11,3,10
3857295,Japan,Yuto Nagatomo,41,34,34,41,75,0.004761904761904762,7,17,6
3857295,Japan,Daichi Kamada,26,37,37,26,63,0.14685185185185187,13,3,20
3857295,Japan,Wataru Endo,72,77,77,72,149,0.09690476190476192,15,14,17
3857295,Japan,Ritsu Doan,10,13,13,10,23,0.03732804232804233,7,1,3
3857295,Japan,Shūichi Gonda,19,11,11,19,30,0.06441798941798942,7,10,0
3857295,Japan,Maya Yoshida,112,104,104,112,216,0.01650793650793651,11,39,2
3857295,Japan,Miki Yamane,25,13,13,25,38,0.17444444444444446,9,5,7
3857295,Japan,Ko Itakura,64,62,62,64,126,0.11825396825396826,13,15,7
3857295,Japan,Hiroki Ito,58,50,50,58,108,0.040793650793650806,10,11,19
3857295,Japan,Takuma Asano,5,8,8,5,13,0.2034126984126984,8,0,4
3857295,Japan,Kaoru Mitoma,11,14,14,11,25,0.02952380952380953,5,0,9
3857295,Japan,Junya Ito,2,8,8,2,10,0.0,7,0,5
3857295,Japan,Takumi Minamino,3,5,5,3,8,0.0629100529100529,5,0,2
3857296,Croatia,Mateo Kovačić,59,62,62,59,121,0.08963675213675212,10,6,17
3857296,Croatia,Marcelo Brozović,79,72,72,79,151,0.09284188034188035,12,21,9
3857296,Croatia,Luka Modrić,45,48,48,45,93,0.07393162393162392,12,16,12
3857296,Croatia,Ivan Perišić,33,43,43,33,76,0.04658119658119658,10,4,25
3857296,Croatia,Josip Juranović,42,41,41,42,83,0.19316239316239314,12,17,18
3857296,Croatia,Dejan Lovren,40,41,41,40,81,0.036752136752136746,10,18,0
3857296,Croatia,Dominik Livaković,28,16,16,28,44,0.08760683760683761,9,10,0
3857296,Croatia,Borna Sosa,74,71,71,74,145,0.04059829059829059,10,23,30
3857296,Croatia,Marko Livaja,9,15,15,9,24,0.1766025641025641,8,2,10
3857296,Croatia,Andrej Kramarić,29,31,31,29,60,0.019230769230769232,8,3,11
3857296,Croatia,Joško Gvardiol,59,47,47,59,106,0.02670940170940171,11,25,0
3857296,Croatia,Bruno Petković,12,21,21,12,33,0.32478632478632474,10,1,11
3857296,Croatia,Mario Pašalić,4,4,4,4,8,0.00641025641025641,4,1,3
3857296,Croatia,Lovro Majer,1,2,2,1,3,0.00641025641025641,2,0,1
3857296,Belgium,Yannick Ferreira Carrasco,26,32,32,26,58,0.02298185941043084,10,2,23
3857296,Belgium,Dries Mertens,13,18,18,13,31,0.05805555555555556,9,3,8
3857296,Belgium,Timothy Castagne,77,68,68,77,145,0.016825396825396827,13,24,8
3857296,Belgium,Axel Witsel,47,44,44,47,91,0.05280045351473923,14,6,10
3857296,Belgium,Leandro Trossard,22,31,31,22,53,0.04642857142857143,11,4,18
3857296,Belgium,Thomas Meunier,53,57,57,53,110,0.1439795918367347,14,9,31
3857296,Belgium,Kevin De Bruyne,26,31,31,26,57,0.09803854875283448,14,8,10
3857296,Belgium,Toby Alderweireld,81,81,81,81,162,0.055045351473922914,14,28,5
3857296,Belgium,Thibaut Courtois,33,21,21,33,54,0.031122448979591835,12,14,0
3857296,Belgium,Jan Vertonghen,85,75,75,85,160,0.11309523809523811,13,22,3
3857296,Belgium,Leander Dendoncker,44,42,42,44,86,0.027222222222222224,9,13,5
3857296,Belgium,Romelu Lukaku Menama,6,9,9,6,15,0.040804988662131524,7,0,4
3857296,Belgium,Thorgan Hazard,11,10,10,11,21,0.09393990929705216,11,3,2
3857296,Belgium,Youri Tielemans,10,8,8,10,18,0.1181746031746032,8,2,0
3857296,Belgium,Jeremy Doku,8,14,14,8,22,0.11299319727891159,10,0,10
3857296,Belgium,Eden Hazard,1,2,2,1,3,0.010317460317460317,3,0,1
3857297,Poland,Piotr Zieliński,16,18,18,16,34,0.05284090909090909,8,4,5
3857297,Poland,Jakub Piotr Kiwior,30,30,30,30,60,0.013834776334776333,10,7,3
3857297,Poland,Matty Cash,29,29,29,29,58,0.019917929292929293,10,8,8
3857297,Poland,Przemysław Frankowski,20,22,22,20,42,0.23402326839826837,11,7,8
3857297,Poland,Robert Lewandowski,16,31,31,16,47,0.14141414141414144,12,4,19
3857297,Poland,Krystian Bielik,28,19,19,28,47,0.1471861471861472,12,5,4
3857297,Poland,Wojciech Szczęsny,26,17,17,26,43,0.05429292929292929,9,17,0
3857297,Poland,Bartosz Bereszyński,22,19,19,22,41,0.03208874458874459,9,7,7
3857297,Poland,Kamil Glik,27,20,20,27,47,0.006764069264069264,7,6,0
3857297,Poland,Arkadiusz Milik,13,17,17,13,30,0.07859848484848485,10,1,9
3857297,Poland,Grzegorz Krychowiak,20,18,18,20,38,0.11698232323232323,10,8,3
3857297,Poland,Jakub Kamiński,10,11,11,10,21,0.015404040404040404,6,3,7
3857297,Poland,Krzysztof Piątek,2,8,8,2,10,0.048327020202020204,6,0,4
3857297,Saudi Arabia,Mohammed Al Burayk,38,37,37,38,75,0.04250566893424036,11,13,12
3857297,Saudi Arabia,Ali Albulayhi,51,48,48,51,99,0.011678004535147392,12,14,2
3857297,Saudi Arabia,Salem Mohammed Al Dawsari,60,70,70,60,130,0.06441043083900226,13,12,27
3857297,Saudi Arabia,Mohammed Kanoo,68,70,70,68,138,0.07976190476190477,14,23,16
3857297,Saudi Arabia,Saleh Khalid Al Shehri,12,15,15,12,27,0.04826530612244899,9,1,9
3857297,Saudi Arabia,Abdulelah Al Amri,52,44,44,52,96,0.1390476190476191,12,23,2
3857297,Saudi Arabia,Firas Tariq Nasser Al Albirakan,22,28,28,22,50,0.11547619047619047,12,0,15
3857297,Saudi Arabia,Saud Abdullah Abdul Hamid,56,51,51,56,107,0.017074829931972787,12,20,21
3857297,Saudi Arabia,Mohammed Khalil Al Owais,19,10,10,19,29,0.09992063492063494,6,8,0
3857297,Saudi Arabia,Abdulelah Saad Hameed Al-Malki,42,39,39,42,81,0.050396825396825405,11,10,3
3857297,Saudi Arabia,Sami Khalil Al Naji,15,15,15,15,30,0.07746031746031747,8,4,5
3857297,Saudi Arabia,Nawaf Shaker Al Abid,28,33,33,28,61,0.025873015873015878,10,2,10
3857297,Saudi Arabia,Sultan Abdullah Salim Al Ghannam,13,11,11,13,24,0.17877551020408167,10,1,7
3857297,Saudi Arabia,Nasser Al Dawsari,10,10,10,10,20,0.2761678004535148,9,2,1
3857297,Saudi Arabia,Abdulrahman Al-Obood,2,7,7,2,9,0.0015873015873015873,5,0,3
3857297,Saudi Arabia,Hattan Babhir,1,1,1,1,2,0.01666666666666667,2,0,0
3857298,Portugal,Cristiano Ronaldo dos Santos Aveiro,14,23,23,14,37,0.20285714285714285,10,0,14
3857298,Portugal,Bernardo Mota Veiga de Carvalho e Silva,69,63,63,69,132,0.03087301587301587,11,8,18
3857298,Portugal,Rúben Diogo Da Silva Neves,59,50,50,59,109,0.028571428571428577,11,21,3
3857298,Portugal,Rúben Santos Gato Alves Dias,63,59,59,63,122,0.0015873015873015873,10,25,6
3857298,Portugal,João Pedro Cavaco Cancelo,59,62,62,59,121,0.002380952380952381,10,9,23
3857298,Portugal,Danilo Luís Hélio Pereira,72,69,69,72,141,0.013650793650793653,12,32,3
3857298,Portugal,Raphaël Adelino José Guerreiro,69,68,68,69,137,0.05817460317460318,14,12,26
3857298,Portugal,João Félix Sequeira,22,36,36,22,58,0.046269841269841266,10,1,18
3857298,Portugal,Diogo Meireles Costa,25,10,10,25,35,0.2175396825396826,9,13,0
3857298,Portugal,Otávio Edmilson da Silva Monteiro,29,35,35,29,64,0.021746031746031746,10,5,11
3857298,Portugal,Bruno Miguel Borges Fernandes,49,55,55,49,104,0.02015873015873016,13,17,19
3857298,Portugal,William Silva de Carvalho,27,24,24,27,51,0.3458730158730159,13,12,5
3857298,Portugal,Rafael Alexandre Conceição Leão,7,12,12,7,19,0.11952380952380955,6,0,6
3857298,Portugal,João Maria Lobo Alves Palhinha Gonçalves,3,3,3,3,6,0.09103174603174605,4,0,0
3857298,Portugal,Gonçalo Matias Ramos,6,6,6,6,12,0.09682539682539683,7,1,4
3857298,Portugal,João Mário Naval da Costa Eduardo,3,1,1,3,4,0.0071428571428571435,2,0,0
3857298,Ghana,Abdul Rahman Baba,27,36,36,27,63,0.16068542568542574,13,9,17
3857298,Ghana,Mohamed Salisu,32,35,35,32,67,0.006782106782106783,9,14,2
3857298,Ghana,Alexander Djiku,23,17,17,23,40,0.01865079365079365,9,6,0
3857298,Ghana,Lawrence Ati-Zigi,20,9,9,20,29,0.016103896103896106,7,7,0
3857298,Ghana,Daniel Amartey,46,42,42,46,88,0.05,11,16,1
3857298,Ghana,André Ayew Pelé,13,14,14,13,27,0.051540404040404046,7,0,7
3857298,Ghana,Alidu Seidu,19,20,20,19,39,0.02396825396825397,7,1,3
3857298,Ghana,Thomas Teye Partey,47,52,52,47,99,0.129992784992785,14,13,13
3857298,Ghana,Mohammed Kudus,17,23,23,17,40,0.02773809523809524,9,4,13
3857298,Ghana,Iñaki Williams Arthuer,14,16,16,14,30,0.09588023088023089,11,1,13
3857298,Ghana,Salis Abdul Samed,47,42,42,47,89,0.05657287157287158,12,9,5
3857298,Ghana,Tariq Lamptey,10,7,7,10,17,0.06411255411255411,7,2,2
3857298,Ghana,Jordan Ayew,12,14,14,12,26,0.060761183261183266,8,2,6
3857298,Ghana,Osman Bukari,7,5,5,7,12,0.1926767676767677,6,1,3
3857298,Ghana,Daniel-Kofi Kyereh,2,3,3,2,5,0.0,3,1,1
3857298,Ghana,Antoine Semenyo,0,1,1,0,1,0.0,1,0,0
3857299,South Korea,Woo-Yeong Jeong,13,15,15,13,28,0.1412087912087912,8,1,7
3857299,South Korea,Woo-Young Jung,53,55,55,53,108,0.0804552590266876,11,16,3
3857299,South Korea,Moon-Hwan Kim,75,62,62,75,137,0.08032443746729462,13,13,32
3857299,South Korea,Young-Gwon Kim,59,56,56,59,115,0.021062271062271067,12,29,7
3857299,South Korea,Jin-Su Kim,36,40,40,36,76,0.15265567765567767,13,6,32
3857299,South Korea,Min Jae Kim,59,53,53,59,112,0.0018315018315018315,10,22,2
3857299,South Korea,Seung-Gyu Kim,22,17,17,22,39,0.031135531135531136,6,13,0
3857299,South Korea,Chang-Hoon Kwon,19,20,20,19,39,0.11108058608058607,10,3,10
3857299,South Korea,Gue-Sung Cho,12,25,25,12,37,0.09832548403976976,9,1,15
3857299,South Korea,Heung-Min Son,27,34,34,27,61,0.1011250654107797,12,6,17
3857299,South Korea,In-Beom Hwang,80,77,77,80,157,0.0,13,25,12
3857299,South Korea,Sang-Ho Na,12,14,14,12,26,0.06439037153322867,9,3,7
3857299,South Korea,Kang-In Lee,24,23,23,24,47,0.11792255363683936,9,10,4
3857299,South Korea,Ui-Jo Hwang,0,1,1,0,1,0.0,1,0,1
3857299,South Korea,Kyung-Won Kwon,8,7,7,8,15,0.05036630036630037,6,1,0
3857299,Ghana,Lawrence Ati-Zigi,12,7,7,12,19,0.14313186813186815,7,3,0
3857299,Ghana,Salis Abdul Samed,37,36,36,37,73,0.004578754578754579,8,6,3
3857299,Ghana,Daniel Amartey,36,31,31,36,67,0.07509157509157509,10,14,1
3857299,Ghana,Thomas Teye Partey,43,42,42,43,85,0.1575091575091575,11,13,11
3857299,Ghana,André Ayew Pelé,12,15,15,12,27,0.15521978021978022,8,1,7
3857299,Ghana,Gideon Mensah,35,28,28,35,63,0.02600732600732601,11,9,7
3857299,Ghana,Mohamed Salisu,32,37,37,32,69,0.009157509157509158,8,10,2
3857299,Ghana,Jordan Ayew,16,21,21,16,37,0.018956043956043955,8,2,10
3857299,Ghana,Tariq Lamptey,11,11,11,11,22,0.0,7,1,5
3857299,Ghana,Mohammed Kudus,17,16,16,17,33,0.12170329670329673,11,3,6
3857299,Ghana,Iñaki Williams Arthuer,9,13,13,9,22,0.4141025641025642,10,0,7
3857299,Ghana,Denis Odoi,2,1,1,2,3,0.022893772893772892,2,1,1
3857299,Ghana,Daniel-Kofi Kyereh,2,3,3,2,5,0.05934065934065936,5,1,1
3857299,Ghana,Kamaldeen Sulemana,2,4,4,2,6,0.05302197802197803,5,0,3
3857299,Ghana,Alexander Djiku,0,1,1,0,1,0.0,1,0,0
3857300,Saudi Arabia,Saleh Khalid Al Shehri,10,15,15,10,25,0.02994505494505495,9,1,7
3857300,Saudi Arabia,Mohammed Kanoo,29,27,27,29,56,0.023382173382173382,11,9,8
3857300,Saudi Arabia,Hassan Mohammed Al-Tambakti,22,19,19,22,41,0.042032967032967036,11,7,0
3857300,Saudi Arabia,Salman Mohammed Al Faraj,10,11,11,10,21,0.003205128205128205,5,1,3
3857300,Saudi Arabia,Abdulelah Saad Hameed Al-Malki,29,24,24,29,53,0.06562009419152277,11,8,3
3857300,Saudi Arabia,Ali Albulayhi,10,11,11,10,21,0.010736089307517878,6,2,0
3857300,Saudi Arabia,Salem Mohammed Al Dawsari,17,21,21,17,38,0.34454910169195885,11,3,6
3857300,Saudi Arabia,Yasir Gharsan Al Shahrani,12,15,15,12,27,0.07194749694749694,9,3,3
3857300,Saudi Arabia,Saud Abdullah Abdul Hamid,21,20,20,21,41,0.18992237920809352,11,6,10
3857300,Saudi Arabia,Mohammed Khalil Al Owais,17,7,7,17,24,0.08863160648874935,9,9,0
3857300,Saudi Arabia,Firas Tariq Nasser Al Albirakan,11,12,12,11,23,0.17408424908424905,10,2,7
3857300,Saudi Arabia,Nawaf Shaker Al Abid,6,8,8,6,14,0.0882522239665097,7,1,1
3857300,Saudi Arabia,Sultan Abdullah Salim Al Ghannam,1,4,4,1,5,0.02034275248560963,4,0,3
3857300,Saudi Arabia,Haitham Mohammed Asiri,1,2,2,1,3,0.09432234432234432,3,0,1
3857300,Saudi Arabia,Mohammed Al Burayk,1,1,1,1,2,0.0,1,0,0
3857300,Argentina,Nicolás Alejandro Tagliafico,27,24,24,27,51,0.20293040293040293,10,1,8
3857300,Argentina,Lautaro Javier Martínez,13,16,16,13,29,0.06053113553113554,10,0,7
3857300,Argentina,Leandro Daniel Paredes,55,52,52,55,107,0.01282051282051282,9,13,4
3857300,Argentina,Nicolás Hernán Otamendi,84,80,80,84,164,0.0018315018315018315,12,17,3
3857300,Argentina,Cristian Gabriel Romero,55,52,52,55,107,0.010531135531135532,9,12,3
3857300,Argentina,Rodrigo Javier De Paul,66,68,68,66,134,0.0630559916274202,12,18,17
3857300,Argentina,Nahuel Molina Lucero,57,44,44,57,101,0.09938513867085297,12,16,10
3857300,Argentina,Damián Emiliano Martínez,21,12,12,21,33,0.13636839351125066,9,9,0
3857300,Argentina,Ángel Fabián Di María Hernández,31,46,46,31,77,0.17935635792778654,11,9,33
3857300,Argentina,Alejandro Darío Gómez,20,26,26,20,46,0.1098116169544741,10,3,13
3857300,Argentina,Lionel Andrés Messi Cuccittini,33,47,47,33,80,0.07867608581894298,13,13,15
3857300,Argentina,Lisandro Martínez,29,25,25,29,54,0.03604133961276818,8,6,4
3857300,Argentina,Enzo Fernandez,33,34,34,33,67,0.020342752485609628,11,11,3
3857300,Argentina,Julián Álvarez,0,8,8,0,8,0.0,4,0,4
3857300,Argentina,Marcos Javier Acuña,18,8,8,18,26,0.040201465201465204,8,2,6
3857301,Qatar,Akram Hassan Afif,40,38,38,40,78,0.07500000000000001,14,13,16
3857301,Qatar,Boualem Khoukhi,57,47,47,57,104,0.07344322344322345,13,27,3
3857301,Qatar,Homam Alamin Ahmed,24,24,24,24,48,0.040293040293040296,10,4,11
3857301,Qatar,Abdelkarim Hassan Al Haj Fadlalla,34,48,48,34,82,0.13507326007326007,13,13,7
3857301,Qatar,Karim Boudiaf,31,32,32,31,63,0.030219780219780223,10,11,12
3857301,Qatar,Ismaeel Mohammad Mohammad,28,29,29,28,57,0.10824175824175825,14,2,21
3857301,Qatar,Pedro Miguel Correia,23,25,25,23,48,0.09377289377289377,10,4,2
3857301,Qatar,Meshaal Aissa Barsham,27,15,15,27,42,0.07957875457875459,9,12,0
3857301,Qatar,Almoez Ali Zainalabiddin Abdulla,16,25,25,16,41,0.05860805860805861,11,2,16
3857301,Qatar,Hassan Khalid Al Heidos,21,21,21,21,42,0.005952380952380952,8,7,9
3857301,Qatar,Assim Omer Al Haj Madibo,38,32,32,38,70,0.11804029304029305,12,15,8
3857301,Qatar,Abdulaziz Hatem Mohammed Abdullah,7,7,7,7,14,0.13754578754578756,7,1,4
3857301,Qatar,Mohammed Muntari,2,3,3,2,5,0.007326007326007326,4,0,1
3857301,Qatar,Tarek Salman Salman,7,8,8,7,15,0.008241758241758242,6,0,0
3857301,Qatar,Mohammed Waed Abdulwahhab Al Bayati,7,8,8,7,15,0.07280219780219781,7,1,2
3857301,Senegal,Kalidou Koulibaly,60,54,54,60,114,0.09702947845804989,12,31,0
3857301,Senegal,Nampalys Mendy,46,39,39,46,85,0.0746031746031746,11,6,5
3857301,Senegal,Abdou Diallo,66,60,60,66,126,0.024206349206349207,13,33,4
3857301,Senegal,Ismail Jakobs,49,41,41,49,90,0.004761904761904762,9,10,22
3857301,Senegal,Youssouf Sabaly,69,66,66,69,135,0.10816326530612247,14,16,34
3857301,Senegal,Edouard Mendy,25,17,17,25,42,0.006349206349206349,8,14,0
3857301,Senegal,Idrissa Gana Gueye,48,48,48,48,96,0.026519274376417233,12,10,10
3857301,Senegal,Krépin Diatta,21,28,28,21,49,0.0,7,1,19
3857301,Senegal,Ismaïla Sarr,11,20,20,11,31,0.09992063492063492,7,3,10
3857301,Senegal,Famara Diedhiou,6,14,14,6,20,0.2621541950113378,9,0,7
3857301,Senegal,Boulaye Dia,16,27,27,16,43,0.12227891156462589,12,0,12
3857301,Senegal,Pathé Ismaël Ciss,11,11,11,11,22,0.11528344671201815,9,2,2
3857301,Senegal,Iliman Ndiaye,9,9,9,9,18,0.006746031746031746,4,1,6
3857301,Senegal,Pape Matar Sarr,13,11,11,13,24,0.14659863945578233,9,4,0
3857301,Senegal,Pape Abou Cissé,9,11,11,9,20,0.12568027210884355,8,3,0
3857301,Senegal,Cheikh Ahmadou Bamba Mbacke Dieng,3,6,6,3,9,0.031746031746031744,6,0,3
3869117,Netherlands,Memphis Depay,23,31,31,23,54,0.04689952904238618,11,5,16
3869117,Netherlands,Frenkie de Jong,35,26,26,35,61,0.09177132391418107,13,7,6
3869117,Netherlands,Marten de Roon,12,9,9,12,21,0.09920198848770277,9,1,4
3869117,Netherlands,Jurriën David Norman Timber,36,34,34,36,70,0.04075091575091575,10,16,6
3869117,Netherlands,Andries Noppert,23,18,18,23,41,0.12341705913134486,10,13,0
3869117,Netherlands,Nathan Aké,30,25,25,30,55,0.0728021978021978,10,13,1
3869117,Netherlands,Daley Blind,32,30,30,32,62,0.030219780219780223,10,13,11
3869117,Netherlands,Davy Klaassen,9,11,11,9,20,0.07679225536368395,8,2,4
3869117,Netherlands,Virgil van Dijk,43,34,34,43,77,0.004578754578754579,11,14,1
3869117,Netherlands,Denzel Dumfries,27,43,43,27,70,0.08966509680795397,11,8,23
3869117,Netherlands,Cody Mathès Gakpo,22,23,23,22,45,0.13928571428571432,10,7,12
3869117,Netherlands,Steven Bergwijn,18,23,23,18,41,0.06755625327053899,9,0,16
3869117,Netherlands,Teun Koopmeiners,16,16,16,16,32,0.08508634222919936,11,7,2
3869117,Netherlands,Xavi Simons,6,8,8,6,14,0.023809523809523808,6,2,5
3869117,Netherlands,Wout Weghorst,0,1,1,0,1,0.0,1,0,1
3869117,United States,Sergino Dest,33,38,38,33,71,0.03425925925925926,11,7,9
3869117,United States,Walker Zimmerman,66,61,61,66,127,0.03470899470899471,14,21,3
3869117,United States,Tim Ream,72,57,57,72,129,0.010476190476190477,12,23,0
3869117,United States,Timothy Weah,21,22,22,21,43,0.056534391534391534,8,1,12
3869117,United States,Tyler Adams,79,61,61,79,140,0.14621693121693122,15,27,7
3869117,United States,Antonee Robinson,57,52,52,57,109,0.0009523809523809525,11,16,21
3869117,United States,Christian Pulisic,19,39,39,19,58,0.17010582010582012,11,7,28
3869117,United States,Yunus Dimoara Musah,39,43,43,39,82,0.1475925925925926,14,7,19
3869117,United States,Jesus Ferreira,17,17,17,17,34,0.039999999999999994,8,1,5
3869117,United States,Matthew Charles Turner,18,14,14,18,32,0.07986772486772488,9,10,0
3869117,United States,Weston McKennie,30,40,40,30,70,0.002380952380952381,10,11,12
3869117,United States,Giovanni Reyna,24,29,29,24,53,0.0985978835978836,12,1,12
3869117,United States,Haji Wright,8,8,8,8,16,0.015264550264550267,6,1,5
3869117,United States,Brenden Aaronson,8,11,11,8,19,0.08396825396825397,8,1,1
3869117,United States,DeAndre Yedlin,8,6,6,8,14,0.05563492063492064,6,3,2
3869117,United States,Jordan Morris,0,1,1,0,1,0.0,1,0,1
3869118,Senegal,Iliman Ndiaye,8,10,10,8,18,0.024004329004329007,6,0,6
3869118,Senegal,Kalidou Koulibaly,32,36,36,32,68,0.052235449735449746,12,13,3
3869118,Senegal,Pathé Ismaël Ciss,18,16,16,18,34,0.052099567099567104,8,6,2
3869118,Senegal,Abdou Diallo,43,44,44,43,87,0.19170514670514668,13,21,2
3869118,Senegal,Nampalys Mendy,50,44,44,50,94,0.03584656084656085,13,10,8
3869118,Senegal,Youssouf Sabaly,35,25,25,35,60,0.04434824434824436,11,4,15
3869118,Senegal,Krépin Diatta,9,14,14,9,23,0.0021524771524771527,7,1,6
3869118,Senegal,Ismaïla Sarr,17,25,25,17,42,0.09047619047619049,10,1,17
3869118,Senegal,Edouard Mendy,22,14,14,22,36,0.059588744588744594,10,12,0
3869118,Senegal,Ismail Jakobs,25,20,20,25,45,0.08193362193362194,8,11,8
3869118,Senegal,Boulaye Dia,7,11,11,7,18,0.09584896584896585,8,1,6
3869118,Senegal,Pape Matar Sarr,27,27,27,27,54,0.08346801346801347,12,5,5
3869118,Senegal,Pape Gueye,17,19,19,17,36,0.007301587301587302,8,4,3
3869118,Senegal,Cheikh Ahmadou Bamba Mbacke Dieng,3,6,6,3,9,0.07212602212602212,6,0,5
3869118,Senegal,Famara Diedhiou,4,6,6,4,10,0.1275925925925926,7,0,4
3869118,Senegal,Fodé Ballo Touré,6,6,6,6,12,0.016031746031746032,5,1,0
3869118,England,Philip Foden,27,30,30,27,57,0.013537414965986396,9,3,18
3869118,England,Declan Rice,53,46,46,53,99,0.23186885865457296,15,7,9
3869118,England,Jordan Pickford,38,30,30,38,68,0.05983371126228269,13,22,0
3869118,England,Jude Bellingham,32,32,32,32,64,0.09246598639455784,10,6,13
3869118,England,Luke Shaw,60,49,49,60,109,0.07721844293272866,12,19,18
3869118,England,Harry Maguire,63,65,65,63,128,0.027161753590325022,10,24,3
3869118,England,John Stones,82,81,81,82,163,0.03625661375661376,10,20,4
3869118,England,Kyle Walker,68,61,61,68,129,0.0638888888888889,14,17,6
3869118,England,Harry Kane,17,33,33,17,50,0.025831443688586548,11,7,19
3869118,England,Jordan Brian Henderson,41,46,46,41,87,0.033820861678004535,10,8,17
3869118,England,Bukayo Saka,24,26,26,24,50,0.12819916855631142,10,3,17
3869118,England,Marcus Rashford,7,11,11,7,18,0.016315192743764174,6,0,7
3869118,England,Jack Grealish,7,10,10,7,17,0.043650793650793655,7,2,7
3869118,England,Mason Mount,3,1,1,3,4,0.04603174603174604,4,0,1
3869118,England,Eric Dier,11,11,11,11,22,0.2121012849584278,9,1,0
3869118,England,Kalvin Phillips,3,4,4,3,7,0.06524943310657597,4,1,1
3869151,Australia,Jackson Irvine,29,28,28,29,57,0.08947845804988663,11,8,9
3869151,Australia,Kye Rowles,65,59,59,65,124,0.09337868480725625,13,18,0
3869151,Australia,Mathew Leckie,10,17,17,10,27,0.07432230467944753,11,3,11
3869151,Australia,Mitchell Thomas Duke,6,15,15,6,21,0.09877963306534734,9,0,12
3869151,Australia,Aziz Eraltay Behich,42,40,40,42,82,0.01623015873015873,9,4,19
3869151,Australia,Harry Souttar,53,54,54,53,107,0.041258503401360544,13,23,3
3869151,Australia,Mathew Ryan,45,36,36,45,81,0.04329416615130901,11,19,0
3869151,Australia,Riley McGree,14,13,13,14,27,0.06601473922902494,8,1,5
3869151,Australia,Aaron Mooy,52,46,46,52,98,0.011111111111111112,14,14,9
3869151,Australia,Keanu Baccus,10,13,13,10,23,0.05871212121212122,6,2,6
3869151,Australia,Miloš Degenek,32,28,28,32,60,0.012058338486909915,9,6,15
3869151,Australia,Ajdin Hrustic,7,12,12,7,19,0.20577509791795506,9,2,5
3869151,Australia,Craig Goodwin,6,9,9,6,15,0.02015873015873016,8,2,7
3869151,Australia,Fran Karačić,12,7,7,12,19,0.11734126984126984,9,6,2
3869151,Australia,Jamie MacLaren,0,3,3,0,3,0.0,3,0,1
3869151,Australia,Garang Kuol,1,4,4,1,5,0.07094104308390023,5,0,4
3869151,Argentina,Enzo Fernandez,94,86,86,94,180,0.12476190476190475,14,18,2
3869151,Argentina,Lionel Andrés Messi Cuccittini,53,67,67,53,120,0.025170068027210887,13,11,16
3869151,Argentina,Alejandro Darío Gómez,32,33,33,32,65,0.013968253968253968,9,4,15
3869151,Argentina,Marcos Javier Acuña,52,55,55,52,107,0.12606575963718822,10,10,19
3869151,Argentina,Nicolás Hernán Otamendi,91,80,80,91,171,0.09945578231292518,12,21,1
3869151,Argentina,Cristian Gabriel Romero,72,63,63,72,135,0.09532879818594103,12,15,2
3869151,Argentina,Nahuel Molina Lucero,55,49,49,55,104,0.04785714285714286,11,11,10
3869151,Argentina,Rodrigo Javier De Paul,76,81,81,76,157,0.08317460317460319,13,11,13
3869151,Argentina,Julián Álvarez,15,21,21,15,36,0.05726757369614514,10,0,14
3869151,Argentina,Damián Emiliano Martínez,22,21,21,22,43,0.03643990929705216,6,8,0
3869151,Argentina,Alexis Mac Allister,40,44,44,40,84,0.11032879818594105,11,1,18
3869151,Argentina,Lisandro Martínez,18,14,14,18,32,0.08890022675736961,11,11,0
3869151,Argentina,Nicolás Alejandro Tagliafico,10,6,6,10,16,0.16239229024943314,7,3,4
3869151,Argentina,Lautaro Javier Martínez,7,16,16,7,23,0.2058390022675737,9,1,9
3869151,Argentina,Gonzalo Ariel Montiel,4,3,3,4,7,0.0,3,1,2
3869151,Argentina,Exequiel Alejandro Palacios,5,7,7,5,12,0.02142857142857143,5,0,1
3869152,France,Olivier Giroud,12,14,14,12,26,0.08274463631606489,9,2,10
3869152,France,Aurélien Djani Tchouaméni,65,68,68,65,133,0.003663003663003663,10,10,8
3869152,France,Jules Koundé,64,53,53,64,117,0.0,11,20,11
3869152,France,Hugo Lloris,17,13,13,17,30,0.16886446886446888,10,13,0
3869152,France,Adrien Rabiot,52,52,52,52,104,0.05558608058608059,12,13,7
3869152,France,Antoine Griezmann,40,44,44,40,84,0.015620094191522762,11,11,12
3869152,France,Theo Bernard François Hernández,67,45,45,67,112,0.0652145473574045,11,17,11
3869152,France,Dayotchanculle Upamecano,52,49,49,52,101,0.11741234955520671,13,18,7
3869152,France,Raphaël Varane,37,35,35,37,72,0.13343799058084774,12,11,0
3869152,France,Ousmane Dembélé,35,42,42,35,77,0.004578754578754579,10,6,23
3869152,France,Kylian Mbappé Lottin,34,55,55,34,89,0.14178440607012036,11,4,25
3869152,France,Youssouf Fofana,12,11,11,12,23,0.1686551543694401,10,1,0
3869152,France,Marcus Thuram,7,11,11,7,18,0.008424908424908424,5,0,7
3869152,France,Kingsley Coman,8,10,10,8,18,0.015109890109890112,6,0,6
3869152,France,Axel Disasi,3,3,3,3,6,0.051923076923076926,5,1,0
3869152,Poland,Grzegorz Krychowiak,38,39,39,38,77,0.0203968253968254,10,6,9
3869152,Poland,Kamil Glik,38,30,30,38,68,0.02952380952380952,9,7,1
3869152,Poland,Matty Cash,38,36,36,38,74,0.009047619047619047,10,6,10
3869152,Poland,Jakub Piotr Kiwior,67,69,69,67,136,0.17595238095238097,13,27,3
3869152,Poland,Przemysław Frankowski,16,22,22,16,38,0.10222222222222223,8,3,11
3869152,Poland,Piotr Zieliński,60,57,57,60,117,0.12658730158730158,13,21,10
3869152,Poland,Jakub Kamiński,12,18,18,12,30,0.023571428571428573,7,1,11
3869152,Poland,Robert Lewandowski,24,31,31,24,55,0.15793650793650793,11,3,14
3869152,Poland,Bartosz Bereszyński,43,36,36,43,79,0.0619047619047619,10,8,17
3869152,Poland,Wojciech Szczęsny,18,12,12,18,30,0.02896825396825397,7,10,0
3869152,Poland,Sebastian Szymański,11,10,10,11,21,0.10396825396825397,7,2,5
3869152,Poland,Arkadiusz Milik,7,11,11,7,18,0.2538095238095238,10,1,7
3869152,Poland,Nicola Zalewski,4,8,8,4,12,0.013809523809523813,4,2,6
3869152,Poland,Krystian Bielik,20,18,18,20,38,0.06206349206349206,8,8,3
3869152,Poland,Jan Bednarek,6,3,3,6,9,0.027460317460317463,5,4,0
3869152,Poland,Kamil Grosicki,4,6,6,4,10,0.0815079365079365,4,0,2
3869219,Croatia,Andrej Kramarić,17,21,21,17,38,0.012430555555555558,9,0,10
3869219,Croatia,Dejan Lovren,93,83,83,93,176,0.07763888888888888,13,34,5
3869219,Croatia,Bruno Petković,8,17,17,8,25,0.1917361111111111,10,1,12
3869219,Croatia,Ivan Perišić,22,39,39,22,61,0.06388888888888887,13,4,19
3869219,Croatia,Mateo Kovačić,53,52,52,53,105,0.06381944444444444,11,11,14
3869219,Croatia,Joško Gvardiol,76,65,65,76,141,0.11749999999999998,13,25,4
3869219,Croatia,Borna Barišić,50,43,43,50,93,0.03611111111111111,14,12,14
3869219,Croatia,Marcelo Brozović,116,120,120,116,236,0.13874999999999998,16,33,27
3869219,Croatia,Josip Juranović,82,76,76,82,158,0.1075,16,21,35
3869219,Croatia,Dominik Livaković,31,18,18,31,49,0.02861111111111111,9,17,0
3869219,Croatia,Luka Modrić,64,66,66,64,130,0.0020833333333333333,11,19,13
3869219,Croatia,Ante Budimir,4,7,7,4,11,0.04201388888888889,6,0,6
3869219,Croatia,Mario Pašalić,10,17,17,10,27,0.08909722222222222,10,1,11
3869219,Croatia,Lovro Majer,17,17,17,17,34,0.06770833333333333,10,2,5
3869219,Croatia,Nikola Vlašić,8,9,9,8,17,0.11763888888888888,8,3,5
3869219,Croatia,Marko Livaja,3,2,2,3,5,0.027222222222222217,4,1,1
3869219,Croatia,Mislav Oršić,3,5,5,3,8,0.006944444444444444,5,0,3
3869219,Japan,Yuto Nagatomo,23,22,22,23,45,0.0017460317460317462,7,2,10
3869219,Japan,Hidemasa Morita,43,47,47,43,90,0.1527891156462585,14,12,8
3869219,Japan,Ritsu Doan,23,28,28,23,51,0.0,10,5,15
3869219,Japan,Daichi Kamada,32,32,32,32,64,0.07334467120181407,10,8,15
3869219,Japan,Takehiro Tomiyasu,54,54,54,54,108,0.06285714285714286,13,17,5
3869219,Japan,Junya Ito,34,34,34,34,68,0.05801587301587302,12,3,17
3869219,Japan,Wataru Endo,57,54,54,57,111,0.09373015873015873,14,16,4
3869219,Japan,Shogo Taniguchi,50,45,45,50,95,0.005952380952380953,13,23,3
3869219,Japan,Shūichi Gonda,16,12,12,16,28,0.1405328798185941,11,11,0
3869219,Japan,Maya Yoshida,40,37,37,40,77,0.06055555555555555,13,10,3
3869219,Japan,Daizen Maeda,3,6,6,3,9,0.08441043083900227,7,0,4
3869219,Japan,Takuma Asano,8,12,12,8,20,0.03055555555555555,9,1,9
3869219,Japan,Kaoru Mitoma,22,22,22,22,44,0.11580498866213151,10,1,11
3869219,Japan,Hiroki Sakai,14,10,10,14,24,0.03420634920634921,8,4,7
3869219,Japan,Takumi Minamino,10,13,13,10,23,0.07270975056689342,8,2,4
3869219,Japan,Ao Tanaka,7,8,8,7,15,0.022619047619047622,5,1,1
3869220,Spain,Pablo Martín Páez Gavira,18,27,27,18,45,0.005694444444444445,9,4,11
3869220,Spain,Aymeric Laporte,172,167,167,172,339,0.06092261904761905,13,29,9
3869220,Spain,Rodrigo Hernández Cascante,204,190,190,204,394,0.06570436507936508,16,42,12
3869220,Spain,Daniel Olmo Carvajal,32,40,40,32,72,0.040972222222222215,9,4,21
3869220,Spain,Jordi Alba Ramos,99,96,96,99,195,0.07326388888888889,12,19,27
3869220,Spain,Pedro González López,135,134,134,135,269,0.02638888888888889,14,38,21
3869220,Spain,Marcos Llorente Moreno,94,76,76,94,170,0.0965376984126984,13,20,11
3869220,Spain,Ferrán Torres García,19,33,33,19,52,0.12229166666666666,8,2,23
3869220,Spain,Sergio Busquets i Burgos,67,64,64,67,131,0.1298313492063492,16,22,19
3869220,Spain,Marco Asensio Willemsen,11,21,21,11,32,0.1403968253968254,8,1,13
3869220,Spain,Unai Simón Mendibil,31,15,15,31,46,0.027083333333333334,7,24,0
3869220,Spain,Carlos Soler Barragán,35,36,36,35,71,0.11930555555555555,12,10,8
3869220,Spain,Álvaro Borja Morata Martín,5,12,12,5,17,0.13666666666666666,9,2,7
3869220,Spain,Nicholas Williams Arthuer,15,23,23,15,38,0.04513888888888888,6,1,21
3869220,Spain,Alejandro Balde Martínez,14,14,14,14,28,0.04597222222222222,8,1,10
3869220,Spain,Anssumane Fati,7,9,9,7,16,0.09208333333333332,6,0,5
3869220,Spain,Pablo Sarabia García,2,3,3,2,5,0.03034722222222222,4,1,2
3869220,Morocco,Noussair Mazraoui,20,15,15,20,35,0.1474867724867725,10,10,8
3869220,Morocco,Selim Amallah,8,8,8,8,16,0.028174603174603175,8,1,4
3869220,Morocco,Azzedine Ounahi,34,38,38,34,72,0.020389266817838245,11,1,17
3869220,Morocco,Sofyan Amrabat,28,22,22,28,50,0.116130007558579,13,8,0
3869220,Morocco,Nayef Aguerd,19,16,16,19,35,0.02224867724867725,7,5,1
3869220,Morocco,Achraf Hakimi Mouh,38,30,30,38,68,0.01865079365079365,10,15,8
3869220,Morocco,Hakim Ziyech,26,32,32,26,58,0.21141345427059716,12,10,14
3869220,Morocco,Yassine Bounou,19,18,18,19,37,0.07749811035525322,9,16,0
3869220,Morocco,Sofiane Boufal,8,16,16,8,24,0.05695767195767198,7,4,13
3869220,Morocco,Romain Saïss,23,15,15,23,38,0.1465117157974301,12,8,0
3869220,Morocco,Youssef En-Nesyri,8,10,10,8,18,0.06134920634920636,7,2,8
3869220,Morocco,Abdessamad Ezzalzouli,7,10,10,7,17,0.05817460317460318,9,3,7
3869220,Morocco,Yahia Attiyat allah,4,2,2,4,6,0.014920634920634921,3,3,1
3869220,Morocco,Abdelhamid Sabiri,4,8,8,4,12,0.14854497354497356,8,0,4
3869220,Morocco,Walid Cheddira,3,7,7,3,10,0.015011337868480728,5,2,4
3869220,Morocco,Jawad El Yamiq,1,3,3,1,4,0.011111111111111112,3,1,0
3869253,South Korea,Heung-Min Son,22,29,29,22,51,0.11599947671376241,14,1,16
3869253,South Korea,Woo-Young Jung,32,30,30,32,62,0.0,9,14,2
3869253,South Korea,In-Beom Hwang,40,47,47,40,87,0.03997906855049713,12,12,9
3869253,South Korea,Young-Gwon Kim,55,52,52,55,107,0.02857142857142857,13,15,3
3869253,South Korea,Min Jae Kim,62,60,60,62,122,0.0358974358974359,13,23,1
3869253,South Korea,Jin-Su Kim,21,19,19,21,40,0.02666143380429095,9,5,5
3869253,South Korea,Moon-Hwan Kim,47,42,42,47,89,0.06849816849816849,12,6,19
3869253,South Korea,Gue-Sung Cho,10,13,13,10,23,0.11428571428571428,9,3,8
3869253,South Korea,Jae-Sung Lee,40,43,43,40,83,0.029304029304029304,13,4,15
3869253,South Korea,Seung-Gyu Kim,22,13,13,22,35,0.023717948717948717,10,9,0
3869253,South Korea,Hee-Chan Hwang,43,56,56,43,99,0.06933542647828363,14,7,27
3869253,South Korea,Jun-Ho Son,39,31,31,39,70,0.07445054945054945,11,12,3
3869253,South Korea,Chul Hong,17,15,15,17,32,0.14980376766091055,11,5,5
3869253,South Korea,Seung-Ho Paik,19,19,19,19,38,0.031959706959706964,9,3,5
3869253,South Korea,Kang-In Lee,7,7,7,7,14,0.1620617477760335,7,1,2
3869253,Brazil,Marcos Aoás Corrêa,66,63,63,66,129,0.04420634920634921,10,13,4
3869253,Brazil,Thiago Emiliano da Silva,82,77,77,82,159,0.07388888888888889,14,28,2
3869253,Brazil,Danilo Luiz da Silva,67,66,66,67,133,0.08984126984126985,10,15,15
3869253,Brazil,Vinícius José Paixão de Oliveira Júnior,23,32,32,23,55,0.0011904761904761906,8,2,20
3869253,Brazil,Carlos Henrique Casimiro,65,61,61,65,126,0.013492063492063493,14,18,11
3869253,Brazil,Éder Gabriel Militão,47,35,35,47,82,0.0009523809523809525,9,17,2
3869253,Brazil,Raphael Dias Belloli,36,46,46,36,82,0.09523809523809525,11,3,27
3869253,Brazil,Alisson Ramsés Becker,20,13,13,20,33,0.04238095238095238,7,6,0
3869253,Brazil,Richarlison de Andrade,17,23,23,17,40,0.36507936507936506,14,2,15
3869253,Brazil,Neymar da Silva Santos Junior,37,45,45,37,82,0.002380952380952381,9,8,17
3869253,Brazil,Lucas Tolentino Coelho de Lima,53,54,54,53,107,0.062460317460317466,14,13,17
3869253,Brazil,Daniel Alves da Silva,17,16,16,17,33,0.1142063492063492,9,7,3
3869253,Brazil,Gabriel Teodoro Martinelli Silva,10,12,12,10,22,0.21063492063492065,9,0,6
3869253,Brazil,Gleison Bremer Silva Nascimento,17,14,14,17,31,0.08777777777777777,7,4,0
3869253,Brazil,Weverton Pereira da Silva,4,2,2,4,6,0.03087301587301587,6,4,0
3869253,Brazil,Rodrygo Silva de Goes,5,7,7,5,12,0.0426984126984127,5,0,1
3869254,Switzerland,Breel-Donald Embolo,14,18,18,14,32,0.039342403628117924,11,1,13
3869254,Switzerland,Manuel Obafemi Akanji,58,49,49,58,107,0.14768707482993199,15,18,2
3869254,Switzerland,Edimilson Fernandes,42,36,36,42,78,0.15034013605442179,12,10,13
3869254,Switzerland,Granit Xhaka,62,63,63,62,125,0.0015873015873015873,15,15,13
3869254,Switzerland,Ruben Vargas,27,30,30,27,57,0.05634920634920635,9,0,15
3869254,Switzerland,Xherdan Shaqiri,28,40,40,28,68,0.08138321995464853,11,4,19
3869254,Switzerland,Ricardo Iván Rodríguez Araya,51,49,49,51,100,0.11706349206349206,14,15,12
3869254,Switzerland,Fabian Lukas Schär,29,27,27,29,56,0.030317460317460323,7,9,1
3869254,Switzerland,Yann Sommer,31,25,25,31,56,0.03346371882086168,10,17,0
3869254,Switzerland,Remo Freuler,18,20,20,18,38,0.013650793650793653,10,2,9
3869254,Switzerland,Djibril Sow,15,13,13,15,28,0.05404761904761905,10,3,2
3869254,Switzerland,Eray Ervin Cömert,35,33,33,35,68,0.005277777777777779,9,14,1
3869254,Switzerland,Haris Seferović,4,5,5,4,9,0.09416666666666666,7,1,2
3869254,Switzerland,Denis Lemi Zakaria Lako Lado,11,14,14,11,25,0.08396825396825396,10,2,4
3869254,Switzerland,Noah Okafor,8,11,11,8,19,0.11612244897959186,7,1,7
3869254,Switzerland,Ardon Jashari,5,5,5,5,10,0.023299319727891156,5,1,0
3869254,Portugal,William Silva de Carvalho,54,53,53,54,107,0.010714285714285714,13,13,8
3869254,Portugal,José Diogo Dalot Teixeira,30,19,19,30,49,0.08862090290661719,13,7,8
3869254,Portugal,João Félix Sequeira,28,33,33,28,61,0.0179385693671408,10,6,17
3869254,Portugal,Bernardo Mota Veiga de Carvalho e Silva,40,39,39,40,79,0.06031746031746032,11,4,9
3869254,Portugal,Otávio Edmilson da Silva Monteiro,32,33,33,32,65,0.0012265512265512266,10,4,12
3869254,Portugal,Rúben Santos Gato Alves Dias,38,34,34,38,72,0.007823129251700681,11,13,2
3869254,Portugal,Kléper Laveran Lima Ferreira,40,49,49,40,89,0.09825242218099363,13,15,1
3869254,Portugal,Diogo Meireles Costa,19,24,24,19,43,0.027927059712774007,11,14,0
3869254,Portugal,Raphaël Adelino José Guerreiro,46,28,28,46,74,0.0757658214801072,13,16,7
3869254,Portugal,Bruno Miguel Borges Fernandes,32,35,35,32,67,0.13584157905586478,14,3,12
3869254,Portugal,Gonçalo Matias Ramos,7,19,19,7,26,0.0677650656222085,8,2,12
3869254,Portugal,Cristiano Ronaldo dos Santos Aveiro,4,4,4,4,8,0.051115233972376835,5,2,2
3869254,Portugal,Vitor Machado Ferreira,10,9,9,10,19,0.1328581735724593,9,3,2
3869254,Portugal,Ricardo Jorge Luz Horta,9,10,10,9,19,0.16736789665361093,9,0,9
3869254,Portugal,Rúben Diogo Da Silva Neves,13,11,11,13,24,0.08318972033257747,9,2,0
3869254,Portugal,Rafael Alexandre Conceição Leão,2,4,4,2,6,0.0048015873015873015,3,0,3
3869321,Netherlands,Memphis Depay,27,44,44,27,71,0.049841269841269846,12,2,29
3869321,Netherlands,Nathan Aké,62,57,57,62,119,0.009126984126984128,13,15,18
3869321,Netherlands,Denzel Dumfries,29,31,31,29,60,0.09835034013605441,12,5,19
3869321,Netherlands,Frenkie de Jong,81,77,77,81,158,0.018174603174603177,13,17,20
3869321,Netherlands,Cody Mathès Gakpo,21,34,34,21,55,0.09277777777777779,13,6,19
3869321,Netherlands,Virgil van Dijk,85,76,76,85,161,0.03267006802721089,14,39,5
3869321,Netherlands,Marten de Roon,24,24,24,24,48,0.023378684807256238,9,7,7
3869321,Netherlands,Jurriën David Norman Timber,87,77,77,87,164,0.01896825396825397,13,27,16
3869321,Netherlands,Daley Blind,24,20,20,24,44,0.11547619047619048,9,6,4
3869321,Netherlands,Andries Noppert,46,30,30,46,76,0.09202380952380954,13,44,0
3869321,Netherlands,Steven Bergwijn,16,16,16,16,32,0.07290249433106577,8,3,12
3869321,Netherlands,Steven Berghuis,24,31,31,24,55,0.10473356009070295,12,12,14
3869321,Netherlands,Teun Koopmeiners,32,30,30,32,62,0.148140589569161,12,8,11
3869321,Netherlands,Wout Weghorst,6,11,11,6,17,0.04507936507936507,8,4,9
3869321,Netherlands,Luuk de Jong,8,13,13,8,21,0.09290816326530613,10,2,13
3869321,Netherlands,Noa Lang,0,1,1,0,1,0.0,1,0,1
3869321,Argentina,Enzo Fernandez,60,66,66,60,126,0.08159722222222221,15,11,16
3869321,Argentina,Nicolás Hernán Otamendi,80,65,65,80,145,0.03333333333333333,13,25,2
3869321,Argentina,Cristian Gabriel Romero,44,39,39,44,83,0.0020833333333333333,9,15,9
3869321,Argentina,Nahuel Molina Lucero,36,31,31,36,67,0.08715277777777777,10,6,17
3869321,Argentina,Rodrigo Javier De Paul,41,49,49,41,90,0.0,9,6,14
3869321,Argentina,Alexis Mac Allister,43,46,46,43,89,0.19583333333333333,16,7,16
3869321,Argentina,Marcos Javier Acuña,18,21,21,18,39,0.08020833333333333,8,3,7
3869321,Argentina,Lisandro Martínez,29,27,27,29,56,0.07951388888888888,10,8,1
3869321,Argentina,Lionel Andrés Messi Cuccittini,40,49,49,40,89,0.06631944444444444,14,9,11
3869321,Argentina,Julián Álvarez,12,18,18,12,30,0.004930555555555555,10,1,8
3869321,Argentina,Damián Emiliano Martínez,19,13,13,19,32,0.1367361111111111,11,12,0
3869321,Argentina,Leandro Daniel Paredes,44,39,39,44,83,0.0,12,18,6
3869321,Argentina,Germán Alejandro Pezzella,28,25,25,28,53,0.10965277777777777,10,9,2
3869321,Argentina,Lautaro Javier Martínez,8,17,17,8,25,0.09833333333333333,10,0,11
3869321,Argentina,Nicolás Alejandro Tagliafico,10,6,6,10,16,0.007638888888888889,6,0,4
3869321,Argentina,Gonzalo Ariel Montiel,10,11,11,10,21,0.14152777777777778,9,0,6
3869321,Argentina,Ángel Fabián Di María Hernández,9,9,9,9,18,0.03847222222222223,6,4,4
3869354,France,Antoine Griezmann,39,35,35,39,74,0.024090909090909093,9,10,14
3869354,France,Aurélien Djani Tchouaméni,39,38,38,39,77,0.1299350649350649,10,6,2
3869354,France,Ousmane Dembélé,30,39,39,30,69,0.12435064935064935,10,5,20
3869354,France,Jules Koundé,39,27,27,39,66,0.0715151515151515,10,9,4
3869354,France,Dayotchanculle Upamecano,36,36,36,36,72,0.02608225108225108,9,10,0
3869354,France,Theo Bernard François Hernández,34,33,33,34,67,0.07305194805194803,10,10,15
3869354,France,Kylian Mbappé Lottin,26,30,30,26,56,0.0,8,6,14
3869354,France,Adrien Rabiot,35,35,35,35,70,0.0988095238095238,10,9,5
3869354,France,Raphaël Varane,31,29,29,31,60,0.044242424242424236,9,12,1
3869354,France,Hugo Lloris,13,9,9,13,22,0.20787878787878783,9,9,0
3869354,France,Olivier Giroud,6,16,16,6,22,0.137012987012987,9,1,11
3869354,France,Kingsley Coman,0,1,1,0,1,0.0,1,0,1
3869354,England,Jude Bellingham,36,39,39,36,75,0.33052503052503046,13,8,14
3869354,England,Harry Maguire,79,86,86,79,165,0.03098290598290598,12,24,6
3869354,England,Jordan Pickford,20,8,8,20,28,0.023183760683760685,6,9,0
3869354,England,John Stones,70,65,65,70,135,0.148992673992674,10,28,2
3869354,England,Declan Rice,60,57,57,60,117,0.019230769230769232,11,15,11
3869354,England,Luke Shaw,55,52,52,55,107,0.07158119658119658,9,4,19
3869354,England,Bukayo Saka,18,29,29,18,47,0.07454212454212454,8,3,16
3869354,England,Harry Kane,14,23,23,14,37,0.27590048840048836,11,3,11
3869354,England,Jordan Brian Henderson,41,41,41,41,82,0.004807692307692307,9,7,18
3869354,England,Philip Foden,22,26,26,22,48,0.039484126984126976,8,2,11
3869354,England,Kyle Walker,41,29,29,41,70,0.008547008547008546,9,11,4
3869354,England,Mason Mount,2,1,1,2,3,0.013888888888888888,3,1,0
3869354,England,Marcus Rashford,3,3,3,3,6,0.022985347985347987,4,1,1
3869354,England,Raheem Sterling,4,6,6,4,10,0.11565934065934064,5,0,3
3869420,Croatia,Luka Modrić,102,105,105,102,207,0.0,12,38,22
3869420,Croatia,Marcelo Brozović,98,90,90,98,188,0.10741758241758242,13,13,9
3869420,Croatia,Dejan Lovren,82,74,74,82,156,0.15778388278388278,12,30,4
3869420,Croatia,Josip Juranović,69,61,61,69,130,0.06684981684981688,12,20,33
3869420,Croatia,Borna Sosa,30,32,32,30,62,0.03571428571428571,10,9,10
3869420,Croatia,Mateo Kovačić,67,68,68,67,135,0.047619047619047616,11,15,11
3869420,Croatia,Joško Gvardiol,60,53,53,60,113,0.06959706959706961,12,21,6
3869420,Croatia,Dominik Livaković,34,20,20,34,54,0.0816849816849817,8,15,0
3869420,Croatia,Andrej Kramarić,21,29,29,21,50,0.14331501831501833,9,0,15
3869420,Croatia,Mario Pašalić,28,31,31,28,59,0.02426739926739927,10,8,22
3869420,Croatia,Ivan Perišić,18,33,33,18,51,0.11364468864468863,10,1,18
3869420,Croatia,Bruno Petković,6,11,11,6,17,0.16318681318681322,9,0,4
3869420,Croatia,Nikola Vlašić,8,12,12,8,20,0.3320512820512821,7,2,9
3869420,Croatia,Lovro Majer,15,19,19,15,34,0.02472527472527472,7,2,10
3869420,Croatia,Mislav Oršić,1,1,1,1,2,0.016025641025641028,2,0,1
3869420,Brazil,Danilo Luiz da Silva,93,83,83,93,176,0.07817460317460319,13,24,18
3869420,Brazil,Carlos Henrique Casimiro,55,63,63,55,118,0.133968253968254,14,9,14
3869420,Brazil,Thiago Emiliano da Silva,92,77,77,92,169,0.04738095238095239,13,34,5
3869420,Brazil,Marcos Aoás Corrêa,93,88,88,93,181,0.07706349206349207,12,31,3
3869420,Brazil,Éder Gabriel Militão,79,69,69,79,148,0.011904761904761906,11,23,13
3869420,Brazil,Neymar da Silva Santos Junior,50,69,69,50,119,0.013095238095238097,14,15,25
3869420,Brazil,Raphael Dias Belloli,19,24,24,19,43,0.0638888888888889,8,3,10
3869420,Brazil,Lucas Tolentino Coelho de Lima,56,53,53,56,109,0.0515079365079365,10,10,21
3869420,Brazil,Richarlison de Andrade,7,13,13,7,20,0.06412698412698414,8,2,11
3869420,Brazil,Alisson Ramsés Becker,29,16,16,29,45,0.04761904761904762,7,13,0
3869420,Brazil,Vinícius José Paixão de Oliveira Júnior,8,16,16,8,24,0.09944444444444445,6,1,11
3869420,Brazil,Antony Matheus dos Santos,29,35,35,29,64,0.09738095238095239,10,4,17
3869420,Brazil,Rodrygo Silva de Goes,29,32,32,29,61,0.16873015873015876,10,1,17
3869420,Brazil,Pedro Guilherme Abreu dos Santos,7,9,9,7,16,0.25349206349206355,9,1,6
3869420,Brazil,Alex Sandro Lobo Silva,4,3,3,4,7,0.025396825396825397,3,2,1
3869420,Brazil,Frederico Rodrigues Santos,2,2,2,2,4,0.02396825396825397,4,0,1
3869486,Portugal,Otávio Edmilson da Silva Monteiro,40,48,48,40,88,0.1222222222222222,11,10,16
3869486,Portugal,Rúben Diogo Da Silva Neves,60,62,62,60,122,0.0,9,12,9
3869486,Portugal,Kléper Laveran Lima Ferreira,94,89,89,94,183,0.07023809523809524,14,31,7
3869486,Portugal,Rúben Santos Gato Alves Dias,88,80,80,88,168,0.004365079365079366,12,27,8
3869486,Portugal,Raphaël Adelino José Guerreiro,24,23,23,24,47,0.10126984126984127,9,2,10
3869486,Portugal,João Félix Sequeira,14,26,26,14,40,0.3673809523809524,11,2,14
3869486,Portugal,Gonçalo Matias Ramos,6,10,10,6,16,0.12992063492063494,6,0,6
3869486,Portugal,Bruno Miguel Borges Fernandes,57,53,53,57,110,0.04992063492063492,13,16,21
3869486,Portugal,Bernardo Mota Veiga de Carvalho e Silva,88,84,84,88,172,0.048412698412698414,14,20,19
3869486,Portugal,José Diogo Dalot Teixeira,32,31,31,32,63,0.01523809523809524,8,7,16
3869486,Portugal,Diogo Meireles Costa,22,7,7,22,29,0.06246031746031746,8,18,0
3869486,Portugal,Cristiano Ronaldo dos Santos Aveiro,4,10,10,4,14,0.13968253968253969,7,1,6
3869486,Portugal,João Pedro Cavaco Cancelo,37,37,37,37,74,0.06507936507936507,10,8,13
3869486,Portugal,Vitor Machado Ferreira,33,33,33,33,66,0.05238095238095239,10,8,0
3869486,Portugal,Rafael Alexandre Conceição Leão,8,14,14,8,22,0.006349206349206349,4,1,11
3869486,Portugal,Ricardo Jorge Luz Horta,9,9,9,9,18,0.011904761904761906,6,0,7
3869486,Morocco,Yassine Bounou,24,11,11,24,35,0.1607905982905983,11,16,0
3869486,Morocco,Achraf Hakimi Mouh,28,26,26,28,54,0.05705128205128205,10,7,8
3869486,Morocco,Jawad El Yamiq,18,13,13,18,31,0.0344017094017094,9,5,1
3869486,Morocco,Sofyan Amrabat,13,9,9,13,22,0.19155982905982905,9,6,1
3869486,Morocco,Hakim Ziyech,17,25,25,17,42,0.019230769230769232,8,4,11
3869486,Morocco,Yahia Attiyat allah,16,14,14,16,30,0.07104700854700853,10,8,8
3869486,Morocco,Youssef En-Nesyri,5,14,14,5,19,0.05876068376068375,9,0,11
3869486,Morocco,Selim Amallah,8,10,10,8,18,0.015384615384615384,7,1,4
3869486,Morocco,Romain Saïss,12,8,8,12,20,0.037927350427350424,8,4,0
3869486,Morocco,Azzedine Ounahi,20,24,24,20,44,0.0607905982905983,9,3,8
3869486,Morocco,Sofiane Boufal,17,19,19,17,36,0.08963675213675212,10,9,9
3869486,Morocco,Achraf Dari,4,3,3,4,7,0.08803418803418803,5,3,0
3869486,Morocco,Walid Cheddira,2,6,6,2,8,0.04006410256410256,6,1,4
3869486,Morocco,Zakaria Aboukhlal,0,2,2,0,2,0.0,1,0,2
3869519,Croatia,Andrej Kramarić,34,33,33,34,67,0.05793650793650794,11,1,15
3869519,Croatia,Dejan Lovren,67,67,67,67,134,0.09449735449735451,14,18,5
3869519,Croatia,Marcelo Brozović,47,48,48,47,95,0.07357142857142858,11,13,7
3869519,Croatia,Josip Juranović,51,45,45,51,96,0.1165873015873016,12,8,20
3869519,Croatia,Borna Sosa,26,32,32,26,58,0.0,8,5,14
3869519,Croatia,Joško Gvardiol,61,54,54,61,115,0.062460317460317466,13,24,4
3869519,Croatia,Dominik Livaković,27,21,21,27,48,0.047275132275132276,8,10,0
3869519,Croatia,Mateo Kovačić,84,85,85,84,169,0.028730158730158738,15,21,11
3869519,Croatia,Luka Modrić,66,60,60,66,126,0.030952380952380953,13,24,11
3869519,Croatia,Ivan Perišić,41,38,38,41,79,0.12153439153439152,13,6,18
3869519,Croatia,Mario Pašalić,9,10,10,9,19,0.013492063492063494,6,1,5
3869519,Croatia,Nikola Vlašić,11,16,16,11,27,0.06042328042328042,9,0,6
3869519,Croatia,Bruno Petković,8,13,13,8,21,0.10142857142857142,11,2,5
3869519,Croatia,Mislav Oršić,12,17,17,12,29,0.1502910052910053,9,0,9
3869519,Croatia,Marko Livaja,4,6,6,4,10,0.07452380952380952,6,1,3
3869519,Croatia,Lovro Majer,11,14,14,11,25,0.03867724867724868,9,1,2
3869519,Argentina,Nicolás Hernán Otamendi,39,31,31,39,70,0.00873015873015873,10,10,0
3869519,Argentina,Alexis Mac Allister,30,40,40,30,70,0.06115646258503402,13,3,14
3869519,Argentina,Enzo Fernandez,41,44,44,41,85,0.10378684807256235,12,9,5
3869519,Argentina,Nicolás Alejandro Tagliafico,24,19,19,24,43,0.07580498866213152,9,6,8
3869519,Argentina,Cristian Gabriel Romero,29,25,25,29,54,0.17428571428571432,12,11,0
3869519,Argentina,Rodrigo Javier De Paul,34,35,35,34,69,0.048174603174603176,10,4,7
3869519,Argentina,Damián Emiliano Martínez,13,5,5,13,18,0.06960317460317461,9,9,0
3869519,Argentina,Nahuel Molina Lucero,28,28,28,28,56,0.13185941043083899,10,8,8
3869519,Argentina,Leandro Daniel Paredes,36,30,30,36,66,0.004920634920634921,9,6,2
3869519,Argentina,Lionel Andrés Messi Cuccittini,34,42,42,34,76,0.04885487528344671,11,6,14
3869519,Argentina,Julián Álvarez,14,19,19,14,33,0.08768707482993196,7,1,10
3869519,Argentina,Lisandro Martínez,8,8,8,8,16,0.11054421768707488,7,3,1
3869519,Argentina,Paulo Bruno Exequiel Dybala,8,11,11,8,19,0.07874149659863945,8,0,8
3869519,Argentina,Exequiel Alejandro Palacios,13,13,13,13,26,0.12017006802721086,8,2,0
3869519,Argentina,Ángel Martín Correa,4,5,5,4,9,0.01523809523809524,4,0,1
3869519,Argentina,Juan Marcos Foyth,3,3,3,3,6,0.0009523809523809525,3,1,1
3869552,Morocco,Sofyan Amrabat,69,70,70,69,139,0.14868480725623584,15,26,18
3869552,Morocco,Achraf Dari,63,54,54,63,117,0.12146258503401361,11,26,2
3869552,Morocco,Yassine Bounou,30,17,17,30,47,0.0623015873015873,8,16,0
3869552,Morocco,Jawad El Yamiq,90,80,80,90,170,0.022222222222222223,12,23,9
3869552,Morocco,Romain Saïss,16,17,17,16,33,0.15005291005291005,8,6,1
3869552,Morocco,Azzedine Ounahi,68,77,77,68,145,0.00901360544217687,13,21,25
3869552,Morocco,Hakim Ziyech,50,61,61,50,111,0.06009070294784581,11,14,26
3869552,Morocco,Sofiane Boufal,14,23,23,14,37,0.06925170068027212,9,2,8
3869552,Morocco,Noussair Mazraoui,20,18,18,20,38,0.07989417989417992,9,3,7
3869552,Morocco,Achraf Hakimi Mouh,63,60,60,63,123,0.17483371126228273,12,13,29
3869552,Morocco,Youssef En-Nesyri,3,2,2,3,5,0.03816704459561603,4,0,2
3869552,Morocco,Selim Amallah,16,20,20,16,36,0.05564625850340135,9,5,12
3869552,Morocco,Yahia Attiyat allah,19,19,19,19,38,0.15461829176114888,10,3,11
3869552,Morocco,Abderrazak Hamdallah,2,2,2,2,4,0.0,3,0,2
3869552,Morocco,Zakaria Aboukhlal,2,5,5,2,7,0.0802154195011338,5,1,3
3869552,Morocco,Abdessamad Ezzalzouli,4,4,4,4,8,0.1298941798941799,5,0,4
3869552,France,Aurélien Djani Tchouaméni,41,33,33,41,74,0.030934343434343432,10,10,2
3869552,France,Antoine Griezmann,23,27,27,23,50,0.24494949494949492,12,5,14
3869552,France,Ousmane Dembélé,14,18,18,14,32,0.04191919191919192,7,1,8
3869552,France,Theo Bernard François Hernández,25,17,17,25,42,0.16792929292929296,10,10,5
3869552,France,Ibrahima Konaté,44,41,41,44,85,0.0763888888888889,10,11,0
3869552,France,Raphaël Varane,52,52,52,52,104,0.002525252525252525,10,10,5
3869552,France,Jules Koundé,43,33,33,43,76,0.12487373737373739,11,9,3
3869552,France,Kylian Mbappé Lottin,12,25,25,12,37,0.01755050505050505,9,4,15
3869552,France,Youssouf Fofana,27,24,24,27,51,0.01578282828282828,9,10,4
3869552,France,Hugo Lloris,19,10,10,19,29,0.03914141414141414,8,15,0
3869552,France,Olivier Giroud,8,19,19,8,27,0.10883838383838383,10,2,15
3869552,France,Marcus Thuram,6,14,14,6,20,0.06969696969696969,7,0,13
3869552,France,Randal Kolo Muani,2,3,3,2,5,0.003787878787878788,3,0,3
3869684,Croatia,Mateo Kovačić,63,63,63,63,126,0.061431623931623935,12,17,18
3869684,Croatia,Joško Gvardiol,61,61,61,61,122,0.006410256410256409,12,21,5
3869684,Croatia,Josip Stanišić,36,32,32,36,68,0.1094017094017094,10,12,13
3869684,Croatia,Josip Šutalo,62,61,61,62,123,0.08301282051282051,11,18,2
3869684,Croatia,Luka Modrić,64,57,57,64,121,0.0547008547008547,12,22,6
3869684,Croatia,Mislav Oršić,22,31,31,22,53,0.14743589743589744,12,5,21
3869684,Croatia,Andrej Kramarić,12,16,16,12,28,0.15042735042735042,9,1,13
3869684,Croatia,Ivan Perišić,41,34,34,41,75,0.10373931623931622,11,8,14
3869684,Croatia,Lovro Majer,25,29,29,25,54,0.03621794871794872,9,4,15
3869684,Croatia,Marko Livaja,8,13,13,8,21,0.07008547008547007,7,2,7
3869684,Croatia,Dominik Livaković,29,12,12,29,41,0.06185897435897435,8,18,0
3869684,Croatia,Nikola Vlašić,5,8,8,5,13,0.033867521367521365,7,1,6
3869684,Croatia,Bruno Petković,4,15,15,4,19,0.06591880341880342,8,2,11
3869684,Croatia,Mario Pašalić,7,7,7,7,14,0.004273504273504273,6,2,2
3869684,Morocco,Youssef En-Nesyri,9,12,12,9,21,0.08215419501133786,8,0,6
3869684,Morocco,Jawad El Yamiq,31,28,28,31,59,0.08244708994708996,12,11,3
3869684,Morocco,Achraf Hakimi Mouh,63,53,53,63,116,0.08240740740740739,14,8,14
3869684,Morocco,Yassine Bounou,38,23,23,38,61,0.10066515495086924,12,22,0
3869684,Morocco,Achraf Dari,29,26,26,29,55,0.01738095238095238,8,15,2
3869684,Morocco,Bilal El Khannous,20,24,24,20,44,0.03659863945578231,10,4,8
3869684,Morocco,Yahia Attiyat allah,40,41,41,40,81,0.022089947089947094,15,13,18
3869684,Morocco,Sofiane Boufal,18,24,24,18,42,0.12723922902494336,12,3,14
3869684,Morocco,Abdelhamid Sabiri,9,15,15,9,24,0.02388888888888889,8,2,2
3869684,Morocco,Hakim Ziyech,50,59,59,50,109,0.020476190476190478,12,10,14
3869684,Morocco,Sofyan Amrabat,45,42,42,45,87,0.08042328042328041,14,15,8
3869684,Morocco,Ilias Chair,13,15,15,13,28,0.07152116402116403,11,1,6
3869684,Morocco,Azzedine Ounahi,24,26,26,24,50,0.06552910052910055,10,6,5
3869684,Morocco,Badr Banoun,21,20,20,21,41,0.0457010582010582,8,5,3
3869684,Morocco,Anass Zaroury,10,9,9,10,19,0.04739984882842025,8,1,6
3869684,Morocco,Selim Amallah,11,14,14,11,25,0.06706916099773244,8,1,8
3869685,France,Antoine Griezmann,21,23,23,21,44,0.0615435606060606,12,6,13
3869685,France,Aurélien Djani Tchouaméni,56,44,44,56,100,0.08801632395382394,14,15,7
3869685,France,Theo Bernard François Hernández,38,37,37,38,75,0.06649155242905243,11,10,18
3869685,France,Adrien Rabiot,43,39,39,43,82,0.07522366522366523,14,9,7
3869685,France,Raphaël Varane,55,51,51,55,106,0.10009484728234727,13,14,2
3869685,France,Jules Koundé,52,47,47,52,99,0.15637611231361231,15,17,5
3869685,France,Ousmane Dembélé,9,12,12,9,21,0.07924152236652236,8,0,11
3869685,France,Hugo Lloris,23,15,15,23,38,0.027604166666666662,12,20,0
3869685,France,Olivier Giroud,5,8,8,5,13,0.04149140211640211,6,1,5
3869685,France,Kylian Mbappé Lottin,19,29,29,19,48,0.11509920634920633,11,5,19
3869685,France,Dayotchanculle Upamecano,51,55,55,51,106,0.06804623617123617,13,15,5
3869685,France,Randal Kolo Muani,11,20,20,11,31,0.10193963443963444,10,1,11
3869685,France,Marcus Thuram,15,23,23,15,38,0.0974404761904762,12,4,12
3869685,France,Kingsley Coman,5,8,8,5,13,0.00975378787878788,5,0,5
3869685,France,Eduardo Camavinga,21,15,15,21,36,0.019285714285714288,10,7,1
3869685,France,Youssouf Fofana,9,7,7,9,16,0.03946278258778259,8,1,4
3869685,France,Ibrahima Konaté,1,1,1,1,2,0.003125,2,1,1
3869685,Argentina,Nahuel Molina Lucero,39,33,33,39,72,0.057222222222222216,9,13,7
3869685,Argentina,Rodrigo Javier De Paul,57,66,66,57,123,0.0020833333333333333,10,10,21
3869685,Argentina,Cristian Gabriel Romero,60,44,44,60,104,0.033541666666666664,12,28,1
3869685,Argentina,Nicolás Hernán Otamendi,69,60,60,69,129,0.19417162698412693,13,20,4
3869685,Argentina,Nicolás Alejandro Tagliafico,44,32,32,44,76,0.0,7,11,10
3869685,Argentina,Alexis Mac Allister,45,46,46,45,91,0.1063888888888889,12,13,16
3869685,Argentina,Damián Emiliano Martínez,18,15,15,18,33,0.024940476190476187,8,9,0
3869685,Argentina,Lionel Andrés Messi Cuccittini,49,60,60,49,109,0.16604662698412698,12,22,19
3869685,Argentina,Ángel Fabián Di María Hernández,25,31,31,25,56,0.04472222222222222,10,3,22
3869685,Argentina,Enzo Fernandez,79,84,84,79,163,0.14522817460317458,15,22,18
3869685,Argentina,Julián Álvarez,26,28,28,26,54,0.043055555555555555,9,2,16
3869685,Argentina,Marcos Javier Acuña,19,27,27,19,46,0.26878472222222216,12,5,15
3869685,Argentina,Gonzalo Ariel Montiel,8,12,12,8,20,0.0035119047619047617,5,1,8
3869685,Argentina,Leandro Daniel Paredes,15,9,9,15,24,0.08909722222222222,9,4,0
3869685,Argentina,Lautaro Javier Martínez,5,9,9,5,14,0.18128472222222225,6,0,4
3869685,Argentina,Paulo Bruno Exequiel Dybala,1,3,3,1,4,0.025882936507936508,4,0,3
3869685,Argentina,Germán Alejandro Pezzella,1,1,1,1,2,0.0,1,1,0
7525,Saudi Arabia,Mohammad Ibrahim Al Sahlawi,7,9,9,7,16,0.13985042735042735,9,1,6
7525,Saudi Arabia,Abdullah Ibrahim Otayf,47,46,46,47,93,0.006837606837606838,10,12,1
7525,Saudi Arabia,Salman Mohammed Al Faraj,71,69,69,71,140,0.17681623931623927,13,13,16
7525,Saudi Arabia,Salem Mohammed Al Dawsari,40,43,43,40,83,0.16645299145299147,10,10,12
7525,Saudi Arabia,Yasir Gharsan Al Shahrani,55,48,48,55,103,0.007371794871794871,9,10,22
7525,Saudi Arabia,Yehya Sulaiman Ali Al-Shehri,34,34,34,34,68,0.09914529914529915,9,4,12
7525,Saudi Arabia,Osama Abdulrezag Hawsawi,50,46,46,50,96,0.1395299145299145,11,23,1
7525,Saudi Arabia,Abdullah Ibrahim Al Maiouf,15,19,19,15,34,0.08974358974358973,7,10,0
7525,Saudi Arabia,Taisir Jabir Al Jassim,30,37,37,30,67,0.04775641025641025,10,2,7
7525,Saudi Arabia,Mohammed Al Burayk,58,59,59,58,117,0.02991452991452991,10,7,23
7525,Saudi Arabia,Omar Ibrahim Omar Othman Hawsawi,44,44,44,44,88,0.06613247863247863,9,11,2
7525,Saudi Arabia,Fahad Mosaed Al Muwallad Al Harbi,1,1,1,1,2,0.03472222222222222,2,0,1
7525,Saudi Arabia,Hattan Babhir,4,3,3,4,7,0.10352564102564103,3,0,0
7525,Saudi Arabia,Mohanad Aseri Abu Radiah,2,0,0,2,2,0.0,2,0,0
7525,Russia,Aleksandr Samedov,16,17,17,16,33,0.05337301587301587,10,6,7
7525,Russia,Fyodor Smolov,13,22,22,13,35,0.027777777777777776,11,3,16
7525,Russia,Ilya Kutepov,26,23,23,26,49,0.031517094017094016,9,9,2
7525,Russia,Sergei Ignashevich,26,19,19,26,45,0.04583333333333334,12,11,1
7525,Russia,Mário Figueira Fernandes,39,22,22,39,61,0.005402930402930402,12,9,13
7525,Russia,Alan Dzagoev,8,12,12,8,20,0.10481532356532355,9,2,7
7525,Russia,Yuri Zhirkov,30,23,23,30,53,0.2642857142857143,13,12,8
7525,Russia,Aleksandr Golovin,24,27,27,24,51,0.07428266178266178,11,9,9
7525,Russia,Igor Akinfeev,12,17,17,12,29,0.05411324786324786,9,11,0
7525,Russia,Yury Gazinskiy,25,22,22,25,47,0.05058760683760684,12,8,2
7525,Russia,Roman Zobnin,19,27,27,19,46,0.05337301587301587,11,6,6
7525,Russia,Denis Cheryshev,16,19,19,16,35,0.10225885225885226,10,2,8
7525,Russia,Daler Kuzyaev,11,12,12,11,23,0.030723443223443222,7,1,1
7525,Russia,Artem Dzyuba,7,10,10,7,17,0.0438034188034188,8,0,9
7529,Nigeria,John Michael Nchekwube Obinna,32,40,40,32,72,0.10896464646464646,10,9,18
7529,Nigeria,William Troost-Ekong,43,37,37,43,80,0.013131313131313131,10,14,1
7529,Nigeria,Onyinye Wilfred Ndidi,39,29,29,39,68,0.09393939393939393,11,13,14
7529,Nigeria,Abdullahi Shehu,31,18,18,31,49,0.03901515151515152,9,6,3
7529,Nigeria,Francis Odinaka Uzoho,14,12,12,14,26,0.08446969696969697,9,12,0
7529,Nigeria,Alex Iwobi,14,18,18,14,32,0.061868686868686865,10,7,9
7529,Nigeria,Odion Jude Ighalo,5,14,14,5,19,0.04949494949494949,8,0,11
7529,Nigeria,Brian Oladapo Idowu,23,19,19,23,42,0.13623737373737374,11,13,8
7529,Nigeria,Victor Moses,17,32,32,17,49,0.2,10,4,19
7529,Nigeria,Oghenekaro Etebo,62,56,56,62,118,0.10542929292929293,12,15,10
7529,Nigeria,Leon Aderemi Balogun,34,33,33,34,67,0.03535353535353535,8,13,4
7529,Nigeria,Ahmed Musa,4,6,6,4,10,0.03156565656565656,4,0,6
7529,Nigeria,Kelechi Promise Iheanacho,1,5,5,1,6,0.06275252525252525,6,0,3
7529,Croatia,Luka Modrić,55,48,48,55,103,0.16025641025641027,12,16,14
7529,Croatia,Ivan Strinić,36,28,28,36,64,0.010897435897435897,9,10,9
7529,Croatia,Ante Rebić,23,30,30,23,53,0.011111111111111112,11,6,17
7529,Croatia,Ivan Rakitić,55,54,54,55,109,0.06346153846153846,12,17,7
7529,Croatia,Dejan Lovren,48,44,44,48,92,0.0,9,14,5
7529,Croatia,Domagoj Vida,33,31,31,33,64,0.13012820512820508,11,12,1
7529,Croatia,Šime Vrsaljko,35,30,30,35,65,0.11976495726495726,11,8,13
7529,Croatia,Andrej Kramarić,10,21,21,10,31,0.13824786324786323,8,2,8
7529,Croatia,Mario Mandžukić,16,23,23,16,39,0.07179487179487179,10,0,12
7529,Croatia,Ivan Perišić,32,36,36,32,68,0.06303418803418802,12,7,18
7529,Croatia,Danijel Subašić,18,16,16,18,34,0.10032051282051281,10,14,0
7529,Croatia,Marcelo Brozović,24,19,19,24,43,0.11132478632478632,10,5,3
7529,Croatia,Mateo Kovačić,2,4,4,2,6,0.11794871794871796,3,0,0
7529,Croatia,Marko Pjaca,2,5,5,2,7,0.019230769230769232,6,0,4
7530,Australia,Andrew Nabbout,3,5,5,3,8,0.2174145299145299,7,1,4
7530,Australia,Trent Sainsbury,45,42,42,45,87,0.02564102564102564,9,23,2
7530,Australia,Mile Jedinak,30,27,27,30,57,0.014423076923076922,9,4,8
7530,Australia,Josh Risdon,23,34,34,23,57,0.4476495726495726,12,11,18
7530,Australia,Aziz Eraltay Behich,46,45,45,46,91,0.1111111111111111,9,6,25
7530,Australia,Aaron Mooy,48,38,38,48,86,0.022435897435897433,10,11,8
7530,Australia,Mathew Ryan,38,26,26,38,64,0.010683760683760682,8,23,0
7530,Australia,Mark Milligan,67,66,66,67,133,0.05662393162393162,9,25,4
7530,Australia,Tom Rogić,13,15,15,13,28,0.05021367521367521,7,2,14
7530,Australia,Robbie Kruse,11,14,14,11,25,0.00641025641025641,5,1,6
7530,Australia,Mathew Leckie,11,22,22,11,33,0.10256410256410256,9,1,17
7530,Australia,Tomi Jurić,2,4,4,2,6,0.20299145299145296,4,1,2
7530,Australia,Jackson Irvine,3,2,2,3,5,0.09615384615384615,3,1,1
7530,Australia,Daniel Arzani,2,2,2,2,4,0.0,3,0,1
7530,France,Benjamin Pavard,54,57,57,54,111,0.01784188034188034,9,13,33
7530,France,Corentin Tolisso,57,56,56,57,113,0.09316239316239316,12,18,9
7530,France,Raphaël Varane,60,43,43,60,103,0.002564102564102564,10,28,7
7530,France,Hugo Lloris,15,13,13,15,28,0.008547008547008546,5,13,0
7530,France,Samuel Yves Umtiti,55,43,43,55,98,0.04935897435897435,11,24,4
7530,France,Paul Pogba,48,58,58,48,106,0.11826923076923077,12,21,15
7530,France,Antoine Griezmann,10,21,21,10,31,0.13632478632478634,8,1,12
7530,France,N'Golo Kanté,56,43,43,56,99,0.023397435897435894,11,17,7
7530,France,Kylian Mbappé Lottin,19,24,24,19,43,0.11869658119658119,11,5,10
7530,France,Lucas Hernández Pi,41,42,42,41,83,0.20341880341880342,12,8,25
7530,France,Ousmane Dembélé,10,19,19,10,29,0.1696581196581196,8,0,15
7530,France,Nabil Fekir,10,13,13,10,23,0.040811965811965806,7,2,8
7530,France,Olivier Giroud,3,3,3,3,6,0.13536324786324785,5,1,3
7530,France,Blaise Matuidi,7,10,10,7,17,0.005555555555555556,5,2,5
7531,Iceland,Johann Berg Guðmunds­son,10,11,11,10,21,0.042755855255855256,8,3,6
7531,Iceland,Birkir Bjarnason,9,12,12,9,21,0.08509407259407259,11,3,4
7531,Iceland,Gylfi Þór Sigurðsson,15,23,23,15,38,0.11517926517926516,11,4,7
7531,Iceland,Emil Hallfreðsson,23,14,14,23,37,0.1551767676767677,12,3,1
7531,Iceland,Aron Einar Gunnarsson,11,7,7,11,18,0.027243589743589744,7,1,0
7531,Iceland,Ragnar Sigurðsson,10,6,6,10,16,0.012820512820512818,8,3,0
7531,Iceland,Hannes Þór Halldórsson,10,8,8,10,18,0.04664779664779664,9,8,0
7531,Iceland,Kári Árnason,10,10,10,10,20,0.14246031746031745,11,7,2
7531,Iceland,Alfreð Finnbogason,10,15,15,10,25,0.09784382284382283,11,3,13
7531,Iceland,Hörður Björgvin Magnússon,10,16,16,10,26,0.03535353535353535,10,4,9
7531,Iceland,Birkir Már Sævarsson,10,4,4,10,14,0.12599206349206346,9,6,1
7531,Iceland,Rúrik Gíslason,4,7,7,4,11,0.022075147075147072,7,2,3
7531,Iceland,Ari Freyr Skúlason,4,2,2,4,6,0.004856254856254856,4,0,0
7531,Iceland,Björn Bergmann Sigurðarson,1,2,2,1,3,0.0,2,0,1
7531,Argentina,Faustino Marcos Alberto Rojo,70,64,64,70,134,0.07364163614163614,13,28,7
7531,Argentina,Ángel Fabián Di María Hernández,33,32,32,33,65,0.0,9,1,20
7531,Argentina,Wilfredo Daniel Caballero,16,8,8,16,24,0.17368742368742368,6,11,0
7531,Argentina,Nicolás Alejandro Tagliafico,66,57,57,66,123,0.0,11,10,22
7531,Argentina,Nicolás Hernán Otamendi,70,64,64,70,134,0.001282051282051282,11,18,2
7531,Argentina,Eduardo Antonio Salvio,66,63,63,66,129,0.1274114774114774,11,11,16
7531,Argentina,Javier Alejandro Mascherano,134,119,119,134,253,0.04316239316239316,13,43,10
7531,Argentina,Lucas Rodrigo Biglia,44,46,46,44,90,0.07232905982905982,9,9,10
7531,Argentina,Maximiliano Eduardo Meza,41,41,41,41,82,0.05555555555555555,10,2,20
7531,Argentina,Sergio Leonel Agüero del Castillo,35,43,43,35,78,0.11935286935286933,11,3,20
7531,Argentina,Lionel Andrés Messi Cuccittini,59,86,86,59,145,0.023504273504273504,12,23,29
7531,Argentina,Éver Maximiliano David Banega,48,56,56,48,104,0.16159951159951158,11,11,7
7531,Argentina,Cristian David Pavón,7,11,11,7,18,0.1841880341880342,7,1,6
7531,Argentina,Gonzalo Gerardo Higuaín,5,4,4,5,9,0.19276556776556775,6,0,2
7532,Denmark,Christian Dannemann Eriksen,34,40,40,34,74,0.0422008547008547,10,7,13
7532,Denmark,Andreas Christensen,45,37,37,45,82,0.0007122507122507122,9,12,4
7532,Denmark,Henrik Dalsgaard,31,21,21,31,52,0.05555555555555555,9,14,8
7532,Denmark,William Vitved Kvist Jørgensen,17,14,14,17,31,0.0021367521367521365,8,4,3
7532,Denmark,Simon Thorup Kjær,32,30,30,32,62,0.020512820512820513,9,10,1
7532,Denmark,Yussuf Yurary Poulsen,21,30,30,21,51,0.0743996743996744,9,3,21
7532,Denmark,Thomas Delaney,29,32,32,29,61,0.11362433862433861,13,11,8
7532,Denmark,Pione Sisto Ifolo Emirmija,25,32,32,25,57,0.020299145299145296,9,7,10
7532,Denmark,Jens Stryger Larsen,26,23,23,26,49,0.12110805860805858,10,6,12
7532,Denmark,Kasper Schmeichel,17,10,10,17,27,0.0975936100936101,9,17,0
7532,Denmark,Nicolai Jørgensen,8,21,21,8,29,0.16183862433862434,11,3,16
7532,Denmark,Lasse Schöne,12,9,9,12,21,0.1798483923483923,10,4,1
7532,Denmark,Martin Braithwaite Christensen,3,3,3,3,6,0.056746031746031746,4,0,1
7532,Denmark,Mathias Jattah-Njie Jørgensen,2,0,0,2,2,0.0,2,0,0
7532,Peru,Miguel Ángel Trauco Saavedra,48,36,36,48,84,0.058226495726495714,10,25,5
7532,Peru,Víctor Yoshimar Yotún Flores,63,52,52,63,115,0.16420940170940168,12,17,12
7532,Peru,Édison Michael Flores Peralta,18,22,22,18,40,0.05042735042735042,8,4,8
7532,Peru,Jefferson Agustín Farfán Guadalupe,15,25,25,15,40,0.16848290598290597,10,2,20
7532,Peru,Christian Alberto Cueva Bravo,43,56,56,43,99,0.08568376068376068,12,11,27
7532,Peru,Luis Jan Piers Advíncula Castrillón,37,30,30,37,67,0.03205128205128205,9,6,12
7532,Peru,Renato Fabrizio Tapia Cortijo,20,20,20,20,40,0.05630341880341879,9,7,4
7532,Peru,Christian Guillermo Martín Ramos Garagay,26,25,25,26,51,0.009829059829059827,9,11,4
7532,Peru,Alberto Junior Rodríguez Valdelomar,25,18,18,25,43,0.08450854700854701,9,10,2
7532,Peru,André Martín Carrillo Díaz,29,36,36,29,65,0.15170940170940173,11,7,11
7532,Peru,Pedro David Gallese Quiróz,8,6,6,8,14,0.02564102564102564,4,7,0
7532,Peru,José Paolo Guerrero Gonzáles,5,11,11,5,16,0.02457264957264957,6,1,4
7532,Peru,Pedro Jesús Aquino Sánchez,8,7,7,8,15,0.185042735042735,6,3,1
7532,Peru,Raúl Mario Ruidíaz Misitich,2,3,3,2,5,0.05705128205128205,5,0,1
7533,Brazil,Gabriel Fernando de Jesus,11,20,20,11,31,0.0999084249084249,9,1,12
7533,Brazil,Carlos Henrique Casimiro,33,21,21,33,54,0.02751831501831502,9,10,2
7533,Brazil,Philippe Coutinho Correia,67,67,67,67,134,0.021978021978021976,12,21,21
7533,Brazil,Marcelo Vieira da Silva Júnior,67,73,73,67,140,0.03450854700854701,12,16,34
7533,Brazil,Alisson Ramsés Becker,12,5,5,12,17,0.05138888888888888,7,6,0
7533,Brazil,João Miranda de Souza Filho,63,54,54,63,117,0.07506105006105006,11,29,2
7533,Brazil,Thiago Emiliano da Silva,49,41,41,49,90,0.012347374847374845,10,18,0
7533,Brazil,Willian Borges da Silva,29,38,38,29,67,0.013888888888888888,12,4,19
7533,Brazil,Neymar da Silva Santos Junior,32,52,52,32,84,0.1014957264957265,12,4,16
7533,Brazil,Danilo Luiz da Silva,53,41,41,53,94,0.0760989010989011,11,19,14
7533,Brazil,José Paulo Bezzera Maciel Júnior,24,27,27,24,51,0.1033119658119658,9,3,7
7533,Brazil,Fernando Luiz Roza,13,7,7,13,20,0.08484432234432235,7,4,1
7533,Brazil,Renato Soares de Oliveira Augusto,15,17,17,15,32,0.2037698412698412,10,3,5
7533,Brazil,Roberto Firmino Barbosa de Oliveira,5,10,10,5,15,0.0579059829059829,5,1,6
7533,Switzerland,Valon Behrami,42,34,34,42,76,0.004734848484848485,10,5,4
7533,Switzerland,Stephan Lichtsteiner,34,27,27,34,61,0.16982323232323235,9,13,12
7533,Switzerland,Manuel Obafemi Akanji,60,54,54,60,114,0.0808080808080808,10,22,1
7533,Switzerland,Xherdan Shaqiri,35,42,42,35,77,0.13377525252525252,11,7,22
7533,Switzerland,Haris Seferović,5,12,12,5,17,0.16843434343434344,8,1,7
7533,Switzerland,Fabian Lukas Schär,46,43,43,46,89,0.03554292929292929,9,10,1
7533,Switzerland,Steven Zuber,21,27,27,21,48,0.0,7,4,14
7533,Switzerland,Ricardo Iván Rodríguez Araya,32,29,29,32,61,0.1340909090909091,9,8,17
7533,Switzerland,Granit Xhaka,50,51,51,50,101,0.010037878787878788,11,19,10
7533,Switzerland,Blerim Džemaili,20,30,30,20,50,0.2557449494949495,10,3,12
7533,Switzerland,Yann Sommer,15,11,11,15,26,0.0672979797979798,7,9,0
7533,Switzerland,Denis Lemi Zakaria Lako Lado,3,2,2,3,5,0.1130050505050505,4,0,0
7533,Switzerland,Breel-Donald Embolo,0,1,1,0,1,0.0,1,0,1
7534,Mexico,Carlos Alberto Vela Garrido,19,23,23,19,42,0.014957264957264954,8,1,11
7534,Mexico,Héctor Miguel Herrera López,32,38,38,32,70,0.13653846153846153,12,11,12
7534,Mexico,Jesús Daniel Gallardo Vasconcelos,38,27,27,38,65,0.07127594627594629,10,17,8
7534,Mexico,Héctor Alfredo Moreno Herrera,24,21,21,24,45,0.03814102564102564,11,10,1
7534,Mexico,Hugo Ayala Castro,14,12,12,14,26,0.034188034188034185,7,5,1
7534,Mexico,Francisco Guillermo Ochoa Magaña,20,12,12,20,32,0.05328144078144078,9,17,0
7534,Mexico,Hirving Rodrigo Lozano Bahena,20,25,25,20,45,0.024465811965811962,8,1,17
7534,Mexico,José Andrés Guardado Hernández,23,23,23,23,46,0.031303418803418796,10,7,5
7534,Mexico,Javier Hernández Balcázar,10,18,18,10,28,0.10192307692307692,9,4,14
7534,Mexico,Carlos Joel Salcedo Hernández,19,15,15,19,34,0.08261599511599513,10,9,4
7534,Mexico,Miguel Arturo Layún Prado,14,17,17,14,31,0.2476953601953602,11,5,11
7534,Mexico,Edson Omar Álvarez Velázquez,4,5,5,4,9,0.054914529914529914,4,2,3
7534,Mexico,Raúl Alonso Jiménez Rodríguez,5,9,9,5,14,0.018055555555555557,5,2,6
7534,Mexico,Rafael Márquez Álvarez,5,2,2,5,7,0.04561965811965812,4,2,0
7534,Germany,Thomas Müller,34,50,50,34,84,0.005341880341880342,9,3,34
7534,Germany,Mesut Özil,70,71,71,70,141,0.03258547008547008,11,24,17
7534,Germany,Sami Khedira,40,46,46,40,86,0.03952991452991453,9,14,9
7534,Germany,Manuel Neuer,15,8,8,15,23,0.0766025641025641,5,8,0
7534,Germany,Marvin Plattenhardt,20,23,23,20,43,0.04166666666666666,8,5,12
7534,Germany,Toni Kroos,76,62,62,76,138,0.061965811965811975,12,30,8
7534,Germany,Jérôme Boateng,69,67,67,69,136,0.00641025641025641,12,45,6
7534,Germany,Joshua Kimmich,71,71,71,71,142,0.0844017094017094,12,17,46
7534,Germany,Timo Werner,14,17,17,14,31,0.3829059829059829,10,0,13
7534,Germany,Julian Draxler,48,49,49,48,97,0.03461538461538462,10,9,16
7534,Germany,Mats Hummels,35,22,22,35,57,0.08696581196581196,11,17,2
7534,Germany,Marco Reus,22,28,28,22,50,0.11688034188034188,10,3,9
7534,Germany,Mario Gómez García,1,3,3,1,4,0.03568376068376068,4,1,2
7534,Germany,Julian Brandt,6,4,4,6,10,0.07371794871794872,5,1,3
7535,Serbia,Aleksandar Mitrović,11,26,26,11,37,0.22297008547008546,9,0,16
7535,Serbia,Nikola Milenković,41,35,35,41,76,0.247008547008547,10,12,0
7535,Serbia,Sergej Milinković-Savić,25,42,42,25,67,0.07596153846153847,12,9,23
7535,Serbia,Adem Ljajić,14,13,13,14,27,0.08055555555555555,7,3,6
7535,Serbia,Aleksandar Kolarov,35,28,28,35,63,0.07799145299145298,10,9,11
7535,Serbia,Nemanja Matić,41,32,32,41,73,0.07115384615384615,10,5,4
7535,Serbia,Branislav Ivanović,44,37,37,44,81,0.05555555555555555,8,16,15
7535,Serbia,Vladimir Stojković,13,3,3,13,16,0.0438034188034188,6,10,0
7535,Serbia,Duško Tošić,39,35,35,39,74,0.25384615384615383,9,16,1
7535,Serbia,Dušan Tadić,20,31,31,20,51,0.10737179487179487,10,3,19
7535,Serbia,Luka Milivojević,44,40,40,44,84,0.14743589743589744,10,18,2
7535,Serbia,Filip Kostić,1,8,8,1,9,0.10032051282051282,7,0,3
7535,Serbia,Antonio Rukavina,5,3,3,5,8,0.025854700854700853,5,1,1
7535,Serbia,Aleksandar Prijović,2,2,2,2,4,0.0,3,1,2
7535,Costa Rica,Johan Alberto Venegas Ulloa,13,23,23,13,36,0.05502136752136752,9,4,17
7535,Costa Rica,Francisco Javier Calvo Quesada,42,30,30,42,72,0.15827991452991452,11,14,10
7535,Costa Rica,Óscar Esau Duarte Gaitán,45,44,44,45,89,0.059508547008547005,13,16,9
7535,Costa Rica,David Alberto Guzmán Pérez,39,39,39,39,78,0.021367521367521364,11,12,7
7535,Costa Rica,Giancarlo González Castro,35,24,24,35,59,0.0021367521367521365,10,10,1
7535,Costa Rica,Bryan Ruiz González,42,52,52,42,94,0.029113247863247864,13,6,14
7535,Costa Rica,Marcos Danilo Ureña Porras,6,7,7,6,13,0.19647435897435897,7,1,6
7535,Costa Rica,Cristian Gamboa Luna,35,36,36,35,71,0.029113247863247864,10,9,8
7535,Costa Rica,Celso Borges Mora,43,44,44,43,87,0.07184829059829059,13,6,8
7535,Costa Rica,Johnny Acosta Zamora,26,22,22,26,48,0.0672008547008547,9,7,1
7535,Costa Rica,Keylor Navas Gamboa,17,13,13,17,30,0.040811965811965806,9,15,0
7535,Costa Rica,Christian Bolaños Navarro,19,24,24,19,43,0.0251068376068376,10,3,14
7535,Costa Rica,Joel Nathaniel Campbell Samuels,9,13,13,9,22,0.131517094017094,9,2,8
7535,Costa Rica,Daniel Colindres Solera,5,5,5,5,10,0.12409188034188035,6,0,2
7536,Panama,Armando Enrique Cooper Whitaker,28,27,27,28,55,0.09429945054945053,13,7,8
7536,Panama,Fidel Escobar Mendieta,22,17,17,22,39,0.16668192918192917,11,14,0
7536,Panama,Blas Antonio Miguel Pérez Ortega,10,17,17,10,27,0.21655982905982904,11,0,11
7536,Panama,Aníbal Cesis Godoy,40,40,40,40,80,0.04845848595848595,12,10,10
7536,Panama,Michael Amir Murillo Bermudez,37,36,36,37,73,0.03514957264957264,9,14,10
7536,Panama,Edgar Yoel Bárcenas Herrera,16,20,20,16,36,0.0,7,3,15
7536,Panama,Gabriel Enrique Gómez Girón,44,32,32,44,76,0.19145299145299144,13,10,6
7536,Panama,José Luis Rodríguez Francis,7,15,15,7,22,0.054181929181929184,6,0,7
7536,Panama,Erick Javier Davis Grajales,36,31,31,36,67,0.0,10,6,7
7536,Panama,Román Aureliano Torres Morcillo,17,18,18,17,35,0.09612332112332111,10,13,1
7536,Panama,Jaime Manuel Penedo Cano,8,2,2,8,10,0.0016025641025641025,6,8,0
7536,Panama,Ismael Díaz De León,5,8,8,5,13,0.04092643467643466,8,1,4
7536,Panama,Gabriel Arturo Torres Tejada,6,8,8,6,14,0.019978632478632477,7,0,6
7536,Panama,Luis Carlos Tejada Hansell,8,13,13,8,21,0.09503968253968254,9,3,4
7536,Belgium,Thibaut Courtois,18,14,14,18,32,0.13482905982905982,8,8,0
7536,Belgium,Yannick Ferreira Carrasco,23,26,26,23,49,0.032086894586894586,8,6,17
7536,Belgium,Jan Vertonghen,66,55,55,66,121,0.03456196581196581,11,23,1
7536,Belgium,Anga Dedryck Boyata,81,67,67,81,148,0.09195156695156693,10,22,3
7536,Belgium,Kevin De Bruyne,55,58,58,55,113,0.15616096866096862,13,21,23
7536,Belgium,Thomas Meunier,42,36,36,42,78,0.013799857549857549,10,7,18
7536,Belgium,Axel Witsel,52,48,48,52,100,0.0741631054131054,11,10,11
7536,Belgium,Dries Mertens,23,33,33,23,56,0.05918803418803419,9,7,15
7536,Belgium,Romelu Lukaku Menama,13,23,23,13,36,0.07866809116809116,9,1,13
7536,Belgium,Toby Alderweireld,93,93,93,93,186,0.03457977207977208,10,27,7
7536,Belgium,Eden Hazard,32,48,48,32,80,0.13066239316239314,13,5,30
7536,Belgium,Mousa Sidi Yaya Dembélé,8,5,5,8,13,0.1454059829059829,7,3,1
7536,Belgium,Thorgan Hazard,4,4,4,4,8,0.07508903133903133,5,1,2
7536,Belgium,Nacer Chadli,3,3,3,3,6,0.01290954415954416,4,0,0
7537,England,Bamidele Alli,23,32,32,23,55,0.00803872053872054,10,4,17
7537,England,John Stones,69,64,64,69,133,0.04974747474747475,11,26,4
7537,England,Kyle Walker,70,66,66,70,136,0.10808080808080808,12,26,6
7537,England,Jordan Brian Henderson,57,62,62,57,119,0.04154040404040404,11,17,16
7537,England,Harry Maguire,70,64,64,70,134,0.022727272727272728,12,22,11
7537,England,Ashley Young,54,40,40,54,94,0.01797138047138047,11,9,18
7537,England,Kieran Trippier,58,46,46,58,104,0.05896464646464646,12,9,21
7537,England,Jesse Lingard,26,32,32,26,58,0.09713804713804715,11,4,10
7537,England,Harry Kane,13,25,25,13,38,0.11973905723905723,11,5,15
7537,England,Raheem Sterling,12,20,20,12,32,0.03851010101010101,9,3,15
7537,England,Jordan Pickford,21,17,17,21,38,0.09549663299663298,9,13,0
7537,England,Marcus Rashford,7,9,9,7,16,0.2096380471380471,7,3,4
7537,England,Ruben Loftus-Cheek,4,7,7,4,11,0.08526936026936027,6,0,4
7537,Tunisia,Mouez Hassen,3,3,3,3,6,0.025213675213675214,4,2,0
7537,Tunisia,Yassine Meriah,36,29,29,36,65,0.04241452991452991,12,17,3
7537,Tunisia,Ali Maâloul,36,34,34,36,70,0.055769230769230765,9,9,9
7537,Tunisia,Syam Ben Youssef,20,14,14,20,34,0.0251068376068376,9,6,0
7537,Tunisia,Dylan Daniel Mahmoud Bronn,35,30,30,35,65,0.08974358974358974,11,13,7
7537,Tunisia,Ellyes Joris Skhiri,30,33,33,30,63,0.09401709401709402,10,3,2
7537,Tunisia,Ferjani Sassi,31,30,30,31,61,0.004807692307692308,9,4,6
7537,Tunisia,Fakhreddine Ben Youssef,24,29,29,24,53,0.1378205128205128,11,4,13
7537,Tunisia,Wahbi Khazri,14,21,21,14,35,0.21933760683760684,10,0,10
7537,Tunisia,Naïm Sliti,13,17,17,13,30,0.12339743589743589,8,2,9
7537,Tunisia,Anice Badri,31,29,29,31,60,0.17863247863247864,12,3,5
7537,Tunisia,Farouk Ben Mustapha,7,8,8,7,15,0.047970085470085466,6,4,0
7537,Tunisia,Mohamed Amine Ben Amor,5,5,5,5,10,0.030982905982905973,4,0,0
7537,Tunisia,Saber Khalifa,0,3,3,0,3,0.0,3,0,3
7538,South Korea,Jae-Sung Lee,29,25,25,29,54,0.09643620268620269,12,3,4
7538,South Korea,Young-Gwon Kim,31,29,29,31,60,0.16529304029304032,13,15,2
7538,South Korea,Shin-Wook Kim,6,10,10,6,16,0.018482905982905983,8,1,7
7538,South Korea,Sung-Yeung Ki,43,30,30,43,73,0.028525641025641025,11,13,5
7538,South Korea,Yong Lee,33,33,33,33,66,0.07345848595848595,11,4,16
7538,South Korea,Hyun-Soo Jang,37,29,29,37,66,0.004655067155067154,11,10,1
7538,South Korea,Hyeon-Woo Jo,16,9,9,16,25,0.0,5,9,0
7538,South Korea,Hee-Chan Hwang,8,19,19,8,27,0.12195512820512819,10,0,5
7538,South Korea,Heung-Min Son,17,28,28,17,45,0.12772435897435896,12,5,12
7538,South Korea,Ja-Cheol Koo,15,19,19,15,34,0.07458791208791209,11,3,8
7538,South Korea,Joo-Ho Park,7,5,5,7,12,0.0672008547008547,6,3,1
7538,South Korea,Min-Woo Kim,18,22,22,18,40,0.01358363858363858,8,2,12
7538,South Korea,Woo-Young Jung,20,19,19,20,39,0.0733974358974359,9,9,1
7538,South Korea,Seung-Woo Lee,9,12,12,9,21,0.033386752136752136,9,2,5
7538,Sweden,Ludwig Augustinsson,29,30,30,29,59,0.054914529914529914,9,6,16
7538,Sweden,Albin Ekdal,57,51,51,57,108,0.0021367521367521365,9,11,13
7538,Sweden,Sebastian Larsson,57,58,58,57,115,0.0641025641025641,11,13,14
7538,Sweden,Pontus Jansson,50,40,40,50,90,0.0021367521367521365,8,14,2
7538,Sweden,Mikael Lustig,30,26,26,30,56,0.13568376068376067,11,8,5
7538,Sweden,Robin Olsen,12,8,8,12,20,0.1221153846153846,7,8,0
7538,Sweden,Ola Toivonen,10,16,16,10,26,0.17873931623931624,9,1,15
7538,Sweden,Andreas Granqvist,58,56,56,58,114,0.02297008547008547,11,29,1
7538,Sweden,Viktor Claesson,24,25,25,24,49,0.08600427350427349,10,6,9
7538,Sweden,Marcus Berg,7,15,15,7,22,0.290491452991453,10,0,9
7538,Sweden,Emil Peter Forsberg,27,37,37,27,64,0.06517094017094018,7,3,12
7538,Sweden,Oscar Hiljemark,5,4,4,5,9,0.05544871794871794,6,0,2
7538,Sweden,Gustav Svensson,2,2,2,2,4,0.00908119658119658,3,1,0
7538,Sweden,Isaac Kiese Thelin,3,3,3,3,6,0.07211538461538461,5,0,2
7539,Senegal,M'Baye Babacar Niang,26,32,32,26,58,0.0695054945054945,10,6,17
7539,Senegal,Kalidou Koulibaly,25,20,20,25,45,0.008012820512820512,8,11,0
7539,Senegal,Youssouf Sabaly,40,31,31,40,71,0.0827991452991453,10,7,7
7539,Senegal,Sadio Mané,32,36,36,32,68,0.05665445665445665,11,1,12
7539,Senegal,Idrissa Gana Gueye,45,42,42,45,87,0.10416666666666666,12,10,6
7539,Senegal,Salif Sané,29,27,27,29,56,0.07638888888888888,11,10,0
7539,Senegal,Moussa Wagué,23,21,21,23,44,0.008547008547008546,9,10,6
7539,Senegal,Ismaïla Sarr,18,25,25,18,43,0.1059065934065934,10,2,17
7539,Senegal,Alfred John Momar N'Diaye,21,22,22,21,43,0.09568070818070817,11,7,5
7539,Senegal,Khadim N'Diaye,9,8,8,9,17,0.13768315018315017,11,9,0
7539,Senegal,Mame Biram Diouf,6,9,9,6,15,0.10042735042735043,8,2,4
7539,Senegal,Cheikh N'Doye,5,9,9,5,14,0.18192918192918192,9,2,5
7539,Senegal,Pape Moussa Konaté,4,3,3,4,7,0.07179487179487178,5,3,2
7539,Senegal,Cheikhou Kouyaté,3,1,1,3,4,0.020833333333333332,3,1,0
7539,Poland,Thiago Rangel Cionek,72,62,62,72,134,0.15064102564102563,11,21,4
7539,Poland,Piotr Zieliński,65,74,74,65,139,0.010149572649572648,12,23,20
7539,Poland,Michał Pazdan,89,83,83,89,172,0.06185897435897435,11,32,20
7539,Poland,Grzegorz Krychowiak,69,67,67,69,136,0.08814102564102562,13,19,13
7539,Poland,Maciej Rybus,34,30,30,34,64,0.060897435897435896,9,4,15
7539,Poland,Jakub Błaszczykowski,6,12,12,6,18,0.01282051282051282,6,1,7
7539,Poland,Łukasz Piszczek,34,36,36,34,70,0.12393162393162392,11,4,12
7539,Poland,Robert Lewandowski,15,21,21,15,36,0.3144230769230769,10,2,15
7539,Poland,Arkadiusz Milik,15,18,18,15,33,0.08974358974358974,9,1,10
7539,Poland,Wojciech Szczęsny,18,14,14,18,32,0.10384615384615384,8,14,0
7539,Poland,Kamil Grosicki,20,27,27,20,47,0.0,8,2,21
7539,Poland,Jan Bednarek,36,28,28,36,64,0.09604700854700855,10,19,1
7539,Poland,Dawid Kownacki,6,8,8,6,14,0.1889957264957265,7,1,4
7539,Poland,Bartosz Bereszyński,3,2,2,3,5,0.003205128205128205,3,0,1
7540,Egypt,Abdalla Mahmoud El Said Bekhit,59,49,49,59,108,0.05523504273504273,12,18,13
7540,Egypt,Ahmed Elsayed Ali Elsayed Hegazy,34,30,30,34,64,0.06709401709401708,10,11,1
7540,Egypt,Ahmed Fathy Abdel Meneim Ibrahim,53,49,49,53,102,0.07452686202686201,12,16,12
7540,Egypt,Mohamed Naser Elsayed Elneny,18,19,19,18,37,0.13847680097680098,9,9,4
7540,Egypt,Mohamed Salah,16,25,25,16,41,0.16663614163614165,12,3,15
7540,Egypt,Ali Gabr,22,22,22,22,44,0.024420024420024417,10,5,2
7540,Egypt,Mohamed Abdul Shafy Sayed Abouezeid,51,44,44,51,95,0.09493284493284493,13,18,8
7540,Egypt,Mahmoud Ibrahim Hassan,21,31,31,21,52,0.0021367521367521365,9,1,12
7540,Egypt,Marwan Mohsen,13,25,25,13,38,0.01944444444444444,10,2,14
7540,Egypt,Tarek Hamed,46,30,30,46,76,0.0599053724053724,11,15,1
7540,Egypt,Mohamed El Sayed Mohamed El Shenawy Gomaa,6,4,4,6,10,0.08307387057387057,7,6,0
7540,Egypt,Amr Medhat Warda,10,18,18,10,28,0.01694139194139194,6,0,14
7540,Egypt,Ramadan Sobhi Ramadan Ahmed,9,12,12,9,21,0.15117521367521367,6,2,8
7540,Egypt,Mahmoud Abdul Monem Abdelhamid Soliman,2,2,2,2,4,0.02019230769230769,3,0,2
7540,Russia,Denis Cheryshev,21,30,30,21,51,0.016559829059829057,9,2,13
7540,Russia,Yuri Zhirkov,28,29,29,28,57,0.08974358974358974,11,15,5
7540,Russia,Mário Figueira Fernandes,36,28,28,36,64,0.058119658119658114,11,11,8
7540,Russia,Artem Dzyuba,25,34,34,25,59,0.06762820512820512,11,2,23
7540,Russia,Aleksandr Samedov,44,47,47,44,91,0.0,11,8,9
7540,Russia,Roman Zobnin,40,26,26,40,66,0.293482905982906,13,9,5
7540,Russia,Sergei Ignashevich,16,15,15,16,31,0.0673076923076923,9,7,1
7540,Russia,Igor Akinfeev,4,6,6,4,10,0.016025641025641024,5,4,0
7540,Russia,Aleksandr Golovin,27,39,39,27,66,0.048611111111111105,10,5,15
7540,Russia,Yury Gazinskiy,44,37,37,44,81,0.034401709401709404,11,11,2
7540,Russia,Ilya Kutepov,12,14,14,12,26,0.03867521367521367,8,6,0
7540,Russia,Daler Kuzyaev,13,8,8,13,21,0.1482905982905983,7,3,0
7540,Russia,Fyodor Smolov,7,6,6,7,13,0.08803418803418804,6,0,2
7540,Russia,Fedor Kudryashov,4,2,2,4,6,0.058974358974358966,4,0,0
7541,Japan,Shinji Kagawa,37,36,36,37,73,0.03632478632478633,9,6,11
7541,Japan,Makoto Hasebe,71,60,60,71,131,0.09871794871794871,12,8,15
7541,Japan,Maya Yoshida,82,80,80,82,162,0.06196581196581196,12,34,3
7541,Japan,Hiroki Sakai,44,43,43,44,87,0.18376068376068375,11,7,15
7541,Japan,Gen Shōji,71,62,62,71,133,0.0021367521367521365,10,27,3
7541,Japan,Gaku Shibasaki,58,61,61,58,119,0.025106837606837604,11,14,21
7541,Japan,Eiji Kawashima,14,11,11,14,25,0.05651709401709401,9,11,0
7541,Japan,Yūya Ōsako,15,23,23,15,38,0.41100427350427343,11,2,16
7541,Japan,Yuto Nagatomo,44,37,37,44,81,0.0,8,12,12
7541,Japan,Takashi Inui,27,39,39,27,66,0.010683760683760682,8,3,15
7541,Japan,Genki Haraguchi,34,42,42,34,76,0.0,9,4,10
7541,Japan,Keisuke Honda,21,24,24,21,45,0.21324786324786324,9,2,8
7541,Japan,Hotaru Yamaguchi,11,11,11,11,22,0.09220085470085468,7,4,4
7541,Japan,Shinji Okazaki,1,1,1,1,2,0.005341880341880341,2,0,1
7541,Colombia,Johan Andrés Mojica Palacio,53,41,41,53,94,0.09540598290598291,12,27,10
7541,Colombia,José Heriberto Izquierdo Mena,19,26,26,19,45,0.03039529914529914,9,1,18
7541,Colombia,Radamel Falcao García Zárate,21,35,35,21,56,0.08695054945054945,12,3,29
7541,Colombia,Jefferson Andrés Lerma Solís,40,39,39,40,79,0.02329822954822955,12,6,6
7541,Colombia,Carlos Alberto Sánchez Moreno,3,3,3,3,6,0.04719169719169719,4,1,0
7541,Colombia,Santiago Arias Naranjo,33,22,22,33,55,0.16692612942612942,13,9,15
7541,Colombia,Juan Guillermo Cuadrado Bello,8,17,17,8,25,0.036233211233211236,7,2,7
7541,Colombia,Juan Fernando Quintero Paniagua,22,21,21,22,43,0.08465354090354091,10,10,8
7541,Colombia,Davinson Sánchez Mina,26,24,24,26,50,0.01736874236874237,10,11,0
7541,Colombia,Oscar Fabián Murillo Murillo,33,26,26,33,59,0.13907967032967034,11,13,2
7541,Colombia,David Ospina Ramírez,13,11,11,13,24,0.07403083028083027,9,10,0
7541,Colombia,Wílmar Enrique Barrios Terán,21,21,21,21,42,0.07843406593406592,10,10,4
7541,Colombia,James David Rodríguez Rubio,14,20,20,14,34,0.004807692307692308,7,4,5
7541,Colombia,Carlos Arturo Bacca Ahumada,8,8,8,8,16,0.017155067155067153,6,2,5
7542,Morocco,Khalid Boutaïb,11,17,17,11,28,0.14125457875457875,9,1,11
7542,Morocco,Mbark Boussoufa,47,49,49,47,96,0.05555555555555555,13,9,13
7542,Morocco,Manuel Marouan da Costa Trinidade,33,32,32,33,65,0.08539377289377288,13,21,1
7542,Morocco,Hakim Ziyech,40,51,51,40,91,0.10042735042735042,12,6,18
7542,Morocco,Achraf Hakimi Mouh,44,37,37,44,81,0.04487179487179487,10,11,8
7542,Morocco,Younès Belhanda,33,42,42,33,75,0.06486568986568986,10,4,13
7542,Morocco,Medhi Amine El Mouttaqi Benatia,27,22,22,27,49,0.0021367521367521365,8,14,2
7542,Morocco,Nordin Amrabat,27,41,41,27,68,0.027777777777777776,11,6,22
7542,Morocco,Nabil Dirar,54,35,35,54,89,0.008547008547008546,10,13,7
7542,Morocco,Munir Mohand Mohamedi,7,11,11,7,18,0.0795940170940171,6,5,0
7542,Morocco,Karim El Ahmadi Al Aroos,41,22,22,41,63,0.07959401709401709,10,12,0
7542,Morocco,Mehdi Carcela-González,5,10,10,5,15,0.2212301587301587,7,1,7
7542,Morocco,Ayoub El Kaabi,3,4,4,3,7,0.06555250305250306,6,0,2
7542,Morocco,Fayçal Fajr,10,9,9,10,19,0.012133699633699634,7,2,1
7542,Portugal,Kléper Laveran Lima Ferreira,28,20,20,28,48,0.003952991452991453,11,18,1
7542,Portugal,Cristiano Ronaldo dos Santos Aveiro,16,28,28,16,44,0.11121794871794873,11,1,17
7542,Portugal,João Mário Naval da Costa Eduardo,20,30,30,20,50,0.048901098901098894,10,2,14
7542,Portugal,Gonçalo Manuel Ganchinho Guedes,13,21,21,13,34,0.12416056166056164,11,4,13
7542,Portugal,Bernardo Mota Veiga de Carvalho e Silva,15,21,21,15,36,0.022619047619047622,7,1,12
7542,Portugal,João Filipe Iria Santos Moutinho,33,24,24,33,57,0.17478632478632475,12,11,6
7542,Portugal,Cédric Ricardo Alves Soares,33,27,27,33,60,0.07097069597069597,12,13,9
7542,Portugal,Raphaël Adelino José Guerreiro,29,21,21,29,50,0.14806166056166054,11,12,9
7542,Portugal,William Silva de Carvalho,38,29,29,38,67,0.010958485958485958,11,12,7
7542,Portugal,José Miguel da Rocha Fonte,22,22,22,22,44,0.04311660561660561,10,11,2
7542,Portugal,Rui Pedro dos Santos Patrício,13,8,8,13,21,0.019230769230769232,6,10,0
7542,Portugal,Gelson Dany Batalha Martins,8,12,12,8,20,0.1546092796092796,8,0,6
7542,Portugal,Bruno Miguel Borges Fernandes,11,15,15,11,26,0.0606074481074481,9,1,2
7542,Portugal,Adrien Sebastian Perruchet Silva,2,3,3,2,5,0.013354700854700852,3,2,0
7543,Spain,Diego da Silva Costa,11,18,18,11,29,0.206547619047619,8,0,8
7543,Spain,Andrés Iniesta Luján,69,75,75,69,144,0.05138888888888888,10,17,17
7543,Spain,Sergio Busquets i Burgos,92,88,88,92,180,0.027625152625152624,12,22,13
7543,Spain,David Josué Jiménez Silva,70,76,76,70,146,0.10080891330891331,12,19,21
7543,Spain,Sergio Ramos García,93,80,80,93,173,0.03258547008547008,12,42,5
7543,Spain,Jordi Alba Ramos,77,75,75,77,152,0.253495115995116,11,9,28
7543,Spain,Gerard Piqué Bernabéu,65,50,50,65,115,0.0798076923076923,12,23,4
7543,Spain,Daniel Carvajal Ramos,64,55,55,64,119,0.15473137973137974,11,12,16
7543,Spain,Francisco Román Alarcón Suárez,100,112,112,100,212,0.0,10,19,30
7543,Spain,Lucas Vázquez Iglesias,24,41,41,24,65,0.0737179487179487,9,2,24
7543,Spain,David de Gea Quintana,18,8,8,18,26,0.03739316239316239,6,8,0
7543,Spain,Jorge Resurrección Merodio,29,27,27,29,56,0.11260683760683758,9,4,2
7543,Spain,Marco Asensio Willemsen,6,12,12,6,18,0.08554639804639805,7,0,8
7543,Spain,Rodrigo Moreno Machado,1,2,2,1,3,0.04348290598290598,3,0,1
7543,Iran,Vahid Amiri,18,14,14,18,32,0.08141025641025641,10,3,7
7543,Iran,Sardar Azmoun,6,19,19,6,25,0.02713675213675213,11,1,15
7543,Iran,Omid Ebrahimi,19,12,12,19,31,0.11623931623931623,11,6,4
7543,Iran,Saeid Ezatolahi Afagh,17,18,18,17,35,0.09647435897435896,11,8,1
7543,Iran,Morteza Pouraliganji,14,8,8,14,22,0.11602564102564103,9,2,1
7543,Iran,Ramin Rezaeian,18,15,15,18,33,0.1407051282051282,11,12,9
7543,Iran,Mehdi Taremi,10,17,17,10,27,0.001923076923076923,8,1,9
7543,Iran,Seyed Majid Hosseini,11,14,14,11,25,0.12457264957264957,9,4,0
7543,Iran,Alireza Safar Beiranvand,5,4,4,5,9,0.011111111111111112,4,3,0
7543,Iran,Karim Ansarifard,9,12,12,9,21,0.017414529914529915,8,3,3
7543,Iran,Ehsan Hajsafi,16,12,12,16,28,0.02457264957264957,7,6,0
7543,Iran,Milad Mohammadi,8,5,5,8,13,0.08974358974358974,8,4,0
7543,Iran,Alireza Jahanbakhsh,7,7,7,7,14,0.08888888888888889,6,1,5
7543,Iran,Saman Ghoddos,0,1,1,0,1,0.0,1,0,0
7544,Saudi Arabia,Fahad Mosaed Al Muwallad Al Harbi,5,9,9,5,14,0.23717948717948717,9,0,5
7544,Saudi Arabia,Abdullah Ibrahim Otayf,79,74,74,79,153,0.001282051282051282,12,16,4
7544,Saudi Arabia,Yasir Gharsan Al Shahrani,51,47,47,51,98,0.18344017094017093,12,8,14
7544,Saudi Arabia,Salman Mohammed Al Faraj,67,72,72,67,139,0.047222222222222214,12,18,7
7544,Saudi Arabia,Taisir Jabir Al Jassim,28,30,30,28,58,0.0952991452991453,9,3,5
7544,Saudi Arabia,Mohammed Al Burayk,65,65,65,65,130,0.004487179487179487,11,11,24
7544,Saudi Arabia,Osama Abdulrezag Hawsawi,31,26,26,31,57,0.17040598290598288,10,9,1
7544,Saudi Arabia,Salem Mohammed Al Dawsari,51,55,55,51,106,0.042414529914529916,12,8,20
7544,Saudi Arabia,Ali Albulayhi,36,35,35,36,71,0.07371794871794872,11,14,1
7544,Saudi Arabia,Mohammed Khalil Al Owais,15,9,9,15,24,0.024038461538461536,9,12,0
7544,Saudi Arabia,Hattan Babhir,27,31,31,27,58,0.010683760683760682,9,3,14
7544,Saudi Arabia,Hussain Al Mogahwi,32,28,28,32,60,0.0673076923076923,9,3,3
7544,Saudi Arabia,Mohammad Ibrahim Al Sahlawi,4,9,9,4,13,0.023504273504273504,6,1,7
7544,Saudi Arabia,Mohammed Kanoo,8,9,9,8,17,0.10918803418803417,7,0,1
7544,Uruguay,Néstor Fernando Muslera Micol,16,8,8,16,24,0.013888888888888888,5,10,0
7544,Uruguay,José María Giménez de Vargas,58,46,46,58,104,0.0010683760683760683,11,18,5
7544,Uruguay,Rodrigo Bentancur Colmán,68,64,64,68,132,0.011431623931623931,12,13,14
7544,Uruguay,Matías Vecino Falero,52,53,53,52,105,0.0,9,14,9
7544,Uruguay,José Martín Cáceres Silva,43,40,40,43,83,0.09797008547008546,12,12,10
7544,Uruguay,Diego Roberto Godín Leal,41,39,39,41,80,0.16762820512820514,12,18,2
7544,Uruguay,Guillermo Varela Olivera,40,35,35,40,75,0.005876068376068375,9,5,4
7544,Uruguay,Cristian Gabriel Rodríguez Barrotti,11,18,18,11,29,0.06239316239316239,7,3,11
7544,Uruguay,Luis Alberto Suárez Díaz,20,33,33,20,53,0.09091880341880341,11,3,14
7544,Uruguay,Carlos Andrés Sánchez Arcosa,20,26,26,20,46,0.08878205128205127,10,3,12
7544,Uruguay,Edinson Roberto Cavani Gómez,19,27,27,19,46,0.26709401709401703,13,2,13
7544,Uruguay,Lucas Torreira Di Pascua,18,16,16,18,34,0.07489316239316238,10,3,3
7544,Uruguay,Diego Sebastián Laxalt Suárez,13,14,14,13,27,0.05673076923076924,7,2,10
7544,Uruguay,Nahitan Michel Nández Acosta,10,10,10,10,20,0.07767094017094017,8,3,2
7545,Croatia,Mario Mandžukić,13,23,23,13,36,0.16542022792022792,11,3,14
7545,Croatia,Marcelo Brozović,48,42,42,48,90,0.18782051282051282,12,12,5
7545,Croatia,Ivan Strinić,28,22,22,28,50,0.07898860398860398,11,15,8
7545,Croatia,Domagoj Vida,21,21,21,21,42,0.0,6,7,3
7545,Croatia,Dejan Lovren,35,25,25,35,60,0.09818376068376068,10,10,2
7545,Croatia,Šime Vrsaljko,33,24,24,33,57,0.02489316239316239,8,10,9
7545,Croatia,Ante Rebić,3,16,16,3,19,0.15274216524216525,9,1,14
7545,Croatia,Ivan Rakitić,25,32,32,25,57,0.1330128205128205,12,8,6
7545,Croatia,Danijel Subašić,17,17,17,17,34,0.12072649572649571,9,11,0
7545,Croatia,Ivan Perišić,4,13,13,4,17,0.031196581196581193,8,1,8
7545,Croatia,Luka Modrić,35,26,26,35,61,0.029914529914529916,10,9,10
7545,Croatia,Andrej Kramarić,6,8,8,6,14,0.06745014245014244,5,2,7
7545,Croatia,Mateo Kovačić,5,5,5,5,10,0.0,4,0,3
7545,Croatia,Vedran Ćorluka,1,0,0,1,1,0.0,1,0,0
7545,Argentina,Sergio Leonel Agüero del Castillo,8,9,9,8,17,0.13878205128205126,9,0,8
7545,Argentina,Lionel Andrés Messi Cuccittini,23,30,30,23,53,0.1376068376068376,12,5,10
7545,Argentina,Maximiliano Eduardo Meza,34,35,35,34,69,0.0547008547008547,11,5,6
7545,Argentina,Javier Alejandro Mascherano,54,40,40,54,94,0.11527777777777778,13,17,1
7545,Argentina,Nicolás Hernán Otamendi,62,57,57,62,119,0.01730769230769231,11,14,2
7545,Argentina,Eduardo Antonio Salvio,19,17,17,19,36,0.028846153846153844,9,2,9
7545,Argentina,Gabriel Iván Mercado,40,35,35,40,75,0.11570512820512818,10,4,1
7545,Argentina,Nicolás Alejandro Tagliafico,67,67,67,67,134,0.005341880341880341,13,13,6
7545,Argentina,Marcos Javier Acuña,30,32,32,30,62,0.08931623931623932,11,3,13
7545,Argentina,Enzo Nicolás Pérez,38,39,39,38,77,0.012179487179487178,10,8,5
7545,Argentina,Wilfredo Daniel Caballero,15,24,24,15,39,0.08696581196581196,7,6,0
7545,Argentina,Gonzalo Gerardo Higuaín,8,8,8,8,16,0.22660256410256405,8,1,4
7545,Argentina,Cristian David Pavón,6,10,10,6,16,0.010790598290598289,5,1,7
7545,Argentina,Paulo Bruno Exequiel Dybala,9,10,10,9,19,0.013034188034188033,7,0,7
7546,France,Antoine Griezmann,24,27,27,24,51,0.10191197691197691,9,1,9
7546,France,Raphaël Varane,34,26,26,34,60,0.13744588744588745,11,18,0
7546,France,Olivier Giroud,14,29,29,14,43,0.23232323232323232,12,1,21
7546,France,Benjamin Pavard,48,37,37,48,85,0.02840909090909091,9,18,8
7546,France,Samuel Yves Umtiti,25,17,17,25,42,0.22294372294372292,9,11,3
7546,France,N'Golo Kanté,45,37,37,45,82,0.11047979797979797,9,10,6
7546,France,Blaise Matuidi,24,32,32,24,56,0.05961399711399712,10,4,11
7546,France,Kylian Mbappé Lottin,21,31,31,21,52,0.09514790764790766,7,1,20
7546,France,Lucas Hernández Pi,28,24,24,28,52,0.04888167388167389,8,9,8
7546,France,Paul Pogba,45,50,50,45,95,0.002344877344877345,10,14,9
7546,France,Hugo Lloris,15,8,8,15,23,0.08648989898989899,7,13,0
7546,France,Ousmane Dembélé,6,8,8,6,14,0.007575757575757576,4,0,5
7546,France,Nabil Fekir,3,6,6,3,9,0.05221861471861471,3,1,1
7546,Peru,Alberto Junior Rodríguez Valdelomar,24,19,19,24,43,0.06303418803418803,9,7,0
7546,Peru,Víctor Yoshimar Yotún Flores,24,27,27,24,51,0.04551282051282051,9,5,3
7546,Peru,Pedro Jesús Aquino Sánchez,56,43,43,56,99,0.08333333333333333,12,11,6
7546,Peru,Luis Jan Piers Advíncula Castrillón,51,46,46,51,97,0.082020757020757,10,17,9
7546,Peru,José Paolo Guerrero Gonzáles,15,36,36,15,51,0.05056471306471306,11,3,24
7546,Peru,Christian Alberto Cueva Bravo,42,46,46,42,88,0.11987179487179486,11,6,24
7546,Peru,Miguel Ángel Trauco Saavedra,53,51,51,53,104,0.005876068376068376,10,16,11
7546,Peru,André Martín Carrillo Díaz,30,45,45,30,75,0.2239316239316239,12,3,19
7546,Peru,Édison Michael Flores Peralta,44,45,45,44,89,0.24942002442002437,13,9,9
7546,Peru,Christian Guillermo Martín Ramos Garagay,40,32,32,40,72,0.24977106227106222,12,14,2
7546,Peru,Pedro David Gallese Quiróz,11,2,2,11,13,0.0016025641025641025,5,8,0
7546,Peru,Jefferson Agustín Farfán Guadalupe,13,15,15,13,28,0.10599816849816848,9,1,5
7546,Peru,Anderson Santamaría Bardales,32,28,28,32,60,0.0,9,14,1
7546,Peru,Raúl Mario Ruidíaz Misitich,1,1,1,1,2,0.015399877899877899,2,0,1
7547,Denmark,Christian Dannemann Eriksen,35,34,34,35,69,0.19280303030303028,11,7,8
7547,Denmark,Andreas Christensen,67,56,56,67,123,0.05808080808080809,9,19,4
7547,Denmark,Yussuf Yurary Poulsen,11,13,13,11,24,0.061489898989899,7,3,9
7547,Denmark,Henrik Dalsgaard,38,33,33,38,71,0.12941919191919193,10,9,20
7547,Denmark,Pione Sisto Ifolo Emirmija,35,44,44,35,79,0.11792929292929294,11,5,16
7547,Denmark,Thomas Delaney,36,40,40,36,76,0.05618686868686869,10,10,8
7547,Denmark,Simon Thorup Kjær,60,54,54,60,114,0.04381313131313131,10,31,1
7547,Denmark,Lasse Schöne,51,49,49,51,100,0.0202020202020202,11,17,12
7547,Denmark,Nicolai Jørgensen,13,16,16,13,29,0.06755050505050504,8,1,10
7547,Denmark,Jens Stryger Larsen,31,32,32,31,63,0.004419191919191919,8,5,15
7547,Denmark,Kasper Schmeichel,11,5,5,11,16,0.032828282828282825,5,8,0
7547,Denmark,Martin Braithwaite Christensen,4,13,13,4,17,0.06376262626262627,7,1,6
7547,Denmark,Andreas Evald Cornelius,4,7,7,4,11,0.17638888888888887,7,0,7
7547,Australia,Tom Rogić,19,27,27,19,46,0.019230769230769232,11,6,11
7547,Australia,Aaron Mooy,49,41,41,49,90,0.05448717948717949,11,8,9
7547,Australia,Mark Milligan,83,77,77,83,160,0.0,11,34,5
7547,Australia,Trent Sainsbury,53,39,39,53,92,0.1264957264957265,12,19,2
7547,Australia,Josh Risdon,37,33,33,37,70,0.17147435897435895,12,15,12
7547,Australia,Aziz Eraltay Behich,54,53,53,54,107,0.11367521367521366,10,11,22
7547,Australia,Mathew Ryan,30,25,25,30,55,0.03803418803418804,8,19,0
7547,Australia,Mile Jedinak,53,46,46,53,99,0.1266025641025641,12,20,14
7547,Australia,Mathew Leckie,23,39,39,23,62,0.22435897435897434,13,3,28
7547,Australia,Andrew Nabbout,11,19,19,11,30,0.02478632478632479,7,2,13
7547,Australia,Robbie Kruse,20,25,25,20,45,0.019764957264957264,9,3,15
7547,Australia,Daniel Arzani,6,10,10,6,16,0.05341880341880342,7,1,6
7547,Australia,Tomi Jurić,2,5,5,2,7,0.07264957264957266,6,1,4
7547,Australia,Jackson Irvine,2,3,3,2,5,0.0,3,1,2
7548,Costa Rica,Marcos Danilo Ureña Porras,8,12,12,8,20,0.05178571428571429,6,0,10
7548,Costa Rica,Keylor Navas Gamboa,17,11,11,17,28,0.06422720797720799,9,17,0
7548,Costa Rica,David Alberto Guzmán Pérez,22,19,19,22,41,0.10275234025234027,9,5,2
7548,Costa Rica,Bryan Oviedo,22,19,19,22,41,0.2580611518111518,9,3,9
7548,Costa Rica,Bryan Ruiz González,24,32,32,24,56,0.03623321123321123,11,4,10
7548,Costa Rica,Giancarlo González Castro,12,8,8,12,20,0.1954594017094017,8,6,0
7548,Costa Rica,Johnny Acosta Zamora,16,14,14,16,30,0.06892806267806267,10,5,2
7548,Costa Rica,Cristian Gamboa Luna,18,19,19,18,37,0.005733618233618233,8,6,10
7548,Costa Rica,Óscar Esau Duarte Gaitán,18,14,14,18,32,0.08960368335368334,10,8,2
7548,Costa Rica,Johan Alberto Venegas Ulloa,16,21,21,16,37,0.04243996743996743,8,5,15
7548,Costa Rica,Celso Borges Mora,24,23,23,24,47,0.13407102157102155,11,12,5
7548,Costa Rica,Christian Bolaños Navarro,3,6,6,3,9,0.01643264143264143,5,0,5
7548,Costa Rica,Yeltsin Ignacio Tejeda Valverde,3,5,5,3,8,0.030163817663817663,3,0,2
7548,Costa Rica,Francisco Javier Calvo Quesada,2,2,2,2,4,0.06095594220594221,3,1,0
7548,Brazil,José Paulo Bezzera Maciel Júnior,35,28,28,35,63,0.037820512820512825,9,5,6
7548,Brazil,Willian Borges da Silva,20,27,27,20,47,0.12974664224664223,9,3,11
7548,Brazil,Thiago Emiliano da Silva,80,70,70,80,150,0.035989010989010986,12,27,3
7548,Brazil,Fágner Conserva Lemos,86,71,71,86,157,0.03264652014652014,12,20,23
7548,Brazil,Carlos Henrique Casimiro,81,82,82,81,163,0.03888888888888888,13,30,17
7548,Brazil,Marcelo Vieira da Silva Júnior,100,98,98,100,198,0.08347069597069598,12,38,37
7548,Brazil,João Miranda de Souza Filho,56,47,47,56,103,0.0,8,27,3
7548,Brazil,Neymar da Silva Santos Junior,48,74,74,48,122,0.1480311355311355,12,14,40
7548,Brazil,Philippe Coutinho Correia,79,81,81,79,160,0.0509157509157509,12,24,24
7548,Brazil,Gabriel Fernando de Jesus,13,23,23,13,36,0.03174603174603174,9,1,16
7548,Brazil,Alisson Ramsés Becker,15,7,7,15,22,0.0920940170940171,6,10,0
7548,Brazil,Douglas Costa de Souza,27,34,34,27,61,0.12474053724053723,11,6,18
7548,Brazil,Roberto Firmino Barbosa de Oliveira,11,10,10,11,21,0.13737789987789983,8,0,8
7548,Brazil,Fernando Luiz Roza,10,9,9,10,19,0.014804639804639802,5,2,1
7549,Nigeria,John Michael Nchekwube Obinna,59,50,50,59,109,0.0,11,22,14
7549,Nigeria,William Troost-Ekong,35,34,34,35,69,0.2164072039072039,11,20,0
7549,Nigeria,Brian Oladapo Idowu,14,11,11,14,25,0.04424603174603175,6,2,5
7549,Nigeria,Kelechi Promise Iheanacho,20,36,36,20,56,0.17924297924297922,8,2,18
7549,Nigeria,Onyinye Wilfred Ndidi,65,59,59,65,124,0.005876068376068375,12,22,9
7549,Nigeria,Oghenekaro Etebo,41,48,48,41,89,0.016407203907203904,11,9,20
7549,Nigeria,Francis Odinaka Uzoho,7,7,7,7,14,0.21039377289377284,8,6,0
7549,Nigeria,Kenneth Josiah Omeruo,29,27,27,29,56,0.036019536019536016,10,11,3
7549,Nigeria,Leon Aderemi Balogun,44,43,43,44,87,0.1326923076923077,10,15,2
7549,Nigeria,Ahmed Musa,24,33,33,24,57,0.13463064713064712,11,1,19
7549,Nigeria,Victor Moses,47,40,40,47,87,0.09797008547008548,11,11,23
7549,Nigeria,Tyronne Ebuehi,23,19,19,23,42,0.05192307692307692,8,1,6
7549,Nigeria,Odion Jude Ighalo,3,2,2,3,5,0.0469017094017094,5,1,2
7549,Nigeria,Alex Iwobi,2,4,4,2,6,0.05460927960927961,4,0,2
7549,Iceland,Birkir Bjarnason,17,18,18,17,35,0.09810744810744809,9,5,6
7549,Iceland,Gylfi Þór Sigurðsson,34,38,38,34,72,0.026098901098901096,12,9,11
7549,Iceland,Hörður Björgvin Magnússon,18,22,22,18,40,0.0,7,6,7
7549,Iceland,Kári Árnason,18,18,18,18,36,0.24091880341880342,10,10,2
7549,Iceland,Ragnar Sigurðsson,6,1,1,6,7,0.02745726495726495,6,2,0
7549,Iceland,Hannes Þór Halldórsson,16,6,6,16,22,0.0,9,15,0
7549,Iceland,Aron Einar Gunnarsson,21,19,19,21,40,0.12322954822954824,11,10,1
7549,Iceland,Alfreð Finnbogason,16,20,20,16,36,0.09844322344322343,9,1,12
7549,Iceland,Jón Daði Böðvarsson,14,16,16,14,30,0.035897435897435895,8,4,11
7549,Iceland,Rúrik Gíslason,21,27,27,21,48,0.21089743589743593,11,4,14
7549,Iceland,Birkir Már Sævarsson,28,24,24,28,52,0.0391025641025641,8,9,9
7549,Iceland,Sverrir Ingi Ingason,8,4,4,8,12,0.02136752136752136,7,6,2
7549,Iceland,Björn Bergmann Sigurðarson,4,7,7,4,11,0.07342796092796093,8,0,6
7549,Iceland,Ari Freyr Skúlason,3,4,4,3,7,0.10491452991452992,5,1,1
7550,Switzerland,Xherdan Shaqiri,43,56,56,43,99,0.0,10,9,30
7550,Switzerland,Fabian Lukas Schär,60,54,54,60,114,0.03156565656565656,11,23,2
7550,Switzerland,Manuel Obafemi Akanji,63,57,57,63,120,0.03207070707070707,11,18,3
7550,Switzerland,Haris Seferović,1,4,4,1,5,0.07676767676767676,5,0,3
7550,Switzerland,Steven Zuber,29,34,34,29,63,0.015151515151515152,10,3,19
7550,Switzerland,Blerim Džemaili,16,23,23,16,39,0.20820707070707073,9,3,13
7550,Switzerland,Ricardo Iván Rodríguez Araya,38,34,34,38,72,0.15782828282828282,11,10,18
7550,Switzerland,Valon Behrami,60,53,53,60,113,0.09848484848484848,10,11,3
7550,Switzerland,Granit Xhaka,78,71,71,78,149,0.09343434343434344,12,22,14
7550,Switzerland,Stephan Lichtsteiner,42,39,39,42,81,0.040025252525252526,8,15,14
7550,Switzerland,Yann Sommer,24,22,22,24,46,0.03244949494949495,7,12,0
7550,Switzerland,Mario Gavranović,6,8,8,6,14,0.16414141414141412,6,2,4
7550,Switzerland,Breel-Donald Embolo,7,12,12,7,19,0.22436868686868683,8,1,6
7550,Serbia,Aleksandar Kolarov,33,19,19,33,52,0.03320707070707071,10,10,7
7550,Serbia,Aleksandar Mitrović,14,31,31,14,45,0.0859848484848485,11,1,18
7550,Serbia,Filip Kostić,10,20,20,10,30,0.011363636363636364,8,1,9
7550,Serbia,Nemanja Matić,27,26,26,27,53,0.1467171717171717,12,11,7
7550,Serbia,Branislav Ivanović,32,22,22,32,54,0.30934343434343436,11,16,11
7550,Serbia,Dušan Tadić,14,21,21,14,35,0.10946969696969697,9,3,13
7550,Serbia,Duško Tošić,31,30,30,31,61,0.03371212121212121,9,15,2
7550,Serbia,Sergej Milinković-Savić,21,36,36,21,57,0.005555555555555556,11,5,21
7550,Serbia,Luka Milivojević,19,17,17,19,36,0.20479797979797978,11,8,2
7550,Serbia,Vladimir Stojković,26,11,11,26,37,0.00845959595959596,8,16,0
7550,Serbia,Nikola Milenković,25,17,17,25,42,0.034848484848484844,10,7,1
7550,Serbia,Adem Ljajić,10,12,12,10,22,0.06805555555555556,8,2,3
7550,Serbia,Nemanja Radonjić,1,1,1,1,2,0.0,2,0,1
7551,Sweden,Emil Peter Forsberg,10,15,15,10,25,0.08121947496947496,8,2,4
7551,Sweden,Andreas Granqvist,12,9,9,12,21,0.25931013431013433,8,7,2
7551,Sweden,Mikael Lustig,22,12,12,22,34,0.3143772893772893,12,11,5
7551,Sweden,Viktor Claesson,13,14,14,13,27,0.10653235653235654,8,5,8
7551,Sweden,Marcus Berg,15,20,20,15,35,0.09818376068376068,10,2,16
7551,Sweden,Victor Nilsson Lindelöf,15,13,13,15,28,0.027457264957264957,8,8,0
7551,Sweden,Ola Toivonen,9,15,15,9,24,0.04745115995115995,9,4,11
7551,Sweden,Albin Ekdal,12,17,17,12,29,0.12254273504273504,9,5,4
7551,Sweden,Robin Olsen,7,6,6,7,13,0.02987637362637363,6,6,0
7551,Sweden,Ludwig Augustinsson,18,17,17,18,35,0.0,7,6,8
7551,Sweden,Sebastian Larsson,26,20,20,26,46,0.03579059829059829,12,9,3
7551,Sweden,John Guidetti,1,3,3,1,4,0.00641025641025641,3,1,3
7551,Sweden,Isaac Kiese Thelin,1,2,2,1,3,0.0021367521367521365,3,0,2
7551,Sweden,Jimmy Durmaz,3,1,1,3,4,0.052884615384615384,3,1,1
7551,Germany,Antonio Rüdiger,80,70,70,80,150,0.08632478632478631,12,19,4
7551,Germany,Julian Draxler,24,27,27,24,51,0.06103988603988604,8,3,11
7551,Germany,Toni Kroos,111,109,109,111,220,0.016025641025641024,13,53,19
7551,Germany,Jonas Hector,45,36,36,45,81,0.08621794871794872,11,5,17
7551,Germany,Jérôme Boateng,93,92,92,93,185,0.01698717948717949,11,53,12
7551,Germany,Joshua Kimmich,69,72,72,69,141,0.083511396011396,13,16,40
7551,Germany,Sebastian Rudy,17,13,13,17,30,0.10730056980056979,9,3,5
7551,Germany,Marco Reus,44,48,48,44,92,0.04216524216524216,12,6,25
7551,Germany,Thomas Müller,35,46,46,35,81,0.019017094017094015,10,7,29
7551,Germany,Timo Werner,22,30,30,22,52,0.11353276353276351,11,2,22
7551,Germany,Manuel Neuer,25,15,15,25,40,0.05594729344729345,9,22,0
7551,Germany,İlkay Gündoğan,47,50,50,47,97,0.2072293447293447,12,10,10
7551,Germany,Mario Gómez García,3,4,4,3,7,0.11688034188034185,5,1,1
7551,Germany,Julian Brandt,4,7,7,4,11,0.08137464387464387,4,0,5
7552,Belgium,Romelu Lukaku Menama,14,22,22,14,36,0.005082417582417583,9,1,16
7552,Belgium,Axel Witsel,54,53,53,54,107,0.021810134310134306,11,10,13
7552,Belgium,Kevin De Bruyne,39,37,37,39,76,0.09081196581196581,11,14,11
7552,Belgium,Anga Dedryck Boyata,31,25,25,31,56,0.010897435897435897,9,10,3
7552,Belgium,Toby Alderweireld,52,45,45,52,97,0.0,12,26,2
7552,Belgium,Thomas Meunier,39,39,39,39,78,0.20254884004884005,12,16,22
7552,Belgium,Dries Mertens,24,29,29,24,53,0.1344169719169719,11,6,19
7552,Belgium,Eden Hazard,21,31,31,21,52,0.006257631257631256,9,7,12
7552,Belgium,Jan Vertonghen,39,32,32,39,71,0.051816239316239306,11,20,5
7552,Belgium,Thibaut Courtois,28,16,16,28,44,0.09711538461538462,8,15,0
7552,Belgium,Yannick Ferreira Carrasco,23,28,28,23,51,0.12730463980463982,11,7,18
7552,Belgium,Marouane Fellaini-Bakkioui,21,22,22,21,43,0.11488095238095238,10,6,9
7552,Belgium,Michy Batshuayi Tunga,5,11,11,5,16,0.07773199023199023,7,0,8
7552,Belgium,Youri Tielemans,2,2,2,2,4,0.04536019536019536,3,1,1
7552,Tunisia,Farouk Ben Mustapha,15,6,6,15,21,0.059508547008547005,8,10,0
7552,Tunisia,Syam Ben Youssef,15,13,13,15,28,0.10566239316239316,9,6,1
7552,Tunisia,Dylan Daniel Mahmoud Bronn,6,7,7,6,13,0.06581196581196581,6,1,2
7552,Tunisia,Yassine Meriah,36,28,28,36,64,0.0,9,25,1
7552,Tunisia,Ali Maâloul,60,51,51,60,111,0.09145299145299145,12,17,26
7552,Tunisia,Ferjani Sassi,47,46,46,47,93,0.08269230769230769,12,8,10
7552,Tunisia,Anice Badri,28,36,36,28,64,0.0452991452991453,13,9,19
7552,Tunisia,Fakhreddine Ben Youssef,18,26,26,18,44,0.17927350427350425,11,3,16
7552,Tunisia,Ellyes Joris Skhiri,47,42,42,47,89,0.09476495726495725,12,19,5
7552,Tunisia,Saîf-Eddine Khaoui,32,35,35,32,67,0.0010683760683760683,11,12,11
7552,Tunisia,Wahbi Khazri,18,25,25,18,43,0.039423076923076915,9,1,10
7552,Tunisia,Hamdi Nagguez,34,34,34,34,68,0.0016025641025641025,11,9,17
7552,Tunisia,Yohan Benalouane,9,10,10,9,19,0.19220085470085468,8,5,1
7552,Tunisia,Naïm Sliti,9,15,15,9,24,0.03376068376068376,7,0,6
7553,South Korea,Heung-Min Son,32,36,36,32,68,0.02564102564102564,12,5,16
7553,South Korea,Sung-Yeung Ki,33,24,24,33,57,0.07152777777777777,11,14,4
7553,South Korea,Young-Gwon Kim,26,24,24,26,50,0.13803418803418804,12,19,0
7553,South Korea,Hyun-Soo Jang,28,24,24,28,52,0.109775641025641,12,12,2
7553,South Korea,Yong Lee,26,17,17,26,43,0.05315170940170939,9,7,7
7553,South Korea,Seon-Min Moon,16,19,19,16,35,0.13141025641025642,9,2,10
7553,South Korea,Se-Jong Ju,24,27,27,24,51,0.0,9,7,4
7553,South Korea,Jae-Sung Lee,36,39,39,36,75,0.0,10,5,14
7553,South Korea,Hyeon-Woo Jo,6,4,4,6,10,0.03707264957264957,6,4,0
7553,South Korea,Min-Woo Kim,24,23,23,24,47,0.05892094017094017,10,6,10
7553,South Korea,Hee-Chan Hwang,5,16,16,5,21,0.0422008547008547,9,2,9
7553,South Korea,Seung-Woo Lee,9,14,14,9,23,0.02954059829059829,7,2,9
7553,South Korea,Woo-Young Jung,9,9,9,9,18,0.18792735042735045,9,2,0
7553,South Korea,Chul Hong,5,3,3,5,8,0.02564102564102564,3,1,3
7553,Mexico,Jesús Daniel Gallardo Vasconcelos,40,30,30,40,70,0.09604700854700855,11,13,8
7553,Mexico,Héctor Alfredo Moreno Herrera,51,45,45,51,96,0.24465811965811962,12,18,8
7553,Mexico,Carlos Alberto Vela Garrido,28,31,31,28,59,0.0,9,9,14
7553,Mexico,Miguel Arturo Layún Prado,24,30,30,24,54,0.15064102564102563,9,6,18
7553,Mexico,Edson Omar Álvarez Velázquez,63,52,52,63,115,0.05769230769230769,10,22,3
7553,Mexico,José Andrés Guardado Hernández,27,24,24,27,51,0.020512820512820513,8,5,1
7553,Mexico,Carlos Joel Salcedo Hernández,60,58,58,60,118,0.13675213675213674,12,15,1
7553,Mexico,Héctor Miguel Herrera López,48,56,56,48,104,0.0673076923076923,12,12,17
7553,Mexico,Javier Hernández Balcázar,21,33,33,21,54,0.028205128205128206,11,2,21
7553,Mexico,Hirving Rodrigo Lozano Bahena,13,19,19,13,32,0.0766025641025641,8,3,14
7553,Mexico,Francisco Guillermo Ochoa Magaña,15,12,12,15,27,0.03408119658119658,7,10,0
7553,Mexico,Rafael Márquez Álvarez,19,16,16,19,35,0.10096153846153845,8,3,2
7553,Mexico,Jesús Manuel Corona Ruíz,10,13,13,10,23,0.004487179487179487,5,1,11
7553,Mexico,Giovani dos Santos Ramírez,3,3,3,3,6,0.06623931623931623,4,0,1
7554,England,Jesse Lingard,30,38,38,30,68,0.0021367521367521365,9,1,11
7554,England,John Stones,93,93,93,93,186,0.028205128205128206,11,25,4
7554,England,Harry Maguire,70,74,74,70,144,0.06452991452991452,12,12,9
7554,England,Ashley Young,43,35,35,43,78,0.06811660561660561,9,5,8
7554,England,Kyle Walker,104,97,97,104,201,0.01816239316239316,11,24,14
7554,England,Raheem Sterling,32,38,38,32,70,0.23792735042735041,11,1,14
7554,England,Ruben Loftus-Cheek,29,33,33,29,62,0.15404456654456652,11,2,23
7554,England,Jordan Brian Henderson,63,63,63,63,126,0.040811965811965806,12,17,4
7554,England,Kieran Trippier,24,19,19,24,43,0.13276862026862024,8,5,5
7554,England,Jordan Pickford,18,11,11,18,29,0.0977106227106227,7,15,0
7554,England,Harry Kane,9,12,12,9,21,0.11924603174603174,7,1,8
7554,England,Fabian Delph,22,25,25,22,47,0.12014652014652015,9,4,7
7554,England,Danny Rose,11,10,10,11,21,0.03311965811965811,5,1,5
7554,England,Jamie Vardy,4,4,4,4,8,0.05715811965811965,4,0,1
7554,Panama,Aníbal Cesis Godoy,33,32,32,33,65,0.04561965811965812,10,8,5
7554,Panama,Armando Enrique Cooper Whitaker,36,44,44,36,80,0.06965811965811965,12,10,17
7554,Panama,Jaime Manuel Penedo Cano,8,1,1,8,9,0.017628205128205128,5,8,0
7554,Panama,Blas Antonio Miguel Pérez Ortega,11,18,18,11,29,0.12126068376068375,9,0,13
7554,Panama,Edgar Yoel Bárcenas Herrera,14,12,12,14,26,0.16826923076923075,9,3,4
7554,Panama,José Luis Rodríguez Francis,33,39,39,33,72,0.10865384615384617,10,2,24
7554,Panama,Fidel Escobar Mendieta,35,31,31,35,66,0.03034188034188034,10,14,3
7554,Panama,Erick Javier Davis Grajales,53,53,53,53,106,0.048611111111111105,11,16,17
7554,Panama,Michael Amir Murillo Bermudez,32,32,32,32,64,0.05117521367521367,11,10,14
7554,Panama,Román Aureliano Torres Morcillo,28,27,27,28,55,0.21709401709401704,11,11,2
7554,Panama,Gabriel Enrique Gómez Girón,30,27,27,30,57,0.11025641025641027,11,8,0
7554,Panama,Ricardo Guardia Avila,17,15,15,17,32,0.10854700854700852,10,4,3
7554,Panama,Felipe Abdiel Baloy Ramírez,16,16,16,16,32,0.008547008547008546,7,9,1
7554,Panama,Abdiel Arroyo Molinar,3,2,2,3,5,0.01282051282051282,4,0,0
7555,Poland,Robert Lewandowski,25,43,43,25,68,0.16454517704517704,13,3,28
7555,Poland,Jan Bednarek,46,38,38,46,84,0.016559829059829057,11,18,1
7555,Poland,Łukasz Piszczek,42,37,37,42,79,0.02564102564102564,9,14,13
7555,Poland,Wojciech Szczęsny,14,16,16,14,30,0.014957264957264958,8,12,0
7555,Poland,Jacek Góralski,30,28,28,30,58,0.038461538461538464,12,5,3
7555,Poland,Maciej Rybus,25,17,17,25,42,0.23115079365079363,12,6,6
7555,Poland,Dawid Kownacki,14,16,16,14,30,0.016788766788766785,7,1,9
7555,Poland,Piotr Zieliński,33,35,35,33,68,0.04172771672771672,10,8,17
7555,Poland,Michał Pazdan,44,45,45,44,89,0.016025641025641024,10,18,4
7555,Poland,Bartosz Bereszyński,13,13,13,13,26,0.03685897435897436,8,2,9
7555,Poland,Grzegorz Krychowiak,38,35,35,38,73,0.07608363858363858,12,10,7
7555,Poland,Kamil Grosicki,7,5,5,7,12,0.13778998778998777,5,1,2
7555,Poland,Łukasz Teodorczyk,2,6,6,2,8,0.08511904761904762,6,1,3
7555,Poland,Kamil Glik,7,6,6,7,13,0.16655982905982905,7,4,1
7555,Colombia,Wílmar Enrique Barrios Terán,41,39,39,41,80,0.04722222222222222,11,9,6
7555,Colombia,James David Rodríguez Rubio,62,60,60,62,122,0.0829059829059829,13,13,23
7555,Colombia,Juan Fernando Quintero Paniagua,47,57,57,47,104,0.0021367521367521365,10,20,11
7555,Colombia,Juan Guillermo Cuadrado Bello,52,56,56,52,108,0.04583333333333333,13,10,31
7555,Colombia,Radamel Falcao García Zárate,20,31,31,20,51,0.0,10,2,23
7555,Colombia,Yerry Fernando Mina González,34,28,28,34,62,0.05331196581196581,11,15,1
7555,Colombia,Abel Enrique Aguilar Tapia,9,10,10,9,19,0.12403846153846154,6,3,1
7555,Colombia,Davinson Sánchez Mina,29,29,29,29,58,0.13376068376068373,11,12,0
7555,Colombia,David Ospina Ramírez,14,8,8,14,22,0.09444444444444444,8,8,0
7555,Colombia,Santiago Arias Naranjo,47,33,33,47,80,0.12777777777777777,10,16,8
7555,Colombia,Johan Andrés Mojica Palacio,26,29,29,26,55,0.08087606837606838,10,3,6
7555,Colombia,Andrés Mateus Uribe Villa,30,31,31,30,61,0.2153846153846154,12,4,5
7555,Colombia,Jefferson Andrés Lerma Solís,10,12,12,10,22,0.0028846153846153848,6,5,3
7555,Colombia,Carlos Arturo Bacca Ahumada,6,4,4,6,10,0.04882478632478632,7,0,2
7556,Japan,Shinji Kagawa,32,32,32,32,64,0.04358974358974359,9,8,14
7556,Japan,Makoto Hasebe,56,51,51,56,107,0.10737179487179487,11,16,7
7556,Japan,Maya Yoshida,50,47,47,50,97,0.0422008547008547,9,18,1
7556,Japan,Gen Shōji,55,49,49,55,104,0.010149572649572648,9,23,6
7556,Japan,Eiji Kawashima,14,10,10,14,24,0.14380341880341876,9,10,0
7556,Japan,Hiroki Sakai,31,26,26,31,57,0.04941239316239316,8,14,15
7556,Japan,Gaku Shibasaki,35,36,36,35,71,0.08904914529914529,12,11,10
7556,Japan,Yuto Nagatomo,29,22,22,29,51,0.07692307692307693,9,7,9
7556,Japan,Yūya Ōsako,15,26,26,15,41,0.1663461538461538,12,3,18
7556,Japan,Genki Haraguchi,18,28,28,18,46,0.143482905982906,9,2,13
7556,Japan,Takashi Inui,23,25,25,23,48,0.07329059829059828,10,4,16
7556,Japan,Keisuke Honda,6,10,10,6,16,0.18365384615384614,8,3,6
7556,Japan,Shinji Okazaki,3,5,5,3,8,0.02393162393162393,5,0,4
7556,Japan,Takashi Usami,1,1,1,1,2,0.00641025641025641,2,1,1
7556,Senegal,Kalidou Koulibaly,34,25,25,34,59,0.0891025641025641,12,12,3
7556,Senegal,Ismaïla Sarr,19,33,33,19,52,0.13324175824175824,11,2,22
7556,Senegal,Moussa Wagué,42,34,34,42,76,0.08974358974358974,12,17,3
7556,Senegal,Papa Alioune N'Diaye,16,14,14,16,30,0.09055250305250305,9,3,5
7556,Senegal,Sadio Mané,20,31,31,20,51,0.13675213675213677,10,5,14
7556,Senegal,Alfred John Momar N'Diaye,17,16,16,17,33,0.18676739926739927,9,7,2
7556,Senegal,M'Baye Babacar Niang,15,27,27,15,42,0.20204517704517705,10,1,17
7556,Senegal,Idrissa Gana Gueye,38,30,30,38,68,0.06452991452991452,12,14,3
7556,Senegal,Youssouf Sabaly,26,23,23,26,49,0.06880341880341881,9,4,9
7556,Senegal,Khadim N'Diaye,13,16,16,13,29,0.030296092796092796,9,12,0
7556,Senegal,Salif Sané,32,23,23,32,55,0.06346153846153844,11,8,3
7556,Senegal,Cheikhou Kouyaté,9,6,6,9,15,0.004334554334554335,7,2,1
7556,Senegal,Cheikh N'Doye,3,6,6,3,9,0.004487179487179487,5,0,5
7556,Senegal,Mame Biram Diouf,1,1,1,1,2,0.009615384615384616,2,1,1
7557,Portugal,André Miguel Valente Silva,20,26,26,20,46,0.19969474969474968,10,1,19
7557,Portugal,William Silva de Carvalho,74,73,73,74,147,0.05219780219780219,12,28,8
7557,Portugal,Cédric Ricardo Alves Soares,54,45,45,54,99,0.1470695970695971,11,13,12
7557,Portugal,Kléper Laveran Lima Ferreira,48,45,45,48,93,0.21723137973137968,11,16,4
7557,Portugal,José Miguel da Rocha Fonte,64,59,59,64,123,0.08783577533577533,11,19,2
7557,Portugal,João Mário Naval da Costa Eduardo,57,58,58,57,115,0.005998168498168498,9,6,25
7557,Portugal,Raphaël Adelino José Guerreiro,58,52,52,58,110,0.12712148962148961,10,12,22
7557,Portugal,Cristiano Ronaldo dos Santos Aveiro,22,35,35,22,57,0.10825702075702073,10,5,19
7557,Portugal,Rui Pedro dos Santos Patrício,12,12,12,12,24,0.0,5,10,0
7557,Portugal,Adrien Sebastian Perruchet Silva,93,87,87,93,180,0.0,10,29,6
7557,Portugal,Ricardo Andrade Quaresma Bernardo,23,32,32,23,55,0.0860042735042735,8,1,20
7557,Portugal,Bernardo Mota Veiga de Carvalho e Silva,5,4,4,5,9,0.16275946275946276,5,2,3
7557,Portugal,João Filipe Iria Santos Moutinho,4,5,5,4,9,0.15035103785103782,5,0,1
7557,Portugal,Gonçalo Manuel Ganchinho Guedes,0,1,1,0,1,0.0,1,0,1
7557,Iran,Ramin Rezaeian,17,14,14,17,31,0.1803418803418803,9,10,5
7557,Iran,Alireza Jahanbakhsh,12,15,15,12,27,0.009615384615384616,8,6,8
7557,Iran,Morteza Pouraliganji,15,11,11,15,26,0.02106227106227106,7,4,2
7557,Iran,Omid Ebrahimi,19,18,18,19,37,0.0329059829059829,10,6,5
7557,Iran,Saeid Ezatolahi Afagh,13,13,13,13,26,0.1404151404151404,10,5,2
7557,Iran,Seyed Majid Hosseini,15,11,11,15,26,0.03571428571428571,9,7,1
7557,Iran,Mehdi Taremi,10,15,15,10,25,0.009844322344322342,7,1,13
7557,Iran,Vahid Amiri,14,16,16,14,30,0.1845238095238095,10,7,7
7557,Iran,Sardar Azmoun,12,18,18,12,30,0.19159035409035402,11,2,14
7557,Iran,Alireza Safar Beiranvand,12,7,7,12,19,0.15218253968253967,10,10,0
7557,Iran,Ehsan Hajsafi,10,10,10,10,20,0.0373931623931624,7,3,2
7557,Iran,Saman Ghoddos,1,3,3,1,4,0.0,2,1,2
7557,Iran,Karim Ansarifard,1,2,2,1,3,0.006837606837606838,2,0,1
7557,Iran,Milad Mohammadi,3,1,1,3,4,0.02884615384615384,4,0,0
7558,Russia,Aleksey Miranchuk,15,15,15,15,30,0.1963064713064713,11,0,6
7558,Russia,Sergei Ignashevich,19,18,18,19,37,0.09879426129426129,11,10,0
7558,Russia,Artem Dzyuba,18,35,35,18,53,0.1456196581196581,13,3,27
7558,Russia,Fedor Kudryashov,38,30,30,38,68,0.034783272283272285,10,12,14
7558,Russia,Igor Akinfeev,18,10,10,18,28,0.04365079365079365,8,17,0
7558,Russia,Yury Gazinskiy,17,13,13,17,30,0.10306776556776556,9,2,1
7558,Russia,Aleksandr Samedov,31,34,34,31,65,0.008012820512820512,10,5,14
7558,Russia,Roman Zobnin,37,34,34,37,71,0.06068376068376067,11,11,2
7558,Russia,Ilya Kutepov,27,26,26,27,53,0.1213064713064713,13,17,2
7558,Russia,Denis Cheryshev,5,10,10,5,15,0.025106837606837608,5,2,5
7558,Russia,Igor Smolnikov,9,10,10,9,19,0.037927350427350424,7,4,1
7558,Russia,Mário Figueira Fernandes,32,27,27,32,59,0.028846153846153844,9,11,13
7558,Russia,Daler Kuzyaev,13,14,14,13,27,0.0686050061050061,9,3,3
7558,Russia,Fyodor Smolov,11,14,14,11,25,0.05915750915750916,8,1,10
7558,Uruguay,Néstor Fernando Muslera Micol,14,6,6,14,20,0.11988705738705738,6,13,0
7558,Uruguay,Sebastián Coates Nión,60,50,50,60,110,0.08676739926739926,9,25,3
7558,Uruguay,José Martín Cáceres Silva,54,52,52,54,106,0.0876068376068376,10,16,26
7558,Uruguay,Diego Roberto Godín Leal,44,42,42,44,86,0.039072039072039065,8,24,2
7558,Uruguay,Diego Sebastián Laxalt Suárez,47,40,40,47,87,0.09012515262515261,10,10,23
7558,Uruguay,Matías Vecino Falero,61,59,59,61,120,0.05128205128205128,11,22,15
7558,Uruguay,Nahitan Michel Nández Acosta,30,34,34,30,64,0.0264041514041514,7,7,12
7558,Uruguay,Edinson Roberto Cavani Gómez,13,18,18,13,31,0.2232142857142857,9,2,13
7558,Uruguay,Lucas Torreira Di Pascua,53,48,48,53,101,0.03151709401709401,12,15,12
7558,Uruguay,Luis Alberto Suárez Díaz,17,27,27,17,44,0.12713675213675216,9,3,21
7558,Uruguay,Rodrigo Bentancur Colmán,23,33,33,23,56,0.036553724053724056,9,3,10
7558,Uruguay,Giorgian Daniel De Arrascaeta Benedetti,15,18,18,15,33,0.19696275946275946,10,5,6
7558,Uruguay,Cristian Gabriel Rodríguez Barrotti,4,8,8,4,12,0.10309829059829059,6,3,4
7558,Uruguay,Maximiliano Gómez González,1,1,1,1,2,0.02564102564102564,2,0,1
7559,Egypt,Marwan Mohsen,7,15,15,7,22,0.0920940170940171,9,3,13
7559,Egypt,Mohamed Naser Elsayed Elneny,38,37,37,38,75,0.11239316239316238,13,7,5
7559,Egypt,Ahmed Fathy Abdel Meneim Ibrahim,32,31,31,32,63,0.0021367521367521365,9,12,9
7559,Egypt,Ali Gabr,26,22,22,26,48,0.034188034188034185,6,11,2
7559,Egypt,Ahmed Elsayed Ali Elsayed Hegazy,29,29,29,29,58,0.11506410256410256,12,17,2
7559,Egypt,Mohamed Abdul Shafy Sayed Abouezeid,38,29,29,38,67,0.0530982905982906,10,15,10
7559,Egypt,Abdalla Mahmoud El Said Bekhit,12,19,19,12,31,0.18183760683760683,9,3,11
7559,Egypt,Mohamed Salah,15,20,20,15,35,0.2008547008547008,10,3,14
7559,Egypt,Essam Kamal Tawfik El Hadary,14,2,2,14,16,0.024572649572649572,6,11,0
7559,Egypt,Mahmoud Ibrahim Hassan,15,23,23,15,38,0.0829059829059829,9,3,17
7559,Egypt,Tarek Hamed,45,40,40,45,85,0.02767094017094017,11,16,10
7559,Egypt,Amr Medhat Warda,11,13,13,11,24,0.11901709401709401,10,3,7
7559,Egypt,Ramadan Sobhi Ramadan Ahmed,7,9,9,7,16,0.03098290598290598,6,3,7
7559,Egypt,Mahmoud Abdul Monem Abdelhamid Soliman,3,3,3,3,6,0.017094017094017092,4,1,1
7559,Saudi Arabia,Abdullah Ibrahim Otayf,107,99,99,107,206,0.036616161616161616,11,21,8
7559,Saudi Arabia,Salman Mohammed Al Faraj,89,92,92,89,181,0.0707070707070707,12,25,24
7559,Saudi Arabia,Yasir Gharsan Al Shahrani,63,61,61,63,124,0.1875,11,16,17
7559,Saudi Arabia,Hussain Al Mogahwi,68,74,74,68,142,0.08333333333333334,10,9,20
7559,Saudi Arabia,Hattan Babhir,25,30,30,25,55,0.034722222222222224,8,4,10
7559,Saudi Arabia,Salem Mohammed Al Dawsari,59,69,69,59,128,0.06376262626262627,9,14,25
7559,Saudi Arabia,Mohammed Al Burayk,78,73,73,78,151,0.01893939393939394,10,8,15
7559,Saudi Arabia,Osama Abdulrezag Hawsawi,30,23,23,30,53,0.2758838383838384,10,15,1
7559,Saudi Arabia,Motaz Ali Hassan Hawsawi,27,18,18,27,45,0.07007575757575758,8,11,0
7559,Saudi Arabia,Yasser Abdullah Al Mosailem,12,8,8,12,20,0.11553030303030304,7,10,0
7559,Saudi Arabia,Fahad Mosaed Al Muwallad Al Harbi,11,20,20,11,31,0.12878787878787878,7,1,13
7559,Saudi Arabia,Mohanad Aseri Abu Radiah,0,4,4,0,4,0.0,2,0,3
7559,Saudi Arabia,Yehya Sulaiman Ali Al-Shehri,20,18,18,20,38,0.06565656565656565,7,5,3
7560,Spain,Diego da Silva Costa,17,25,25,17,42,0.18258547008547008,9,2,17
7560,Spain,Sergio Busquets i Burgos,56,48,48,56,104,0.10245726495726495,13,13,4
7560,Spain,Thiago Alcântara do Nascimento,87,83,83,87,170,0.0,10,16,10
7560,Spain,David Josué Jiménez Silva,36,40,40,36,76,0.25427350427350426,11,7,15
7560,Spain,Sergio Ramos García,96,91,91,96,187,0.006623931623931623,11,45,3
7560,Spain,Jordi Alba Ramos,66,61,61,66,127,0.016239316239316237,9,5,25
7560,Spain,Francisco Román Alarcón Suárez,90,99,99,90,189,0.055235042735042726,11,19,29
7560,Spain,Andrés Iniesta Luján,77,87,87,77,164,0.014423076923076922,10,19,23
7560,Spain,Gerard Piqué Bernabéu,71,64,64,71,135,0.0,11,30,1
7560,Spain,David de Gea Quintana,9,6,6,9,15,0.18002136752136752,7,5,0
7560,Spain,Daniel Carvajal Ramos,56,51,51,56,107,0.08568376068376067,12,7,33
7560,Spain,Marco Asensio Willemsen,7,8,8,7,15,0.19369658119658117,7,2,2
7560,Spain,Rodrigo Moreno Machado,2,6,6,2,8,0.031944444444444435,5,0,5
7560,Spain,Iago Aspas Juncal,5,6,6,5,11,0.07895299145299145,6,1,4
7560,Morocco,Karim El Ahmadi Al Aroos,14,6,6,14,20,0.09441391941391941,9,4,0
7560,Morocco,Nordin Amrabat,12,13,13,12,25,0.08501221001221,11,0,7
7560,Morocco,Hakim Ziyech,14,18,18,14,32,0.076510989010989,11,2,5
7560,Morocco,Achraf Hakimi Mouh,21,21,21,21,42,0.14545685795685795,11,6,8
7560,Morocco,Younès Belhanda,15,14,14,15,29,0.08173076923076922,8,2,3
7560,Morocco,Khalid Boutaïb,8,12,12,8,20,0.03445258445258446,8,2,8
7560,Morocco,Nabil Dirar,23,23,23,23,46,0.03675213675213675,10,8,5
7560,Morocco,Mbark Boussoufa,21,24,24,21,45,0.019978632478632477,11,4,7
7560,Morocco,Manuel Marouan da Costa Trinidade,17,15,15,17,32,0.03408119658119658,10,5,2
7560,Morocco,Romain Saïss,19,17,17,19,36,0.04113247863247863,11,8,2
7560,Morocco,Munir Mohand Mohamedi,13,12,12,13,25,0.03027065527065527,9,11,0
7560,Morocco,Fayçal Fajr,7,8,8,7,15,0.17146418396418397,8,0,2
7560,Morocco,Youssef En-Nesyri,2,4,4,2,6,0.0,4,0,3
7560,Morocco,Aziz Bouhaddouz,1,0,0,1,1,0.0,1,0,0
7561,Iceland,Johann Berg Guðmunds­son,27,26,26,27,53,0.09668803418803419,11,8,19
7561,Iceland,Ragnar Sigurðsson,18,14,14,18,32,0.16666666666666663,8,8,2
7561,Iceland,Aron Einar Gunnarsson,29,21,21,29,50,0.026709401709401705,10,13,0
7561,Iceland,Sverrir Ingi Ingason,25,19,19,25,44,0.026602564102564105,10,10,1
7561,Iceland,Hannes Þór Halldórsson,8,10,10,8,18,0.022435897435897436,6,8,0
7561,Iceland,Emil Hallfreðsson,29,24,24,29,53,0.08514957264957264,11,13,7
7561,Iceland,Gylfi Þór Sigurðsson,25,23,23,25,48,0.13397435897435897,11,7,13
7561,Iceland,Birkir Már Sævarsson,18,18,18,18,36,0.06688034188034188,9,9,6
7561,Iceland,Alfreð Finnbogason,11,15,15,11,26,0.02393162393162393,7,1,9
7561,Iceland,Hörður Björgvin Magnússon,13,20,20,13,33,0.09946581196581197,9,3,10
7561,Iceland,Birkir Bjarnason,17,27,27,17,44,0.07115384615384615,10,4,14
7561,Iceland,Björn Bergmann Sigurðarson,4,4,4,4,8,0.0673076923076923,5,1,4
7561,Iceland,Albert Gudmundsson,0,2,2,0,2,0.0,2,0,0
7561,Iceland,Arnór Ingvi Traustason,0,1,1,0,1,0.0,1,0,0
7561,Croatia,Tin Jedvaj,37,32,32,37,69,0.08066239316239317,10,4,13
7561,Croatia,Marko Pjaca,12,25,25,12,37,0.09668803418803418,8,2,14
7561,Croatia,Luka Modrić,51,47,47,51,98,0.03098290598290598,9,20,9
7561,Croatia,Lovre Kalinić,5,7,7,5,12,0.02457264957264957,4,3,0
7561,Croatia,Andrej Kramarić,41,49,49,41,90,0.0,10,3,29
7561,Croatia,Mateo Kovačić,79,75,75,79,154,0.025854700854700853,10,14,13
7561,Croatia,Josip Pivarić,52,49,49,52,101,0.1172008547008547,10,11,17
7561,Croatia,Ivan Perišić,23,33,33,23,56,0.21655982905982898,10,1,13
7561,Croatia,Milan Badelj,61,59,59,61,120,0.21549145299145298,12,25,4
7561,Croatia,Vedran Ćorluka,44,30,30,44,74,0.10202991452991453,12,18,1
7561,Croatia,Duje Ćaleta-Car,31,28,28,31,59,0.0,9,13,1
7561,Croatia,Filip Bradarić,10,9,9,10,19,0.3146367521367521,8,5,3
7561,Croatia,Dejan Lovren,1,1,1,1,2,0.07104700854700853,2,0,0
7561,Croatia,Ivan Rakitić,4,7,7,4,11,0.1112179487179487,6,2,4
7562,Peru,José Paolo Guerrero Gonzáles,10,18,18,10,28,0.029822954822954818,11,2,14
7562,Peru,Renato Fabrizio Tapia Cortijo,17,12,12,17,29,0.17643467643467642,8,2,4
7562,Peru,Víctor Yoshimar Yotún Flores,31,36,36,31,67,0.004807692307692308,9,9,9
7562,Peru,Luis Jan Piers Advíncula Castrillón,36,34,34,36,70,0.03778998778998779,12,10,8
7562,Peru,Anderson Santamaría Bardales,37,30,30,37,67,0.01935286935286935,10,14,3
7562,Peru,Miguel Ángel Trauco Saavedra,55,46,46,55,101,0.058974358974358966,13,29,11
7562,Peru,Christian Guillermo Martín Ramos Garagay,33,32,32,33,65,0.03591269841269841,11,9,0
7562,Peru,André Martín Carrillo Díaz,19,25,25,19,44,0.005341880341880341,10,2,15
7562,Peru,Édison Michael Flores Peralta,15,27,27,15,42,0.14938186813186813,12,3,10
7562,Peru,Pedro David Gallese Quiróz,18,7,7,18,25,0.09612332112332111,9,12,0
7562,Peru,Christian Alberto Cueva Bravo,28,31,31,28,59,0.1037469474969475,11,2,20
7562,Peru,Pedro Jesús Aquino Sánchez,23,22,22,23,45,0.153731684981685,12,5,2
7562,Peru,Christopher Paolo César Hurtado Huertas,16,18,18,16,34,0.055204517704517696,10,1,5
7562,Peru,Wilder José Cartagena Mendoza,3,3,3,3,6,0.030204517704517705,4,1,0
7562,Australia,Josh Risdon,53,46,46,53,99,0.08952991452991453,11,17,23
7562,Australia,Tom Rogić,21,24,24,21,45,0.08653846153846155,9,9,15
7562,Australia,Aaron Mooy,71,70,70,71,141,0.018803418803418806,12,14,14
7562,Australia,Aziz Eraltay Behich,44,44,44,44,88,0.10427350427350426,12,9,26
7562,Australia,Robbie Kruse,9,15,15,9,24,0.01004273504273504,6,0,11
7562,Australia,Mark Milligan,78,69,69,78,147,0.169017094017094,13,42,13
7562,Australia,Trent Sainsbury,71,70,70,71,141,0.03311965811965812,10,34,9
7562,Australia,Tomi Jurić,5,12,12,5,17,0.0919871794871795,9,2,11
7562,Australia,Mile Jedinak,68,58,58,68,126,0.03824786324786325,11,22,19
7562,Australia,Mathew Leckie,22,40,40,22,62,0.08771367521367521,11,6,24
7562,Australia,Mathew Ryan,27,12,12,27,39,0.029594017094017096,6,21,0
7562,Australia,Tim Cahill,6,10,10,6,16,0.1251068376068376,9,1,6
7562,Australia,Daniel Arzani,10,13,13,10,23,0.04839743589743589,8,1,6
7562,Australia,Jackson Irvine,4,6,6,4,10,0.054914529914529914,5,2,3
7563,France,Antoine Griezmann,29,43,43,29,72,0.003205128205128205,8,5,16
7563,France,Steven N'Kemboanza Mike Christopher Nzonzi,61,54,54,61,115,0.05502136752136751,13,13,11
7563,France,Raphaël Varane,79,65,65,79,144,0.131517094017094,11,32,9
7563,France,Djibril Sidibé,83,80,80,83,163,0.14967948717948715,12,25,29
7563,France,Presnel Kimpembe,68,57,57,68,125,0.010683760683760684,9,29,4
7563,France,Lucas Hernández Pi,38,35,35,38,73,0.0026709401709401706,7,7,19
7563,France,Thomas Lemar,49,53,53,49,102,0.1893162393162393,12,11,8
7563,France,N'Golo Kanté,70,68,68,70,138,0.15619658119658117,13,19,10
7563,France,Ousmane Dembélé,36,47,47,36,83,0.030448717948717948,10,9,27
7563,France,Steve Mandanda,20,12,12,20,32,0.10341880341880341,7,18,0
7563,France,Olivier Giroud,12,21,21,12,33,0.26816239316239315,11,3,10
7563,France,Benjamin Mendy,26,29,29,26,55,0.013888888888888888,10,3,23
7563,France,Nabil Fekir,12,15,15,12,27,0.12532051282051276,9,2,5
7563,France,Kylian Mbappé Lottin,9,13,13,9,22,0.03034188034188034,6,0,5
7563,Denmark,Kasper Schmeichel,10,15,15,10,25,0.05164141414141415,9,10,0
7563,Denmark,Andreas Evald Cornelius,8,20,20,8,28,0.042676767676767674,9,1,18
7563,Denmark,Martin Braithwaite Christensen,18,22,22,18,40,0.13383838383838384,11,1,11
7563,Denmark,Henrik Dalsgaard,27,21,21,27,48,0.1505050505050505,11,12,0
7563,Denmark,Christian Dannemann Eriksen,21,27,27,21,48,0.022727272727272728,10,3,7
7563,Denmark,Thomas Delaney,33,24,24,33,57,0.00946969696969697,11,7,3
7563,Denmark,Pione Sisto Ifolo Emirmija,7,11,11,7,18,0.029924242424242426,8,1,3
7563,Denmark,Jens Stryger Larsen,21,13,13,21,34,0.18409090909090908,12,5,1
7563,Denmark,Mathias Jørgensen Jatta,26,24,24,26,50,0.03093434343434344,10,6,0
7563,Denmark,Simon Thorup Kjær,30,33,33,30,63,0.01666666666666667,9,5,2
7563,Denmark,Andreas Christensen,23,12,12,23,35,0.06691919191919192,11,4,4
7563,Denmark,Viktor Fischer,8,9,9,8,17,0.11085858585858586,8,1,3
7563,Denmark,Kasper Dolberg,4,5,5,4,9,0.015151515151515152,5,1,5
7564,Nigeria,John Michael Nchekwube Obinna,32,31,31,32,63,0.0785103785103785,11,7,6
7564,Nigeria,William Troost-Ekong,11,11,11,11,22,0.20265567765567766,10,7,1
7564,Nigeria,Victor Moses,15,13,13,15,28,0.1780067155067155,10,4,2
7564,Nigeria,Onyinye Wilfred Ndidi,29,25,25,29,54,0.1175213675213675,10,3,5
7564,Nigeria,Oghenekaro Etebo,21,18,18,21,39,0.010683760683760682,8,5,5
7564,Nigeria,Brian Oladapo Idowu,33,26,26,33,59,0.26807081807081806,11,16,5
7564,Nigeria,Kenneth Josiah Omeruo,21,15,15,21,36,0.01282051282051282,8,9,1
7564,Nigeria,Francis Odinaka Uzoho,7,4,4,7,11,0.014713064713064711,7,7,0
7564,Nigeria,Ahmed Musa,15,26,26,15,41,0.05178571428571429,10,3,20
7564,Nigeria,Kelechi Promise Iheanacho,6,10,10,6,16,0.12794566544566544,8,1,6
7564,Nigeria,Leon Aderemi Balogun,13,16,16,13,29,0.052884615384615384,8,2,3
7564,Nigeria,Odion Jude Ighalo,5,13,13,5,18,0.0806776556776557,6,0,8
7564,Nigeria,Simeon Tochukwu Nwankwo,1,1,1,1,2,0.0,1,0,1
7564,Nigeria,Alex Iwobi,1,1,1,1,2,0.038461538461538464,2,0,1
7564,Argentina,Gabriel Iván Mercado,44,39,39,44,83,0.07954545454545454,12,4,9
7564,Argentina,Nicolás Hernán Otamendi,56,48,48,56,104,0.29437229437229434,11,15,0
7564,Argentina,Faustino Marcos Alberto Rojo,47,39,39,47,86,0.03787878787878788,11,14,2
7564,Argentina,Gonzalo Gerardo Higuaín,18,26,26,18,44,0.07702020202020202,12,1,18
7564,Argentina,Enzo Nicolás Pérez,31,34,34,31,65,0.04022366522366522,8,6,10
7564,Argentina,Lionel Andrés Messi Cuccittini,50,60,60,50,110,0.10335497835497835,10,8,20
7564,Argentina,Javier Alejandro Mascherano,72,63,63,72,135,0.019570707070707072,11,25,8
7564,Argentina,Éver Maximiliano David Banega,78,78,78,78,156,0.09830447330447331,11,27,13
7564,Argentina,Nicolás Alejandro Tagliafico,41,32,32,41,73,0.06944444444444445,8,8,10
7564,Argentina,Franco Armani,11,12,12,11,23,0.15873015873015875,8,7,0
7564,Argentina,Ángel Fabián Di María Hernández,13,24,24,13,37,0.06024531024531025,10,2,15
7564,Argentina,Cristian David Pavón,12,15,15,12,27,0.09514790764790766,6,1,9
7564,Argentina,Maximiliano Eduardo Meza,6,9,9,6,15,0.022727272727272728,6,1,5
7565,Brazil,Gabriel Fernando de Jesus,22,26,26,22,48,0.07254273504273505,9,3,15
7565,Brazil,Carlos Henrique Casimiro,59,54,54,59,113,0.019658119658119654,12,13,5
7565,Brazil,José Paulo Bezzera Maciel Júnior,23,27,27,23,50,0.08215811965811966,9,2,7
7565,Brazil,João Miranda de Souza Filho,46,35,35,46,81,0.056089743589743585,11,18,1
7565,Brazil,Philippe Coutinho Correia,51,56,56,51,107,0.10267094017094017,11,9,10
7565,Brazil,Marcelo Vieira da Silva Júnior,5,6,6,5,11,0.006944444444444444,5,2,2
7565,Brazil,Alisson Ramsés Becker,8,5,5,8,13,0.05202991452991453,5,5,0
7565,Brazil,Neymar da Silva Santos Junior,69,86,86,69,155,0.052243589743589745,12,8,37
7565,Brazil,Willian Borges da Silva,52,49,49,52,101,0.018162393162393164,11,9,23
7565,Brazil,Thiago Emiliano da Silva,46,37,37,46,83,0.17393162393162395,10,10,1
7565,Brazil,Fágner Conserva Lemos,51,51,51,51,102,0.07307692307692308,11,15,4
7565,Brazil,Filipe Luís Kasmirski,73,70,70,73,143,0.1407051282051282,12,17,8
7565,Brazil,Fernando Luiz Roza,27,29,29,27,56,0.21442307692307694,9,6,4
7565,Brazil,Renato Soares de Oliveira Augusto,21,22,22,21,43,0.04102564102564102,7,6,6
7565,Serbia,Nikola Milenković,39,24,24,39,63,0.12788600288600288,10,17,0
7565,Serbia,Aleksandar Mitrović,10,29,29,10,39,0.13685064935064936,10,2,19
7565,Serbia,Nemanja Matić,42,37,37,42,79,0.048611111111111105,11,14,5
7565,Serbia,Aleksandar Kolarov,35,36,36,35,71,0.1840909090909091,11,7,19
7565,Serbia,Sergej Milinković-Savić,39,41,41,39,80,0.07537878787878788,11,10,12
7565,Serbia,Adem Ljajić,35,31,31,35,66,0.05461760461760461,10,9,11
7565,Serbia,Dušan Tadić,24,29,29,24,53,0.14489538239538238,10,7,19
7565,Serbia,Milos Veljkovic,41,34,34,41,75,0.055952380952380955,10,13,2
7565,Serbia,Antonio Rukavina,32,23,23,32,55,0.1527236652236652,12,15,6
7565,Serbia,Filip Kostić,16,21,21,16,37,0.0595959595959596,8,4,11
7565,Serbia,Vladimir Stojković,8,14,14,8,22,0.023358585858585856,6,6,0
7565,Serbia,Andrija Živković,10,9,9,10,19,0.03434343434343434,6,4,5
7565,Serbia,Nemanja Radonjić,6,9,9,6,15,0.1534090909090909,7,3,2
7566,Sweden,Emil Peter Forsberg,18,14,14,18,32,0.09444444444444444,10,9,5
7566,Sweden,Andreas Granqvist,21,12,12,21,33,0.14294871794871794,10,8,1
7566,Sweden,Ola Toivonen,17,27,27,17,44,0.13749999999999996,11,3,17
7566,Sweden,Sebastian Larsson,12,9,9,12,21,0.02564102564102564,8,6,1
7566,Sweden,Marcus Berg,14,21,21,14,35,0.05128205128205127,9,1,13
7566,Sweden,Ludwig Augustinsson,14,9,9,14,23,0.04925213675213675,9,6,3
7566,Sweden,Robin Olsen,3,6,6,3,9,0.0,4,2,0
7566,Sweden,Victor Nilsson Lindelöf,8,6,6,8,14,0.05448717948717949,6,6,0
7566,Sweden,Viktor Claesson,11,17,17,11,28,0.19690170940170937,9,1,9
7566,Sweden,Mikael Lustig,13,7,7,13,20,0.08867521367521367,8,9,4
7566,Sweden,Albin Ekdal,14,14,14,14,28,0.1092948717948718,10,5,2
7566,Sweden,Gustav Svensson,4,1,1,4,5,0.006089743589743589,4,1,0
7566,Sweden,Isaac Kiese Thelin,3,8,8,3,11,0.0,5,2,4
7566,Sweden,Oscar Hiljemark,0,1,1,0,1,0.0,1,0,0
7566,Mexico,Jesús Daniel Gallardo Vasconcelos,23,18,18,23,41,0.047435897435897434,8,4,8
7566,Mexico,Javier Hernández Balcázar,13,20,20,13,33,0.16932234432234433,11,4,11
7566,Mexico,Francisco Guillermo Ochoa Magaña,14,9,9,14,23,0.07774725274725273,7,13,0
7566,Mexico,José Andrés Guardado Hernández,29,28,28,29,57,0.05428876678876678,11,6,10
7566,Mexico,Miguel Arturo Layún Prado,34,35,35,34,69,0.05467032967032967,11,7,24
7566,Mexico,Edson Omar Álvarez Velázquez,53,50,50,53,103,0.029441391941391944,11,24,11
7566,Mexico,Carlos Joel Salcedo Hernández,54,50,50,54,104,0.10610500610500609,12,16,2
7566,Mexico,Héctor Alfredo Moreno Herrera,50,40,40,50,90,0.12689255189255189,12,16,6
7566,Mexico,Héctor Miguel Herrera López,66,68,68,66,134,0.017628205128205128,13,25,12
7566,Mexico,Hirving Rodrigo Lozano Bahena,18,28,28,18,46,0.0033119658119658115,10,2,21
7566,Mexico,Carlos Alberto Vela Garrido,27,29,29,27,56,0.09304029304029304,12,5,6
7566,Mexico,Marco Jhonfai Fabián De La Mora,12,14,14,12,26,0.08890415140415141,9,1,6
7566,Mexico,Jesús Manuel Corona Ruíz,8,12,12,8,20,0.050641025641025635,8,1,6
7566,Mexico,Oribe Peralta Morones,3,3,3,3,6,0.03670634920634921,5,0,1
7567,Germany,Mesut Özil,81,91,91,81,172,0.017094017094017092,12,27,25
7567,Germany,Toni Kroos,105,97,97,105,202,0.0,13,47,13
7567,Germany,Niklas Süle,78,75,75,78,153,0.11057692307692307,12,36,10
7567,Germany,Manuel Neuer,28,23,23,28,51,0.09615384615384615,9,16,0
7567,Germany,Sami Khedira,43,42,42,43,85,0.02297008547008547,10,8,9
7567,Germany,Jonas Hector,46,46,46,46,92,0.08012820512820512,11,7,16
7567,Germany,Joshua Kimmich,78,75,75,78,153,0.0422008547008547,13,8,38
7567,Germany,Marco Reus,37,40,40,37,77,0.07361111111111111,10,4,19
7567,Germany,Mats Hummels,61,49,49,61,110,0.01623931623931624,12,25,4
7567,Germany,Leon Goretzka,20,24,24,20,44,0.011217948717948718,9,4,14
7567,Germany,Timo Werner,25,32,32,25,57,0.3644230769230769,12,2,17
7567,Germany,Mario Gómez García,3,6,6,3,9,0.07585470085470086,5,0,3
7567,Germany,Thomas Müller,13,18,18,13,31,0.06858974358974358,8,1,12
7567,Germany,Julian Brandt,13,13,13,13,26,0.09348290598290598,8,4,9
7567,South Korea,Yong Lee,21,18,18,21,39,0.022736060236060233,11,8,4
7567,South Korea,Jae-Sung Lee,30,32,32,30,62,0.0610576923076923,11,8,13
7567,South Korea,Young-Gwon Kim,14,12,12,14,26,0.0,6,7,2
7567,South Korea,Woo-Young Jung,22,22,22,22,44,0.13863960113960114,11,9,3
7567,South Korea,Young-Sun Yun,12,8,8,12,20,0.09354395604395604,8,3,1
7567,South Korea,Chul Hong,17,15,15,17,32,0.08123728123728123,9,7,4
7567,South Korea,Ja-Cheol Koo,6,7,7,6,13,0.13930097680097678,6,0,3
7567,South Korea,Hyeon-Woo Jo,13,4,4,13,17,0.08475274725274726,8,10,0
7567,South Korea,Hyun-Soo Jang,14,11,11,14,25,0.034722222222222224,8,4,2
7567,South Korea,Heung-Min Son,15,28,28,15,43,0.18028083028083028,12,4,18
7567,South Korea,Seon-Min Moon,9,12,12,9,21,0.03949175824175824,7,0,5
7567,South Korea,Hee-Chan Hwang,3,4,4,3,7,0.04989316239316238,5,0,1
7567,South Korea,Se-Jong Ju,5,7,7,5,12,0.02588013838013838,5,2,4
7567,South Korea,Yo-Han Go,3,4,4,3,7,0.01450956450956451,5,0,2
7568,Switzerland,Mario Gavranović,7,11,11,7,18,0.022868797868797867,6,1,7
7568,Switzerland,Granit Xhaka,100,88,88,100,188,0.04807692307692307,13,29,17
7568,Switzerland,Xherdan Shaqiri,26,34,34,26,60,0.25450660450660445,11,7,16
7568,Switzerland,Stephan Lichtsteiner,41,37,37,41,78,0.07509712509712509,12,9,18
7568,Switzerland,Fabian Lukas Schär,73,74,74,73,147,0.0920940170940171,11,24,2
7568,Switzerland,Manuel Obafemi Akanji,72,63,63,72,135,0.0,10,30,5
7568,Switzerland,Valon Behrami,43,35,35,43,78,0.08846708846708846,9,8,2
7568,Switzerland,Breel-Donald Embolo,21,31,31,21,52,0.10422632922632923,12,3,24
7568,Switzerland,Yann Sommer,27,18,18,27,45,0.052884615384615384,7,13,0
7568,Switzerland,Ricardo Iván Rodríguez Araya,44,48,48,44,92,0.063994338994339,11,11,29
7568,Switzerland,Blerim Džemaili,19,33,33,19,52,0.02457264957264957,9,8,19
7568,Switzerland,Denis Lemi Zakaria Lako Lado,20,18,18,20,38,0.076491563991564,10,2,4
7568,Switzerland,Josip Drmic,4,8,8,4,12,0.10389471639471638,7,1,4
7568,Switzerland,Michael Lang,5,4,4,5,9,0.010198135198135198,4,1,0
7568,Costa Rica,Keylor Navas Gamboa,12,10,10,12,22,0.08589743589743588,7,9,0
7568,Costa Rica,Celso Borges Mora,31,30,30,31,61,0.15320512820512822,11,8,7
7568,Costa Rica,Cristian Gamboa Luna,18,16,16,18,34,0.0892094017094017,7,6,9
7568,Costa Rica,Bryan Ruiz González,31,30,30,31,61,0.08942307692307692,9,9,11
7568,Costa Rica,Joel Nathaniel Campbell Samuels,18,31,31,18,49,0.18536324786324787,11,5,21
7568,Costa Rica,David Alberto Guzmán Pérez,31,36,36,31,67,0.023717948717948717,10,6,4
7568,Costa Rica,Bryan Oviedo,29,24,24,29,53,0.2361111111111111,10,13,8
7568,Costa Rica,Giancarlo González Castro,30,23,23,30,53,0.03311965811965811,9,11,3
7568,Costa Rica,Kendall Jamaal Waston Manley,37,27,27,37,64,0.06944444444444443,10,13,4
7568,Costa Rica,Daniel Colindres Solera,14,29,29,14,43,0.04326923076923077,7,3,22
7568,Costa Rica,Johnny Acosta Zamora,23,17,17,23,40,0.05395299145299145,8,11,4
7568,Costa Rica,Rodney Wallace,4,4,4,4,8,0.12040598290598291,5,1,2
7568,Costa Rica,Rándall Azofeifa Corrales,1,2,2,1,3,0.07692307692307693,2,0,0
7568,Costa Rica,Ian Rey Smith Quiros,1,1,1,1,2,0.008012820512820512,2,0,0
7569,Panama,Ricardo Guardia Avila,18,15,15,18,33,0.006089743589743589,8,6,4
7569,Panama,Fidel Escobar Mendieta,15,14,14,15,29,0.05390720390720391,9,10,1
7569,Panama,Gabriel Enrique Gómez Girón,33,22,22,33,55,0.08115079365079365,12,10,0
7569,Panama,Román Aureliano Torres Morcillo,9,8,8,9,17,0.0706196581196581,8,3,2
7569,Panama,Jaime Manuel Penedo Cano,8,7,7,8,15,0.06727716727716726,7,6,0
7569,Panama,Edgar Yoel Bárcenas Herrera,23,28,28,23,51,0.09073565323565323,10,2,17
7569,Panama,Aníbal Cesis Godoy,22,27,27,22,49,0.14236874236874236,11,4,13
7569,Panama,Gabriel Arturo Torres Tejada,5,5,5,5,10,0.008333333333333333,5,0,3
7569,Panama,Adolfo Abdiel Machado,17,16,16,17,33,0.13313492063492063,11,7,1
7569,Panama,José Luis Rodríguez Francis,12,22,22,12,34,0.12759462759462756,9,3,13
7569,Panama,Luis Carlos Ovalle Victoria,20,13,13,20,33,0.003846153846153846,7,12,2
7569,Panama,Harold Oshkaly Cummings Segura,10,11,11,10,21,0.19847374847374846,7,2,1
7569,Panama,Luis Carlos Tejada Hansell,8,11,11,8,19,0.0633089133089133,8,0,5
7569,Panama,Abdiel Arroyo Molinar,2,3,3,2,5,0.03664529914529914,4,0,3
7569,Tunisia,Hamdi Nagguez,44,42,42,44,86,0.07371794871794872,10,9,16
7569,Tunisia,Ghilane Chalali,64,69,69,64,133,0.0,12,11,17
7569,Tunisia,Yassine Meriah,92,83,83,92,175,0.035256410256410256,12,38,2
7569,Tunisia,Ferjani Sassi,47,51,51,47,98,0.005341880341880341,9,16,9
7569,Tunisia,Rami Bedoui,72,59,59,72,131,0.01976495726495726,10,27,5
7569,Tunisia,Aymen Mathlouthi,22,17,17,22,39,0.038461538461538464,7,12,0
7569,Tunisia,Naïm Sliti,22,38,38,22,60,0.09561965811965811,10,6,15
7569,Tunisia,Oussama Haddadi,35,22,22,35,57,0.07509157509157509,10,4,8
7569,Tunisia,Fakhreddine Ben Youssef,27,37,37,27,64,0.10683760683760682,12,2,14
7569,Tunisia,Ellyes Joris Skhiri,72,67,67,72,139,0.003205128205128205,11,16,20
7569,Tunisia,Wahbi Khazri,28,38,38,28,66,0.11221001221001221,11,0,22
7569,Tunisia,Anice Badri,17,17,17,17,34,0.3222374847374847,10,0,9
7569,Tunisia,Ahmed Khalil,5,6,6,5,11,0.14215506715506715,7,0,4
7569,Tunisia,Bassem Srarfi,0,1,1,0,1,0.0,1,0,0
7570,England,Marcus Rashford,26,35,35,26,61,0.13244949494949493,11,1,18
7570,England,John Stones,26,22,22,26,48,0.10088383838383838,10,10,1
7570,England,Phil Jones,69,67,67,69,136,0.025252525252525256,11,20,14
7570,England,Trent Alexander-Arnold,52,47,47,52,99,0.05214646464646464,11,8,12
7570,England,Gary Cahill,41,36,36,41,77,0.003787878787878788,10,14,1
7570,England,Jordan Pickford,26,21,21,26,47,0.05517676767676767,9,15,0
7570,England,Fabian Delph,34,37,37,34,71,0.0,10,7,14
7570,England,Jamie Vardy,7,12,12,7,19,0.19772727272727272,9,1,8
7570,England,Eric Dier,54,55,55,54,109,0.029671717171717172,11,13,12
7570,England,Danny Rose,35,30,30,35,65,0.2359848484848485,12,9,8
7570,England,Ruben Loftus-Cheek,32,44,44,32,76,0.1601010101010101,12,6,26
7570,England,Harry Maguire,29,25,25,29,54,0.10732323232323232,10,11,1
7570,England,Daniel Nii Tackie Mensah Welbeck,1,1,1,1,2,0.0,2,0,0
7570,Belgium,Thomas Vermaelen,49,49,49,49,98,0.09835858585858587,8,20,9
7570,Belgium,Marouane Fellaini-Bakkioui,29,35,35,29,64,0.23699494949494948,11,2,21
7570,Belgium,Thorgan Hazard,42,37,37,42,79,0.08005050505050505,10,8,16
7570,Belgium,Mousa Sidi Yaya Dembélé,63,56,56,63,119,0.10984848484848485,12,9,22
7570,Belgium,Adnan Januzaj,15,28,28,15,43,0.11578282828282827,8,2,14
7570,Belgium,Leander Dendoncker,64,61,61,64,125,0.06628787878787878,11,17,3
7570,Belgium,Nacer Chadli,43,37,37,43,80,0.021464646464646464,9,10,17
7570,Belgium,Anga Dedryck Boyata,69,64,64,69,133,0.12335858585858585,10,29,1
7570,Belgium,Thibaut Courtois,24,18,18,24,42,0.10164141414141414,8,14,0
7570,Belgium,Youri Tielemans,54,62,62,54,116,0.054924242424242424,11,18,14
7570,Belgium,Michy Batshuayi Tunga,16,20,20,16,36,0.055808080808080814,8,0,14
7570,Belgium,Vincent Kompany,16,16,16,16,32,0.0827020202020202,7,4,0
7570,Belgium,Dries Mertens,3,4,4,3,7,0.03434343434343434,3,0,2
7571,Senegal,Sadio Mané,17,33,33,17,50,0.2604700854700855,11,6,16
7571,Senegal,Kalidou Koulibaly,29,34,34,29,63,0.15811965811965809,10,16,1
7571,Senegal,M'Baye Babacar Niang,12,20,20,12,32,0.17457264957264956,10,1,14
7571,Senegal,Lamine Gassama,28,15,15,28,43,0.16346153846153846,7,16,3
7571,Senegal,Youssouf Sabaly,21,10,10,21,31,0.008547008547008546,7,4,3
7571,Senegal,Salif Sané,32,30,30,32,62,0.1997863247863248,10,12,1
7571,Senegal,Idrissa Gana Gueye,42,27,27,42,69,0.1362179487179487,10,11,7
7571,Senegal,Keita Baldé Diao,9,14,14,9,23,0.022435897435897436,5,0,9
7571,Senegal,Khadim N'Diaye,6,8,8,6,14,0.0,5,4,0
7571,Senegal,Ismaïla Sarr,13,23,23,13,36,0.17115384615384616,7,5,17
7571,Senegal,Cheikhou Kouyaté,21,14,14,21,35,0.034188034188034185,8,4,6
7571,Senegal,Moussa Wagué,2,2,2,2,4,0.006944444444444444,3,1,1
7571,Senegal,Diafra Sakho,1,3,3,1,4,0.08333333333333333,3,0,1
7571,Senegal,Pape Moussa Konaté,1,1,1,1,2,0.009615384615384616,2,0,1
7571,Colombia,David Ospina Ramírez,21,11,11,21,32,0.14358974358974358,9,15,0
7571,Colombia,Radamel Falcao García Zárate,13,23,23,13,36,0.1408119658119658,10,1,14
7571,Colombia,Santiago Arias Naranjo,47,37,37,47,84,0.04935897435897435,9,12,11
7571,Colombia,Yerry Fernando Mina González,52,44,44,52,96,0.04433760683760684,9,22,4
7571,Colombia,Davinson Sánchez Mina,54,50,50,54,104,0.004807692307692308,11,22,4
7571,Colombia,Johan Andrés Mojica Palacio,24,27,27,24,51,0.12777777777777777,10,9,13
7571,Colombia,Andrés Mateus Uribe Villa,30,32,32,30,62,0.11217948717948717,10,11,15
7571,Colombia,Juan Guillermo Cuadrado Bello,29,43,43,29,72,0.09882478632478632,10,4,29
7571,Colombia,Juan Fernando Quintero Paniagua,37,35,35,37,72,0.0860042735042735,11,14,11
7571,Colombia,Carlos Alberto Sánchez Moreno,30,26,26,30,56,0.03205128205128205,8,8,4
7571,Colombia,James David Rodríguez Rubio,7,9,9,7,16,0.053632478632478636,6,1,4
7571,Colombia,Luis Fernando Muriel Fruto,12,15,15,12,27,0.09615384615384615,7,3,11
7571,Colombia,Jefferson Andrés Lerma Solís,2,3,3,2,5,0.01282051282051282,3,1,0
7571,Colombia,Miguel Ángel Borja Hernández,0,3,3,0,3,0.0,3,0,3
7572,Poland,Piotr Zieliński,27,29,29,27,56,0.01893939393939394,8,5,10
7572,Poland,Grzegorz Krychowiak,43,36,36,43,79,0.10542929292929293,11,12,9
7572,Poland,Bartosz Bereszyński,50,34,34,50,84,0.038510101010101015,10,12,15
7572,Poland,Kamil Glik,60,63,63,60,123,0.15025252525252525,11,19,6
7572,Poland,Jan Bednarek,65,63,63,65,128,0.03535353535353535,10,23,4
7572,Poland,Kamil Grosicki,16,31,31,16,47,0.06553030303030304,10,1,14
7572,Poland,Robert Lewandowski,20,29,29,20,49,0.05808080808080808,10,3,16
7572,Poland,Artur Jędrzejczyk,41,33,33,41,74,0.058333333333333334,10,14,13
7572,Poland,Jacek Góralski,26,24,24,26,50,0.201010101010101,11,5,7
7572,Poland,Łukasz Fabiański,18,14,14,18,32,0.0101010101010101,6,15,0
7572,Poland,Rafał Kurzawa,21,27,27,21,48,0.09406565656565657,9,8,13
7572,Poland,Sławomir Peszko,9,9,9,9,18,0.05075757575757575,5,1,6
7572,Poland,Łukasz Teodorczyk,4,8,8,4,12,0.06553030303030304,5,0,5
7572,Japan,Yuto Nagatomo,41,31,31,41,72,0.05512820512820513,10,11,11
7572,Japan,Shinji Okazaki,9,14,14,9,23,0.21544566544566543,8,0,10
7572,Japan,Gaku Shibasaki,59,52,52,59,111,0.2639041514041514,13,13,15
7572,Japan,Hiroki Sakai,38,33,33,38,71,0.13194444444444442,10,14,8
7572,Japan,Tomoaki Makino,77,73,73,77,150,0.06491147741147742,10,17,6
7572,Japan,Hotaru Yamaguchi,75,73,73,75,148,0.027472527472527472,12,19,14
7572,Japan,Takashi Usami,23,34,34,23,57,0.025534188034188034,9,8,13
7572,Japan,Maya Yoshida,78,69,69,78,147,0.02106227106227106,11,20,7
7572,Japan,Yoshinori Muto,14,17,17,14,31,0.06987179487179486,10,2,12
7572,Japan,Gotoku Sakai,14,23,23,14,37,0.015705128205128205,8,3,12
7572,Japan,Eiji Kawashima,14,9,9,14,23,0.033501221001221,7,11,0
7572,Japan,Yūya Ōsako,7,16,16,7,23,0.12789987789987786,8,3,13
7572,Japan,Takashi Inui,29,33,33,29,62,0.05857753357753357,7,2,8
7572,Japan,Makoto Hasebe,13,14,14,13,27,0.04241452991452991,5,6,0
7576,Spain,Diego da Silva Costa,17,21,21,17,38,0.21965811965811968,10,2,13
7576,Spain,Sergio Busquets i Burgos,66,64,64,66,130,0.006089743589743589,12,10,11
7576,Spain,Sergio Ramos García,112,100,100,112,212,0.059508547008547005,12,49,5
7576,Spain,Jordi Alba Ramos,75,77,77,75,152,0.09850427350427349,12,10,30
7576,Spain,Gerard Piqué Bernabéu,66,58,58,66,124,0.16014957264957266,13,23,2
7576,Spain,Andrés Iniesta Luján,61,67,67,61,128,0.0,9,15,12
7576,Spain,Francisco Román Alarcón Suárez,88,99,99,88,187,0.0,12,12,30
7576,Spain,José Ignacio Fernández Iglesias,57,49,49,57,106,0.12948717948717947,13,4,18
7576,Spain,Jorge Resurrección Merodio,75,79,79,75,154,0.009829059829059829,10,8,9
7576,Spain,David de Gea Quintana,12,9,9,12,21,0.12702991452991452,7,10,0
7576,Spain,David Josué Jiménez Silva,50,50,50,50,100,0.03247863247863247,11,9,15
7576,Spain,Thiago Alcântara do Nascimento,26,31,31,26,57,0.05993589743589743,11,3,6
7576,Spain,Iago Aspas Juncal,5,7,7,5,12,0.21346153846153848,8,1,4
7576,Spain,Lucas Vázquez Iglesias,4,3,3,4,7,0.0,4,2,3
7576,Portugal,Raphaël Adelino José Guerreiro,46,46,46,46,92,0.02264957264957265,12,15,25
7576,Portugal,Bruno Miguel Borges Fernandes,15,18,18,15,33,0.05416666666666666,7,3,9
7576,Portugal,William Silva de Carvalho,45,43,43,45,88,0.02927350427350427,11,9,2
7576,Portugal,Bernardo Mota Veiga de Carvalho e Silva,16,16,16,16,32,0.03098290598290598,7,3,8
7576,Portugal,Cristiano Ronaldo dos Santos Aveiro,32,38,38,32,70,0.15384615384615385,12,11,23
7576,Portugal,Cédric Ricardo Alves Soares,28,27,27,28,55,0.08803418803418804,10,8,5
7576,Portugal,João Filipe Iria Santos Moutinho,39,33,33,39,72,0.08643162393162393,11,12,6
7576,Portugal,Kléper Laveran Lima Ferreira,24,23,23,24,47,0.0021367521367521365,10,16,3
7576,Portugal,Gonçalo Manuel Ganchinho Guedes,15,22,22,15,37,0.2372863247863248,11,3,14
7576,Portugal,José Miguel da Rocha Fonte,28,21,21,28,49,0.04935897435897436,10,9,2
7576,Portugal,Rui Pedro dos Santos Patrício,16,11,11,16,27,0.05363247863247862,8,15,0
7576,Portugal,João Mário Naval da Costa Eduardo,6,8,8,6,14,0.17670940170940172,7,2,2
7576,Portugal,Ricardo Andrade Quaresma Bernardo,6,8,8,6,14,0.04401709401709401,4,0,5
7576,Portugal,André Miguel Valente Silva,2,4,4,2,6,0.06356837606837608,4,1,3
7577,Morocco,Ayoub El Kaabi,4,9,9,4,13,0.19964133089133085,8,1,9
7577,Morocco,Romain Saïss,58,49,49,58,107,0.08333333333333333,11,22,3
7577,Morocco,Medhi Amine El Mouttaqi Benatia,76,67,67,76,143,0.14480311355311354,13,27,2
7577,Morocco,Mbark Boussoufa,36,41,41,36,77,0.011217948717948718,9,8,15
7577,Morocco,Younès Belhanda,42,40,40,42,82,0.14574175824175825,11,8,19
7577,Morocco,Amine Harit,22,38,38,22,60,0.06855921855921857,10,3,18
7577,Morocco,Achraf Hakimi Mouh,32,30,30,32,62,0.0,8,7,12
7577,Morocco,Munir Mohand Mohamedi,11,7,7,11,18,0.05374694749694749,7,7,0
7577,Morocco,Karim El Ahmadi Al Aroos,38,30,30,38,68,0.03178418803418804,11,10,6
7577,Morocco,Nordin Amrabat,28,28,28,28,56,0.036118742368742365,9,6,11
7577,Morocco,Hakim Ziyech,39,47,47,39,86,0.26178266178266174,13,13,16
7577,Morocco,Sofyan Amrabat,4,3,3,4,7,0.1838217338217338,5,1,1
7577,Morocco,Aziz Bouhaddouz,1,3,3,1,4,0.010683760683760682,3,0,3
7577,Morocco,Manuel Marouan da Costa Trinidade,6,5,5,6,11,0.009676434676434675,4,2,0
7577,Iran,Alireza Safar Beiranvand,8,3,3,8,11,0.013782051282051283,4,6,0
7577,Iran,Sardar Azmoun,12,25,25,12,37,0.16251526251526247,12,3,17
7577,Iran,Ehsan Hajsafi,14,15,15,14,29,0.11375152625152626,8,6,4
7577,Iran,Karim Ansarifard,9,17,17,9,26,0.023076923076923078,8,2,10
7577,Iran,Masoud Shojaei Soleimani,8,10,10,8,18,0.029059829059829057,6,1,2
7577,Iran,Roozbeh Cheshmi,11,10,10,11,21,0.20642551892551889,8,4,0
7577,Iran,Vahid Amiri,15,11,11,15,26,0.11697191697191696,8,4,6
7577,Iran,Morteza Pouraliganji,14,15,15,14,29,0.13846153846153844,8,5,1
7577,Iran,Ramin Rezaeian,21,10,10,21,31,0.0873015873015873,8,9,1
7577,Iran,Alireza Jahanbakhsh,9,13,13,9,22,0.09632173382173381,7,2,8
7577,Iran,Omid Ebrahimi,18,10,10,18,28,0.033928571428571426,9,9,0
7577,Iran,Mehdi Taremi,2,3,3,2,5,0.06593406593406592,4,1,2
7577,Iran,Seyed Majid Hosseini,2,0,0,2,2,0.0,2,1,0
7577,Iran,Saman Ghoddos,1,2,2,1,3,0.01388888888888889,2,0,2
7578,Uruguay,Edinson Roberto Cavani Gómez,26,35,35,26,61,0.08948412698412697,12,6,21
7578,Uruguay,José María Giménez de Vargas,52,50,50,52,102,0.035256410256410256,9,16,5
7578,Uruguay,Matías Vecino Falero,74,63,63,74,137,0.013736263736263736,12,22,14
7578,Uruguay,Diego Roberto Godín Leal,53,48,48,53,101,0.04700854700854701,12,24,4
7578,Uruguay,Rodrigo Bentancur Colmán,80,76,76,80,156,0.005341880341880341,13,23,19
7578,Uruguay,Giorgian Daniel De Arrascaeta Benedetti,21,23,23,21,44,0.11465201465201465,8,3,14
7578,Uruguay,José Martín Cáceres Silva,38,35,35,38,73,0.21883394383394378,10,13,8
7578,Uruguay,Guillermo Varela Olivera,62,53,53,62,115,0.10268620268620268,12,10,14
7578,Uruguay,Nahitan Michel Nández Acosta,25,31,31,25,56,0.05828754578754579,8,4,16
7578,Uruguay,Luis Alberto Suárez Díaz,21,38,38,21,59,0.0398046398046398,10,4,18
7578,Uruguay,Néstor Fernando Muslera Micol,16,12,12,16,28,0.14423076923076922,8,13,0
7578,Uruguay,Cristian Gabriel Rodríguez Barrotti,19,22,22,19,41,0.10897435897435898,9,3,7
7578,Uruguay,Carlos Andrés Sánchez Arcosa,23,22,22,23,45,0.1592032967032967,10,4,6
7578,Uruguay,Lucas Torreira Di Pascua,3,5,5,3,8,0.056043956043956046,3,1,0
7578,Egypt,Mohamed Abdul Shafy Sayed Abouezeid,47,39,39,47,86,0.10678418803418802,10,14,2
7578,Egypt,Ahmed Elsayed Ali Elsayed Hegazy,30,31,31,30,61,0.06591880341880342,10,13,2
7578,Egypt,Mohamed Naser Elsayed Elneny,41,38,38,41,79,0.04102564102564102,10,11,3
7578,Egypt,Abdalla Mahmoud El Said Bekhit,42,54,54,42,96,0.037767094017094015,13,11,24
7578,Egypt,Amr Medhat Warda,16,26,26,16,42,0.197275641025641,10,4,12
7578,Egypt,Mahmoud Ibrahim Hassan,33,36,36,33,69,0.03092948717948718,10,4,18
7578,Egypt,Ali Gabr,14,17,17,14,31,0.1172008547008547,8,7,1
7578,Egypt,Tarek Hamed,27,23,23,27,50,0.016773504273504273,9,4,3
7578,Egypt,Marwan Mohsen,8,16,16,8,24,0.056730769230769224,8,1,15
7578,Egypt,Ahmed Fathy Abdel Meneim Ibrahim,42,25,25,42,67,0.059508547008547005,9,15,7
7578,Egypt,Mohamed El Sayed Mohamed El Shenawy Gomaa,8,4,4,8,12,0.08600427350427349,6,7,0
7578,Egypt,Sam Morsy,24,19,19,24,43,0.15069444444444444,12,6,3
7578,Egypt,Mahmoud Abdul Monem Abdelhamid Soliman,9,13,13,9,22,0.007692307692307692,6,0,7
7578,Egypt,Ramadan Sobhi Ramadan Ahmed,3,3,3,3,6,0.05683760683760683,3,0,0
7579,Portugal,Gonçalo Manuel Ganchinho Guedes,23,33,33,23,56,0.016025641025641024,7,4,18
7579,Portugal,Adrien Sebastian Perruchet Silva,50,48,48,50,98,0.027243589743589744,10,13,5
7579,Portugal,Raphaël Adelino José Guerreiro,65,63,63,65,128,0.08981990231990232,12,20,25
7579,Portugal,João Mário Naval da Costa Eduardo,57,53,53,57,110,0.011217948717948718,10,14,17
7579,Portugal,José Miguel da Rocha Fonte,30,17,17,30,47,0.07585470085470086,11,13,3
7579,Portugal,Kléper Laveran Lima Ferreira,31,20,20,31,51,0.045405982905982904,11,16,2
7579,Portugal,Cristiano Ronaldo dos Santos Aveiro,21,36,36,21,57,0.08707264957264957,10,4,23
7579,Portugal,Bernardo Mota Veiga de Carvalho e Silva,69,76,76,69,145,0.021367521367521364,13,16,28
7579,Portugal,William Silva de Carvalho,63,55,55,63,118,0.021367521367521364,11,25,3
7579,Portugal,Ricardo Domingos Barbosa Pereira,46,47,47,46,93,0.05074786324786325,12,17,12
7579,Portugal,Rui Pedro dos Santos Patrício,9,5,5,9,14,0.10973748473748474,7,6,0
7579,Portugal,Ricardo Andrade Quaresma Bernardo,12,21,21,12,33,0.2019993894993895,8,2,16
7579,Portugal,Manuel Henrique Tavares Fernandes,8,10,10,8,18,0.29876373626373626,9,5,3
7579,Portugal,André Miguel Valente Silva,2,2,2,2,4,0.03739316239316239,3,1,1
7579,Uruguay,Rodrigo Bentancur Colmán,9,8,8,9,17,0.06698717948717949,9,1,4
7579,Uruguay,Edinson Roberto Cavani Gómez,10,13,13,10,23,0.06752136752136752,10,3,8
7579,Uruguay,José Martín Cáceres Silva,16,15,15,16,31,0.010149572649572648,8,8,1
7579,Uruguay,Nahitan Michel Nández Acosta,14,15,15,14,29,0.04407051282051282,8,7,6
7579,Uruguay,Luis Alberto Suárez Díaz,18,36,36,18,54,0.013034188034188033,13,3,25
7579,Uruguay,Diego Roberto Godín Leal,25,16,16,25,41,0.03360042735042735,12,12,3
7579,Uruguay,Néstor Fernando Muslera Micol,17,11,11,17,28,0.021367521367521368,7,14,0
7579,Uruguay,José María Giménez de Vargas,13,10,10,13,23,0.11848290598290598,10,6,1
7579,Uruguay,Lucas Torreira Di Pascua,19,14,14,19,33,0.16527777777777777,11,5,4
7579,Uruguay,Diego Sebastián Laxalt Suárez,12,11,11,12,23,0.16987179487179488,10,6,4
7579,Uruguay,Matías Vecino Falero,16,15,15,16,31,0.09177350427350427,11,5,6
7579,Uruguay,Cristian Gabriel Rodríguez Barrotti,12,12,12,12,24,0.04433760683760683,8,3,8
7579,Uruguay,Cristhian Ricardo Stuani Curbelo,3,8,8,3,11,0.04401709401709402,7,0,3
7579,Uruguay,Carlos Andrés Sánchez Arcosa,6,6,6,6,12,0.0658119658119658,8,2,2
7580,France,Antoine Griezmann,13,19,19,13,32,0.24508547008547005,10,3,8
7580,France,Raphaël Varane,33,28,28,33,61,0.03952991452991452,9,15,2
7580,France,Paul Pogba,34,38,38,34,72,0.13643162393162392,12,15,5
7580,France,Kylian Mbappé Lottin,18,31,31,18,49,0.02264957264957265,7,3,17
7580,France,Benjamin Pavard,25,22,22,25,47,0.22905982905982905,9,3,9
7580,France,Hugo Lloris,17,10,10,17,27,0.12115384615384614,7,15,0
7580,France,Samuel Yves Umtiti,40,29,29,40,69,0.01816239316239316,9,14,3
7580,France,N'Golo Kanté,48,42,42,48,90,0.10683760683760685,11,8,9
7580,France,Blaise Matuidi,24,22,22,24,46,0.02564102564102564,8,4,6
7580,France,Olivier Giroud,9,19,19,9,28,0.10694444444444444,11,1,15
7580,France,Lucas Hernández Pi,14,14,14,14,28,0.10074786324786324,8,1,6
7580,France,Corentin Tolisso,6,6,6,6,12,0.13205128205128205,6,0,0
7580,France,Nabil Fekir,1,2,2,1,3,0.07692307692307693,3,0,2
7580,France,Florian Thauvin,1,1,1,1,2,0.07692307692307693,2,0,0
7580,Argentina,Faustino Marcos Alberto Rojo,25,19,19,25,44,0.0028490028490028487,7,6,0
7580,Argentina,Nicolás Alejandro Tagliafico,25,18,18,25,43,0.1912291412291412,11,6,6
7580,Argentina,Nicolás Hernán Otamendi,65,59,59,65,124,0.023244810744810742,12,25,2
7580,Argentina,Gabriel Iván Mercado,74,69,69,74,143,0.020268620268620263,12,16,20
7580,Argentina,Cristian David Pavón,21,32,32,21,53,0.0073361823361823356,9,1,22
7580,Argentina,Lionel Andrés Messi Cuccittini,31,40,40,31,71,0.10064102564102563,9,11,7
7580,Argentina,Javier Alejandro Mascherano,51,45,45,51,96,0.014697802197802196,12,18,9
7580,Argentina,Franco Armani,15,13,13,15,28,0.11735347985347985,8,9,0
7580,Argentina,Enzo Nicolás Pérez,36,34,34,36,70,0.020054945054945053,9,9,14
7580,Argentina,Ángel Fabián Di María Hernández,14,26,26,14,40,0.23438135938135937,11,1,14
7580,Argentina,Éver Maximiliano David Banega,54,52,52,54,106,0.02094017094017094,13,16,14
7580,Argentina,Federico Julián Fazio,21,19,19,21,40,0.17170329670329665,10,7,1
7580,Argentina,Sergio Leonel Agüero del Castillo,6,9,9,6,15,0.034188034188034185,6,0,7
7580,Argentina,Maximiliano Eduardo Meza,10,13,13,10,23,0.15978835978835979,9,0,9
7581,Denmark,Christian Dannemann Eriksen,39,49,49,39,88,0.026251526251526252,13,5,25
7581,Denmark,Mathias Jørgensen Jatta,58,55,55,58,113,0.10007631257631258,14,27,2
7581,Denmark,Thomas Delaney,51,44,44,51,95,0.06456043956043957,12,13,14
7581,Denmark,Andreas Christensen,19,19,19,19,38,0.027380952380952384,9,5,4
7581,Denmark,Henrik Dalsgaard,38,24,24,38,62,0.08473748473748474,12,10,7
7581,Denmark,Martin Braithwaite Christensen,14,19,19,14,33,0.027930402930402932,10,2,12
7581,Denmark,Jonas Knudsen,30,23,23,30,53,0.049435286935286926,13,11,13
7581,Denmark,Simon Thorup Kjær,69,65,65,69,134,0.0,11,27,4
7581,Denmark,Kasper Schmeichel,29,20,20,29,49,0.03182234432234432,11,24,0
7581,Denmark,Andreas Evald Cornelius,7,14,14,7,21,0.14130036630036635,10,0,10
7581,Denmark,Yussuf Yurary Poulsen,24,40,40,24,64,0.04880952380952381,11,4,27
7581,Denmark,Lasse Schöne,41,36,36,41,77,0.03241758241758242,13,11,7
7581,Denmark,Nicolai Jørgensen,11,19,19,11,30,0.09916056166056166,12,0,15
7581,Denmark,Michael Krohn-Dehli,11,11,11,11,22,0.17591575091575093,9,3,1
7581,Denmark,Pione Sisto Ifolo Emirmija,4,7,7,4,11,0.05238095238095238,6,2,3
7581,Croatia,Ivan Strinić,37,32,32,37,69,0.019283097854526428,9,6,19
7581,Croatia,Ivan Rakitić,69,76,76,69,145,0.02871533228676086,12,18,18
7581,Croatia,Ivan Perišić,15,22,22,15,37,0.21451465201465203,9,5,12
7581,Croatia,Mario Mandžukić,19,24,24,19,43,0.13105703819989534,10,3,10
7581,Croatia,Šime Vrsaljko,45,38,38,45,83,0.07188644688644688,9,11,19
7581,Croatia,Danijel Subašić,22,16,16,22,38,0.076007326007326,9,12,0
7581,Croatia,Dejan Lovren,56,48,48,56,104,0.09932626896912612,9,13,4
7581,Croatia,Domagoj Vida,63,53,53,63,116,0.07757718472004185,10,28,1
7581,Croatia,Ante Rebić,14,24,24,14,38,0.0745094191522763,9,4,13
7581,Croatia,Luka Modrić,69,76,76,69,145,0.04922161172161173,14,26,22
7581,Croatia,Marcelo Brozović,43,43,43,43,86,0.06204866562009419,10,10,9
7581,Croatia,Mateo Kovačić,23,25,25,23,48,0.13742804814233386,8,5,4
7581,Croatia,Josip Pivarić,26,22,22,26,48,0.1098246991104134,8,8,12
7581,Croatia,Andrej Kramarić,12,15,15,12,27,0.07244243851386709,8,2,7
7581,Croatia,Milan Badelj,4,3,3,4,7,0.06475667189952904,4,1,2
7582,Spain,Jorge Resurrección Merodio,145,141,141,145,286,0.07426739926739927,13,36,12
7582,Spain,Sergio Ramos García,168,154,154,168,322,0.07884615384615384,12,77,5
7582,Spain,Gerard Piqué Bernabéu,121,114,114,121,235,0.07115384615384615,12,43,3
7582,Spain,Jordi Alba Ramos,154,137,137,154,291,0.017124542124542123,11,27,49
7582,Spain,David Josué Jiménez Silva,26,32,32,26,58,0.03983516483516484,8,2,17
7582,Spain,Sergio Busquets i Burgos,73,65,65,73,138,0.0,11,17,15
7582,Spain,Francisco Román Alarcón Suárez,136,163,163,136,299,0.12472527472527473,14,23,68
7582,Spain,José Ignacio Fernández Iglesias,46,41,41,46,87,0.04551282051282052,10,10,25
7582,Spain,Marco Asensio Willemsen,43,44,44,43,87,0.13324175824175824,12,4,21
7582,Spain,Diego da Silva Costa,8,18,18,8,26,0.18937728937728937,7,1,12
7582,Spain,David de Gea Quintana,13,11,11,13,24,0.12499999999999999,8,8,0
7582,Spain,Andrés Iniesta Luján,41,49,49,41,90,0.20924908424908428,12,9,8
7582,Spain,Daniel Carvajal Ramos,37,34,34,37,71,0.01098901098901099,8,9,20
7582,Spain,Iago Aspas Juncal,11,15,15,11,26,0.15723443223443223,9,1,7
7582,Spain,Rodrigo Moreno Machado,4,8,8,4,12,0.09148351648351648,5,0,5
7582,Russia,Ilya Kutepov,25,20,20,25,45,0.10276033490319203,12,9,2
7582,Russia,Aleksandr Samedov,17,19,19,17,36,0.057278039420896563,7,4,5
7582,Russia,Mário Figueira Fernandes,44,39,39,44,83,0.016221873364730507,11,17,10
7582,Russia,Artem Dzyuba,10,21,21,10,31,0.028824350252921682,10,1,20
7582,Russia,Daler Kuzyaev,18,15,15,18,33,0.07430228501657073,9,4,3
7582,Russia,Aleksandr Golovin,23,22,22,23,45,0.048927263212977495,11,4,8
7582,Russia,Yuri Zhirkov,9,6,6,9,15,0.006279434850863423,6,3,3
7582,Russia,Fedor Kudryashov,14,6,6,14,20,0.22894427001569861,11,6,0
7582,Russia,Sergei Ignashevich,16,9,9,16,25,0.06128553985696844,11,14,0
7582,Russia,Roman Zobnin,20,27,27,20,47,0.20390502354788068,12,2,4
7582,Russia,Igor Akinfeev,4,6,6,4,10,0.03715332286760858,7,4,0
7582,Russia,Vladimir Granat,1,1,1,1,2,0.0,2,1,0
7582,Russia,Fyodor Smolov,9,18,18,9,27,0.2734126984126984,9,0,14
7582,Russia,Denis Cheryshev,3,3,3,3,6,0.0,4,3,2
7582,Russia,Aleksandr Erokhin,2,3,3,2,5,0.04891636141636142,4,1,2
7583,Mexico,Javier Hernández Balcázar,6,6,6,6,12,0.15630341880341883,7,4,4
7583,Mexico,Rafael Márquez Álvarez,12,12,12,12,24,0.05758547008547009,9,3,1
7583,Mexico,Carlos Joel Salcedo Hernández,58,54,54,58,112,0.022115384615384613,13,21,4
7583,Mexico,Hugo Ayala Castro,41,38,38,41,79,0.10459401709401707,12,13,1
7583,Mexico,Jesús Daniel Gallardo Vasconcelos,45,39,39,45,84,0.09102564102564104,12,15,13
7583,Mexico,José Andrés Guardado Hernández,37,29,29,37,66,0.07446581196581195,11,11,8
7583,Mexico,Héctor Miguel Herrera López,37,34,34,37,71,0.05064102564102564,12,12,9
7583,Mexico,Carlos Alberto Vela Garrido,26,33,33,26,59,0.04273504273504273,11,6,20
7583,Mexico,Hirving Rodrigo Lozano Bahena,20,37,37,20,57,0.1641025641025641,13,4,28
7583,Mexico,Edson Omar Álvarez Velázquez,21,16,16,21,37,0.02927350427350427,9,6,5
7583,Mexico,Francisco Guillermo Ochoa Magaña,10,6,6,10,16,0.029059829059829054,7,8,0
7583,Mexico,Miguel Arturo Layún Prado,16,18,18,16,34,0.01762820512820513,8,5,7
7583,Mexico,Jonathan dos Santos Ramírez,21,22,22,21,43,0.0766025641025641,9,5,8
7583,Mexico,Raúl Alonso Jiménez Rodríguez,3,9,9,3,12,0.0705128205128205,7,1,6
7583,Brazil,João Miranda de Souza Filho,33,30,30,33,63,0.17307692307692307,9,13,0
7583,Brazil,Filipe Luís Kasmirski,40,29,29,40,69,0.008547008547008546,10,14,5
7583,Brazil,Philippe Coutinho Correia,26,33,33,26,59,0.010683760683760682,9,7,14
7583,Brazil,Carlos Henrique Casimiro,44,34,34,44,78,0.052350427350427345,11,13,5
7583,Brazil,Neymar da Silva Santos Junior,23,45,45,23,68,0.16185897435897437,11,3,20
7583,Brazil,Willian Borges da Silva,33,44,44,33,77,0.05876068376068375,10,3,15
7583,Brazil,Fágner Conserva Lemos,29,22,22,29,51,0.08066239316239315,11,8,11
7583,Brazil,Thiago Emiliano da Silva,38,34,34,38,72,0.003205128205128205,10,14,2
7583,Brazil,José Paulo Bezzera Maciel Júnior,25,22,22,25,47,0.07425213675213675,9,4,3
7583,Brazil,Alisson Ramsés Becker,14,6,6,14,20,0.2142094017094017,9,6,0
7583,Brazil,Gabriel Fernando de Jesus,15,22,22,15,37,0.16079059829059827,11,0,11
7583,Brazil,Fernando Luiz Roza,4,1,1,4,5,0.06837606837606838,5,2,0
7583,Brazil,Roberto Firmino Barbosa de Oliveira,3,6,6,3,9,0.08333333333333334,6,1,3
7583,Brazil,Marcos Aoás Corrêa,3,2,2,3,5,0.07692307692307693,3,2,1
7584,Belgium,Romelu Lukaku Menama,15,25,25,15,40,0.1943181818181818,11,1,14
7584,Belgium,Axel Witsel,60,50,50,60,110,0.23099747474747478,12,15,14
7584,Belgium,Jan Vertonghen,63,56,56,63,119,0.029419191919191918,11,22,8
7584,Belgium,Vincent Kompany,76,72,72,76,148,0.10580808080808081,11,26,3
7584,Belgium,Toby Alderweireld,68,69,69,68,137,0.08390151515151514,11,21,2
7584,Belgium,Thibaut Courtois,19,11,11,19,30,0.022095959595959596,7,9,0
7584,Belgium,Kevin De Bruyne,54,52,52,54,106,0.07948232323232324,12,14,13
7584,Belgium,Yannick Ferreira Carrasco,26,28,28,26,54,0.06363636363636364,9,5,15
7584,Belgium,Thomas Meunier,57,51,51,57,108,0.014204545454545456,11,13,26
7584,Belgium,Dries Mertens,20,26,26,20,46,0.05662878787878787,8,5,10
7584,Belgium,Eden Hazard,45,60,60,45,105,0.09185606060606061,11,10,25
7584,Belgium,Nacer Chadli,10,11,11,10,21,0.1283459595959596,8,1,8
7584,Belgium,Marouane Fellaini-Bakkioui,11,13,13,11,24,0.032828282828282825,6,1,5
7584,Japan,Hiroki Sakai,29,34,34,29,63,0.2077020202020202,10,5,14
7584,Japan,Gaku Shibasaki,41,40,40,41,81,0.0,9,10,7
7584,Japan,Yūya Ōsako,15,22,22,15,37,0.2330808080808081,10,1,18
7584,Japan,Makoto Hasebe,43,40,40,43,83,0.1398989898989899,12,9,3
7584,Japan,Yuto Nagatomo,41,40,40,41,81,0.00845959595959596,10,5,16
7584,Japan,Gen Shōji,33,32,32,33,65,0.019065656565656567,9,14,2
7584,Japan,Shinji Kagawa,51,45,45,51,96,0.005681818181818182,11,15,13
7584,Japan,Maya Yoshida,39,28,28,39,67,0.07626262626262627,12,17,1
7584,Japan,Genki Haraguchi,21,19,19,21,40,0.06893939393939394,7,5,4
7584,Japan,Takashi Inui,27,41,41,27,68,0.03977272727272727,9,6,17
7584,Japan,Eiji Kawashima,15,12,12,15,27,0.14204545454545456,7,11,0
7584,Japan,Hotaru Yamaguchi,5,5,5,5,10,0.07512626262626262,5,1,0
7584,Japan,Keisuke Honda,3,5,5,3,8,0.11237373737373738,5,0,4
7585,Colombia,Radamel Falcao García Zárate,26,39,39,26,65,0.1431972789115646,13,3,30
7585,Colombia,Juan Fernando Quintero Paniagua,29,41,41,29,70,0.03558346415489273,10,11,10
7585,Colombia,Carlos Alberto Sánchez Moreno,32,25,25,32,57,0.0052328623757195184,9,15,7
7585,Colombia,Santiago Arias Naranjo,38,31,31,38,69,0.022893772893772896,11,9,15
7585,Colombia,Juan Guillermo Cuadrado Bello,48,52,52,48,100,0.10531135531135531,13,10,24
7585,Colombia,Yerry Fernando Mina González,54,42,42,54,96,0.1413134484563056,12,16,0
7585,Colombia,Davinson Sánchez Mina,54,47,47,54,101,0.041627420198848776,12,30,5
7585,Colombia,Jefferson Andrés Lerma Solís,23,27,27,23,50,0.15073260073260072,10,5,11
7585,Colombia,Johan Andrés Mojica Palacio,45,42,42,45,87,0.024725274725274728,11,11,13
7585,Colombia,Wílmar Enrique Barrios Terán,41,37,37,41,78,0.12014652014652016,12,14,0
7585,Colombia,David Ospina Ramírez,7,5,5,7,12,0.020146520146520144,6,6,0
7585,Colombia,Carlos Arturo Bacca Ahumada,7,15,15,7,22,0.0882783882783883,7,0,13
7585,Colombia,Andrés Mateus Uribe Villa,16,14,14,16,30,0.07838827838827839,9,7,4
7585,Colombia,Luis Fernando Muriel Fruto,8,11,11,8,19,0.08765044479330195,7,3,9
7585,Colombia,Cristian Eduardo Zapata Valencia,1,1,1,1,2,0.0,2,1,0
7585,England,Harry Maguire,67,60,60,67,127,0.08974358974358974,14,33,9
7585,England,Bamidele Alli,35,36,36,35,71,0.0,9,7,17
7585,England,Jesse Lingard,39,41,41,39,80,0.0,11,9,24
7585,England,Harry Kane,25,39,39,25,64,0.1263736263736264,12,10,25
7585,England,Jordan Pickford,31,22,22,31,53,0.04166666666666667,9,20,0
7585,England,John Stones,76,72,72,76,148,0.05952380952380952,13,32,5
7585,England,Jordan Brian Henderson,35,35,35,35,70,0.15270146520146521,13,5,18
7585,England,Kyle Walker,57,49,49,57,106,0.0521978021978022,11,20,4
7585,England,Ashley Young,29,25,25,29,54,0.13461538461538464,10,11,6
7585,England,Kieran Trippier,35,31,31,35,66,0.08356227106227107,12,6,14
7585,England,Raheem Sterling,18,33,33,18,51,0.13186813186813187,10,3,21
7585,England,Eric Dier,18,15,15,18,33,0.05173992673992675,9,4,6
7585,England,Jamie Vardy,1,9,9,1,10,0.05815018315018316,7,0,8
7585,England,Danny Rose,7,6,6,7,13,0.04990842490842492,6,2,3
7585,England,Marcus Rashford,4,4,4,4,8,0.05906593406593407,6,0,2
7586,Sweden,Emil Peter Forsberg,19,24,24,19,43,0.0021367521367521365,7,7,9
7586,Sweden,Andreas Granqvist,20,19,19,20,39,0.06997863247863247,9,8,5
7586,Sweden,Victor Nilsson Lindelöf,22,15,15,22,37,0.0,6,6,1
7586,Sweden,Ola Toivonen,13,22,22,13,35,0.09989316239316239,9,3,12
7586,Sweden,Marcus Berg,14,24,24,14,38,0.0485042735042735,10,3,18
7586,Sweden,Mikael Lustig,18,21,21,18,39,0.09455128205128205,8,7,6
7586,Sweden,Ludwig Augustinsson,13,13,13,13,26,0.009615384615384616,6,6,8
7586,Sweden,Gustav Svensson,15,11,11,15,26,0.13237179487179487,10,5,2
7586,Sweden,Robin Olsen,12,9,9,12,21,0.06688034188034186,8,12,0
7586,Sweden,Viktor Claesson,23,15,15,23,38,0.27104700854700847,11,6,7
7586,Sweden,Albin Ekdal,25,21,21,25,46,0.25908119658119655,13,12,4
7586,Sweden,Emil Krafth,3,2,2,3,5,0.042735042735042736,3,1,0
7586,Sweden,Martin Olsson,3,3,3,3,6,0.024038461538461536,4,0,3
7586,Sweden,Isaac Kiese Thelin,2,3,3,2,5,0.03365384615384615,4,1,2
7586,Switzerland,Blerim Džemaili,17,17,17,17,34,0.1726911976911977,9,3,8
7586,Switzerland,Josip Drmic,11,17,17,11,28,0.15418470418470417,9,1,14
7586,Switzerland,Xherdan Shaqiri,45,55,55,45,100,0.018578643578643576,12,9,29
7586,Switzerland,Granit Xhaka,83,81,81,83,164,0.12736291486291484,12,35,13
7586,Switzerland,Manuel Obafemi Akanji,77,71,71,77,148,0.09545454545454546,12,28,4
7586,Switzerland,Ricardo Iván Rodríguez Araya,49,50,50,49,99,0.19698773448773446,11,12,29
7586,Switzerland,Valon Behrami,71,64,64,71,135,0.06616161616161617,12,14,3
7586,Switzerland,Johan Danon Djourou-Gbadjere,61,58,58,61,119,0.021735209235209236,9,21,6
7586,Switzerland,Michael Lang,46,46,46,46,92,0.021085858585858586,9,7,18
7586,Switzerland,Yann Sommer,23,12,12,23,35,0.01919191919191919,8,12,0
7586,Switzerland,Steven Zuber,19,24,24,19,43,0.012626262626262626,8,2,13
7586,Switzerland,Breel-Donald Embolo,4,9,9,4,13,0.03832972582972583,6,1,6
7586,Switzerland,Haris Seferović,4,6,6,4,10,0.1621212121212121,7,0,2
8649,Uruguay,Luis Alberto Suárez Díaz,15,20,20,15,35,0.028846153846153844,10,3,17
8649,Uruguay,Lucas Torreira Di Pascua,29,19,19,29,48,0.04354395604395604,10,7,3
8649,Uruguay,Diego Roberto Godín Leal,24,15,15,24,39,0.06947496947496948,11,13,0
8649,Uruguay,Cristhian Ricardo Stuani Curbelo,3,17,17,3,20,0.015567765567765566,8,0,11
8649,Uruguay,Nahitan Michel Nández Acosta,21,23,23,21,44,0.07275641025641025,10,11,11
8649,Uruguay,Rodrigo Bentancur Colmán,15,18,18,15,33,0.0995879120879121,9,7,5
8649,Uruguay,Néstor Fernando Muslera Micol,8,5,5,8,13,0.004807692307692308,5,3,0
8649,Uruguay,José María Giménez de Vargas,19,25,25,19,44,0.1050976800976801,9,10,3
8649,Uruguay,José Martín Cáceres Silva,29,26,26,29,55,0.11059218559218559,11,11,12
8649,Uruguay,Diego Sebastián Laxalt Suárez,15,12,12,15,27,0.1152014652014652,10,3,4
8649,Uruguay,Matías Vecino Falero,17,15,15,17,32,0.27055860805860804,12,6,4
8649,Uruguay,Cristian Gabriel Rodríguez Barrotti,10,10,10,10,20,0.012667887667887668,6,5,4
8649,Uruguay,Maximiliano Gómez González,2,3,3,2,5,0.01730769230769231,4,1,2
8649,Uruguay,Jonathan Matías Urretaviscaya da Luz,10,9,9,10,19,0.03418803418803419,7,2,6
8649,France,Benjamin Pavard,72,69,69,72,141,0.019764957264957264,10,17,19
8649,France,Raphaël Varane,30,21,21,30,51,0.2185897435897436,12,13,2
8649,France,Kylian Mbappé Lottin,25,37,37,25,62,0.01282051282051282,7,3,15
8649,France,Antoine Griezmann,48,55,55,48,103,0.0,10,6,17
8649,France,N'Golo Kanté,46,35,35,46,81,0.09711538461538462,11,13,3
8649,France,Olivier Giroud,24,33,33,24,57,0.13942307692307693,10,3,24
8649,France,Samuel Yves Umtiti,19,17,17,19,36,0.2020299145299145,9,7,0
8649,France,Lucas Hernández Pi,50,43,43,50,93,0.02670940170940171,10,9,12
8649,France,Corentin Tolisso,42,41,41,42,83,0.01282051282051282,8,5,8
8649,France,Paul Pogba,59,69,69,59,128,0.28205128205128205,13,21,12
8649,France,Hugo Lloris,15,11,11,15,26,0.01282051282051282,6,14,0
8649,France,Steven N'Kemboanza Mike Christopher Nzonzi,12,10,10,12,22,0.17232905982905986,8,4,0
8649,France,Ousmane Dembélé,2,3,3,2,5,0.09177350427350428,5,0,2
8649,France,Nabil Fekir,1,1,1,1,2,0.0,1,0,1
8650,Brazil,Neymar da Silva Santos Junior,51,62,62,51,113,0.08197496947496948,12,13,30
8650,Brazil,Fernando Luiz Roza,57,37,37,57,94,0.013034188034188033,12,15,3
8650,Brazil,Philippe Coutinho Correia,66,77,77,66,143,0.05341880341880341,12,19,17
8650,Brazil,Marcelo Vieira da Silva Júnior,66,62,62,66,128,0.14639804639804638,12,22,27
8650,Brazil,João Miranda de Souza Filho,39,28,28,39,67,0.04700854700854701,9,12,1
8650,Brazil,Thiago Emiliano da Silva,53,45,45,53,98,0.06599511599511598,13,25,2
8650,Brazil,Fágner Conserva Lemos,35,28,28,35,63,0.1273046398046398,11,11,6
8650,Brazil,Alisson Ramsés Becker,6,5,5,6,11,0.05051892551892552,4,3,0
8650,Brazil,José Paulo Bezzera Maciel Júnior,29,32,32,29,61,0.04952686202686202,9,2,5
8650,Brazil,Willian Borges da Silva,15,18,18,15,33,0.08012820512820512,8,2,8
8650,Brazil,Gabriel Fernando de Jesus,7,11,11,7,18,0.06837606837606838,7,1,6
8650,Brazil,Roberto Firmino Barbosa de Oliveira,13,23,23,13,36,0.1986111111111111,11,2,13
8650,Brazil,Douglas Costa de Souza,15,21,21,15,36,0.03365384615384615,8,4,12
8650,Brazil,Renato Soares de Oliveira Augusto,7,10,10,7,17,0.07255799755799756,8,2,3
8650,Belgium,Jan Vertonghen,40,35,35,40,75,0.0638888888888889,10,10,2
8650,Belgium,Vincent Kompany,41,38,38,41,79,0.05984848484848485,11,15,0
8650,Belgium,Toby Alderweireld,25,23,23,25,48,0.04924242424242424,8,10,1
8650,Belgium,Romelu Lukaku Menama,9,19,19,9,28,0.1501262626262626,10,2,17
8650,Belgium,Thomas Meunier,22,19,19,22,41,0.1433080808080808,8,10,11
8650,Belgium,Marouane Fellaini-Bakkioui,28,28,28,28,56,0.027146464646464644,10,9,13
8650,Belgium,Axel Witsel,33,32,32,33,65,0.2550505050505051,10,3,6
8650,Belgium,Thibaut Courtois,17,15,15,17,32,0.16464646464646465,10,12,0
8650,Belgium,Eden Hazard,29,44,44,29,73,0.05820707070707071,9,8,25
8650,Belgium,Kevin De Bruyne,33,27,27,33,60,0.047979797979797977,10,13,13
8650,Belgium,Nacer Chadli,27,24,24,27,51,0.09406565656565655,8,5,11
8650,Belgium,Thomas Vermaelen,5,5,5,5,10,0.013888888888888888,3,2,0
8650,Belgium,Youri Tielemans,1,1,1,1,2,0.0,1,0,0
8651,Sweden,Viktor Claesson,30,27,27,30,57,0.1251068376068376,11,8,14
8651,Sweden,Emil Krafth,34,36,36,34,70,0.008226495726495725,9,11,14
8651,Sweden,Andreas Granqvist,29,24,24,29,53,0.191025641025641,10,10,2
8651,Sweden,Ludwig Augustinsson,36,36,36,36,72,0.03322649572649572,11,17,9
8651,Sweden,Albin Ekdal,25,22,22,25,47,0.05715811965811965,10,4,8
8651,Sweden,Sebastian Larsson,31,29,29,31,60,0.21367521367521364,13,14,11
8651,Sweden,Marcus Berg,11,17,17,11,28,0.16047008547008548,9,1,11
8651,Sweden,Robin Olsen,20,13,13,20,33,0.031089743589743587,10,19,0
8651,Sweden,Ola Toivonen,11,20,20,11,31,0.01944444444444444,8,1,18
8651,Sweden,Victor Nilsson Lindelöf,39,30,30,39,69,0.0,9,22,4
8651,Sweden,Emil Peter Forsberg,13,18,18,13,31,0.1612179487179487,9,3,8
8651,Sweden,John Guidetti,3,7,7,3,10,0.015705128205128205,5,0,5
8651,Sweden,Martin Olsson,6,8,8,6,14,0.0579059829059829,6,1,4
8651,Sweden,Pontus Jansson,3,4,4,3,7,0.03792735042735042,6,1,4
8651,England,Kieran Trippier,50,48,48,50,98,0.01193019943019943,9,7,24
8651,England,Kyle Walker,60,53,53,60,113,0.09088319088319087,11,19,1
8651,England,Harry Maguire,41,32,32,41,73,0.06517094017094016,10,16,2
8651,England,John Stones,50,45,45,50,95,0.16577635327635326,11,12,1
8651,England,Harry Kane,16,26,26,16,42,0.0422008547008547,11,5,15
8651,England,Jesse Lingard,45,47,47,45,92,0.19586894586894588,11,5,10
8651,England,Ashley Young,49,43,43,49,92,0.06823361823361823,11,9,21
8651,England,Bamidele Alli,22,29,29,22,51,0.12539173789173785,9,6,10
8651,England,Jordan Brian Henderson,44,42,42,44,86,0.1379985754985755,11,18,11
8651,England,Jordan Pickford,20,18,18,20,38,0.07211538461538461,7,14,0
8651,England,Raheem Sterling,20,33,33,20,53,0.031517094017094016,10,1,17
8651,England,Fabian Delph,6,6,6,6,12,0.1112179487179487,6,0,1
8651,England,Eric Dier,2,3,3,2,5,0.0892094017094017,4,1,0
8651,England,Marcus Rashford,1,1,1,1,2,0.0,1,0,0
8652,Croatia,Mario Mandžukić,24,35,35,24,59,0.1050540729112158,13,1,17
8652,Croatia,Ivan Rakitić,76,63,63,76,139,0.06994592708878423,14,24,13
8652,Croatia,Luka Modrić,90,88,88,90,178,0.014194139194139194,14,35,23
8652,Croatia,Domagoj Vida,63,60,60,63,123,0.02689255189255189,12,23,3
8652,Croatia,Ivan Strinić,44,36,36,44,80,0.02370922728065586,10,10,20
8652,Croatia,Danijel Subašić,23,24,24,23,47,0.10889586603872317,12,16,0
8652,Croatia,Dejan Lovren,77,68,68,77,145,0.03742804814233386,12,28,5
8652,Croatia,Šime Vrsaljko,58,57,57,58,115,0.07673992673992673,12,13,27
8652,Croatia,Ivan Perišić,15,22,22,15,37,0.06949677306820165,9,1,14
8652,Croatia,Andrej Kramarić,25,34,34,25,59,0.026129426129426137,10,3,14
8652,Croatia,Ante Rebić,9,29,29,9,38,0.1625545089830804,10,1,16
8652,Croatia,Marcelo Brozović,50,43,43,50,93,0.024563928135356704,12,13,9
8652,Croatia,Josip Pivarić,34,29,29,34,63,0.056475667189952915,10,9,14
8652,Croatia,Mateo Kovačić,8,12,12,8,20,0.15643206000348855,7,3,7
8652,Croatia,Vedran Ćorluka,11,7,7,11,18,0.0529260422117565,7,2,0
8652,Russia,Daler Kuzyaev,25,23,23,25,48,0.0961996336996337,12,9,5
8652,Russia,Aleksandr Golovin,16,20,20,16,36,0.09277032491318207,11,3,11
8652,Russia,Aleksandr Samedov,5,13,13,5,18,0.059975738547167125,8,0,5
8652,Russia,Mário Figueira Fernandes,38,31,31,38,69,0.005265567765567766,12,11,14
8652,Russia,Artem Dzyuba,12,18,18,12,30,0.0,9,4,15
8652,Russia,Roman Zobnin,27,23,23,27,50,0.16394855144855144,14,4,6
8652,Russia,Denis Cheryshev,8,14,14,8,22,0.025135578707007278,7,3,6
8652,Russia,Fedor Kudryashov,29,19,19,29,48,0.049030136530136534,12,14,10
8652,Russia,Sergei Ignashevich,33,23,23,33,56,0.0029304029304029304,12,19,0
8652,Russia,Ilya Kutepov,28,24,24,28,52,0.0737970362970363,12,11,3
8652,Russia,Igor Akinfeev,10,12,12,10,22,0.07070905285191001,11,9,0
8652,Russia,Aleksandr Erokhin,6,13,13,6,19,0.04816849816849816,9,1,5
8652,Russia,Fyodor Smolov,10,13,13,10,23,0.14693699157984874,10,1,6
8652,Russia,Yury Gazinskiy,13,12,12,13,25,0.023417059131344852,9,3,4
8652,Russia,Alan Dzagoev,6,8,8,6,14,0.03991841491841492,8,2,4
8655,France,Antoine Griezmann,33,31,31,33,64,0.04945286195286196,9,7,12
8655,France,Raphaël Varane,35,29,29,35,64,0.10319865319865318,9,17,1
8655,France,Benjamin Pavard,45,37,37,45,82,0.015151515151515152,9,16,14
8655,France,Kylian Mbappé Lottin,23,38,38,23,61,0.10833333333333334,9,5,22
8655,France,Blaise Matuidi,21,23,23,21,44,0.059974747474747465,8,3,10
8655,France,Samuel Yves Umtiti,28,23,23,28,51,0.09696969696969698,9,11,0
8655,France,Lucas Hernández Pi,25,24,24,25,49,0.13118686868686869,9,8,8
8655,France,Paul Pogba,29,31,31,29,60,0.17882996632996634,10,9,7
8655,France,N'Golo Kanté,41,32,32,41,73,0.09995791245791247,11,7,3
8655,France,Hugo Lloris,7,6,6,7,13,0.002525252525252525,4,5,0
8655,France,Olivier Giroud,11,24,24,11,35,0.1447811447811448,10,2,13
8655,France,Steven N'Kemboanza Mike Christopher Nzonzi,1,0,0,1,1,0.0,1,0,0
8655,France,Corentin Tolisso,2,3,3,2,5,0.132996632996633,4,1,1
8655,Belgium,Axel Witsel,57,47,47,57,104,0.12022005772005773,11,12,11
8655,Belgium,Jan Vertonghen,49,42,42,49,91,0.0700937950937951,11,11,2
8655,Belgium,Eden Hazard,47,59,59,47,106,0.13068181818181818,11,18,18
8655,Belgium,Kevin De Bruyne,41,52,52,41,93,0.07186147186147185,11,13,15
8655,Belgium,Nacer Chadli,65,68,68,65,133,0.043560606060606064,10,4,49
8655,Belgium,Toby Alderweireld,105,99,99,105,204,0.05303030303030303,10,39,9
8655,Belgium,Mousa Sidi Yaya Dembélé,25,25,25,25,50,0.043560606060606064,9,7,7
8655,Belgium,Marouane Fellaini-Bakkioui,26,25,25,26,51,0.07954545454545454,9,2,10
8655,Belgium,Vincent Kompany,91,87,87,91,178,0.14467893217893218,12,37,2
8655,Belgium,Thibaut Courtois,11,7,7,11,18,0.06313131313131312,5,6,0
8655,Belgium,Romelu Lukaku Menama,16,17,17,16,33,0.1588744588744589,9,1,15
8655,Belgium,Dries Mertens,13,18,18,13,31,0.25120851370851366,8,1,10
8655,Belgium,Yannick Ferreira Carrasco,3,3,3,3,6,0.0645923520923521,4,0,3
8656,England,Bamidele Alli,35,37,37,35,72,0.07806776556776558,13,9,16
8656,England,John Stones,46,43,43,46,89,0.06877943485086342,12,15,5
8656,England,Kyle Walker,55,46,46,55,101,0.09484563055991628,12,23,5
8656,England,Jesse Lingard,34,41,41,34,75,0.07140240711669284,13,5,14
8656,England,Kieran Trippier,39,32,32,39,71,0.038461538461538464,10,9,18
8656,England,Jordan Pickford,27,26,26,27,53,0.13422291993720567,10,22,0
8656,England,Harry Maguire,46,41,41,46,87,0.06272893772893773,12,18,4
8656,England,Ashley Young,21,15,15,21,36,0.1272239665096808,8,3,7
8656,England,Raheem Sterling,8,14,14,8,22,0.009157509157509158,5,1,7
8656,England,Jordan Brian Henderson,36,36,36,36,72,0.03316326530612245,11,11,8
8656,England,Harry Kane,17,29,29,17,46,0.04926739926739927,12,3,20
8656,England,Marcus Rashford,9,18,18,9,27,0.16245421245421246,10,0,10
8656,England,Danny Rose,11,7,7,11,18,0.008424908424908424,6,1,6
8656,England,Eric Dier,19,17,17,19,36,0.09097985347985349,9,6,5
8656,England,Jamie Vardy,0,1,1,0,1,0.0,1,0,1
8656,Croatia,Ivan Rakitić,63,66,66,63,129,0.16362942612942613,11,26,26
8656,Croatia,Marcelo Brozović,73,70,70,73,143,0.13376068376068376,13,33,11
8656,Croatia,Dejan Lovren,47,33,33,47,80,0.06898656898656899,9,21,3
8656,Croatia,Domagoj Vida,38,25,25,38,63,0.06768925518925518,9,19,2
8656,Croatia,Ivan Strinić,48,50,50,48,98,0.044871794871794865,9,9,22
8656,Croatia,Mario Mandžukić,15,24,24,15,39,0.2253510378510378,9,5,21
8656,Croatia,Ivan Perišić,26,38,38,26,64,0.16945970695970697,10,8,23
8656,Croatia,Šime Vrsaljko,54,63,63,54,117,0.0,10,15,33
8656,Croatia,Luka Modrić,64,61,61,64,125,0.05883699633699632,11,21,17
8656,Croatia,Ante Rebić,10,25,25,10,35,0.037286324786324786,6,0,13
8656,Croatia,Danijel Subašić,29,11,11,29,40,0.07982295482295483,7,23,0
8656,Croatia,Josip Pivarić,11,11,11,11,22,0.009615384615384616,5,1,6
8656,Croatia,Andrej Kramarić,13,13,13,13,26,0.19070512820512822,8,2,6
8656,Croatia,Vedran Ćorluka,1,2,2,1,3,0.015918803418803418,3,1,1
8657,Belgium,Romelu Lukaku Menama,8,15,15,8,23,0.1533119658119658,9,2,14
8657,Belgium,Axel Witsel,50,46,46,50,96,0.053952991452991456,13,14,9
8657,Belgium,Jan Vertonghen,42,34,34,42,76,0.1672008547008547,12,11,7
8657,Belgium,Vincent Kompany,34,32,32,34,66,0.07585470085470086,12,15,2
8657,Belgium,Toby Alderweireld,55,52,52,55,107,0.0,9,18,7
8657,Belgium,Thomas Meunier,29,28,28,29,57,0.08867521367521368,9,4,16
8657,Belgium,Youri Tielemans,41,42,42,41,83,0.01282051282051282,10,8,6
8657,Belgium,Thibaut Courtois,22,15,15,22,37,0.09081196581196582,9,14,0
8657,Belgium,Eden Hazard,43,60,60,43,103,0.041666666666666664,12,8,25
8657,Belgium,Nacer Chadli,11,10,10,11,21,0.14209401709401706,8,3,7
8657,Belgium,Kevin De Bruyne,54,60,60,54,114,0.06997863247863247,12,15,23
8657,Belgium,Thomas Vermaelen,15,13,13,15,28,0.028846153846153844,8,10,2
8657,Belgium,Dries Mertens,13,13,13,13,26,0.05341880341880341,7,1,6
8657,Belgium,Mousa Sidi Yaya Dembélé,10,7,7,10,17,0.021367521367521364,6,1,0
8657,England,Ruben Loftus-Cheek,42,53,53,42,95,0.0692918192918193,11,5,23
8657,England,Raheem Sterling,23,33,33,23,56,0.0702991452991453,9,3,13
8657,England,Danny Rose,24,19,19,24,43,0.05070970695970696,9,2,5
8657,England,Fabian Delph,74,71,71,74,145,0.02646520146520146,13,10,15
8657,England,Eric Dier,79,81,81,79,160,0.05914224664224664,13,24,10
8657,England,Phil Jones,64,57,57,64,121,0.0653998778998779,11,10,5
8657,England,John Stones,84,71,71,84,155,0.073992673992674,11,29,6
8657,England,Harry Maguire,58,57,57,58,115,0.07954059829059829,13,15,7
8657,England,Kieran Trippier,80,75,75,80,155,0.010256410256410256,11,18,25
8657,England,Jordan Pickford,13,13,13,13,26,0.034188034188034185,7,6,0
8657,England,Harry Kane,18,21,21,18,39,0.24151404151404146,10,3,6
8657,England,Jesse Lingard,34,35,35,34,69,0.013194444444444443,10,4,5
8657,England,Marcus Rashford,21,27,27,21,48,0.09476495726495725,9,2,11
8657,England,Bamidele Alli,5,6,6,5,11,0.0672161172161172,5,2,2
8658,Croatia,Mario Mandžukić,21,24,24,21,45,0.17676767676767677,10,4,17
8658,Croatia,Marcelo Brozović,87,72,72,87,159,0.012626262626262626,10,25,12
8658,Croatia,Luka Modrić,66,57,57,66,123,0.0,11,25,12
8658,Croatia,Šime Vrsaljko,58,53,53,58,111,0.0928030303030303,11,10,19
8658,Croatia,Danijel Subašić,8,7,7,8,15,0.025252525252525252,5,8,0
8658,Croatia,Ivan Perišić,18,36,36,18,54,0.11994949494949494,10,4,24
8658,Croatia,Ivan Rakitić,53,59,59,53,112,0.07449494949494949,11,20,19
8658,Croatia,Ivan Strinić,20,23,23,20,43,0.006944444444444445,8,5,10
8658,Croatia,Domagoj Vida,42,35,35,42,77,0.15467171717171715,12,15,5
8658,Croatia,Dejan Lovren,55,50,50,55,105,0.05366161616161616,8,17,5
8658,Croatia,Ante Rebić,8,19,19,8,27,0.2588383838383838,8,4,10
8658,Croatia,Andrej Kramarić,10,9,9,10,19,0.06628787878787878,8,3,4
8658,Croatia,Marko Pjaca,2,4,4,2,6,0.04987373737373737,4,0,3
8658,France,Benjamin Pavard,17,14,14,17,31,0.08269230769230769,8,5,3
8658,France,N''Golo Kanté,7,11,11,7,18,0.027884615384615383,7,0,3
8658,France,Antoine Griezmann,18,27,27,18,45,0.15241147741147743,12,2,14
8658,France,Kylian Mbappé Lottin,8,16,16,8,24,0.023351648351648352,6,1,11
8658,France,Raphaël Varane,18,14,14,18,32,0.09871794871794871,10,7,1
8658,France,Hugo Lloris,16,5,5,16,21,0.029594017094017096,9,16,0
8658,France,Samuel Yves Umtiti,17,15,15,17,32,0.08148656898656899,9,8,1
8658,France,Blaise Matuidi,18,15,15,18,33,0.003205128205128205,7,3,4
8658,France,Olivier Giroud,14,21,21,14,35,0.150976800976801,11,0,16
8658,France,Paul Pogba,29,27,27,29,56,0.04339133089133089,12,11,7
8658,France,Lucas Hernández Pi,22,14,14,22,36,0.041788766788766786,10,10,3
8658,France,Steven N''Kemboanza Mike Christopher Nzonzi,14,15,15,14,29,0.17486263736263735,10,4,1
8658,France,Corentin Tolisso,3,3,3,3,6,0.0,3,1,1
8658,France,Nabil Fekir,1,5,5,1,6,0.0023504273504273503,4,0,3
