match_id,year,team,removed_player,passes_sent,passes_received,total_pass_involvement,unique_passing_partners,progressive_passes_sent,progressive_passes_received,minutes_played,low_involvement_flag,original_nodes,original_edges,original_density,original_largest_component,original_largest_component_share,original_global_efficiency,original_progressive_passes,remaining_nodes,removed_edges,removed_density,removed_largest_component,removed_largest_component_share,removed_global_efficiency,progressive_passes_lost,density_damage,edge_damage,largest_component_damage,efficiency_damage,progressive_capacity_damage,_incident_edges_expected
3857254,2022,Denmark,Kasper Dolberg,10,16,26,9,1,13,,False,15,124,0.5904761904761905,15,1.0,0.8523809523809524,161,14,13,0.6098901098901099,14,1.0,0.8571428571428571,14,-0.03287841191067004,0.10483870967741936,0.0,-0.00558659217877093,0.08695652173913043,13
3857254,2022,Denmark,Christian Dannemann Eriksen,66,67,133,14,7,28,,False,15,124,0.5904761904761905,15,1.0,0.8523809523809524,161,14,26,0.5384615384615384,14,1.0,0.8296703296703297,35,0.08808933002481396,0.20967741935483872,0.0,0.02664374731413828,0.21739130434782608,26
3857254,2022,Denmark,Andreas Skov Olsen,19,30,49,10,2,20,,False,15,124,0.5904761904761905,15,1.0,0.8523809523809524,161,14,15,0.5989010989010989,14,1.0,0.8516483516483516,22,-0.014267990074441636,0.12096774193548387,0.0,0.0008594757198109123,0.13664596273291926,15
3857254,2022,Denmark,Rasmus Nissen Kristensen,44,39,83,9,15,16,,False,15,124,0.5904761904761905,15,1.0,0.8523809523809524,161,14,15,0.5989010989010989,14,1.0,0.8571428571428571,31,-0.014267990074441636,0.12096774193548387,0.0,-0.00558659217877093,0.19254658385093168,15
3857254,2022,Denmark,Joakim Mæhle,43,40,83,13,10,27,,False,15,124,0.5904761904761905,15,1.0,0.8523809523809524,161,14,20,0.5714285714285714,14,1.0,0.8351648351648352,37,0.03225806451612911,0.16129032258064516,0.0,0.02019767941555644,0.22981366459627328,20
3857254,2022,Denmark,Pierre-Emile Højbjerg,68,68,136,13,23,11,,False,15,124,0.5904761904761905,15,1.0,0.8523809523809524,161,14,23,0.554945054945055,14,1.0,0.8351648351648352,34,0.060173697270471435,0.18548387096774194,0.0,0.02019767941555644,0.2111801242236025,23
3857254,2022,Denmark,Joachim Andersen,62,58,120,14,22,1,,False,15,124,0.5904761904761905,15,1.0,0.8523809523809524,161,14,25,0.5439560439560439,14,1.0,0.8296703296703297,23,0.07878411910669984,0.20161290322580644,0.0,0.02664374731413828,0.14285714285714285,25
3857254,2022,Denmark,Kasper Schmeichel,22,13,35,9,12,0,,False,15,124,0.5904761904761905,15,1.0,0.8523809523809524,161,14,14,0.6043956043956044,14,1.0,0.8571428571428571,12,-0.02357320099255575,0.11290322580645161,0.0,-0.00558659217877093,0.07453416149068323,14
3857254,2022,Denmark,Andreas Christensen,78,73,151,10,24,3,,False,15,124,0.5904761904761905,15,1.0,0.8523809523809524,161,14,18,0.5824175824175825,14,1.0,0.8516483516483516,27,0.013647642679900696,0.14516129032258066,0.0,0.0008594757198109123,0.16770186335403728,18
3857254,2022,Denmark,Simon Thorup Kjær,50,45,95,10,19,0,,False,15,124,0.5904761904761905,15,1.0,0.8523809523809524,161,14,17,0.5879120879120879,14,1.0,0.8516483516483516,19,0.004342431761786585,0.13709677419354838,0.0,0.0008594757198109123,0.11801242236024845,17
3857254,2022,Denmark,Thomas Delaney,26,26,52,9,9,9,,False,15,124,0.5904761904761905,15,1.0,0.8523809523809524,161,14,17,0.5879120879120879,14,1.0,0.8571428571428571,18,0.004342431761786585,0.13709677419354838,0.0,-0.00558659217877093,0.11180124223602485,17
3857254,2022,Denmark,Mikkel Damsgaard,22,23,45,10,9,11,,False,15,124,0.5904761904761905,15,1.0,0.8523809523809524,161,14,16,0.5934065934065934,14,1.0,0.8516483516483516,20,-0.004962779156327526,0.12903225806451613,0.0,0.0008594757198109123,0.12422360248447205,16
3857254,2022,Denmark,Mathias Jensen,28,29,57,8,8,9,,False,15,124,0.5904761904761905,15,1.0,0.8523809523809524,161,14,15,0.5989010989010989,14,1.0,0.8626373626373627,17,-0.014267990074441636,0.12096774193548387,0.0,-0.012032660077352902,0.10559006211180125,15
3857254,2022,Denmark,Andreas Evald Cornelius,3,12,15,6,0,9,,False,15,124,0.5904761904761905,15,1.0,0.8523809523809524,161,14,8,0.6373626373626373,14,1.0,0.8736263736263736,9,-0.0794044665012406,0.06451612903225806,0.0,-0.024924795874516587,0.055900621118012424,8
3857254,2022,Denmark,Jesper Lindstrøm,3,5,8,4,0,4,,False,15,124,0.5904761904761905,15,1.0,0.8523809523809524,161,14,6,0.6483516483516484,14,1.0,0.8846153846153846,4,-0.098014888337469,0.04838709677419355,0.0,-0.03781693167168027,0.024844720496894408,6
3857254,2022,Tunisia,Dylan Daniel Mahmoud Bronn,30,31,61,10,9,7,,False,16,97,0.4041666666666667,16,1.0,0.7201388888888896,90,15,15,0.3904761904761905,15,1.0,0.7079365079365085,16,0.033873343151693686,0.15463917525773196,0.0,0.01694448271111731,0.17777777777777778,15
3857254,2022,Tunisia,Yassine Meriah,44,47,91,11,14,0,,False,16,97,0.4041666666666667,16,1.0,0.7201388888888896,90,15,19,0.37142857142857144,15,1.0,0.7031746031746037,14,0.08100147275405006,0.1958762886597938,0.0,0.023556963769114408,0.15555555555555556,19
3857254,2022,Tunisia,Issam Jebali,15,20,35,9,2,15,,False,16,97,0.4041666666666667,16,1.0,0.7201388888888896,90,15,14,0.3952380952380952,15,1.0,0.7103174603174609,17,0.022091310751104622,0.14432989690721648,0.0,0.013638242182118843,0.18888888888888888,14
3857254,2022,Tunisia,Anis Ben Slimane,17,18,35,9,2,9,,False,16,97,0.4041666666666667,16,1.0,0.7201388888888896,90,15,15,0.3904761904761905,15,1.0,0.7126984126984133,11,0.033873343151693686,0.15463917525773196,0.0,0.010332001653120372,0.12222222222222222,15
3857254,2022,Tunisia,Youssef Msakni,19,25,44,9,5,6,,False,16,97,0.4041666666666667,16,1.0,0.7201388888888896,90,15,14,0.3952380952380952,15,1.0,0.7126984126984133,11,0.022091310751104622,0.14432989690721648,0.0,0.010332001653120372,0.12222222222222222,14
3857254,2022,Tunisia,Ali Abdi,27,29,56,9,11,15,,False,16,97,0.4041666666666667,16,1.0,0.7201388888888896,90,15,16,0.38571428571428573,15,1.0,0.7103174603174609,26,0.045655375552282745,0.16494845360824742,0.0,0.013638242182118843,0.28888888888888886,16
3857254,2022,Tunisia,Aïssa Bilal Laïdouni,36,32,68,12,9,12,,False,16,97,0.4041666666666667,16,1.0,0.7201388888888896,90,15,20,0.36666666666666664,15,1.0,0.6931746031746036,21,0.09278350515463926,0.20618556701030927,0.0,0.03744317399090819,0.23333333333333334,20
3857254,2022,Tunisia,Mohamed Dräger,23,24,47,10,4,18,,False,16,97,0.4041666666666667,16,1.0,0.7201388888888896,90,15,17,0.38095238095238093,15,1.0,0.7055555555555562,22,0.05743740795287194,0.17525773195876287,0.0,0.020250723240115783,0.24444444444444444,17
3857254,2022,Tunisia,Montassar Omar Talbi,38,33,71,11,10,0,,False,16,97,0.4041666666666667,16,1.0,0.7201388888888896,90,15,17,0.38095238095238093,15,1.0,0.6976190476190481,10,0.05743740795287194,0.17525773195876287,0.0,0.03127152500344417,0.1111111111111111,17
3857254,2022,Tunisia,Ellyes Joris Skhiri,30,24,54,8,11,4,,False,16,97,0.4041666666666667,16,1.0,0.7201388888888896,90,15,15,0.3904761904761905,15,1.0,0.7174603174603181,15,0.033873343151693686,0.15463917525773196,0.0,0.0037195205951232784,0.16666666666666666,15
3857254,2022,Tunisia,Aymen Dahmen,25,19,44,8,11,0,,False,16,97,0.4041666666666667,16,1.0,0.7201388888888896,90,15,13,0.4,15,1.0,0.7174603174603181,11,0.010309278350515427,0.13402061855670103,0.0,0.0037195205951232784,0.12222222222222222,13
3857254,2022,Tunisia,Naïm Sliti,6,8,14,7,1,2,,False,16,97,0.4041666666666667,16,1.0,0.7201388888888896,90,15,9,0.41904761904761906,13,0.8666666666666667,0.6301587301587304,3,-0.03681885125184095,0.09278350515463918,0.1333333333333333,0.12494833999173492,0.03333333333333333,9
3857254,2022,Tunisia,Hannibal Mejbri,2,1,3,3,0,0,,False,16,97,0.4041666666666667,16,1.0,0.7201388888888896,90,15,3,0.44761904761904764,15,1.0,0.7428571428571434,0,-0.10751104565537559,0.030927835051546393,0.0,-0.03154704504752707,0.0,3
3857254,2022,Tunisia,Taha Yassine Khenissi,1,2,3,3,0,2,,False,16,97,0.4041666666666667,16,1.0,0.7201388888888896,90,15,3,0.44761904761904764,15,1.0,0.7404761904761911,2,-0.10751104565537559,0.030927835051546393,0.0,-0.028240804518528596,0.022222222222222223,3
3857254,2022,Tunisia,Wajdi Kechrida,1,0,1,1,0,0,,True,16,97,0.4041666666666667,16,1.0,0.7201388888888896,90,15,1,0.45714285714285713,15,1.0,0.7730158730158736,0,-0.1310751104565537,0.010309278350515464,0.0,-0.07342609174817451,0.0,1
3857254,2022,Tunisia,Ferjani Sassi,1,2,3,2,1,0,,False,16,97,0.4041666666666667,16,1.0,0.7201388888888896,90,15,3,0.44761904761904764,14,0.9333333333333333,0.7126984126984128,1,-0.10751104565537559,0.030927835051546393,0.06666666666666665,0.01033200165312099,0.011111111111111112,3
3857255,2022,Spain,Pablo Martín Páez Gavira,41,41,82,10,3,12,,False,16,128,0.5333333333333333,16,1.0,0.8083333333333333,195,15,17,0.5285714285714286,15,1.0,0.8047619047619048,15,0.008928571428571397,0.1328125,0.0,0.004418262150220897,0.07692307692307693,17
3857255,2022,Spain,Pau Francisco Torres,171,178,349,13,34,9,,False,16,128,0.5333333333333333,16,1.0,0.8083333333333333,195,15,24,0.49523809523809526,15,1.0,0.7904761904761904,43,0.07142857142857138,0.1875,0.0,0.022091310751104622,0.2205128205128205,24
3857255,2022,Spain,César Azpilicueta Tanco,70,65,135,8,12,14,,False,16,128,0.5333333333333333,16,1.0,0.8083333333333333,195,15,15,0.5380952380952381,15,1.0,0.8142857142857143,26,-0.008928571428571397,0.1171875,0.0,-0.007363770250368162,0.13333333333333333,15
3857255,2022,Spain,Rodrigo Hernández Cascante,206,193,399,14,61,11,,False,16,128,0.5333333333333333,16,1.0,0.8083333333333333,195,15,25,0.49047619047619045,15,1.0,0.7857142857142857,72,0.08035714285714289,0.1953125,0.0,0.027982326951399152,0.36923076923076925,25
3857255,2022,Spain,Pedro González López,116,121,237,14,28,9,,False,16,128,0.5333333333333333,16,1.0,0.8083333333333333,195,15,24,0.49523809523809526,15,1.0,0.7857142857142857,37,0.07142857142857138,0.1875,0.0,0.027982326951399152,0.18974358974358974,24
3857255,2022,Spain,Sergio Busquets i Burgos,69,63,132,14,9,12,,False,16,128,0.5333333333333333,16,1.0,0.8083333333333333,195,15,24,0.49523809523809526,15,1.0,0.7857142857142857,21,0.07142857142857138,0.1875,0.0,0.027982326951399152,0.1076923076923077,24
3857255,2022,Spain,Álvaro Borja Morata Martín,11,17,28,9,0,13,,False,16,128,0.5333333333333333,16,1.0,0.8083333333333333,195,15,14,0.5428571428571428,15,1.0,0.8095238095238095,13,-0.017857142857142794,0.109375,0.0,-0.0014727540500736325,0.06666666666666667,14
3857255,2022,Spain,Alejandro Balde Martínez,58,54,112,6,7,9,,False,16,128,0.5333333333333333,16,1.0,0.8083333333333333,195,15,11,0.5571428571428572,15,1.0,0.8238095238095238,16,-0.04464285714285719,0.0859375,0.0,-0.019145802650957222,0.08205128205128205,11
3857255,2022,Spain,Nicholas Williams Arthuer,22,24,46,6,1,12,,False,16,128,0.5333333333333333,16,1.0,0.8083333333333333,195,15,9,0.5666666666666667,15,1.0,0.8238095238095238,13,-0.062499999999999986,0.0703125,0.0,-0.019145802650957222,0.06666666666666667,9
3857255,2022,Spain,Daniel Olmo Carvajal,36,51,87,10,2,27,,False,16,128,0.5333333333333333,16,1.0,0.8083333333333333,195,15,19,0.5190476190476191,15,1.0,0.8047619047619048,29,0.02678571428571419,0.1484375,0.0,0.004418262150220897,0.14871794871794872,19
3857255,2022,Spain,Unai Simón Mendibil,37,28,65,7,21,0,,False,16,128,0.5333333333333333,16,1.0,0.8083333333333333,195,15,12,0.5523809523809524,15,1.0,0.819047619047619,21,-0.035714285714285796,0.09375,0.0,-0.013254786450662692,0.1076923076923077,12
3857255,2022,Spain,Daniel Carvajal Ramos,57,44,101,9,9,12,,False,16,128,0.5333333333333333,16,1.0,0.8083333333333333,195,15,16,0.5333333333333333,15,1.0,0.8095238095238095,21,0.0,0.125,0.0,-0.0014727540500736325,0.1076923076923077,16
3857255,2022,Spain,Ferrán Torres García,13,16,29,6,0,13,,False,16,128,0.5333333333333333,16,1.0,0.8083333333333333,195,15,8,0.5714285714285714,15,1.0,0.8238095238095238,13,-0.07142857142857138,0.0625,0.0,-0.019145802650957222,0.06666666666666667,8
3857255,2022,Spain,Marco Asensio Willemsen,20,33,53,9,4,15,,False,16,128,0.5333333333333333,16,1.0,0.8083333333333333,195,15,15,0.5380952380952381,15,1.0,0.8095238095238095,19,-0.008928571428571397,0.1171875,0.0,-0.0014727540500736325,0.09743589743589744,15
3857255,2022,Spain,Jordi Alba Ramos,49,47,96,8,3,19,,False,16,128,0.5333333333333333,16,1.0,0.8083333333333333,195,15,14,0.5428571428571428,15,1.0,0.8142857142857143,22,-0.017857142857142794,0.109375,0.0,-0.007363770250368162,0.11282051282051282,14
3857255,2022,Spain,Anssumane Fati,17,18,35,5,1,8,,False,16,128,0.5333333333333333,16,1.0,0.8083333333333333,195,15,9,0.5666666666666667,15,1.0,0.8285714285714286,9,-0.062499999999999986,0.0703125,0.0,-0.025036818851251887,0.046153846153846156,9
3857255,2022,Japan,Junya Ito,20,18,38,11,3,9,,False,15,89,0.4238095238095238,15,1.0,0.780952380952381,61,14,16,0.4010989010989011,14,1.0,0.7637362637362637,12,0.05358686257562656,0.1797752808988764,0.0,0.02204502814258918,0.19672131147540983,16
3857255,2022,Japan,Takefusa Kubo,6,10,16,6,2,3,,False,15,89,0.4238095238095238,15,1.0,0.780952380952381,61,14,9,0.43956043956043955,14,1.0,0.7912087912087912,5,-0.037165082108902334,0.10112359550561797,0.0,-0.013133208255159429,0.08196721311475409,9
3857255,2022,Japan,Hidemasa Morita,26,25,51,13,7,8,,False,15,89,0.4238095238095238,15,1.0,0.780952380952381,61,14,21,0.37362637362637363,14,1.0,0.7454212454212457,15,0.11840968020743299,0.23595505617977527,0.0,0.045497185741087874,0.2459016393442623,21
3857255,2022,Japan,Daichi Kamada,10,14,24,9,4,8,,False,15,89,0.4238095238095238,15,1.0,0.780952380952381,61,14,13,0.4175824175824176,14,1.0,0.7747252747252747,12,0.014693171996542732,0.14606741573033707,0.0,0.007973733583489653,0.19672131147540983,13
3857255,2022,Japan,Ao Tanaka,20,21,41,12,6,5,,False,15,89,0.4238095238095238,15,1.0,0.780952380952381,61,14,20,0.3791208791208791,14,1.0,0.7564102564102564,11,0.10544511668107176,0.2247191011235955,0.0,0.031425891181988776,0.18032786885245902,20
3857255,2022,Japan,Ko Itakura,16,12,28,10,4,2,,False,15,89,0.4238095238095238,15,1.0,0.780952380952381,61,14,15,0.4065934065934066,14,1.0,0.7673992673992673,6,0.04062229904926533,0.16853932584269662,0.0,0.017354596622889386,0.09836065573770492,15
3857255,2022,Japan,Maya Yoshida,17,12,29,8,7,1,,False,15,89,0.4238095238095238,15,1.0,0.780952380952381,61,14,14,0.41208791208791207,14,1.0,0.7802197802197802,8,0.027657735522904094,0.15730337078651685,0.0,0.0009380863039399591,0.13114754098360656,14
3857255,2022,Japan,Yuto Nagatomo,7,10,17,6,0,8,,False,15,89,0.4238095238095238,15,1.0,0.780952380952381,61,14,9,0.43956043956043955,14,1.0,0.7912087912087912,8,-0.037165082108902334,0.10112359550561797,0.0,-0.013133208255159429,0.13114754098360656,9
3857255,2022,Japan,Shogo Taniguchi,26,18,44,10,13,0,,False,15,89,0.4238095238095238,15,1.0,0.780952380952381,61,14,16,0.4010989010989011,14,1.0,0.7692307692307693,13,0.05358686257562656,0.1797752808988764,0.0,0.015009380863039346,0.21311475409836064,16
3857255,2022,Japan,Shūichi Gonda,11,9,20,9,9,0,,False,15,89,0.4238095238095238,15,1.0,0.780952380952381,61,14,11,0.42857142857142855,14,1.0,0.7747252747252747,9,-0.011235955056179735,0.12359550561797752,0.0,0.007973733583489653,0.14754098360655737,11
3857255,2022,Japan,Daizen Maeda,3,3,6,5,1,3,,False,15,89,0.4238095238095238,15,1.0,0.780952380952381,61,14,5,0.46153846153846156,14,1.0,0.7967032967032966,4,-0.08902333621434753,0.056179775280898875,0.0,-0.02016885553470912,0.06557377049180328,5
3857255,2022,Japan,Kaoru Mitoma,8,10,18,6,2,4,,False,15,89,0.4238095238095238,15,1.0,0.780952380952381,61,14,12,0.4230769230769231,14,1.0,0.7912087912087912,6,0.0017286084701814979,0.1348314606741573,0.0,-0.013133208255159429,0.09836065573770492,12
3857255,2022,Japan,Ritsu Doan,2,7,9,6,2,3,,False,15,89,0.4238095238095238,15,1.0,0.780952380952381,61,14,7,0.45054945054945056,14,1.0,0.7912087912087912,5,-0.06309420916162493,0.07865168539325842,0.0,-0.013133208255159429,0.08196721311475409,7
3857255,2022,Japan,Takuma Asano,4,7,11,5,0,7,,False,15,89,0.4238095238095238,15,1.0,0.780952380952381,61,14,8,0.44505494505494503,14,1.0,0.7967032967032966,7,-0.050129645635263564,0.0898876404494382,0.0,-0.02016885553470912,0.11475409836065574,8
3857255,2022,Japan,Takehiro Tomiyasu,1,1,2,2,1,0,,True,15,89,0.4238095238095238,15,1.0,0.780952380952381,61,14,2,0.47802197802197804,14,1.0,0.8131868131868132,1,-0.12791702679343137,0.02247191011235955,0.0,-0.04127579737335835,0.01639344262295082,2
3857256,2022,Switzerland,Breel-Donald Embolo,14,23,37,10,1,17,,False,15,108,0.5142857142857142,15,1.0,0.8095238095238095,112,14,17,0.5,14,1.0,0.8021978021978022,18,0.027777777777777683,0.1574074074074074,0.0,0.009049773755656076,0.16071428571428573,17
3857256,2022,Switzerland,Remo Freuler,14,21,35,11,2,7,,False,15,108,0.5142857142857142,15,1.0,0.8095238095238095,112,14,18,0.4945054945054945,14,1.0,0.7967032967032966,9,0.03846153846153833,0.16666666666666666,0.0,0.01583710407239827,0.08035714285714286,18
3857256,2022,Switzerland,Silvan Widmer,50,43,93,10,18,9,,False,15,108,0.5142857142857142,15,1.0,0.8095238095238095,112,14,18,0.4945054945054945,14,1.0,0.8021978021978022,27,0.03846153846153833,0.16666666666666666,0.0,0.009049773755656076,0.24107142857142858,18
3857256,2022,Switzerland,Fabian Lukas Schär,35,30,65,10,15,1,,False,15,108,0.5142857142857142,15,1.0,0.8095238095238095,112,14,17,0.5,14,1.0,0.8021978021978022,16,0.027777777777777683,0.1574074074074074,0.0,0.009049773755656076,0.14285714285714285,17
3857256,2022,Switzerland,Djibril Sow,23,23,46,10,6,12,,False,15,108,0.5142857142857142,15,1.0,0.8095238095238095,112,14,17,0.5,14,1.0,0.8021978021978022,18,0.027777777777777683,0.1574074074074074,0.0,0.009049773755656076,0.16071428571428573,17
3857256,2022,Switzerland,Xherdan Shaqiri,16,26,42,9,3,12,,False,15,108,0.5142857142857142,15,1.0,0.8095238095238095,112,14,14,0.5164835164835165,14,1.0,0.8076923076923077,15,-0.004273504273504474,0.12962962962962962,0.0,0.002262443438914019,0.13392857142857142,14
3857256,2022,Switzerland,Gregor Kobel,19,10,29,6,9,0,,False,15,108,0.5142857142857142,15,1.0,0.8095238095238095,112,14,9,0.5439560439560439,14,1.0,0.8241758241758241,9,-0.05769230769230771,0.08333333333333333,0.0,-0.018099547511312153,0.08035714285714286,9
3857256,2022,Switzerland,Ruben Vargas,17,23,40,8,5,17,,False,15,108,0.5142857142857142,15,1.0,0.8095238095238095,112,14,15,0.510989010989011,14,1.0,0.8131868131868132,22,0.006410256410256388,0.1388888888888889,0.0,-0.004524886877828038,0.19642857142857142,15
3857256,2022,Switzerland,Ricardo Iván Rodríguez Araya,31,36,67,12,7,20,,False,15,108,0.5142857142857142,15,1.0,0.8095238095238095,112,14,18,0.4945054945054945,14,1.0,0.7912087912087912,27,0.03846153846153833,0.16666666666666666,0.0,0.022624434389140326,0.24107142857142858,18
3857256,2022,Switzerland,Manuel Obafemi Akanji,46,41,87,10,18,3,,False,15,108,0.5142857142857142,15,1.0,0.8095238095238095,112,14,17,0.5,14,1.0,0.8021978021978022,21,0.027777777777777683,0.1574074074074074,0.0,0.009049773755656076,0.1875,17
3857256,2022,Switzerland,Granit Xhaka,52,45,97,14,20,7,,False,15,108,0.5142857142857142,15,1.0,0.8095238095238095,112,14,25,0.45604395604395603,13,0.9285714285714286,0.7087912087912088,27,0.11324786324786318,0.23148148148148148,0.0714285714285714,0.12443438914027147,0.24107142857142858,25
3857256,2022,Switzerland,Edimilson Fernandes,13,11,24,7,3,2,,False,15,108,0.5142857142857142,15,1.0,0.8095238095238095,112,14,11,0.532967032967033,14,1.0,0.8186813186813187,5,-0.03632478632478642,0.10185185185185185,0.0,-0.011312217194570096,0.044642857142857144,11
3857256,2022,Switzerland,Denis Lemi Zakaria Lako Lado,8,5,13,7,4,0,,False,15,108,0.5142857142857142,15,1.0,0.8095238095238095,112,14,10,0.5384615384615384,14,1.0,0.8186813186813187,4,-0.047008547008547064,0.09259259259259259,0.0,-0.011312217194570096,0.03571428571428571,10
3857256,2022,Switzerland,Christian Fassnacht,8,8,16,5,1,4,,False,15,108,0.5142857142857142,15,1.0,0.8095238095238095,112,14,9,0.5439560439560439,14,1.0,0.8296703296703297,5,-0.05769230769230771,0.08333333333333333,0.0,-0.024886877828054346,0.044642857142857144,9
3857256,2022,Switzerland,Noah Okafor,0,1,1,1,0,1,,True,15,108,0.5142857142857142,15,1.0,0.8095238095238095,112,14,1,0.5879120879120879,14,1.0,0.8516483516483516,1,-0.14316239316239332,0.009259259259259259,0.0,-0.05203619909502258,0.008928571428571428,1
3857256,2022,Serbia,Andrija Živković,21,26,47,10,3,15,,False,16,125,0.5208333333333334,16,1.0,0.8375,118,15,17,0.5142857142857142,15,1.0,0.8380952380952381,18,0.012571428571428738,0.136,0.0,-0.0007107320540156336,0.15254237288135594,17
3857256,2022,Serbia,Saša Lukić,53,47,100,15,13,6,,False,16,125,0.5208333333333334,16,1.0,0.8375,118,15,21,0.49523809523809526,15,1.0,0.8142857142857143,19,0.049142857142857176,0.168,0.0,0.02771855010660984,0.16101694915254236,21
3857256,2022,Serbia,Nikola Milenković,51,52,103,14,11,8,,False,16,125,0.5208333333333334,16,1.0,0.8375,118,15,26,0.4714285714285714,15,1.0,0.819047619047619,19,0.09485714285714295,0.208,0.0,0.022032693674484773,0.16101694915254236,26
3857256,2022,Serbia,Sergej Milinković-Savić,26,23,49,12,5,8,,False,16,125,0.5208333333333334,16,1.0,0.8375,118,15,21,0.49523809523809526,15,1.0,0.8285714285714286,13,0.049142857142857176,0.168,0.0,0.010660980810234503,0.11016949152542373,21
3857256,2022,Serbia,Filip Kostić,35,30,65,10,9,19,,False,16,125,0.5208333333333334,16,1.0,0.8375,118,15,15,0.5238095238095238,15,1.0,0.8380952380952381,28,-0.0057142857142856935,0.12,0.0,-0.0007107320540156336,0.23728813559322035,15
3857256,2022,Serbia,Strahinja Pavlović,66,65,131,14,30,5,,False,16,125,0.5208333333333334,16,1.0,0.8375,118,15,25,0.47619047619047616,15,1.0,0.819047619047619,35,0.08571428571428583,0.2,0.0,0.022032693674484773,0.2966101694915254,25
3857256,2022,Serbia,Milos Veljkovic,29,26,55,9,10,2,,False,16,125,0.5208333333333334,16,1.0,0.8375,118,15,16,0.5190476190476191,15,1.0,0.8428571428571429,12,0.0034285714285714163,0.128,0.0,-0.006396588486140702,0.1016949152542373,16
3857256,2022,Serbia,Vanja Milinković Savić,30,24,54,11,17,0,,False,16,125,0.5208333333333334,16,1.0,0.8375,118,15,16,0.5190476190476191,15,1.0,0.8333333333333334,17,0.0034285714285714163,0.128,0.0,0.004975124378109435,0.1440677966101695,16
3857256,2022,Serbia,Dušan Tadić,28,34,62,12,8,14,,False,16,125,0.5208333333333334,16,1.0,0.8375,118,15,19,0.5047619047619047,15,1.0,0.8285714285714286,22,0.030857142857142958,0.152,0.0,0.010660980810234503,0.1864406779661017,19
3857256,2022,Serbia,Aleksandar Mitrović,17,24,41,10,4,17,,False,16,125,0.5208333333333334,16,1.0,0.8375,118,15,15,0.5238095238095238,15,1.0,0.8380952380952381,21,-0.0057142857142856935,0.12,0.0,-0.0007107320540156336,0.17796610169491525,15
3857256,2022,Serbia,Dušan Vlahović,3,11,14,7,0,10,,False,16,125,0.5208333333333334,16,1.0,0.8375,118,15,9,0.5523809523809524,15,1.0,0.8523809523809524,10,-0.06057142857142857,0.072,0.0,-0.017768301350390838,0.0847457627118644,9
3857256,2022,Serbia,Luka Jović,7,12,19,8,0,8,,False,16,125,0.5208333333333334,16,1.0,0.8375,118,15,10,0.5476190476190477,15,1.0,0.8476190476190476,8,-0.051428571428571455,0.08,0.0,-0.01208244491826577,0.06779661016949153,10
3857256,2022,Serbia,Nemanja Gudelj,17,12,29,9,3,1,,False,16,125,0.5208333333333334,16,1.0,0.8375,118,15,13,0.5333333333333333,15,1.0,0.8428571428571429,4,-0.023999999999999914,0.104,0.0,-0.006396588486140702,0.03389830508474576,13
3857256,2022,Serbia,Nemanja Maksimović,17,11,28,9,4,1,,False,16,125,0.5208333333333334,16,1.0,0.8375,118,15,14,0.5285714285714286,15,1.0,0.8428571428571429,5,-0.014857142857142803,0.112,0.0,-0.006396588486140702,0.0423728813559322,14
3857256,2022,Serbia,Nemanja Radonjić,5,7,12,7,1,3,,False,16,125,0.5208333333333334,16,1.0,0.8375,118,15,8,0.5571428571428572,15,1.0,0.8523809523809524,4,-0.06971428571428567,0.064,0.0,-0.017768301350390838,0.03389830508474576,8
3857256,2022,Serbia,Filip Đuričić,2,3,5,5,0,1,,False,16,125,0.5208333333333334,16,1.0,0.8375,118,15,5,0.5714285714285714,15,1.0,0.861904761904762,1,-0.097142857142857,0.04,0.0,-0.02914001421464111,0.00847457627118644,5
3857257,2022,Denmark,Martin Braithwaite Christensen,10,13,23,9,1,10,,False,16,145,0.6041666666666666,16,1.0,0.8666666666666667,163,15,15,0.6190476190476191,15,1.0,0.8761904761904762,11,-0.02463054187192128,0.10344827586206896,0.0,-0.01098901098901095,0.06748466257668712,15
3857257,2022,Denmark,Christian Dannemann Eriksen,69,60,129,15,18,11,,False,16,145,0.6041666666666666,16,1.0,0.8666666666666667,163,15,29,0.5523809523809524,15,1.0,0.8476190476190476,29,0.0857142857142856,0.2,0.0,0.02197802197802203,0.17791411042944785,29
3857257,2022,Denmark,Joakim Mæhle,40,41,81,10,9,14,,False,16,145,0.6041666666666666,16,1.0,0.8666666666666667,163,15,17,0.6095238095238096,15,1.0,0.8714285714285714,23,-0.008866995073891779,0.11724137931034483,0.0,-0.005494505494505475,0.1411042944785276,17
3857257,2022,Denmark,Andreas Christensen,89,79,168,15,26,1,,False,16,145,0.6041666666666666,16,1.0,0.8666666666666667,163,15,25,0.5714285714285714,15,1.0,0.8476190476190476,27,0.0541871921182266,0.1724137931034483,0.0,0.02197802197802203,0.1656441717791411,25
3857257,2022,Denmark,Joachim Andersen,95,100,195,14,35,5,,False,16,145,0.6041666666666666,16,1.0,0.8666666666666667,163,15,24,0.5761904761904761,15,1.0,0.8523809523809524,40,0.046305418719211844,0.16551724137931034,0.0,0.016483516483516553,0.24539877300613497,24
3857257,2022,Denmark,Pierre-Emile Højbjerg,71,51,122,15,21,9,,False,16,145,0.6041666666666666,16,1.0,0.8666666666666667,163,15,27,0.5619047619047619,15,1.0,0.8476190476190476,30,0.0699507389162561,0.18620689655172415,0.0,0.02197802197802203,0.18404907975460122,27
3857257,2022,Denmark,Rasmus Nissen Kristensen,39,35,74,9,13,8,,False,16,145,0.6041666666666666,16,1.0,0.8666666666666667,163,15,16,0.6142857142857143,15,1.0,0.8761904761904762,21,-0.01674876847290653,0.1103448275862069,0.0,-0.01098901098901095,0.12883435582822086,16
3857257,2022,Denmark,Mathias Jensen,25,34,59,11,3,17,,False,16,145,0.6041666666666666,16,1.0,0.8666666666666667,163,15,19,0.6,15,1.0,0.8666666666666667,20,0.006896551724137907,0.1310344827586207,0.0,0.0,0.12269938650306748,19
3857257,2022,Denmark,Kasper Schmeichel,34,26,60,10,18,0,,False,16,145,0.6041666666666666,16,1.0,0.8666666666666667,163,15,16,0.6142857142857143,15,1.0,0.8714285714285714,18,-0.01674876847290653,0.1103448275862069,0.0,-0.005494505494505475,0.11042944785276074,16
3857257,2022,Denmark,Andreas Skov Olsen,25,33,58,13,3,19,,False,16,145,0.6041666666666666,16,1.0,0.8666666666666667,163,15,20,0.5952380952380952,15,1.0,0.8571428571428571,22,0.014778325123152658,0.13793103448275862,0.0,0.010989010989011078,0.13496932515337423,20
3857257,2022,Denmark,Jesper Lindstrøm,20,33,53,13,3,19,,False,16,145,0.6041666666666666,16,1.0,0.8666666666666667,163,15,18,0.6047619047619047,15,1.0,0.8571428571428571,22,-0.0009852216748768437,0.12413793103448276,0.0,0.010989010989011078,0.13496932515337423,18
3857257,2022,Denmark,Alexander Hartmann Bah,33,33,66,9,5,22,,False,16,145,0.6041666666666666,16,1.0,0.8666666666666667,163,15,17,0.6095238095238096,15,1.0,0.8761904761904762,27,-0.008866995073891779,0.11724137931034483,0.0,-0.01098901098901095,0.1656441717791411,17
3857257,2022,Denmark,Mikkel Damsgaard,12,12,24,10,6,5,,False,16,145,0.6041666666666666,16,1.0,0.8666666666666667,163,15,16,0.6142857142857143,15,1.0,0.8714285714285714,11,-0.01674876847290653,0.1103448275862069,0.0,-0.005494505494505475,0.06748466257668712,16
3857257,2022,Denmark,Kasper Dolberg,4,9,13,7,1,5,,False,16,145,0.6041666666666666,16,1.0,0.8666666666666667,163,15,9,0.6476190476190476,15,1.0,0.8857142857142857,6,-0.07192118226600996,0.06206896551724138,0.0,-0.0219780219780219,0.03680981595092025,9
3857257,2022,Denmark,Robert Skov,16,17,33,7,1,9,,False,16,145,0.6041666666666666,16,1.0,0.8666666666666667,163,15,11,0.638095238095238,15,1.0,0.8857142857142857,10,-0.056157635467980284,0.07586206896551724,0.0,-0.0219780219780219,0.06134969325153374,11
3857257,2022,Denmark,Andreas Evald Cornelius,8,14,22,9,0,9,,False,16,145,0.6041666666666666,16,1.0,0.8666666666666667,163,15,11,0.638095238095238,15,1.0,0.8761904761904762,9,-0.056157635467980284,0.07586206896551724,0.0,-0.01098901098901095,0.05521472392638037,11
3857257,2022,Australia,Miloš Degenek,22,16,38,10,13,6,,False,15,92,0.4380952380952381,15,1.0,0.796825396825397,85,14,14,0.42857142857142855,14,1.0,0.7893772893772893,19,0.021739130434782657,0.15217391304347827,0.0,0.009347226478700826,0.2235294117647059,14
3857257,2022,Australia,Mitchell Thomas Duke,13,23,36,11,2,17,,False,15,92,0.4380952380952381,15,1.0,0.796825396825397,85,14,18,0.4065934065934066,14,1.0,0.7820512820512823,19,0.07190635451505016,0.1956521739130435,0.0,0.01854121973643879,0.2235294117647059,18
3857257,2022,Australia,Mathew Ryan,24,12,36,9,19,0,,False,15,92,0.4380952380952381,15,1.0,0.796825396825397,85,14,12,0.43956043956043955,14,1.0,0.7930402930402932,19,-0.003344481605351159,0.13043478260869565,0.0,0.004750229849831426,0.2235294117647059,12
3857257,2022,Australia,Aziz Eraltay Behich,29,24,53,12,8,5,,False,15,92,0.4380952380952381,15,1.0,0.796825396825397,85,14,17,0.41208791208791207,13,0.9285714285714286,0.7051282051282051,13,0.05936454849498332,0.18478260869565216,0.0714285714285714,0.11507814894269104,0.15294117647058825,17
3857257,2022,Australia,Kye Rowles,21,15,36,10,9,0,,False,15,92,0.4380952380952381,15,1.0,0.796825396825397,85,14,15,0.4230769230769231,14,1.0,0.7875457875457877,9,0.0342809364548495,0.16304347826086957,0.0,0.011645724793135108,0.10588235294117647,15
3857257,2022,Australia,Harry Souttar,14,7,21,10,8,1,,False,15,92,0.4380952380952381,15,1.0,0.796825396825397,85,14,11,0.44505494505494503,14,1.0,0.7875457875457877,9,-0.015886287625418005,0.11956521739130435,0.0,0.011645724793135108,0.10588235294117647,11
3857257,2022,Australia,Mathew Leckie,18,31,49,11,4,19,,False,15,92,0.4380952380952381,15,1.0,0.796825396825397,85,14,16,0.4175824175824176,14,1.0,0.7820512820512823,23,0.04682274247491635,0.17391304347826086,0.0,0.01854121973643879,0.27058823529411763,16
3857257,2022,Australia,Riley McGree,11,18,29,9,3,11,,False,15,92,0.4380952380952381,15,1.0,0.796825396825397,85,14,16,0.4175824175824176,14,1.0,0.7930402930402932,14,0.04682274247491635,0.17391304347826086,0.0,0.004750229849831426,0.16470588235294117,16
3857257,2022,Australia,Jackson Irvine,21,19,40,9,7,3,,False,15,92,0.4380952380952381,15,1.0,0.796825396825397,85,14,16,0.4175824175824176,14,1.0,0.7930402930402932,10,0.04682274247491635,0.17391304347826086,0.0,0.004750229849831426,0.11764705882352941,16
3857257,2022,Australia,Craig Goodwin,12,17,29,9,3,10,,False,15,92,0.4380952380952381,15,1.0,0.796825396825397,85,14,13,0.4340659340659341,14,1.0,0.7930402930402932,13,0.009197324414715687,0.14130434782608695,0.0,0.004750229849831426,0.15294117647058825,13
3857257,2022,Australia,Aaron Mooy,23,22,45,11,7,4,,False,15,92,0.4380952380952381,15,1.0,0.796825396825397,85,14,18,0.4065934065934066,14,1.0,0.7820512820512823,11,0.07190635451505016,0.1956521739130435,0.0,0.01854121973643879,0.12941176470588237,18
3857257,2022,Australia,Keanu Baccus,7,9,16,8,1,5,,False,15,92,0.4380952380952381,15,1.0,0.796825396825397,85,14,10,0.45054945054945056,14,1.0,0.8003663003663005,6,-0.028428093645484976,0.10869565217391304,0.0,-0.004443763407906818,0.07058823529411765,10
3857257,2022,Australia,Bailey Wright,1,2,3,3,1,0,,False,15,92,0.4380952380952381,15,1.0,0.796825396825397,85,14,3,0.489010989010989,14,1.0,0.8260073260073262,1,-0.11622073578595314,0.03260869565217391,0.0,-0.036622739809990805,0.011764705882352941,3
3857257,2022,Australia,Jamie MacLaren,2,4,6,3,0,4,,False,15,92,0.4380952380952381,15,1.0,0.796825396825397,85,14,4,0.4835164835164835,14,1.0,0.8260073260073262,4,-0.1036789297658863,0.043478260869565216,0.0,-0.036622739809990805,0.047058823529411764,4
3857257,2022,Australia,Ajdin Hrustic,1,0,1,1,0,0,,True,15,92,0.4380952380952381,15,1.0,0.796825396825397,85,14,1,0.5,14,1.0,0.8406593406593407,0,-0.14130434782608697,0.010869565217391304,0.0,-0.055010726325467156,0.0,1
3857258,2022,Brazil,Richarlison de Andrade,12,17,29,8,1,13,,False,16,125,0.5208333333333334,16,1.0,0.8027777777777777,151,15,13,0.5333333333333333,15,1.0,0.8079365079365081,14,-0.023999999999999914,0.104,0.0,-0.006426099851705642,0.09271523178807947,13
3857258,2022,Brazil,Neymar da Silva Santos Junior,36,58,94,11,7,23,,False,16,125,0.5208333333333334,16,1.0,0.8027777777777777,151,15,21,0.49523809523809526,15,1.0,0.7936507936507937,30,0.049142857142857176,0.168,0.0,0.011369253583786277,0.1986754966887417,21
3857258,2022,Brazil,Alex Sandro Lobo Silva,83,69,152,14,30,15,,False,16,125,0.5208333333333334,16,1.0,0.8027777777777777,151,15,23,0.4857142857142857,15,1.0,0.7714285714285717,45,0.0674285714285715,0.184,0.0,0.03905091448344002,0.2980132450331126,23
3857258,2022,Brazil,Carlos Henrique Casimiro,57,51,108,13,17,4,,False,16,125,0.5208333333333334,16,1.0,0.8027777777777777,151,15,22,0.49047619047619045,15,1.0,0.7825396825396828,21,0.05828571428571439,0.176,0.0,0.02521008403361308,0.1390728476821192,22
3857258,2022,Brazil,Thiago Emiliano da Silva,69,62,131,12,29,1,,False,16,125,0.5208333333333334,16,1.0,0.8027777777777777,151,15,19,0.5047619047619047,15,1.0,0.788888888888889,30,0.030857142857142958,0.152,0.0,0.017301038062283537,0.1986754966887417,19
3857258,2022,Brazil,Alisson Ramsés Becker,20,6,26,6,8,0,,False,16,125,0.5208333333333334,16,1.0,0.8027777777777777,151,15,9,0.5523809523809524,15,1.0,0.819047619047619,8,-0.06057142857142857,0.072,0.0,-0.020266930301532447,0.052980132450331126,9
3857258,2022,Brazil,Marcos Aoás Corrêa,62,52,114,10,15,2,,False,16,125,0.5208333333333334,16,1.0,0.8027777777777777,151,15,17,0.5142857142857142,15,1.0,0.7984126984126984,17,0.012571428571428738,0.136,0.0,0.005437469105289155,0.11258278145695365,17
3857258,2022,Brazil,Danilo Luiz da Silva,72,67,139,12,19,15,,False,16,125,0.5208333333333334,16,1.0,0.8027777777777777,151,15,23,0.4857142857142857,15,1.0,0.7888888888888889,34,0.0674285714285715,0.184,0.0,0.017301038062283676,0.2251655629139073,23
3857258,2022,Brazil,Lucas Tolentino Coelho de Lima,30,34,64,10,7,6,,False,16,125,0.5208333333333334,16,1.0,0.8027777777777777,151,15,18,0.5095238095238095,15,1.0,0.7984126984126984,13,0.02171428571428585,0.144,0.0,0.005437469105289155,0.08609271523178808,18
3857258,2022,Brazil,Vinícius José Paixão de Oliveira Júnior,21,29,50,6,1,21,,False,16,125,0.5208333333333334,16,1.0,0.8027777777777777,151,15,12,0.5380952380952381,15,1.0,0.8174603174603174,22,-0.03314285714285702,0.096,0.0,-0.018289668808700026,0.1456953642384106,12
3857258,2022,Brazil,Raphael Dias Belloli,28,35,63,11,5,22,,False,16,125,0.5208333333333334,16,1.0,0.8027777777777777,151,15,18,0.5095238095238095,15,1.0,0.7936507936507936,27,0.02171428571428585,0.144,0.0,0.011369253583786416,0.17880794701986755,18
3857258,2022,Brazil,Frederico Rodrigues Santos,14,14,28,8,4,6,,False,16,125,0.5208333333333334,16,1.0,0.8027777777777777,151,15,15,0.5238095238095238,15,1.0,0.8079365079365078,10,-0.0057142857142856935,0.12,0.0,-0.006426099851705366,0.06622516556291391,15
3857258,2022,Brazil,Rodrygo Silva de Goes,12,15,27,9,3,7,,False,16,125,0.5208333333333334,16,1.0,0.8027777777777777,151,15,14,0.5285714285714286,15,1.0,0.8031746031746031,10,-0.014857142857142803,0.112,0.0,-0.0004943153732081051,0.06622516556291391,14
3857258,2022,Brazil,Antony Matheus dos Santos,15,19,34,8,3,10,,False,16,125,0.5208333333333334,16,1.0,0.8027777777777777,151,15,14,0.5285714285714286,15,1.0,0.8079365079365078,13,-0.014857142857142803,0.112,0.0,-0.006426099851705366,0.08609271523178808,14
3857258,2022,Brazil,Gabriel Fernando de Jesus,7,7,14,5,2,3,,False,16,125,0.5208333333333334,16,1.0,0.8027777777777777,151,15,8,0.5571428571428572,15,1.0,0.8238095238095238,5,-0.06971428571428567,0.064,0.0,-0.026198714780029705,0.033112582781456956,8
3857258,2022,Brazil,Gabriel Teodoro Martinelli Silva,1,4,5,3,0,3,,False,16,125,0.5208333333333334,16,1.0,0.8027777777777777,151,15,4,0.5761904761904761,15,1.0,0.8317460317460317,3,-0.10628571428571411,0.032,0.0,-0.03608502224419181,0.019867549668874173,4
3857258,2022,Serbia,Saša Lukić,28,25,53,11,7,1,,False,16,135,0.5625,16,1.0,0.8458333333333333,90,15,19,0.5523809523809524,15,1.0,0.8428571428571429,8,0.017989417989417927,0.14074074074074075,0.0,0.003518648838845871,0.08888888888888889,19
3857258,2022,Serbia,Milos Veljkovic,40,39,79,13,7,7,,False,16,135,0.5625,16,1.0,0.8458333333333333,90,15,22,0.5380952380952381,15,1.0,0.8333333333333334,14,0.04338624338624343,0.16296296296296298,0.0,0.014778325123152657,0.15555555555555556,22
3857258,2022,Serbia,Nemanja Gudelj,29,30,59,10,5,4,,False,16,135,0.5625,16,1.0,0.8458333333333333,90,15,19,0.5523809523809524,15,1.0,0.8476190476190476,9,0.017989417989417927,0.14074074074074075,0.0,-0.0021111893033075226,0.1,19
3857258,2022,Serbia,Strahinja Pavlović,31,34,65,11,9,7,,False,16,135,0.5625,16,1.0,0.8458333333333333,90,15,19,0.5523809523809524,15,1.0,0.8428571428571429,16,0.017989417989417927,0.14074074074074075,0.0,0.003518648838845871,0.17777777777777778,19
3857258,2022,Serbia,Filip Mladenović,19,15,34,11,2,5,,False,16,135,0.5625,16,1.0,0.8458333333333333,90,15,15,0.5714285714285714,15,1.0,0.8428571428571429,7,-0.015873015873015817,0.1111111111111111,0.0,0.003518648838845871,0.07777777777777778,15
3857258,2022,Serbia,Sergej Milinković-Savić,28,36,64,15,8,9,,False,16,135,0.5625,16,1.0,0.8458333333333333,90,15,26,0.5190476190476191,15,1.0,0.8238095238095238,17,0.07724867724867718,0.1925925925925926,0.0,0.026038001407459575,0.18888888888888888,26
3857258,2022,Serbia,Nikola Milenković,42,32,74,12,13,2,,False,16,135,0.5625,16,1.0,0.8458333333333333,90,15,21,0.5428571428571428,15,1.0,0.8380952380952381,15,0.03492063492063499,0.15555555555555556,0.0,0.009148486980999264,0.16666666666666666,21
3857258,2022,Serbia,Aleksandar Mitrović,17,19,36,10,2,12,,False,16,135,0.5625,16,1.0,0.8458333333333333,90,15,16,0.5666666666666667,15,1.0,0.8476190476190476,14,-0.007407407407407381,0.11851851851851852,0.0,-0.0021111893033075226,0.15555555555555556,16
3857258,2022,Serbia,Andrija Živković,20,20,40,9,3,9,,False,16,135,0.5625,16,1.0,0.8458333333333333,90,15,17,0.5619047619047619,15,1.0,0.8523809523809524,12,0.0010582010582010544,0.1259259259259259,0.0,-0.007741027445460916,0.13333333333333333,17
3857258,2022,Serbia,Dušan Tadić,20,31,51,13,2,14,,False,16,135,0.5625,16,1.0,0.8458333333333333,90,15,22,0.5380952380952381,15,1.0,0.8333333333333334,16,0.04338624338624343,0.16296296296296298,0.0,0.014778325123152657,0.17777777777777778,22
3857258,2022,Serbia,Vanja Milinković Savić,35,23,58,13,26,0,,False,16,135,0.5625,16,1.0,0.8458333333333333,90,15,20,0.5476190476190477,15,1.0,0.8333333333333334,26,0.02645502645502636,0.14814814814814814,0.0,0.014778325123152657,0.28888888888888886,20
3857258,2022,Serbia,Ivan Ilić,19,16,35,12,2,2,,False,16,135,0.5625,16,1.0,0.8458333333333333,90,15,18,0.5571428571428572,15,1.0,0.8380952380952381,4,0.00952380952380949,0.13333333333333333,0.0,0.009148486980999264,0.044444444444444446,18
3857258,2022,Serbia,Nemanja Radonjić,7,11,18,6,1,7,,False,16,135,0.5625,16,1.0,0.8458333333333333,90,15,9,0.6,15,1.0,0.8666666666666667,8,-0.06666666666666662,0.06666666666666667,0.0,-0.024630541871921225,0.08888888888888889,9
3857258,2022,Serbia,Dušan Vlahović,4,7,11,7,1,6,,False,16,135,0.5625,16,1.0,0.8458333333333333,90,15,8,0.6047619047619047,15,1.0,0.861904761904762,7,-0.07513227513227506,0.05925925925925926,0.0,-0.019000703729767834,0.07777777777777778,8
3857258,2022,Serbia,Darko Lazović,7,8,15,6,1,4,,False,16,135,0.5625,16,1.0,0.8458333333333333,90,15,10,0.5952380952380952,15,1.0,0.8666666666666667,5,-0.05820105820105819,0.07407407407407407,0.0,-0.024630541871921225,0.05555555555555555,10
3857258,2022,Serbia,Nemanja Maksimović,5,5,10,7,1,1,,False,16,135,0.5625,16,1.0,0.8458333333333333,90,15,9,0.6,15,1.0,0.861904761904762,2,-0.06666666666666662,0.06666666666666667,0.0,-0.019000703729767834,0.022222222222222223,9
3857259,2022,Serbia,Aleksandar Mitrović,18,23,41,11,2,15,,False,16,136,0.5666666666666667,16,1.0,0.8333333333333334,130,15,17,0.5666666666666667,15,1.0,0.8285714285714286,17,0.0,0.125,0.0,0.0057142857142856935,0.13076923076923078,17
3857259,2022,Serbia,Saša Lukić,62,60,122,14,9,13,,False,16,136,0.5666666666666667,16,1.0,0.8333333333333334,130,15,27,0.5190476190476191,15,1.0,0.8142857142857143,22,0.08403361344537805,0.19852941176470587,0.0,0.02285714285714291,0.16923076923076924,27
3857259,2022,Serbia,Strahinja Pavlović,24,22,46,10,12,1,,False,16,136,0.5666666666666667,16,1.0,0.8333333333333334,130,15,16,0.5714285714285714,15,1.0,0.8333333333333334,13,-0.008403361344537785,0.11764705882352941,0.0,0.0,0.1,16
3857259,2022,Serbia,Milos Veljkovic,30,26,56,11,13,2,,False,16,136,0.5666666666666667,16,1.0,0.8333333333333334,130,15,18,0.5619047619047619,15,1.0,0.8285714285714286,15,0.008403361344537785,0.1323529411764706,0.0,0.0057142857142856935,0.11538461538461539,18
3857259,2022,Serbia,Nikola Milenković,43,31,74,13,20,2,,False,16,136,0.5666666666666667,16,1.0,0.8333333333333334,130,15,21,0.5476190476190477,15,1.0,0.819047619047619,22,0.03361344537815114,0.15441176470588236,0.0,0.017142857142857213,0.16923076923076924,21
3857259,2022,Serbia,Andrija Živković,32,29,61,8,11,14,,False,16,136,0.5666666666666667,16,1.0,0.8333333333333334,130,15,15,0.5761904761904761,15,1.0,0.8428571428571429,25,-0.01680672268907557,0.11029411764705882,0.0,-0.011428571428571387,0.19230769230769232,15
3857259,2022,Serbia,Filip Kostić,38,44,82,12,9,22,,False,16,136,0.5666666666666667,16,1.0,0.8333333333333334,130,15,19,0.5571428571428572,15,1.0,0.8238095238095238,31,0.01680672268907557,0.13970588235294118,0.0,0.01142857142857152,0.23846153846153847,19
3857259,2022,Serbia,Vanja Milinković Savić,27,18,45,9,10,0,,False,16,136,0.5666666666666667,16,1.0,0.8333333333333334,130,15,14,0.580952380952381,15,1.0,0.8380952380952381,10,-0.025210084033613554,0.10294117647058823,0.0,-0.0057142857142856935,0.07692307692307693,14
3857259,2022,Serbia,Sergej Milinković-Savić,36,46,82,9,11,16,,False,16,136,0.5666666666666667,16,1.0,0.8333333333333334,130,15,17,0.5666666666666667,15,1.0,0.8380952380952381,27,0.0,0.125,0.0,-0.0057142857142856935,0.2076923076923077,17
3857259,2022,Serbia,Nemanja Maksimović,29,25,54,13,8,6,,False,16,136,0.5666666666666667,16,1.0,0.8333333333333334,130,15,24,0.5333333333333333,15,1.0,0.819047619047619,14,0.05882352941176469,0.17647058823529413,0.0,0.017142857142857213,0.1076923076923077,24
3857259,2022,Serbia,Dušan Tadić,40,54,94,15,11,26,,False,16,136,0.5666666666666667,16,1.0,0.8333333333333334,130,15,27,0.5190476190476191,15,1.0,0.8031746031746033,37,0.08403361344537805,0.19852941176470587,0.0,0.03619047619047606,0.2846153846153846,27
3857259,2022,Serbia,Stefan Mitrović,17,17,34,10,3,1,,False,16,136,0.5666666666666667,16,1.0,0.8333333333333334,130,15,16,0.5714285714285714,15,1.0,0.8333333333333334,4,-0.008403361344537785,0.11764705882352941,0.0,0.0,0.03076923076923077,16
3857259,2022,Serbia,Srđan Babić,11,12,23,7,3,2,,False,16,136,0.5666666666666667,16,1.0,0.8333333333333334,130,15,10,0.6,15,1.0,0.8476190476190476,5,-0.05882352941176469,0.07352941176470588,0.0,-0.01714285714285708,0.038461538461538464,10
3857259,2022,Serbia,Marko Grujić,14,15,29,11,6,6,,False,16,136,0.5666666666666667,16,1.0,0.8333333333333334,130,15,19,0.5571428571428572,15,1.0,0.8285714285714286,12,0.01680672268907557,0.13970588235294118,0.0,0.0057142857142856935,0.09230769230769231,19
3857259,2022,Serbia,Nemanja Radonjić,4,4,8,5,0,3,,False,16,136,0.5666666666666667,16,1.0,0.8333333333333334,130,15,8,0.6095238095238096,15,1.0,0.8571428571428571,3,-0.07563025210084046,0.058823529411764705,0.0,-0.02857142857142847,0.023076923076923078,8
3857259,2022,Serbia,Filip Đuričić,3,2,5,2,2,1,,False,16,136,0.5666666666666667,16,1.0,0.8333333333333334,130,15,4,0.6285714285714286,15,1.0,0.8714285714285714,3,-0.1092436974789916,0.029411764705882353,0.0,-0.045714285714285686,0.023076923076923078,4
3857259,2022,Cameroon,Ngoran Suiru Fai Collins,44,37,81,13,15,9,,False,16,116,0.48333333333333334,16,1.0,0.8166666666666667,88,15,22,0.44761904761904764,15,1.0,0.8,24,0.07389162561576351,0.1896551724137931,0.0,0.02040816326530605,0.2727272727272727,22
3857259,2022,Cameroon,Martin Hongla Yma II,22,23,45,9,3,3,,False,16,116,0.48333333333333334,16,1.0,0.8166666666666667,88,15,16,0.47619047619047616,15,1.0,0.819047619047619,6,0.014778325123152771,0.13793103448275862,0.0,-0.0029154518950437213,0.06818181818181818,16
3857259,2022,Cameroon,Devis Rogers Epassy Mboka,26,18,44,8,21,0,,False,16,116,0.48333333333333334,16,1.0,0.8166666666666667,88,15,12,0.49523809523809526,15,1.0,0.8238095238095238,21,-0.024630541871921208,0.10344827586206896,0.0,-0.008746355685131164,0.23863636363636365,12
3857259,2022,Cameroon,Jean-Charles Castelletto,24,21,45,11,10,4,,False,16,116,0.48333333333333334,16,1.0,0.8166666666666667,88,15,18,0.4666666666666667,15,1.0,0.8095238095238095,14,0.03448275862068965,0.15517241379310345,0.0,0.008746355685131164,0.1590909090909091,18
3857259,2022,Cameroon,Jean-Eric Maxim Choupo-Moting,19,20,39,13,4,17,,False,16,116,0.48333333333333334,16,1.0,0.8166666666666667,88,15,20,0.45714285714285713,15,1.0,0.8,21,0.05418719211822664,0.1724137931034483,0.0,0.02040816326530605,0.23863636363636365,20
3857259,2022,Cameroon,Pierre Kunde Malong,17,21,38,10,4,3,,False,16,116,0.48333333333333334,16,1.0,0.8166666666666667,88,15,16,0.47619047619047616,15,1.0,0.8142857142857143,7,0.014778325123152771,0.13793103448275862,0.0,0.0029154518950437213,0.07954545454545454,16
3857259,2022,Cameroon,André-Frank Zambo Anguissa,20,17,37,12,4,5,,False,16,116,0.48333333333333334,16,1.0,0.8166666666666667,88,15,19,0.46190476190476193,15,1.0,0.8047619047619048,9,0.04433497536945809,0.16379310344827586,0.0,0.014577259475218608,0.10227272727272728,19
3857259,2022,Cameroon,Nicolas Alexis Julio N'Koulou Ndoubena,27,28,55,11,8,3,,False,16,116,0.48333333333333334,16,1.0,0.8166666666666667,88,15,18,0.4666666666666667,15,1.0,0.8031746031746033,11,0.03448275862068965,0.15517241379310345,0.0,0.016520894071914285,0.125,18
3857259,2022,Cameroon,Nouhou Tolo,25,24,49,13,7,8,,False,16,116,0.48333333333333334,16,1.0,0.8166666666666667,88,15,18,0.4666666666666667,15,1.0,0.8,15,0.03448275862068965,0.15517241379310345,0.0,0.02040816326530605,0.17045454545454544,18
3857259,2022,Cameroon,Karl Brillant Toko Ekambi,7,9,16,7,2,4,,False,16,116,0.48333333333333334,16,1.0,0.8166666666666667,88,15,9,0.5095238095238095,15,1.0,0.8285714285714286,6,-0.05418719211822652,0.07758620689655173,0.0,-0.014577259475218743,0.06818181818181818,9
3857259,2022,Cameroon,Bryan Mbeumo,13,23,36,11,3,15,,False,16,116,0.48333333333333334,16,1.0,0.8166666666666667,88,15,16,0.47619047619047616,15,1.0,0.8095238095238095,18,0.014778325123152771,0.13793103448275862,0.0,0.008746355685131164,0.20454545454545456,16
3857259,2022,Cameroon,Vincent Paté Aboubakar,7,9,16,9,1,6,,False,16,116,0.48333333333333334,16,1.0,0.8166666666666667,88,15,13,0.49047619047619045,15,1.0,0.819047619047619,7,-0.014778325123152657,0.11206896551724138,0.0,-0.0029154518950437213,0.07954545454545454,13
3857259,2022,Cameroon,Christian Mougang Bassogog,5,10,15,7,1,7,,False,16,116,0.48333333333333334,16,1.0,0.8166666666666667,88,15,10,0.5047619047619047,15,1.0,0.8285714285714286,8,-0.04433497536945809,0.08620689655172414,0.0,-0.014577259475218743,0.09090909090909091,10
3857259,2022,Cameroon,Gaël Ondoua,10,6,16,8,2,0,,False,16,116,0.48333333333333334,16,1.0,0.8166666666666667,88,15,11,0.5,15,1.0,0.8238095238095238,2,-0.03448275862068965,0.09482758620689655,0.0,-0.008746355685131164,0.022727272727272728,11
3857259,2022,Cameroon,Georges-Kévin Nkoudou Mbida,6,6,12,5,0,4,,False,16,116,0.48333333333333334,16,1.0,0.8166666666666667,88,15,8,0.5142857142857142,15,1.0,0.8380952380952381,4,-0.06403940886699495,0.06896551724137931,0.0,-0.02623906705539363,0.045454545454545456,8
3857259,2022,Cameroon,Samuel Yves Oum Gwet,4,4,8,5,3,0,,False,16,116,0.48333333333333334,16,1.0,0.8166666666666667,88,15,6,0.5238095238095238,15,1.0,0.8380952380952381,3,-0.08374384236453207,0.05172413793103448,0.0,-0.02623906705539363,0.03409090909090909,6
3857260,2022,Mexico,Henry Josué Martín Mex,7,14,21,9,0,8,,False,16,110,0.4583333333333333,16,1.0,0.7861111111111112,126,15,12,0.4666666666666667,15,1.0,0.7841269841269842,8,-0.01818181818181824,0.10909090909090909,0.0,0.0025239777889954477,0.06349206349206349,12
3857260,2022,Mexico,Luis Gerardo Chávez Magallón,38,40,78,14,14,5,,False,16,110,0.4583333333333333,16,1.0,0.7861111111111112,126,15,24,0.4095238095238095,15,1.0,0.7603174603174604,19,0.10649350649350649,0.21818181818181817,0.0,0.03281171125694096,0.15079365079365079,24
3857260,2022,Mexico,Jorge Eduardo Sánchez Ramos,29,23,52,9,12,14,,False,16,110,0.4583333333333333,16,1.0,0.7861111111111112,126,15,16,0.44761904761904764,15,1.0,0.7841269841269842,26,0.023376623376623294,0.14545454545454545,0.0,0.0025239777889954477,0.20634920634920634,16
3857260,2022,Mexico,César Jasib Montes Castro,57,55,112,12,21,6,,False,16,110,0.4583333333333333,16,1.0,0.7861111111111112,126,15,20,0.42857142857142855,15,1.0,0.7698412698412699,27,0.06493506493506494,0.18181818181818182,0.0,0.02069661786976281,0.21428571428571427,20
3857260,2022,Mexico,Francisco Guillermo Ochoa Magaña,38,21,59,7,26,0,,False,16,110,0.4583333333333333,16,1.0,0.7861111111111112,126,15,12,0.4666666666666667,15,1.0,0.7936507936507937,26,-0.01818181818181824,0.10909090909090909,0.0,-0.0095911155981827,0.20634920634920634,12
3857260,2022,Mexico,Héctor Alfredo Moreno Herrera,55,42,97,12,19,8,,False,16,110,0.4583333333333333,16,1.0,0.7861111111111112,126,15,19,0.43333333333333335,15,1.0,0.7698412698412699,27,0.05454545454545447,0.17272727272727273,0.0,0.02069661786976281,0.21428571428571427,19
3857260,2022,Mexico,Edson Omar Álvarez Velázquez,41,35,76,11,7,8,,False,16,110,0.4583333333333333,16,1.0,0.7861111111111112,126,15,20,0.42857142857142855,15,1.0,0.7746031746031747,15,0.06493506493506494,0.18181818181818182,0.0,0.014639071176173597,0.11904761904761904,20
3857260,2022,Mexico,Orbelín Pineda Alvarado,20,31,51,9,7,10,,False,16,110,0.4583333333333333,16,1.0,0.7861111111111112,126,15,18,0.4380952380952381,15,1.0,0.7841269841269842,17,0.04415584415584412,0.16363636363636364,0.0,0.0025239777889954477,0.1349206349206349,18
3857260,2022,Mexico,Hirving Rodrigo Lozano Bahena,19,38,57,14,8,28,,False,16,110,0.4583333333333333,16,1.0,0.7861111111111112,126,15,21,0.4238095238095238,14,0.9333333333333333,0.6952380952380952,36,0.07532467532467531,0.19090909090909092,0.06666666666666665,0.11559818273599207,0.2857142857142857,21
3857260,2022,Mexico,Jesús Daniel Gallardo Vasconcelos,38,28,66,11,8,15,,False,16,110,0.4583333333333333,16,1.0,0.7861111111111112,126,15,19,0.43333333333333335,15,1.0,0.7746031746031747,23,0.05454545454545447,0.17272727272727273,0.0,0.014639071176173597,0.18253968253968253,19
3857260,2022,Mexico,Ernesto Alexis Vega Rojas,10,14,24,7,1,9,,False,16,110,0.4583333333333333,16,1.0,0.7861111111111112,126,15,10,0.47619047619047616,15,1.0,0.7936507936507937,10,-0.038961038961038946,0.09090909090909091,0.0,-0.0095911155981827,0.07936507936507936,10
3857260,2022,Mexico,Carlos Uriel Antuna Romero,4,9,13,6,0,7,,False,16,110,0.4583333333333333,16,1.0,0.7861111111111112,126,15,7,0.49047619047619045,15,1.0,0.7984126984126985,7,-0.07012987012987013,0.06363636363636363,0.0,-0.015648662291771774,0.05555555555555555,7
3857260,2022,Mexico,Raúl Alonso Jiménez Rodríguez,5,5,10,5,1,3,,False,16,110,0.4583333333333333,16,1.0,0.7861111111111112,126,15,7,0.49047619047619045,15,1.0,0.8031746031746033,4,-0.07012987012987013,0.06363636363636363,0.0,-0.021706208985360992,0.031746031746031744,7
3857260,2022,Mexico,Carlos Alberto Rodríguez Gómez,3,8,11,7,0,4,,False,16,110,0.4583333333333333,16,1.0,0.7861111111111112,126,15,9,0.48095238095238096,15,1.0,0.7936507936507937,4,-0.04935064935064942,0.08181818181818182,0.0,-0.0095911155981827,0.031746031746031744,9
3857260,2022,Mexico,Kevin Nahin Álvarez Campos,3,3,6,4,2,1,,False,16,110,0.4583333333333333,16,1.0,0.7861111111111112,126,15,5,0.5,15,1.0,0.8095238095238095,3,-0.09090909090909095,0.045454545454545456,0.0,-0.02978293791014628,0.023809523809523808,5
3857260,2022,Mexico,Rogelio Gabriel Funes Mori,0,1,1,1,0,0,,True,16,110,0.4583333333333333,16,1.0,0.7861111111111112,126,15,1,0.5190476190476191,15,1.0,0.8238095238095238,0,-0.1324675324675326,0.00909090909090909,0.0,-0.0479555779909135,0.0,1
3857260,2022,Saudi Arabia,Mohammed Khalil Al Owais,17,7,24,8,12,0,,False,15,99,0.4714285714285714,15,1.0,0.8047619047619048,77,14,11,0.4835164835164835,14,1.0,0.8076923076923077,12,-0.025641025641025668,0.1111111111111111,0.0,-0.0036413290851160544,0.15584415584415584,11
3857260,2022,Saudi Arabia,Abdulelah Al Amri,24,19,43,12,18,2,,False,15,99,0.4714285714285714,15,1.0,0.8047619047619048,77,14,20,0.4340659340659341,14,1.0,0.7857142857142857,20,0.07925407925407921,0.20202020202020202,0.0,0.02366863905325449,0.2597402597402597,20
3857260,2022,Saudi Arabia,Saleh Khalid Al Shehri,10,16,26,8,1,8,,False,15,99,0.4714285714285714,15,1.0,0.8047619047619048,77,14,13,0.4725274725274725,14,1.0,0.8076923076923077,9,-0.0023310023310023228,0.13131313131313133,0.0,-0.0036413290851160544,0.11688311688311688,13
3857260,2022,Saudi Arabia,Saud Abdullah Abdul Hamid,14,11,25,11,6,3,,False,15,99,0.4714285714285714,15,1.0,0.8047619047619048,77,14,16,0.45604395604395603,14,1.0,0.7912087912087912,9,0.03263403263403264,0.16161616161616163,0.0,0.01684114701866189,0.11688311688311688,16
3857260,2022,Saudi Arabia,Salem Mohammed Al Dawsari,15,22,37,11,4,12,,False,15,99,0.4714285714285714,15,1.0,0.8047619047619048,77,14,21,0.42857142857142855,14,1.0,0.7875457875457877,16,0.09090909090909094,0.21212121212121213,0.0,0.02139280837505668,0.2077922077922078,21
3857260,2022,Saudi Arabia,Ali Albulayhi,10,4,14,6,4,2,,False,15,99,0.4714285714285714,15,1.0,0.8047619047619048,77,14,8,0.5,14,1.0,0.8186813186813187,6,-0.06060606060606063,0.08080808080808081,0.0,-0.017296313154301256,0.07792207792207792,8
3857260,2022,Saudi Arabia,Ali Al Hassan,4,5,9,7,1,1,,False,15,99,0.4714285714285714,15,1.0,0.8047619047619048,77,14,7,0.5054945054945055,14,1.0,0.8131868131868132,2,-0.07226107226107224,0.0707070707070707,0.0,-0.010468821119708656,0.025974025974025976,7
3857260,2022,Saudi Arabia,Sultan Abdullah Salim Al Ghannam,22,21,43,9,11,10,,False,15,99,0.4714285714285714,15,1.0,0.8047619047619048,77,14,15,0.46153846153846156,14,1.0,0.8021978021978022,21,0.020979020979020904,0.15151515151515152,0.0,0.0031861629494765475,0.2727272727272727,15
3857260,2022,Saudi Arabia,Firas Tariq Nasser Al Albirakan,13,27,40,11,3,19,,False,15,99,0.4714285714285714,15,1.0,0.8047619047619048,77,14,18,0.44505494505494503,14,1.0,0.7875457875457876,22,0.05594405594405598,0.18181818181818182,0.0,0.021392808375056818,0.2857142857142857,18
3857260,2022,Saudi Arabia,Mohammed Kanoo,21,25,46,12,6,12,,False,15,99,0.4714285714285714,15,1.0,0.8047619047619048,77,14,21,0.42857142857142855,14,1.0,0.7857142857142857,18,0.09090909090909094,0.21212121212121213,0.0,0.02366863905325449,0.23376623376623376,21
3857260,2022,Saudi Arabia,Hassan Mohammed Al-Tambakti,15,12,27,9,5,2,,False,15,99,0.4714285714285714,15,1.0,0.8047619047619048,77,14,11,0.4835164835164835,14,1.0,0.8021978021978022,7,-0.025641025641025668,0.1111111111111111,0.0,0.0031861629494765475,0.09090909090909091,11
3857260,2022,Saudi Arabia,Riyadh Sharahili,17,10,27,10,3,0,,False,15,99,0.4714285714285714,15,1.0,0.8047619047619048,77,14,15,0.46153846153846156,14,1.0,0.7967032967032966,3,0.020979020979020904,0.15151515151515152,0.0,0.010013654984069286,0.03896103896103896,15
3857260,2022,Saudi Arabia,Abdullah Mohammed Madu,4,5,9,6,2,0,,False,15,99,0.4714285714285714,15,1.0,0.8047619047619048,77,14,8,0.5,14,1.0,0.8186813186813187,2,-0.06060606060606063,0.08080808080808081,0.0,-0.017296313154301256,0.025974025974025976,8
3857260,2022,Saudi Arabia,Abdulrahman Al-Obood,6,7,13,5,1,5,,False,15,99,0.4714285714285714,15,1.0,0.8047619047619048,77,14,9,0.4945054945054945,14,1.0,0.8241758241758241,6,-0.048951048951049014,0.09090909090909091,0.0,-0.02412380518889386,0.07792207792207792,9
3857260,2022,Saudi Arabia,Hattan Babhir,2,3,5,3,0,1,,False,15,99,0.4714285714285714,15,1.0,0.8047619047619048,77,14,5,0.5164835164835165,14,1.0,0.8351648351648352,1,-0.09557109557109571,0.050505050505050504,0.0,-0.037778789258079204,0.012987012987012988,5
3857261,2022,Wales,Aaron Ramsey,24,24,48,12,2,7,,False,16,114,0.475,16,1.0,0.8083333333333333,70,15,22,0.4380952380952381,15,1.0,0.7952380952380952,9,0.0776942355889724,0.19298245614035087,0.0,0.016200294550810096,0.12857142857142856,22
3857261,2022,Wales,Ben Davies,15,18,33,9,5,2,,False,16,114,0.475,16,1.0,0.8083333333333333,70,15,14,0.47619047619047616,15,1.0,0.8095238095238095,7,-0.002506265664160392,0.12280701754385964,0.0,-0.0014727540500736325,0.1,14
3857261,2022,Wales,Joe Rodon,42,36,78,12,10,1,,False,16,114,0.475,16,1.0,0.8083333333333333,70,15,21,0.44285714285714284,15,1.0,0.7952380952380952,11,0.06766917293233082,0.18421052631578946,0.0,0.016200294550810096,0.15714285714285714,21
3857261,2022,Wales,Ethan Ampadu,27,23,50,12,6,5,,False,16,114,0.475,16,1.0,0.8083333333333333,70,15,19,0.4523809523809524,15,1.0,0.7952380952380952,11,0.04761904761904757,0.16666666666666666,0.0,0.016200294550810096,0.15714285714285714,19
3857261,2022,Wales,Chris Mepham,48,42,90,15,20,0,,False,16,114,0.475,16,1.0,0.8083333333333333,70,15,24,0.42857142857142855,15,1.0,0.7777777777777778,20,0.09774436090225565,0.21052631578947367,0.0,0.03780068728522337,0.2857142857142857,24
3857261,2022,Wales,Daniel Ward,20,17,37,10,13,0,,False,16,114,0.475,16,1.0,0.8083333333333333,70,15,15,0.4714285714285714,15,1.0,0.8047619047619048,13,0.007518796992481177,0.13157894736842105,0.0,0.004418262150220897,0.18571428571428572,15
3857261,2022,Wales,Neco Williams,5,3,8,6,1,2,,False,16,114,0.475,16,1.0,0.8083333333333333,70,15,7,0.5095238095238095,15,1.0,0.8238095238095238,3,-0.07268170426065161,0.06140350877192982,0.0,-0.019145802650957222,0.04285714285714286,7
3857261,2022,Wales,Gareth Frank Bale,1,5,6,5,0,2,,False,16,114,0.475,16,1.0,0.8083333333333333,70,15,5,0.5190476190476191,15,1.0,0.8285714285714286,2,-0.09273182957393498,0.043859649122807015,0.0,-0.025036818851251887,0.02857142857142857,5
3857261,2022,Wales,Joe Allen,23,24,47,11,2,9,,False,16,114,0.475,16,1.0,0.8083333333333333,70,15,18,0.45714285714285713,15,1.0,0.8,11,0.037593984962406,0.15789473684210525,0.0,0.010309278350515427,0.15714285714285714,18
3857261,2022,Wales,Kieffer Roberto Francisco Moore,11,23,34,12,0,18,,False,16,114,0.475,16,1.0,0.8083333333333333,70,15,17,0.46190476190476193,15,1.0,0.7952380952380952,18,0.027568922305764316,0.14912280701754385,0.0,0.016200294550810096,0.2571428571428571,17
3857261,2022,Wales,Daniel James,10,11,21,8,0,9,,False,16,114,0.475,16,1.0,0.8083333333333333,70,15,12,0.4857142857142857,15,1.0,0.8142857142857143,9,-0.022556390977443646,0.10526315789473684,0.0,-0.007363770250368162,0.12857142857142856,12
3857261,2022,Wales,Connor Roberts,27,25,52,12,7,5,,False,16,114,0.475,16,1.0,0.8083333333333333,70,15,20,0.44761904761904764,15,1.0,0.7952380952380952,12,0.05764411027568914,0.17543859649122806,0.0,0.016200294550810096,0.17142857142857143,20
3857261,2022,Wales,Brennan Johnson,2,5,7,5,1,3,,False,16,114,0.475,16,1.0,0.8083333333333333,70,15,7,0.5095238095238095,15,1.0,0.8285714285714286,4,-0.07268170426065161,0.06140350877192982,0.0,-0.025036818851251887,0.05714285714285714,7
3857261,2022,Wales,Joseff Morrell,11,9,20,9,2,1,,False,16,114,0.475,16,1.0,0.8083333333333333,70,15,13,0.48095238095238096,15,1.0,0.8095238095238095,3,-0.012531328320802077,0.11403508771929824,0.0,-0.0014727540500736325,0.04285714285714286,13
3857261,2022,Wales,Harry Wilson,6,6,12,6,1,5,,False,16,114,0.475,16,1.0,0.8083333333333333,70,15,9,0.5,15,1.0,0.8238095238095238,6,-0.052631578947368474,0.07894736842105263,0.0,-0.019145802650957222,0.08571428571428572,9
3857261,2022,Wales,Rubin Colwill,2,3,5,4,0,1,,False,16,114,0.475,16,1.0,0.8083333333333333,70,15,5,0.5190476190476191,15,1.0,0.8333333333333334,1,-0.09273182957393498,0.043859649122807015,0.0,-0.030927835051546417,0.014285714285714285,5
3857261,2022,England,Jordan Brian Henderson,50,52,102,15,8,15,,False,16,138,0.575,16,1.0,0.8333333333333334,129,15,26,0.5333333333333333,15,1.0,0.8095238095238095,23,0.07246376811594198,0.18840579710144928,0.0,0.028571428571428602,0.17829457364341086,26
3857261,2022,England,Jude Bellingham,47,48,95,14,6,10,,False,16,138,0.575,16,1.0,0.8333333333333334,129,15,28,0.5238095238095238,15,1.0,0.8142857142857143,16,0.08902691511387152,0.2028985507246377,0.0,0.02285714285714291,0.12403100775193798,28
3857261,2022,England,Harry Kane,7,13,20,7,3,8,,False,16,138,0.575,16,1.0,0.8333333333333334,129,15,9,0.6142857142857143,15,1.0,0.8476190476190476,11,-0.06832298136645977,0.06521739130434782,0.0,-0.01714285714285708,0.08527131782945736,9
3857261,2022,England,John Stones,75,72,147,13,24,4,,False,16,138,0.575,16,1.0,0.8333333333333334,129,15,23,0.5476190476190477,15,1.0,0.819047619047619,28,0.04761904761904746,0.16666666666666666,0.0,0.017142857142857213,0.21705426356589147,23
3857261,2022,England,Phil Foden,27,34,61,11,3,19,,False,16,138,0.575,16,1.0,0.8333333333333334,129,15,20,0.5619047619047619,15,1.0,0.8285714285714286,22,0.02277432712215313,0.14492753623188406,0.0,0.0057142857142856935,0.17054263565891473,20
3857261,2022,England,Kyle Walker,50,40,90,10,10,9,,False,16,138,0.575,16,1.0,0.8333333333333334,129,15,18,0.5714285714285714,15,1.0,0.8333333333333334,19,0.006211180124223581,0.13043478260869565,0.0,0.0,0.14728682170542637,18
3857261,2022,England,Harry Maguire,77,82,159,13,28,3,,False,16,138,0.575,16,1.0,0.8333333333333334,129,15,25,0.5380952380952381,15,1.0,0.819047619047619,31,0.06418219461697719,0.18115942028985507,0.0,0.017142857142857213,0.24031007751937986,25
3857261,2022,England,Marcus Rashford,23,34,57,11,1,19,,False,16,138,0.575,16,1.0,0.8333333333333334,129,15,18,0.5714285714285714,15,1.0,0.8285714285714286,20,0.006211180124223581,0.13043478260869565,0.0,0.0057142857142856935,0.15503875968992248,18
3857261,2022,England,Declan Rice,45,36,81,9,10,4,,False,16,138,0.575,16,1.0,0.8333333333333334,129,15,18,0.5714285714285714,15,1.0,0.8380952380952381,14,0.006211180124223581,0.13043478260869565,0.0,-0.0057142857142856935,0.10852713178294573,18
3857261,2022,England,Jordan Pickford,29,25,54,7,8,0,,False,16,138,0.575,16,1.0,0.8333333333333334,129,15,11,0.6047619047619047,15,1.0,0.8476190476190476,8,-0.05175983436853003,0.07971014492753623,0.0,-0.01714285714285708,0.06201550387596899,11
3857261,2022,England,Luke Shaw,51,51,102,9,15,18,,False,16,138,0.575,16,1.0,0.8333333333333334,129,15,15,0.5857142857142857,15,1.0,0.8380952380952381,33,-0.018633540372670936,0.10869565217391304,0.0,-0.0057142857142856935,0.2558139534883721,15
3857261,2022,England,Trent Alexander-Arnold,21,17,38,8,7,2,,False,16,138,0.575,16,1.0,0.8333333333333334,129,15,14,0.5904761904761905,15,1.0,0.8428571428571429,9,-0.02691511387163571,0.10144927536231885,0.0,-0.011428571428571387,0.06976744186046512,14
3857261,2022,England,Callum Wilson,5,11,16,9,1,8,,False,16,138,0.575,16,1.0,0.8333333333333334,129,15,12,0.6,15,1.0,0.8380952380952381,9,-0.04347826086956526,0.08695652173913043,0.0,-0.0057142857142856935,0.06976744186046512,12
3857261,2022,England,Kieran Trippier,17,10,27,7,2,1,,False,16,138,0.575,16,1.0,0.8333333333333334,129,15,12,0.6,15,1.0,0.8476190476190476,3,-0.04347826086956526,0.08695652173913043,0.0,-0.01714285714285708,0.023255813953488372,12
3857261,2022,England,Kalvin Phillips,15,14,29,9,3,2,,False,16,138,0.575,16,1.0,0.8333333333333334,129,15,15,0.5857142857142857,15,1.0,0.8380952380952381,5,-0.018633540372670936,0.10869565217391304,0.0,-0.0057142857142856935,0.03875968992248062,15
3857261,2022,England,Jack Grealish,14,14,28,8,0,7,,False,16,138,0.575,16,1.0,0.8333333333333334,129,15,12,0.6,15,1.0,0.8428571428571429,7,-0.04347826086956526,0.08695652173913043,0.0,-0.011428571428571387,0.05426356589147287,12
3857262,2022,South Korea,Gue-Sung Cho,13,26,39,10,3,18,,False,14,110,0.6043956043956044,14,1.0,0.8571428571428571,90,13,18,0.5897435897435898,13,1.0,0.8525641025641025,21,0.02424242424242416,0.16363636363636364,0.0,0.005341880341880323,0.23333333333333334,18
3857262,2022,South Korea,Woo-Young Jung,48,47,95,12,15,8,,False,14,110,0.6043956043956044,14,1.0,0.8571428571428571,90,13,22,0.5641025641025641,13,1.0,0.8397435897435898,23,0.06666666666666662,0.2,0.0,0.020299145299145227,0.25555555555555554,22
3857262,2022,South Korea,Young-Gwon Kim,33,32,65,10,16,3,,False,14,110,0.6043956043956044,14,1.0,0.8571428571428571,90,13,17,0.5961538461538461,13,1.0,0.8525641025641025,19,0.013636363636363589,0.15454545454545454,0.0,0.005341880341880323,0.2111111111111111,17
3857262,2022,South Korea,Jin-Su Kim,26,23,49,11,6,10,,False,14,110,0.6043956043956044,14,1.0,0.8571428571428571,90,13,17,0.5961538461538461,13,1.0,0.8461538461538461,16,0.013636363636363589,0.15454545454545454,0.0,0.012820512820512775,0.17777777777777778,17
3857262,2022,South Korea,Heung-Min Son,16,20,36,11,1,13,,False,14,110,0.6043956043956044,14,1.0,0.8571428571428571,90,13,21,0.5705128205128205,13,1.0,0.8461538461538461,14,0.05606060606060605,0.19090909090909092,0.0,0.012820512820512775,0.15555555555555556,21
3857262,2022,South Korea,Kang-In Lee,22,23,45,10,7,6,,False,14,110,0.6043956043956044,14,1.0,0.8571428571428571,90,13,20,0.5769230769230769,13,1.0,0.8525641025641025,13,0.04545454545454548,0.18181818181818182,0.0,0.005341880341880323,0.14444444444444443,20
3857262,2022,South Korea,In-Beom Hwang,33,37,70,12,7,8,,False,14,110,0.6043956043956044,14,1.0,0.8571428571428571,90,13,20,0.5769230769230769,13,1.0,0.8397435897435898,15,0.04545454545454548,0.18181818181818182,0.0,0.020299145299145227,0.16666666666666666,20
3857262,2022,South Korea,Kyung-Won Kwon,32,28,60,9,9,1,,False,14,110,0.6043956043956044,14,1.0,0.8571428571428571,90,13,17,0.5961538461538461,13,1.0,0.8589743589743589,10,0.013636363636363589,0.15454545454545454,0.0,-0.002136752136752129,0.1111111111111111,17
3857262,2022,South Korea,Moon-Hwan Kim,31,24,55,11,9,9,,False,14,110,0.6043956043956044,14,1.0,0.8571428571428571,90,13,18,0.5897435897435898,13,1.0,0.8440170940170939,18,0.02424242424242416,0.16363636363636364,0.0,0.01531339031339039,0.2,18
3857262,2022,South Korea,Seung-Gyu Kim,31,21,52,7,14,0,,False,14,110,0.6043956043956044,14,1.0,0.8571428571428571,90,13,11,0.6346153846153846,13,1.0,0.8717948717948718,14,-0.05000000000000001,0.1,0.0,-0.017094017094017165,0.15555555555555556,11
3857262,2022,South Korea,Jae-Sung Lee,12,11,23,7,2,6,,False,14,110,0.6043956043956044,14,1.0,0.8571428571428571,90,13,14,0.6153846153846154,13,1.0,0.8717948717948718,8,-0.018181818181818302,0.12727272727272726,0.0,-0.017094017094017165,0.08888888888888889,14
3857262,2022,South Korea,Hee-Chan Hwang,3,9,12,9,0,4,,False,14,110,0.6043956043956044,14,1.0,0.8571428571428571,90,13,12,0.6282051282051282,13,1.0,0.8589743589743589,4,-0.03939393939393944,0.10909090909090909,0.0,-0.002136752136752129,0.044444444444444446,12
3857262,2022,South Korea,Jun-Ho Son,7,6,13,7,1,2,,False,14,110,0.6043956043956044,14,1.0,0.8571428571428571,90,13,9,0.6474358974358975,13,1.0,0.8717948717948718,3,-0.07121212121212134,0.08181818181818182,0.0,-0.017094017094017165,0.03333333333333333,9
3857262,2022,South Korea,Ui-Jo Hwang,2,2,4,4,0,2,,False,14,110,0.6043956043956044,14,1.0,0.8571428571428571,90,13,4,0.6794871794871795,13,1.0,0.8910256410256411,2,-0.12424242424242436,0.03636363636363636,0.0,-0.03952991452991465,0.022222222222222223,4
3857262,2022,Portugal,Rúben Diogo Da Silva Neves,62,59,121,9,19,6,,False,16,137,0.5708333333333333,16,1.0,0.8333333333333334,132,15,18,0.5666666666666667,15,1.0,0.8380952380952381,25,0.007299270072992675,0.13138686131386862,0.0,-0.0057142857142856935,0.1893939393939394,18
3857262,2022,Portugal,José Diogo Dalot Teixeira,53,55,108,14,14,17,,False,16,137,0.5708333333333333,16,1.0,0.8333333333333334,132,15,26,0.5285714285714286,15,1.0,0.8142857142857143,31,0.07403545359749733,0.1897810218978102,0.0,0.02285714285714291,0.23484848484848486,26
3857262,2022,Portugal,António João Pereira Albuquerque Tavares Silva,57,50,107,11,16,3,,False,16,137,0.5708333333333333,16,1.0,0.8333333333333334,132,15,19,0.5619047619047619,15,1.0,0.8285714285714286,19,0.015641293013555733,0.1386861313868613,0.0,0.0057142857142856935,0.14393939393939395,19
3857262,2022,Portugal,João Pedro Cavaco Cancelo,77,66,143,15,22,23,,False,16,137,0.5708333333333333,16,1.0,0.8333333333333334,132,15,29,0.5142857142857142,15,1.0,0.8095238095238095,45,0.0990615224191867,0.2116788321167883,0.0,0.028571428571428602,0.3409090909090909,29
3857262,2022,Portugal,Vitor Machado Ferreira,59,62,121,11,11,9,,False,16,137,0.5708333333333333,16,1.0,0.8333333333333334,132,15,20,0.5571428571428572,15,1.0,0.8285714285714286,20,0.02398331595411879,0.145985401459854,0.0,0.0057142857142856935,0.15151515151515152,20
3857262,2022,Portugal,Kléper Laveran Lima Ferreira,67,61,128,15,20,2,,False,16,137,0.5708333333333333,16,1.0,0.8333333333333334,132,15,24,0.5380952380952381,15,1.0,0.8095238095238095,22,0.05735140771637121,0.17518248175182483,0.0,0.028571428571428602,0.16666666666666666,24
3857262,2022,Portugal,João Mário Naval da Costa Eduardo,34,33,67,12,3,15,,False,16,137,0.5708333333333333,16,1.0,0.8333333333333334,132,15,22,0.5476190476190477,15,1.0,0.8238095238095238,18,0.04066736183524491,0.16058394160583941,0.0,0.01142857142857152,0.13636363636363635,22
3857262,2022,Portugal,Cristiano Ronaldo dos Santos Aveiro,15,20,35,8,0,10,,False,16,137,0.5708333333333333,16,1.0,0.8333333333333334,132,15,13,0.5904761904761905,15,1.0,0.8428571428571429,10,-0.03441084462982281,0.0948905109489051,0.0,-0.011428571428571387,0.07575757575757576,13
3857262,2022,Portugal,Matheus Luiz Nunes,21,31,52,10,4,14,,False,16,137,0.5708333333333333,16,1.0,0.8333333333333334,132,15,17,0.5714285714285714,15,1.0,0.8333333333333334,18,-0.0010427528675703822,0.12408759124087591,0.0,0.0,0.13636363636363635,17
3857262,2022,Portugal,Diogo Meireles Costa,23,19,42,9,14,0,,False,16,137,0.5708333333333333,16,1.0,0.8333333333333334,132,15,14,0.5857142857142857,15,1.0,0.8380952380952381,14,-0.02606882168925975,0.10218978102189781,0.0,-0.0057142857142856935,0.10606060606060606,14
3857262,2022,Portugal,Ricardo Jorge Luz Horta,13,17,30,9,2,7,,False,16,137,0.5708333333333333,16,1.0,0.8333333333333334,132,15,13,0.5904761904761905,15,1.0,0.8380952380952381,9,-0.03441084462982281,0.0948905109489051,0.0,-0.0057142857142856935,0.06818181818181818,13
3857262,2022,Portugal,Rafael Alexandre Conceição Leão,7,13,20,7,0,9,,False,16,137,0.5708333333333333,16,1.0,0.8333333333333334,132,15,10,0.6047619047619047,15,1.0,0.8476190476190476,9,-0.05943691345151198,0.072992700729927,0.0,-0.01714285714285708,0.06818181818181818,10
3857262,2022,Portugal,João Maria Lobo Alves Palhinha Gonçalves,16,15,31,9,3,3,,False,16,137,0.5708333333333333,16,1.0,0.8333333333333334,132,15,15,0.580952380952381,15,1.0,0.8380952380952381,6,-0.01772679874869669,0.10948905109489052,0.0,-0.0057142857142856935,0.045454545454545456,15
3857262,2022,Portugal,André Miguel Valente Silva,10,12,22,9,1,9,,False,16,137,0.5708333333333333,16,1.0,0.8333333333333334,132,15,15,0.580952380952381,15,1.0,0.8380952380952381,10,-0.01772679874869669,0.10948905109489052,0.0,-0.0057142857142856935,0.07575757575757576,15
3857262,2022,Portugal,William Silva de Carvalho,13,13,26,7,3,1,,False,16,137,0.5708333333333333,16,1.0,0.8333333333333334,132,15,12,0.5952380952380952,15,1.0,0.8476190476190476,4,-0.042752867570385863,0.08759124087591241,0.0,-0.01714285714285708,0.030303030303030304,12
3857262,2022,Portugal,Bernardo Mota Veiga de Carvalho e Silva,7,8,15,5,0,4,,False,16,137,0.5708333333333333,16,1.0,0.8333333333333334,132,15,7,0.6190476190476191,15,1.0,0.8571428571428571,4,-0.08446298227320134,0.051094890510948905,0.0,-0.02857142857142847,0.030303030303030304,7
3857263,2022,Spain,Pablo Martín Páez Gavira,10,12,22,9,2,2,,False,15,126,0.6,15,1.0,0.8761904761904762,140,14,14,0.6153846153846154,14,1.0,0.8846153846153846,4,-0.025641025641025737,0.1111111111111111,0.0,-0.009615384615384581,0.02857142857142857,14
3857263,2022,Spain,Aymeric Laporte,89,84,173,12,26,2,,False,15,126,0.6,15,1.0,0.8761904761904762,140,14,22,0.5714285714285714,14,1.0,0.8681318681318682,28,0.04761904761904764,0.1746031746031746,0.0,0.009197324414715687,0.2,22
3857263,2022,Spain,Rodrigo Hernández Cascante,95,87,182,13,27,2,,False,15,126,0.6,15,1.0,0.8761904761904762,140,14,22,0.5714285714285714,14,1.0,0.8626373626373627,29,0.04761904761904764,0.1746031746031746,0.0,0.015468227424749108,0.20714285714285716,22
3857263,2022,Spain,Ferrán Torres García,11,28,39,10,2,19,,False,15,126,0.6,15,1.0,0.8761904761904762,140,14,16,0.6043956043956044,14,1.0,0.8791208791208791,21,-0.0073260073260073,0.12698412698412698,0.0,-0.003344481605351159,0.15,16
3857263,2022,Spain,Jordi Alba Ramos,71,63,134,11,18,19,,False,15,126,0.6,15,1.0,0.8761904761904762,140,14,19,0.5879120879120879,14,1.0,0.8736263736263736,37,0.020146520146520075,0.15079365079365079,0.0,0.002926421404682264,0.2642857142857143,19
3857263,2022,Spain,Daniel Carvajal Ramos,65,48,113,14,12,15,,False,15,126,0.6,15,1.0,0.8761904761904762,140,14,23,0.5659340659340659,14,1.0,0.8571428571428571,27,0.05677655677655676,0.18253968253968253,0.0,0.021739130434782657,0.19285714285714287,23
3857263,2022,Spain,Pedro González López,59,58,117,13,15,12,,False,15,126,0.6,15,1.0,0.8761904761904762,140,14,23,0.5659340659340659,14,1.0,0.8626373626373627,27,0.05677655677655676,0.18253968253968253,0.0,0.015468227424749108,0.19285714285714287,23
3857263,2022,Spain,Daniel Olmo Carvajal,33,47,80,10,4,23,,False,15,126,0.6,15,1.0,0.8761904761904762,140,14,14,0.6153846153846154,14,1.0,0.8791208791208791,27,-0.025641025641025737,0.1111111111111111,0.0,-0.003344481605351159,0.19285714285714287,14
3857263,2022,Spain,Unai Simón Mendibil,47,41,88,9,11,0,,False,15,126,0.6,15,1.0,0.8761904761904762,140,14,13,0.6208791208791209,14,1.0,0.8846153846153846,11,-0.03479853479853486,0.10317460317460317,0.0,-0.009615384615384581,0.07857142857142857,13
3857263,2022,Spain,Sergio Busquets i Burgos,41,29,70,14,11,5,,False,15,126,0.6,15,1.0,0.8761904761904762,140,14,23,0.5659340659340659,14,1.0,0.8571428571428571,16,0.05677655677655676,0.18253968253968253,0.0,0.021739130434782657,0.11428571428571428,23
3857263,2022,Spain,Marco Asensio Willemsen,29,36,65,11,4,17,,False,15,126,0.6,15,1.0,0.8761904761904762,140,14,20,0.5824175824175825,14,1.0,0.8736263736263736,21,0.0293040293040292,0.15873015873015872,0.0,0.002926421404682264,0.15,20
3857263,2022,Spain,Álvaro Borja Morata Martín,4,12,16,10,2,11,,False,15,126,0.6,15,1.0,0.8761904761904762,140,14,13,0.6208791208791209,14,1.0,0.8791208791208791,13,-0.03479853479853486,0.10317460317460317,0.0,-0.003344481605351159,0.09285714285714286,13
3857263,2022,Spain,Jorge Resurrección Merodio,8,11,19,6,2,4,,False,15,126,0.6,15,1.0,0.8761904761904762,140,14,9,0.6428571428571429,14,1.0,0.9010989010989011,6,-0.07142857142857155,0.07142857142857142,0.0,-0.028428093645484976,0.04285714285714286,9
3857263,2022,Spain,Nicholas Williams Arthuer,8,14,22,9,2,7,,False,15,126,0.6,15,1.0,0.8761904761904762,140,14,12,0.6263736263736264,14,1.0,0.8846153846153846,9,-0.04395604395604399,0.09523809523809523,0.0,-0.009615384615384581,0.06428571428571428,12
3857263,2022,Spain,Alejandro Balde Martínez,8,8,16,7,2,2,,False,15,126,0.6,15,1.0,0.8761904761904762,140,14,9,0.6428571428571429,14,1.0,0.8956043956043956,4,-0.07142857142857155,0.07142857142857142,0.0,-0.022157190635451553,0.02857142857142857,9
3857263,2022,Germany,Leon Goretzka,19,16,35,12,5,2,,False,16,107,0.44583333333333336,16,1.0,0.8,82,15,17,0.42857142857142855,15,1.0,0.7809523809523811,7,0.03871829105473976,0.1588785046728972,0.0,0.023809523809523725,0.08536585365853659,17
3857263,2022,Germany,İlkay Gündoğan,13,12,25,10,0,5,,False,16,107,0.44583333333333336,16,1.0,0.8,82,15,14,0.44285714285714284,15,1.0,0.7952380952380952,5,0.006675567423231075,0.1308411214953271,0.0,0.00595238095238107,0.06097560975609756,14
3857263,2022,Germany,Thilo Kehrer,21,20,41,9,10,6,,False,16,107,0.44583333333333336,16,1.0,0.8,82,15,16,0.43333333333333335,15,1.0,0.8,16,0.028037383177570117,0.14953271028037382,0.0,0.0,0.1951219512195122,16
3857263,2022,Germany,Niklas Süle,41,34,75,14,14,3,,False,16,107,0.44583333333333336,16,1.0,0.8,82,15,22,0.40476190476190477,15,1.0,0.7761904761904762,17,0.09212283044058749,0.205607476635514,0.0,0.029761904761904795,0.2073170731707317,22
3857263,2022,Germany,Manuel Neuer,32,29,61,9,14,0,,False,16,107,0.44583333333333336,16,1.0,0.8,82,15,13,0.44761904761904764,15,1.0,0.8,14,-0.00400534045393857,0.12149532710280374,0.0,0.0,0.17073170731707318,13
3857263,2022,Germany,Antonio Rüdiger,41,40,81,12,13,2,,False,16,107,0.44583333333333336,16,1.0,0.8,82,15,18,0.4238095238095238,15,1.0,0.7809523809523811,15,0.049399198931909284,0.16822429906542055,0.0,0.023809523809523725,0.18292682926829268,18
3857263,2022,Germany,David Raum,33,31,64,10,9,10,,False,16,107,0.44583333333333336,16,1.0,0.8,82,15,19,0.41904761904761906,15,1.0,0.7952380952380952,19,0.060080106809078805,0.17757009345794392,0.0,0.00595238095238107,0.23170731707317074,19
3857263,2022,Germany,Jamal Musiala,17,30,47,13,1,20,,False,16,107,0.44583333333333336,16,1.0,0.8,82,15,17,0.42857142857142855,15,1.0,0.780952380952381,21,0.03871829105473976,0.1588785046728972,0.0,0.023809523809523864,0.25609756097560976,17
3857263,2022,Germany,Serge Gnabry,12,20,32,9,1,14,,False,16,107,0.44583333333333336,16,1.0,0.8,82,15,15,0.4380952380952381,15,1.0,0.8,15,0.017356475300400596,0.14018691588785046,0.0,0.0,0.18292682926829268,15
3857263,2022,Germany,Joshua Kimmich,30,22,52,12,9,4,,False,16,107,0.44583333333333336,16,1.0,0.8,82,15,19,0.41904761904761906,15,1.0,0.7857142857142857,13,0.060080106809078805,0.17757009345794392,0.0,0.017857142857142932,0.15853658536585366,19
3857263,2022,Germany,Thomas Müller,8,12,20,8,0,5,,False,16,107,0.44583333333333336,16,1.0,0.8,82,15,13,0.44761904761904764,15,1.0,0.8047619047619048,5,-0.00400534045393857,0.12149532710280374,0.0,-0.005952380952380931,0.06097560975609756,13
3857263,2022,Germany,Lukas Klostermann,8,3,11,5,1,1,,False,16,107,0.44583333333333336,16,1.0,0.8,82,15,6,0.48095238095238096,15,1.0,0.819047619047619,2,-0.07877169559412546,0.056074766355140186,0.0,-0.023809523809523725,0.024390243902439025,6
3857263,2022,Germany,Niclas Füllkrug,5,8,13,7,1,5,,False,16,107,0.44583333333333336,16,1.0,0.8,82,15,9,0.4666666666666667,15,1.0,0.8095238095238095,6,-0.04672897196261678,0.08411214953271028,0.0,-0.011904761904761862,0.07317073170731707,9
3857263,2022,Germany,Leroy Sané,7,10,17,7,2,2,,False,16,107,0.44583333333333336,16,1.0,0.8,82,15,9,0.4666666666666667,15,1.0,0.8095238095238095,4,-0.04672897196261678,0.08411214953271028,0.0,-0.011904761904761862,0.04878048780487805,9
3857263,2022,Germany,Nico Schlotterbeck,3,3,6,5,2,2,,False,16,107,0.44583333333333336,16,1.0,0.8,82,15,5,0.4857142857142857,15,1.0,0.819047619047619,4,-0.08945260347129498,0.04672897196261682,0.0,-0.023809523809523725,0.04878048780487805,5
3857263,2022,Germany,Jonas Hofmann,1,1,2,2,0,1,,True,16,107,0.44583333333333336,16,1.0,0.8,82,15,2,0.5,15,1.0,0.8333333333333334,1,-0.12149532710280367,0.018691588785046728,0.0,-0.04166666666666666,0.012195121951219513,2
3857264,2022,Poland,Karol Świderski,7,5,12,8,2,4,,False,16,106,0.44166666666666665,16,1.0,0.7597222222222226,67,15,10,0.45714285714285713,15,1.0,0.7603174603174605,6,-0.03504043126684636,0.09433962264150944,0.0,-0.0007834943849566123,0.08955223880597014,10
3857264,2022,Poland,Jakub Piotr Kiwior,38,38,76,10,12,1,,False,16,106,0.44166666666666665,16,1.0,0.7597222222222226,67,15,19,0.4142857142857143,15,1.0,0.7492063492063495,13,0.06199460916442039,0.1792452830188679,0.0,0.013841734134238793,0.19402985074626866,19
3857264,2022,Poland,Kamil Glik,32,32,64,8,5,2,,False,16,106,0.44166666666666665,16,1.0,0.7597222222222226,67,15,15,0.43333333333333335,15,1.0,0.758730158730159,7,0.01886792452830182,0.14150943396226415,0.0,0.0013058239749283204,0.1044776119402985,15
3857264,2022,Poland,Wojciech Szczęsny,20,16,36,9,14,0,,False,16,106,0.44166666666666665,16,1.0,0.7597222222222226,67,15,13,0.44285714285714284,15,1.0,0.7476190476190481,14,-0.002695417789757403,0.12264150943396226,0.0,0.015931052494123726,0.208955223880597,13
3857264,2022,Poland,Bartosz Bereszyński,26,18,44,8,6,7,,False,16,106,0.44166666666666665,16,1.0,0.7597222222222226,67,15,15,0.43333333333333335,15,1.0,0.758730158730159,13,0.01886792452830182,0.14150943396226415,0.0,0.0013058239749283204,0.19402985074626866,15
3857264,2022,Poland,Matty Cash,27,26,53,10,7,4,,False,16,106,0.44166666666666665,16,1.0,0.7597222222222226,67,15,17,0.4238095238095238,15,1.0,0.7492063492063495,11,0.04043126684636117,0.16037735849056603,0.0,0.013841734134238793,0.16417910447761194,17
3857264,2022,Poland,Robert Lewandowski,12,21,33,11,1,16,,False,16,106,0.44166666666666665,16,1.0,0.7597222222222226,67,15,16,0.42857142857142855,15,1.0,0.7444444444444448,17,0.029649595687331557,0.1509433962264151,0.0,0.02010968921389403,0.2537313432835821,16
3857264,2022,Poland,Piotr Zieliński,27,21,48,13,5,5,,False,16,106,0.44166666666666665,16,1.0,0.7597222222222226,67,15,23,0.3952380952380952,15,1.0,0.7333333333333337,10,0.10512129380053908,0.2169811320754717,0.0,0.034734917733089586,0.14925373134328357,23
3857264,2022,Poland,Krystian Bielik,24,29,53,11,6,4,,False,16,106,0.44166666666666665,16,1.0,0.7597222222222226,67,15,21,0.40476190476190477,15,1.0,0.7444444444444448,10,0.08355795148247974,0.19811320754716982,0.0,0.02010968921389403,0.14925373134328357,21
3857264,2022,Poland,Przemysław Frankowski,8,13,21,6,1,5,,False,16,106,0.44166666666666665,16,1.0,0.7597222222222226,67,15,10,0.45714285714285713,15,1.0,0.7698412698412702,6,-0.03504043126684636,0.09433962264150944,0.0,-0.013319404544267378,0.08955223880597014,10
3857264,2022,Poland,Grzegorz Krychowiak,20,19,39,11,5,6,,False,16,106,0.44166666666666665,16,1.0,0.7597222222222226,67,15,18,0.41904761904761906,15,1.0,0.7444444444444448,11,0.05121293800539078,0.16981132075471697,0.0,0.02010968921389403,0.16417910447761194,18
3857264,2022,Poland,Michał Skóraś,8,9,17,5,0,4,,False,16,106,0.44166666666666665,16,1.0,0.7597222222222226,67,15,8,0.4666666666666667,15,1.0,0.774603174603175,4,-0.05660377358490571,0.07547169811320754,0.0,-0.019587359623922614,0.05970149253731343,8
3857264,2022,Poland,Jakub Kamiński,4,8,12,6,0,4,,False,16,106,0.44166666666666665,16,1.0,0.7597222222222226,67,15,8,0.4666666666666667,15,1.0,0.766666666666667,4,-0.05660377358490571,0.07547169811320754,0.0,-0.00914076782449722,0.05970149253731343,8
3857264,2022,Poland,Damian Szymański,9,8,17,6,1,2,,False,16,106,0.44166666666666665,16,1.0,0.7597222222222226,67,15,11,0.4523809523809524,15,1.0,0.7698412698412702,3,-0.024258760107816753,0.10377358490566038,0.0,-0.013319404544267378,0.04477611940298507,11
3857264,2022,Poland,Artur Jędrzejczyk,4,3,7,4,2,2,,False,16,106,0.44166666666666665,16,1.0,0.7597222222222226,67,15,6,0.47619047619047616,15,1.0,0.7793650793650797,4,-0.07816711590296493,0.05660377358490566,0.0,-0.025855314703577853,0.05970149253731343,6
3857264,2022,Poland,Krzysztof Piątek,1,1,2,2,0,1,,True,16,106,0.44166666666666665,16,1.0,0.7597222222222226,67,15,2,0.49523809523809526,15,1.0,0.7952380952380952,1,-0.12129380053908363,0.018867924528301886,0.0,-0.0467484983024282,0.014925373134328358,2
3857264,2022,Argentina,Marcos Javier Acuña,35,33,68,9,7,17,,False,16,154,0.6416666666666667,16,1.0,0.8583333333333333,189,15,17,0.6523809523809524,15,1.0,0.8666666666666667,24,-0.016697588126159495,0.11038961038961038,0.0,-0.009708737864077766,0.12698412698412698,17
3857264,2022,Argentina,Julián Álvarez,20,25,45,10,1,16,,False,16,154,0.6416666666666667,16,1.0,0.8583333333333333,189,15,18,0.6476190476190476,15,1.0,0.861904761904762,17,-0.009276437847866385,0.11688311688311688,0.0,-0.004160887656033402,0.08994708994708994,18
3857264,2022,Argentina,Nahuel Molina Lucero,71,64,135,13,12,21,,False,16,154,0.6416666666666667,16,1.0,0.8583333333333333,189,15,22,0.6285714285714286,15,1.0,0.8476190476190476,33,0.02040816326530622,0.14285714285714285,0.0,0.012482662968099818,0.1746031746031746,22
3857264,2022,Argentina,Rodrigo Javier De Paul,142,138,280,14,33,21,,False,16,154,0.6416666666666667,16,1.0,0.8583333333333333,189,15,28,0.6,15,1.0,0.8428571428571429,54,0.06493506493506504,0.18181818181818182,0.0,0.01803051317614418,0.2857142857142857,28
3857264,2022,Argentina,Cristian Gabriel Romero,67,63,130,13,15,1,,False,16,154,0.6416666666666667,16,1.0,0.8583333333333333,189,15,21,0.6333333333333333,15,1.0,0.8476190476190476,16,0.012987012987013113,0.13636363636363635,0.0,0.012482662968099818,0.08465608465608465,21
3857264,2022,Argentina,Nicolás Hernán Otamendi,89,85,174,15,34,4,,False,16,154,0.6416666666666667,16,1.0,0.8583333333333333,189,15,26,0.6095238095238096,15,1.0,0.8380952380952381,38,0.050092764378478656,0.16883116883116883,0.0,0.023578363384188544,0.20105820105820105,26
3857264,2022,Argentina,Enzo Fernandez,86,85,171,12,16,6,,False,16,154,0.6416666666666667,16,1.0,0.8583333333333333,189,15,24,0.6190476190476191,15,1.0,0.8523809523809524,22,0.03525046382189244,0.15584415584415584,0.0,0.006934812760055455,0.1164021164021164,24
3857264,2022,Argentina,Alexis Mac Allister,50,51,101,11,8,18,,False,16,154,0.6416666666666667,16,1.0,0.8583333333333333,189,15,21,0.6333333333333333,15,1.0,0.8571428571428571,26,0.012987012987013113,0.13636363636363635,0.0,0.001386962552011091,0.13756613756613756,21
3857264,2022,Argentina,Ángel Fabián Di María Hernández,40,51,91,10,6,33,,False,16,154,0.6416666666666667,16,1.0,0.8583333333333333,189,15,17,0.6523809523809524,15,1.0,0.861904761904762,39,-0.016697588126159495,0.11038961038961038,0.0,-0.004160887656033402,0.20634920634920634,17
3857264,2022,Argentina,Lionel Andrés Messi Cuccittini,59,76,135,13,18,16,,False,16,154,0.6416666666666667,16,1.0,0.8583333333333333,189,15,24,0.6190476190476191,15,1.0,0.8476190476190476,34,0.03525046382189244,0.15584415584415584,0.0,0.012482662968099818,0.17989417989417988,24
3857264,2022,Argentina,Damián Emiliano Martínez,12,7,19,6,6,0,,False,16,154,0.6416666666666667,16,1.0,0.8583333333333333,189,15,9,0.6904761904761905,15,1.0,0.8809523809523809,6,-0.07606679035250453,0.05844155844155844,0.0,-0.026352288488210855,0.031746031746031744,9
3857264,2022,Argentina,Nicolás Alejandro Tagliafico,38,35,73,10,4,26,,False,16,154,0.6416666666666667,16,1.0,0.8583333333333333,189,15,19,0.6428571428571429,15,1.0,0.861904761904762,30,-0.0018552875695732772,0.12337662337662338,0.0,-0.004160887656033402,0.15873015873015872,19
3857264,2022,Argentina,Leandro Daniel Paredes,77,73,150,12,20,5,,False,16,154,0.6416666666666667,16,1.0,0.8583333333333333,189,15,24,0.6190476190476191,15,1.0,0.8523809523809524,25,0.03525046382189244,0.15584415584415584,0.0,0.006934812760055455,0.13227513227513227,24
3857264,2022,Argentina,Germán Alejandro Pezzella,18,16,34,7,6,0,,False,16,154,0.6416666666666667,16,1.0,0.8583333333333333,189,15,13,0.6714285714285714,15,1.0,0.8761904761904762,6,-0.04638218923933193,0.08441558441558442,0.0,-0.020804438280166492,0.031746031746031744,13
3857264,2022,Argentina,Lautaro Javier Martínez,10,11,21,9,1,3,,False,16,154,0.6416666666666667,16,1.0,0.8583333333333333,189,15,12,0.6761904761904762,15,1.0,0.8666666666666667,4,-0.05380333951762521,0.07792207792207792,0.0,-0.009708737864077766,0.021164021164021163,12
3857264,2022,Argentina,Thiago Ezequiel Almada,12,13,25,8,2,2,,False,16,154,0.6416666666666667,16,1.0,0.8583333333333333,189,15,13,0.6714285714285714,15,1.0,0.8714285714285714,4,-0.04638218923933193,0.08441558441558442,0.0,-0.01525658807212213,0.021164021164021163,13
3857265,2022,Mexico,Henry Josué Martín Mex,8,14,22,8,0,9,,False,14,114,0.6263736263736264,14,1.0,0.8791208791208791,130,13,12,0.6538461538461539,13,1.0,0.8910256410256411,9,-0.043859649122807036,0.10526315789473684,0.0,-0.013541666666666745,0.06923076923076923,12
3857265,2022,Mexico,Héctor Miguel Herrera López,26,25,51,10,6,5,,False,14,114,0.6263736263736264,14,1.0,0.8791208791208791,130,13,18,0.6153846153846154,13,1.0,0.8782051282051282,11,0.017543859649122744,0.15789473684210525,0.0,0.001041666666666663,0.08461538461538462,18
3857265,2022,Mexico,Luis Gerardo Chávez Magallón,45,48,93,13,16,10,,False,14,114,0.6263736263736264,14,1.0,0.8791208791208791,130,13,22,0.5897435897435898,13,1.0,0.8589743589743589,26,0.05847953216374266,0.19298245614035087,0.0,0.022916666666666714,0.2,22
3857265,2022,Mexico,Jesús Daniel Gallardo Vasconcelos,40,33,73,12,9,12,,False,14,114,0.6263736263736264,14,1.0,0.8791208791208791,130,13,21,0.5961538461538461,13,1.0,0.8653846153846154,21,0.048245614035087724,0.18421052631578946,0.0,0.015624999999999944,0.16153846153846155,21
3857265,2022,Mexico,Héctor Alfredo Moreno Herrera,73,73,146,12,24,14,,False,14,114,0.6263736263736264,14,1.0,0.8791208791208791,130,13,20,0.6025641025641025,13,1.0,0.8653846153846154,38,0.03801169590643279,0.17543859649122806,0.0,0.015624999999999944,0.2923076923076923,20
3857265,2022,Mexico,Ernesto Alexis Vega Rojas,25,33,58,11,6,18,,False,14,114,0.6263736263736264,14,1.0,0.8791208791208791,130,13,19,0.6089743589743589,13,1.0,0.8717948717948718,24,0.027777777777777856,0.16666666666666666,0.0,0.008333333333333304,0.18461538461538463,19
3857265,2022,Mexico,Edson Omar Álvarez Velázquez,44,42,86,10,11,5,,False,14,114,0.6263736263736264,14,1.0,0.8791208791208791,130,13,19,0.6089743589743589,13,1.0,0.8782051282051282,16,0.027777777777777856,0.16666666666666666,0.0,0.001041666666666663,0.12307692307692308,19
3857265,2022,Mexico,César Jasib Montes Castro,57,57,114,10,15,7,,False,14,114,0.6263736263736264,14,1.0,0.8791208791208791,130,13,20,0.6025641025641025,13,1.0,0.8782051282051282,22,0.03801169590643279,0.17543859649122806,0.0,0.001041666666666663,0.16923076923076924,20
3857265,2022,Mexico,Jorge Eduardo Sánchez Ramos,43,31,74,13,13,7,,False,14,114,0.6263736263736264,14,1.0,0.8791208791208791,130,13,21,0.5961538461538461,13,1.0,0.8589743589743589,20,0.048245614035087724,0.18421052631578946,0.0,0.022916666666666714,0.15384615384615385,21
3857265,2022,Mexico,Hirving Rodrigo Lozano Bahena,19,31,50,11,3,26,,False,14,114,0.6263736263736264,14,1.0,0.8791208791208791,130,13,16,0.6282051282051282,13,1.0,0.8717948717948718,29,-0.002923976608187124,0.14035087719298245,0.0,0.008333333333333304,0.2230769230769231,16
3857265,2022,Mexico,Francisco Guillermo Ochoa Magaña,32,16,48,6,16,0,,False,14,114,0.6263736263736264,14,1.0,0.8791208791208791,130,13,9,0.6730769230769231,13,1.0,0.9038461538461539,16,-0.07456140350877202,0.07894736842105263,0.0,-0.02812500000000003,0.12307692307692308,9
3857265,2022,Mexico,Carlos Alberto Rodríguez Gómez,17,19,36,10,7,6,,False,14,114,0.6263736263736264,14,1.0,0.8791208791208791,130,13,16,0.6282051282051282,13,1.0,0.8782051282051282,13,-0.002923976608187124,0.14035087719298245,0.0,0.001041666666666663,0.1,16
3857265,2022,Mexico,Raúl Alonso Jiménez Rodríguez,6,9,15,8,4,6,,False,14,114,0.6263736263736264,14,1.0,0.8791208791208791,130,13,10,0.6666666666666666,13,1.0,0.8910256410256411,10,-0.06432748538011691,0.08771929824561403,0.0,-0.013541666666666745,0.07692307692307693,10
3857265,2022,Mexico,Carlos Uriel Antuna Romero,2,6,8,4,0,5,,False,14,114,0.6263736263736264,14,1.0,0.8791208791208791,130,13,5,0.6987179487179487,13,1.0,0.9166666666666666,5,-0.11549707602339176,0.043859649122807015,0.0,-0.042708333333333307,0.038461538461538464,5
3857265,2022,Poland,Grzegorz Krychowiak,19,18,37,11,7,4,,False,14,98,0.5384615384615384,14,1.0,0.8461538461538461,73,13,17,0.5192307692307693,13,1.0,0.8333333333333334,11,0.03571428571428559,0.17346938775510204,0.0,0.015151515151515098,0.1506849315068493,17
3857265,2022,Poland,Robert Lewandowski,13,33,46,12,3,24,,False,14,98,0.5384615384615384,14,1.0,0.8461538461538461,73,13,19,0.5064102564102564,13,1.0,0.8269230769230769,27,0.05952380952380952,0.19387755102040816,0.0,0.022727272727272776,0.3698630136986301,19
3857265,2022,Poland,Matty Cash,27,23,50,11,7,3,,False,14,98,0.5384615384615384,14,1.0,0.8461538461538461,73,13,18,0.5128205128205128,13,1.0,0.8333333333333334,10,0.04761904761904766,0.1836734693877551,0.0,0.015151515151515098,0.136986301369863,18
3857265,2022,Poland,Piotr Zieliński,21,20,41,9,1,2,,False,14,98,0.5384615384615384,14,1.0,0.8461538461538461,73,13,15,0.532051282051282,13,1.0,0.8461538461538461,3,0.011904761904761862,0.15306122448979592,0.0,0.0,0.0410958904109589,15
3857265,2022,Poland,Sebastian Szymański,16,25,41,8,7,6,,False,14,98,0.5384615384615384,14,1.0,0.8461538461538461,73,13,14,0.5384615384615384,13,1.0,0.8525641025641025,13,0.0,0.14285714285714285,0.0,-0.007575757575757549,0.1780821917808219,14
3857265,2022,Poland,Bartosz Bereszyński,30,17,47,10,4,3,,False,14,98,0.5384615384615384,14,1.0,0.8461538461538461,73,13,17,0.5192307692307693,13,1.0,0.8397435897435898,7,0.03571428571428559,0.17346938775510204,0.0,0.007575757575757549,0.0958904109589041,17
3857265,2022,Poland,Nicola Zalewski,12,13,25,6,1,9,,False,14,98,0.5384615384615384,14,1.0,0.8461538461538461,73,13,10,0.5641025641025641,13,1.0,0.8653846153846154,10,-0.04761904761904766,0.10204081632653061,0.0,-0.022727272727272776,0.136986301369863,10
3857265,2022,Poland,Wojciech Szczęsny,24,12,36,9,21,0,,False,14,98,0.5384615384615384,14,1.0,0.8461538461538461,73,13,11,0.5576923076923077,13,1.0,0.8461538461538461,21,-0.035714285714285796,0.11224489795918367,0.0,0.0,0.2876712328767123,11
3857265,2022,Poland,Jakub Piotr Kiwior,34,33,67,10,9,4,,False,14,98,0.5384615384615384,14,1.0,0.8461538461538461,73,13,18,0.5128205128205128,13,1.0,0.8397435897435898,13,0.04761904761904766,0.1836734693877551,0.0,0.007575757575757549,0.1780821917808219,18
3857265,2022,Poland,Kamil Glik,25,24,49,10,6,0,,False,14,98,0.5384615384615384,14,1.0,0.8461538461538461,73,13,13,0.5448717948717948,13,1.0,0.8397435897435898,6,-0.011904761904761862,0.1326530612244898,0.0,0.007575757575757549,0.0821917808219178,13
3857265,2022,Poland,Jakub Kamiński,9,14,23,9,1,7,,False,14,98,0.5384615384615384,14,1.0,0.8461538461538461,73,13,12,0.5512820512820513,13,1.0,0.8461538461538461,8,-0.023809523809523933,0.12244897959183673,0.0,0.0,0.1095890410958904,12
3857265,2022,Poland,Krystian Bielik,18,15,33,10,4,3,,False,14,98,0.5384615384615384,14,1.0,0.8461538461538461,73,13,17,0.5192307692307693,13,1.0,0.8397435897435898,7,0.03571428571428559,0.17346938775510204,0.0,0.007575757575757549,0.0958904109589041,17
3857265,2022,Poland,Przemysław Frankowski,7,6,13,7,2,4,,False,14,98,0.5384615384615384,14,1.0,0.8461538461538461,73,13,9,0.5705128205128205,13,1.0,0.8589743589743589,6,-0.05952380952380952,0.09183673469387756,0.0,-0.015151515151515098,0.0821917808219178,9
3857265,2022,Poland,Arkadiusz Milik,4,6,10,4,0,4,,False,14,98,0.5384615384615384,14,1.0,0.8461538461538461,73,13,6,0.5897435897435898,13,1.0,0.8782051282051282,4,-0.09523809523809532,0.061224489795918366,0.0,-0.03787878787878787,0.0547945205479452,6
3857266,2022,Denmark,Andreas Evald Cornelius,10,15,25,8,1,9,,False,15,115,0.5476190476190477,15,1.0,0.8476190476190476,135,14,13,0.5604395604395604,14,1.0,0.8571428571428571,10,-0.02341137123745811,0.11304347826086956,0.0,-0.011235955056179735,0.07407407407407407,13
3857266,2022,Denmark,Christian Dannemann Eriksen,58,55,113,14,19,12,,False,15,115,0.5476190476190477,15,1.0,0.8476190476190476,135,14,24,0.5,14,1.0,0.8241758241758241,31,0.08695652173913053,0.20869565217391303,0.0,0.027657735522904094,0.22962962962962963,24
3857266,2022,Denmark,Rasmus Nissen Kristensen,56,60,116,12,16,38,,False,15,115,0.5476190476190477,15,1.0,0.8476190476190476,135,14,19,0.5274725274725275,14,1.0,0.8351648351648352,54,0.03678929765886294,0.16521739130434782,0.0,0.014693171996542732,0.4,19
3857266,2022,Denmark,Jesper Lindstrøm,15,24,39,8,0,13,,False,15,115,0.5476190476190477,15,1.0,0.8476190476190476,135,14,12,0.5659340659340659,14,1.0,0.8571428571428571,13,-0.033444816053511586,0.10434782608695652,0.0,-0.011235955056179735,0.0962962962962963,12
3857266,2022,Denmark,Pierre-Emile Højbjerg,61,61,122,13,18,7,,False,15,115,0.5476190476190477,15,1.0,0.8476190476190476,135,14,23,0.5054945054945055,14,1.0,0.8296703296703297,25,0.07692307692307705,0.2,0.0,0.021175453759723347,0.18518518518518517,23
3857266,2022,Denmark,Joakim Mæhle,37,36,73,12,6,21,,False,15,115,0.5476190476190477,15,1.0,0.8476190476190476,135,14,17,0.5384615384615384,14,1.0,0.8351648351648352,27,0.016722408026755994,0.14782608695652175,0.0,0.014693171996542732,0.2,17
3857266,2022,Denmark,Victor Nelsson,68,55,123,13,20,3,,False,15,115,0.5476190476190477,15,1.0,0.8476190476190476,135,14,23,0.5054945054945055,14,1.0,0.8296703296703297,23,0.07692307692307705,0.2,0.0,0.021175453759723347,0.17037037037037037,23
3857266,2022,Denmark,Andreas Christensen,69,67,136,10,20,5,,False,15,115,0.5476190476190477,15,1.0,0.8476190476190476,135,14,17,0.5384615384615384,14,1.0,0.8461538461538461,25,0.016722408026755994,0.14782608695652175,0.0,0.0017286084701814979,0.18518518518518517,17
3857266,2022,Denmark,Kasper Schmeichel,16,6,22,8,10,0,,False,15,115,0.5476190476190477,15,1.0,0.8476190476190476,135,14,10,0.5769230769230769,14,1.0,0.8571428571428571,10,-0.053511705685618534,0.08695652173913043,0.0,-0.011235955056179735,0.07407407407407407,10
3857266,2022,Denmark,Joachim Andersen,42,41,83,12,16,1,,False,15,115,0.5476190476190477,15,1.0,0.8476190476190476,135,14,19,0.5274725274725275,14,1.0,0.8351648351648352,17,0.03678929765886294,0.16521739130434782,0.0,0.014693171996542732,0.1259259259259259,19
3857266,2022,Denmark,Mikkel Damsgaard,23,27,50,9,5,9,,False,15,115,0.5476190476190477,15,1.0,0.8476190476190476,135,14,16,0.5439560439560439,14,1.0,0.8516483516483516,14,0.00668896321070252,0.1391304347826087,0.0,-0.004753673292999119,0.1037037037037037,16
3857266,2022,Denmark,Martin Braithwaite Christensen,3,11,14,7,0,8,,False,15,115,0.5476190476190477,15,1.0,0.8476190476190476,135,14,9,0.5824175824175825,14,1.0,0.8626373626373627,8,-0.06354515050167221,0.0782608695652174,0.0,-0.017718236819360484,0.05925925925925926,9
3857266,2022,Denmark,Kasper Dolberg,3,4,7,6,0,4,,False,15,115,0.5476190476190477,15,1.0,0.8476190476190476,135,14,6,0.5989010989010989,14,1.0,0.8681318681318682,4,-0.09364548494983263,0.05217391304347826,0.0,-0.0242005185825411,0.02962962962962963,6
3857266,2022,Denmark,Christian Nørgaard,14,13,27,9,3,3,,False,15,115,0.5476190476190477,15,1.0,0.8476190476190476,135,14,16,0.5439560439560439,14,1.0,0.8516483516483516,6,0.00668896321070252,0.1391304347826087,0.0,-0.004753673292999119,0.044444444444444446,16
3857266,2022,Denmark,Alexander Hartmann Bah,4,4,8,5,1,2,,False,15,115,0.5476190476190477,15,1.0,0.8476190476190476,135,14,6,0.5989010989010989,14,1.0,0.8736263736263736,3,-0.09364548494983263,0.05217391304347826,0.0,-0.030682800345721715,0.022222222222222223,6
3857266,2022,France,Ousmane Dembélé,23,29,52,8,3,20,,False,15,118,0.5619047619047619,15,1.0,0.819047619047619,137,14,13,0.5769230769230769,14,1.0,0.8241758241758241,23,-0.026727509778357143,0.11016949152542373,0.0,-0.006261180679785309,0.1678832116788321,13
3857266,2022,France,Jules Koundé,53,50,103,11,16,10,,False,15,118,0.5619047619047619,15,1.0,0.819047619047619,137,14,21,0.532967032967033,14,1.0,0.8076923076923077,26,0.05149934810951762,0.17796610169491525,0.0,0.013864042933810326,0.1897810218978102,21
3857266,2022,France,Adrien Rabiot,41,41,82,11,11,8,,False,15,118,0.5619047619047619,15,1.0,0.819047619047619,137,14,21,0.532967032967033,14,1.0,0.8076923076923077,19,0.05149934810951762,0.17796610169491525,0.0,0.013864042933810326,0.1386861313868613,21
3857266,2022,France,Kylian Mbappé Lottin,30,49,79,10,6,29,,False,15,118,0.5619047619047619,15,1.0,0.819047619047619,137,14,17,0.554945054945055,14,1.0,0.8131868131868132,35,0.012385919165580139,0.1440677966101695,0.0,0.007155635062611782,0.25547445255474455,17
3857266,2022,France,Hugo Lloris,20,16,36,8,14,0,,False,15,118,0.5619047619047619,15,1.0,0.819047619047619,137,14,15,0.5659340659340659,14,1.0,0.8241758241758241,14,-0.007170795306388501,0.1271186440677966,0.0,-0.006261180679785309,0.10218978102189781,15
3857266,2022,France,Dayotchanculle Upamecano,54,46,100,11,22,1,,False,15,118,0.5619047619047619,15,1.0,0.819047619047619,137,14,20,0.5384615384615384,14,1.0,0.8076923076923077,23,0.041720990873533294,0.1694915254237288,0.0,0.013864042933810326,0.1678832116788321,20
3857266,2022,France,Theo Bernard François Hernández,66,60,126,10,18,26,,False,15,118,0.5619047619047619,15,1.0,0.819047619047619,137,14,17,0.554945054945055,14,1.0,0.8131868131868132,44,0.012385919165580139,0.1440677966101695,0.0,0.007155635062611782,0.32116788321167883,17
3857266,2022,France,Aurélien Djani Tchouaméni,67,61,128,14,22,8,,False,15,118,0.5619047619047619,15,1.0,0.819047619047619,137,14,28,0.4945054945054945,13,0.9285714285714286,0.7197802197802198,30,0.11994784876140806,0.23728813559322035,0.0714285714285714,0.12119856887298745,0.21897810218978103,28
3857266,2022,France,Raphaël Varane,35,32,67,9,10,2,,False,15,118,0.5619047619047619,15,1.0,0.819047619047619,137,14,16,0.5604395604395604,14,1.0,0.8186813186813187,12,0.0026075619295958187,0.13559322033898305,0.0,0.00044722719141323635,0.08759124087591241,16
3857266,2022,France,Antoine Griezmann,37,34,71,12,10,10,,False,15,118,0.5619047619047619,15,1.0,0.819047619047619,137,14,21,0.532967032967033,14,1.0,0.8021978021978022,20,0.05149934810951762,0.17796610169491525,0.0,0.02057245080500887,0.145985401459854,21
3857266,2022,France,Olivier Giroud,8,14,22,7,2,8,,False,15,118,0.5619047619047619,15,1.0,0.819047619047619,137,14,12,0.5824175824175825,14,1.0,0.8296703296703297,10,-0.03650586701434166,0.1016949152542373,0.0,-0.01296958855098399,0.072992700729927,12
3857266,2022,France,Marcus Thuram,4,5,9,6,0,4,,False,15,118,0.5619047619047619,15,1.0,0.819047619047619,137,14,8,0.6043956043956044,14,1.0,0.8351648351648352,4,-0.07561929595827893,0.06779661016949153,0.0,-0.019677996422182535,0.029197080291970802,8
3857266,2022,France,Ibrahima Konaté,11,12,23,8,1,1,,False,15,118,0.5619047619047619,15,1.0,0.819047619047619,137,14,14,0.5714285714285714,14,1.0,0.8241758241758241,2,-0.016949152542372822,0.11864406779661017,0.0,-0.006261180679785309,0.014598540145985401,14
3857266,2022,France,Kingsley Coman,13,14,27,8,2,10,,False,15,118,0.5619047619047619,15,1.0,0.819047619047619,137,14,11,0.5879120879120879,14,1.0,0.8241758241758241,12,-0.04628422425032598,0.09322033898305085,0.0,-0.006261180679785309,0.08759124087591241,11
3857266,2022,France,Youssouf Fofana,2,1,3,1,0,0,,False,15,118,0.5619047619047619,15,1.0,0.819047619047619,137,14,2,0.6373626373626373,14,1.0,0.8626373626373627,0,-0.13428943937418505,0.01694915254237288,0.0,-0.0532200357781754,0.0,2
3857267,2022,Ecuador,Gonzalo Jordy Plata Jiménez,24,23,47,12,5,13,,False,15,101,0.48095238095238096,15,1.0,0.8126984126984127,108,14,19,0.45054945054945056,14,1.0,0.7930402930402931,18,0.06321401370906322,0.18811881188118812,0.0,0.024188701923076837,0.16666666666666666,19
3857267,2022,Ecuador,Piero Martín Hincapié Reyna,74,75,149,11,27,5,,False,15,101,0.48095238095238096,15,1.0,0.8126984126984127,108,14,19,0.45054945054945056,14,1.0,0.8003663003663003,32,0.06321401370906322,0.18811881188118812,0.0,0.01517427884615393,0.2962962962962963,19
3857267,2022,Ecuador,Angelo Smit Preciado Quiñónez,29,26,55,10,4,16,,False,15,101,0.48095238095238096,15,1.0,0.8126984126984127,108,14,16,0.46703296703296704,14,1.0,0.804029304029304,20,0.028941355674028953,0.15841584158415842,0.0,0.010667067307692407,0.18518518518518517,16
3857267,2022,Ecuador,Felix Eduardo Torres Caicedo,56,55,111,12,19,2,,False,15,101,0.48095238095238096,15,1.0,0.8126984126984127,108,14,20,0.44505494505494503,14,1.0,0.7948717948717948,21,0.07463823305407472,0.19801980198019803,0.0,0.02193509615384621,0.19444444444444445,20
3857267,2022,Ecuador,Pervis Josué Estupiñán Tenorio,42,37,79,11,10,20,,False,15,101,0.48095238095238096,15,1.0,0.8126984126984127,108,14,19,0.45054945054945056,14,1.0,0.8003663003663003,30,0.06321401370906322,0.18811881188118812,0.0,0.01517427884615393,0.2777777777777778,19
3857267,2022,Ecuador,Hernán Ismael Galíndez,22,14,36,6,11,0,,False,15,101,0.48095238095238096,15,1.0,0.8126984126984127,108,14,9,0.5054945054945055,14,1.0,0.8278388278388278,11,-0.051028179741050964,0.0891089108910891,0.0,-0.018629807692307626,0.10185185185185185,9
3857267,2022,Ecuador,Carlos Armando Gruezo Arboleda,13,14,27,8,6,0,,False,15,101,0.48095238095238096,15,1.0,0.8126984126984127,108,14,13,0.4835164835164835,14,1.0,0.8168498168498168,6,-0.005331302361005312,0.12871287128712872,0.0,-0.005108173076923059,0.05555555555555555,13
3857267,2022,Ecuador,Enner Remberto Valencia Lastra,8,18,26,11,1,13,,False,15,101,0.48095238095238096,15,1.0,0.8126984126984127,108,14,14,0.47802197802197804,14,1.0,0.8003663003663003,14,0.006092916984006071,0.13861386138613863,0.0,0.01517427884615393,0.12962962962962962,14
3857267,2022,Ecuador,Moisés Isaac Caicedo Corozo,41,39,80,11,10,10,,False,15,101,0.48095238095238096,15,1.0,0.8126984126984127,108,14,19,0.45054945054945056,14,1.0,0.8003663003663003,20,0.06321401370906322,0.18811881188118812,0.0,0.01517427884615393,0.18518518518518517,19
3857267,2022,Ecuador,Michael Steveen Estrada Martínez,3,12,15,7,0,7,,False,15,101,0.48095238095238096,15,1.0,0.8126984126984127,108,14,9,0.5054945054945055,14,1.0,0.8223443223443223,7,-0.051028179741050964,0.0891089108910891,0.0,-0.011868990384615342,0.06481481481481481,9
3857267,2022,Ecuador,Alan Steven Franco Palma,4,2,6,3,1,0,,False,15,101,0.48095238095238096,15,1.0,0.8126984126984127,108,14,4,0.532967032967033,14,1.0,0.8461538461538461,1,-0.10814927646610811,0.039603960396039604,0.0,-0.04116586538461538,0.009259259259259259,4
3857267,2022,Ecuador,Jeremy Leonel Sarmiento Morante,12,11,23,7,3,8,,False,15,101,0.48095238095238096,15,1.0,0.8126984126984127,108,14,10,0.5,14,1.0,0.8241758241758241,11,-0.03960396039603958,0.09900990099009901,0.0,-0.014122596153846104,0.10185185185185185,10
3857267,2022,Ecuador,José Adoni Cifuentes Charcopa,27,29,56,10,8,9,,False,15,101,0.48095238095238096,15,1.0,0.8126984126984127,108,14,17,0.46153846153846156,14,1.0,0.8058608058608058,17,0.04036557501904034,0.16831683168316833,0.0,0.008413461538461646,0.1574074074074074,17
3857267,2022,Ecuador,Djorkaeff Neicer Reasco González,3,5,8,8,1,4,,False,15,101,0.48095238095238096,15,1.0,0.8126984126984127,108,14,8,0.510989010989011,14,1.0,0.8168498168498168,5,-0.062452399086062343,0.07920792079207921,0.0,-0.005108173076923059,0.046296296296296294,8
3857267,2022,Ecuador,Jackson Gabriel Porozo Vernaza,4,2,6,5,2,1,,False,15,101,0.48095238095238096,15,1.0,0.8126984126984127,108,14,6,0.521978021978022,14,1.0,0.8333333333333333,3,-0.08530083777608534,0.0594059405940594,0.0,-0.02539062499999991,0.027777777777777776,6
3857267,2022,Senegal,Kalidou Koulibaly,20,16,36,10,12,1,,False,13,98,0.6282051282051282,13,1.0,0.8846153846153846,79,12,16,0.6212121212121212,12,1.0,0.8787878787878788,13,0.01113172541743968,0.16326530612244897,0.0,0.006587615283267422,0.16455696202531644,16
3857267,2022,Senegal,Pathé Ismaël Ciss,22,19,41,9,9,5,,False,13,98,0.6282051282051282,13,1.0,0.8846153846153846,79,12,17,0.6136363636363636,12,1.0,0.8863636363636364,14,0.023191094619666015,0.17346938775510204,0.0,-0.0019762845849802643,0.17721518987341772,17
3857267,2022,Senegal,Idrissa Gana Gueye,22,20,42,10,5,6,,False,13,98,0.6282051282051282,13,1.0,0.8846153846153846,79,12,20,0.5909090909090909,12,1.0,0.8787878787878788,11,0.059369202226345015,0.20408163265306123,0.0,0.006587615283267422,0.13924050632911392,20
3857267,2022,Senegal,Ismail Jakobs,21,19,40,11,10,6,,False,13,98,0.6282051282051282,13,1.0,0.8846153846153846,79,12,18,0.6060606060606061,12,1.0,0.8712121212121212,16,0.03525046382189235,0.1836734693877551,0.0,0.01515151515151511,0.20253164556962025,18
3857267,2022,Senegal,Pape Gueye,20,17,37,10,5,7,,False,13,98,0.6282051282051282,13,1.0,0.8846153846153846,79,12,17,0.6136363636363636,12,1.0,0.8787878787878788,12,0.023191094619666015,0.17346938775510204,0.0,0.006587615283267422,0.1518987341772152,17
3857267,2022,Senegal,Ismaïla Sarr,15,25,40,12,3,17,,False,13,98,0.6282051282051282,13,1.0,0.8846153846153846,79,12,17,0.6136363636363636,12,1.0,0.8636363636363636,20,0.023191094619666015,0.17346938775510204,0.0,0.023715415019762796,0.25316455696202533,17
3857267,2022,Senegal,Abdou Diallo,20,19,39,9,10,2,,False,13,98,0.6282051282051282,13,1.0,0.8846153846153846,79,12,16,0.6212121212121212,12,1.0,0.8863636363636364,12,0.01113172541743968,0.16326530612244897,0.0,-0.0019762845849802643,0.1518987341772152,16
3857267,2022,Senegal,Youssouf Sabaly,27,25,52,11,13,7,,False,13,98,0.6282051282051282,13,1.0,0.8846153846153846,79,12,20,0.5909090909090909,12,1.0,0.8712121212121212,20,0.059369202226345015,0.20408163265306123,0.0,0.01515151515151511,0.25316455696202533,20
3857267,2022,Senegal,Iliman Ndiaye,11,15,26,7,0,11,,False,13,98,0.6282051282051282,13,1.0,0.8846153846153846,79,12,11,0.6590909090909091,12,1.0,0.9015151515151515,11,-0.04916512059369199,0.11224489795918367,0.0,-0.019104084321475638,0.13924050632911392,11
3857267,2022,Senegal,Edouard Mendy,16,10,26,7,7,0,,False,13,98,0.6282051282051282,13,1.0,0.8846153846153846,79,12,11,0.6590909090909091,12,1.0,0.9015151515151515,7,-0.04916512059369199,0.11224489795918367,0.0,-0.019104084321475638,0.08860759493670886,11
3857267,2022,Senegal,Boulaye Dia,5,17,22,10,0,13,,False,13,98,0.6282051282051282,13,1.0,0.8846153846153846,79,12,13,0.6439393939393939,12,1.0,0.8787878787878788,13,-0.025046382189239325,0.1326530612244898,0.0,0.006587615283267422,0.16455696202531644,13
3857267,2022,Senegal,Cheikh Ahmadou Bamba Mbacke Dieng,3,5,8,5,0,3,,False,13,98,0.6282051282051282,13,1.0,0.8846153846153846,79,12,7,0.6893939393939394,12,1.0,0.9166666666666666,3,-0.0974025974025975,0.07142857142857142,0.0,-0.036231884057971016,0.0379746835443038,7
3857267,2022,Senegal,Nampalys Mendy,11,6,17,9,5,1,,False,13,98,0.6282051282051282,13,1.0,0.8846153846153846,79,12,13,0.6439393939393939,12,1.0,0.8863636363636364,6,-0.025046382189239325,0.1326530612244898,0.0,-0.0019762845849802643,0.0759493670886076,13
3857268,2022,Canada,Jonathan David,17,29,46,11,5,15,,False,16,129,0.5375,16,1.0,0.8291666666666667,126,15,18,0.5285714285714286,15,1.0,0.8238095238095238,20,0.016611295681063065,0.13953488372093023,0.0,0.0064608758076095864,0.15873015873015872,18
3857268,2022,Canada,Stephen Antunes Eustáquio,58,55,113,13,20,11,,False,16,129,0.5375,16,1.0,0.8291666666666667,126,15,23,0.5047619047619047,15,1.0,0.8142857142857143,31,0.06090808416389811,0.17829457364341086,0.0,0.017946877243359725,0.24603174603174602,23
3857268,2022,Canada,Richie Laryea,14,19,33,8,5,9,,False,16,129,0.5375,16,1.0,0.8291666666666667,126,15,11,0.5619047619047619,15,1.0,0.8380952380952381,14,-0.04540420819490592,0.08527131782945736,0.0,-0.010768126346015754,0.1111111111111111,11
3857268,2022,Canada,Alistair Johnston,46,36,82,12,17,14,,False,16,129,0.5375,16,1.0,0.8291666666666667,126,15,21,0.5142857142857142,15,1.0,0.819047619047619,31,0.043189368770764174,0.16279069767441862,0.0,0.012203876525484655,0.24603174603174602,21
3857268,2022,Canada,Milan Borjan,27,15,42,7,18,0,,False,16,129,0.5375,16,1.0,0.8291666666666667,126,15,12,0.5571428571428572,15,1.0,0.8428571428571429,18,-0.03654485049833895,0.09302325581395349,0.0,-0.016511127063890824,0.14285714285714285,12
3857268,2022,Canada,Kamal Miller,39,35,74,12,17,7,,False,16,129,0.5375,16,1.0,0.8291666666666667,126,15,21,0.5142857142857142,15,1.0,0.819047619047619,24,0.043189368770764174,0.16279069767441862,0.0,0.012203876525484655,0.19047619047619047,21
3857268,2022,Canada,Atiba Hutchinson,27,24,51,10,6,3,,False,16,129,0.5375,16,1.0,0.8291666666666667,126,15,18,0.5285714285714286,15,1.0,0.8285714285714286,9,0.016611295681063065,0.13953488372093023,0.0,0.0007178750897343836,0.07142857142857142,18
3857268,2022,Canada,Steven de Sousa Vitoria,44,40,84,11,21,2,,False,16,129,0.5375,16,1.0,0.8291666666666667,126,15,18,0.5285714285714286,15,1.0,0.8238095238095238,23,0.016611295681063065,0.13953488372093023,0.0,0.0064608758076095864,0.18253968253968253,18
3857268,2022,Canada,Alphonso Davies,33,30,63,14,2,11,,False,16,129,0.5375,16,1.0,0.8291666666666667,126,15,23,0.5047619047619047,15,1.0,0.8095238095238095,13,0.06090808416389811,0.17829457364341086,0.0,0.023689877961234795,0.10317460317460317,23
3857268,2022,Canada,David Junior Hoilett,6,9,15,7,2,6,,False,16,129,0.5375,16,1.0,0.8291666666666667,126,15,11,0.5619047619047619,15,1.0,0.8428571428571429,8,-0.04540420819490592,0.08527131782945736,0.0,-0.016511127063890824,0.06349206349206349,11
3857268,2022,Canada,Tajon Buchanan,18,30,48,11,0,17,,False,16,129,0.5375,16,1.0,0.8291666666666667,126,15,17,0.5333333333333333,15,1.0,0.8238095238095238,17,0.007751937984496097,0.13178294573643412,0.0,0.0064608758076095864,0.1349206349206349,17
3857268,2022,Canada,Ismael Koné,30,30,60,11,6,8,,False,16,129,0.5375,16,1.0,0.8291666666666667,126,15,21,0.5142857142857142,15,1.0,0.8238095238095238,14,0.043189368770764174,0.16279069767441862,0.0,0.0064608758076095864,0.1111111111111111,21
3857268,2022,Canada,Cyle Larin,9,16,25,9,2,10,,False,16,129,0.5375,16,1.0,0.8291666666666667,126,15,13,0.5523809523809524,15,1.0,0.8333333333333334,12,-0.02768549280177198,0.10077519379844961,0.0,-0.005025125628140685,0.09523809523809523,13
3857268,2022,Canada,Sam Adekugbe,20,17,37,9,4,9,,False,16,129,0.5375,16,1.0,0.8291666666666667,126,15,13,0.5523809523809524,15,1.0,0.8333333333333334,13,-0.02768549280177198,0.10077519379844961,0.0,-0.005025125628140685,0.10317460317460317,13
3857268,2022,Canada,Jonathan Osorio,8,9,17,6,0,1,,False,16,129,0.5375,16,1.0,0.8291666666666667,126,15,8,0.5761904761904761,15,1.0,0.8476190476190476,1,-0.07198228128460682,0.06201550387596899,0.0,-0.022254127781765894,0.007936507936507936,8
3857268,2022,Canada,Liam Millar,5,7,12,7,1,3,,False,16,129,0.5375,16,1.0,0.8291666666666667,126,15,10,0.5666666666666667,15,1.0,0.8428571428571429,4,-0.05426356589147288,0.07751937984496124,0.0,-0.016511127063890824,0.031746031746031744,10
3857268,2022,Belgium,Kevin De Bruyne,29,33,62,13,10,16,,False,15,119,0.5666666666666667,15,1.0,0.8380952380952381,121,14,24,0.521978021978022,14,1.0,0.8186813186813187,26,0.07886231415643172,0.20168067226890757,0.0,0.023164335664335713,0.21487603305785125,24
3857268,2022,Belgium,Youri Tielemans,14,17,31,7,1,7,,False,15,119,0.5666666666666667,15,1.0,0.8380952380952381,121,14,13,0.5824175824175825,14,1.0,0.8516483516483516,8,-0.02779573367808672,0.1092436974789916,0.0,-0.016171328671328613,0.06611570247933884,13
3857268,2022,Belgium,Toby Alderweireld,69,66,135,13,17,0,,False,15,119,0.5666666666666667,15,1.0,0.8380952380952381,121,14,20,0.5439560439560439,14,1.0,0.8186813186813187,17,0.04007756948933425,0.16806722689075632,0.0,0.023164335664335713,0.14049586776859505,20
3857268,2022,Belgium,Axel Witsel,45,32,77,14,10,5,,False,15,119,0.5666666666666667,15,1.0,0.8380952380952381,121,14,25,0.5164835164835165,14,1.0,0.8113553113553112,15,0.08855850032320609,0.21008403361344538,0.0,0.03190559440559455,0.12396694214876033,25
3857268,2022,Belgium,Eden Hazard,20,22,42,10,4,13,,False,15,119,0.5666666666666667,15,1.0,0.8380952380952381,121,14,17,0.5604395604395604,14,1.0,0.8351648351648352,17,0.01098901098901095,0.14285714285714285,0.0,0.003496503496503484,0.14049586776859505,17
3857268,2022,Belgium,Jan Vertonghen,55,62,117,10,17,8,,False,15,119,0.5666666666666667,15,1.0,0.8380952380952381,121,14,18,0.554945054945055,14,1.0,0.8351648351648352,25,0.020685197155785318,0.15126050420168066,0.0,0.003496503496503484,0.2066115702479339,18
3857268,2022,Belgium,Leander Dendoncker,73,67,140,11,22,5,,False,15,119,0.5666666666666667,15,1.0,0.8380952380952381,121,14,20,0.5439560439560439,14,1.0,0.8296703296703297,27,0.04007756948933425,0.16806722689075632,0.0,0.010052447552447516,0.2231404958677686,20
3857268,2022,Belgium,Timothy Castagne,34,37,71,11,10,20,,False,15,119,0.5666666666666667,15,1.0,0.8380952380952381,121,14,20,0.5439560439560439,14,1.0,0.8296703296703297,30,0.04007756948933425,0.16806722689075632,0.0,0.010052447552447516,0.24793388429752067,20
3857268,2022,Belgium,Thibaut Courtois,42,26,68,9,20,0,,False,15,119,0.5666666666666667,15,1.0,0.8380952380952381,121,14,13,0.5824175824175825,14,1.0,0.8406593406593407,20,-0.02779573367808672,0.1092436974789916,0.0,-0.0030594405594405487,0.1652892561983471,13
3857268,2022,Belgium,Michy Batshuayi Tunga,8,21,29,10,0,16,,False,15,119,0.5666666666666667,15,1.0,0.8380952380952381,121,14,14,0.5769230769230769,14,1.0,0.8351648351648352,16,-0.018099547511312153,0.11764705882352941,0.0,0.003496503496503484,0.1322314049586777,14
3857268,2022,Belgium,Yannick Ferreira Carrasco,13,11,24,4,0,7,,False,15,119,0.5666666666666667,15,1.0,0.8380952380952381,121,14,6,0.6208791208791209,14,1.0,0.8681318681318682,7,-0.09566903684550748,0.05042016806722689,0.0,-0.03583916083916085,0.05785123966942149,6
3857268,2022,Belgium,Amadou Onana,18,19,37,8,3,6,,False,15,119,0.5666666666666667,15,1.0,0.8380952380952381,121,14,15,0.5714285714285714,14,1.0,0.8461538461538461,9,-0.008403361344537785,0.12605042016806722,0.0,-0.009615384615384581,0.0743801652892562,15
3857268,2022,Belgium,Thomas Meunier,17,18,35,9,5,8,,False,15,119,0.5666666666666667,15,1.0,0.8380952380952381,121,14,14,0.5769230769230769,14,1.0,0.8406593406593407,13,-0.018099547511312153,0.11764705882352941,0.0,-0.0030594405594405487,0.10743801652892562,14
3857268,2022,Belgium,Leandro Trossard,11,14,25,8,2,5,,False,15,119,0.5666666666666667,15,1.0,0.8380952380952381,121,14,12,0.5879120879120879,14,1.0,0.8461538461538461,7,-0.03749191984486108,0.10084033613445378,0.0,-0.009615384615384581,0.05785123966942149,12
3857268,2022,Belgium,Ikoma Loïs Openda,3,6,9,5,0,5,,False,15,119,0.5666666666666667,15,1.0,0.8380952380952381,121,14,7,0.6153846153846154,14,1.0,0.8626373626373627,5,-0.08597285067873311,0.058823529411764705,0.0,-0.02928321678321681,0.04132231404958678,7
3857269,2022,Switzerland,Djibril Sow,19,18,37,10,3,7,,False,16,116,0.48333333333333334,16,1.0,0.8069444444444446,101,15,16,0.47619047619047616,15,1.0,0.8031746031746033,10,0.014778325123152771,0.13793103448275862,0.0,0.004671748217359216,0.09900990099009901,16
3857269,2022,Switzerland,Manuel Obafemi Akanji,67,70,137,14,24,6,,False,16,116,0.48333333333333334,16,1.0,0.8069444444444446,101,15,23,0.44285714285714284,15,1.0,0.7809523809523811,30,0.08374384236453207,0.19827586206896552,0.0,0.032210474551266306,0.297029702970297,23
3857269,2022,Switzerland,Nico Elvedi,67,62,129,10,16,2,,False,16,116,0.48333333333333334,16,1.0,0.8069444444444446,101,15,17,0.4714285714285714,15,1.0,0.8031746031746033,18,0.024630541871921208,0.14655172413793102,0.0,0.004671748217359216,0.1782178217821782,17
3857269,2022,Switzerland,Ricardo Iván Rodríguez Araya,41,33,74,11,9,12,,False,16,116,0.48333333333333334,16,1.0,0.8069444444444446,101,15,17,0.4714285714285714,15,1.0,0.7984126984126985,21,0.024630541871921208,0.14655172413793102,0.0,0.010572903860339414,0.2079207920792079,17
3857269,2022,Switzerland,Ruben Vargas,13,20,33,8,2,12,,False,16,116,0.48333333333333334,16,1.0,0.8069444444444446,101,15,12,0.49523809523809526,15,1.0,0.8126984126984128,14,-0.024630541871921208,0.10344827586206896,0.0,-0.007130563068600908,0.13861386138613863,12
3857269,2022,Switzerland,Breel-Donald Embolo,8,17,25,11,1,13,,False,16,116,0.48333333333333334,16,1.0,0.8069444444444446,101,15,16,0.47619047619047616,15,1.0,0.7984126984126985,14,0.014778325123152771,0.13793103448275862,0.0,0.010572903860339414,0.13861386138613863,16
3857269,2022,Switzerland,Yann Sommer,46,30,76,8,13,0,,False,16,116,0.48333333333333334,16,1.0,0.8069444444444446,101,15,13,0.49047619047619045,15,1.0,0.8126984126984128,13,-0.014778325123152657,0.11206896551724138,0.0,-0.007130563068600908,0.12871287128712872,13
3857269,2022,Switzerland,Silvan Widmer,35,44,79,11,9,14,,False,16,116,0.48333333333333334,16,1.0,0.8069444444444446,101,15,19,0.46190476190476193,15,1.0,0.7984126984126985,23,0.04433497536945809,0.16379310344827586,0.0,0.010572903860339414,0.22772277227722773,19
3857269,2022,Switzerland,Granit Xhaka,59,57,116,13,12,9,,False,16,116,0.48333333333333334,16,1.0,0.8069444444444446,101,15,24,0.4380952380952381,15,1.0,0.788888888888889,21,0.0935960591133005,0.20689655172413793,0.0,0.02237521514629954,0.2079207920792079,24
3857269,2022,Switzerland,Remo Freuler,35,30,65,13,9,5,,False,16,116,0.48333333333333334,16,1.0,0.8069444444444446,101,15,21,0.4523809523809524,15,1.0,0.7873015873015874,14,0.06403940886699508,0.1810344827586207,0.0,0.02434226702729289,0.13861386138613863,21
3857269,2022,Switzerland,Fabian Rieder,9,14,23,6,0,7,,False,16,116,0.48333333333333334,16,1.0,0.8069444444444446,101,15,12,0.49523809523809526,15,1.0,0.8222222222222223,7,-0.024630541871921208,0.10344827586206896,0.0,-0.018932874354561032,0.06930693069306931,12
3857269,2022,Switzerland,Edimilson Fernandes,11,13,24,9,0,4,,False,16,116,0.48333333333333334,16,1.0,0.8069444444444446,101,15,14,0.4857142857142857,15,1.0,0.8079365079365081,4,-0.004926108374384219,0.1206896551724138,0.0,-0.0012294074256208461,0.039603960396039604,14
3857269,2022,Switzerland,Renato Steffen,12,9,21,10,3,4,,False,16,116,0.48333333333333334,16,1.0,0.8069444444444446,101,15,13,0.49047619047619045,15,1.0,0.8031746031746033,7,-0.014778325123152657,0.11206896551724138,0.0,0.004671748217359216,0.06930693069306931,13
3857269,2022,Switzerland,Michel Aebischer,2,4,6,3,0,3,,False,16,116,0.48333333333333334,16,1.0,0.8069444444444446,101,15,4,0.5333333333333333,15,1.0,0.8380952380952381,3,-0.10344827586206894,0.034482758620689655,0.0,-0.03860339316449457,0.0297029702970297,4
3857269,2022,Switzerland,Haris Seferović,2,3,5,5,0,2,,False,16,116,0.48333333333333334,16,1.0,0.8069444444444446,101,15,5,0.5285714285714286,15,1.0,0.8285714285714286,2,-0.0935960591133005,0.04310344827586207,0.0,-0.026801081878534447,0.019801980198019802,5
3857269,2022,Switzerland,Fabian Frei,2,4,6,6,0,1,,False,16,116,0.48333333333333334,16,1.0,0.8069444444444446,101,15,6,0.5238095238095238,15,1.0,0.8222222222222223,1,-0.08374384236453207,0.05172413793103448,0.0,-0.018932874354561032,0.009900990099009901,6
3857269,2022,Brazil,Marcos Aoás Corrêa,92,81,173,12,20,3,,False,16,135,0.5625,16,1.0,0.8291666666666667,119,15,23,0.5333333333333333,15,1.0,0.819047619047619,23,0.051851851851851864,0.17037037037037037,0.0,0.012203876525484655,0.19327731092436976,23
3857269,2022,Brazil,Vinícius José Paixão de Oliveira Júnior,18,37,55,13,3,28,,False,16,135,0.5625,16,1.0,0.8291666666666667,119,15,19,0.5523809523809524,15,1.0,0.8126984126984127,31,0.017989417989417927,0.14074074074074075,0.0,0.019861210815984746,0.2605042016806723,19
3857269,2022,Brazil,Carlos Henrique Casimiro,40,35,75,13,13,6,,False,16,135,0.5625,16,1.0,0.8291666666666667,119,15,24,0.5285714285714286,15,1.0,0.8126984126984127,19,0.0603174603174603,0.17777777777777778,0.0,0.019861210815984746,0.15966386554621848,24
3857269,2022,Brazil,Lucas Tolentino Coelho de Lima,33,36,69,9,7,11,,False,16,135,0.5625,16,1.0,0.8291666666666667,119,15,16,0.5666666666666667,15,1.0,0.8333333333333334,18,-0.007407407407407381,0.11851851851851852,0.0,-0.005025125628140685,0.15126050420168066,16
3857269,2022,Brazil,Alex Sandro Lobo Silva,63,50,113,11,14,7,,False,16,135,0.5625,16,1.0,0.8291666666666667,119,15,19,0.5523809523809524,15,1.0,0.8222222222222222,21,0.017989417989417927,0.14074074074074075,0.0,0.00837520938023461,0.17647058823529413,19
3857269,2022,Brazil,Thiago Emiliano da Silva,77,76,153,13,25,1,,False,16,135,0.5625,16,1.0,0.8291666666666667,119,15,24,0.5285714285714286,15,1.0,0.8142857142857143,26,0.0603174603174603,0.17777777777777778,0.0,0.017946877243359725,0.2184873949579832,24
3857269,2022,Brazil,Éder Gabriel Militão,56,51,107,12,15,8,,False,16,135,0.5625,16,1.0,0.8291666666666667,119,15,22,0.5380952380952381,15,1.0,0.819047619047619,23,0.04338624338624343,0.16296296296296298,0.0,0.012203876525484655,0.19327731092436976,22
3857269,2022,Brazil,Alisson Ramsés Becker,11,8,19,5,4,0,,False,16,135,0.5625,16,1.0,0.8291666666666667,119,15,9,0.6,15,1.0,0.8523809523809524,4,-0.06666666666666662,0.06666666666666667,0.0,-0.02799712849964096,0.03361344537815126,9
3857269,2022,Brazil,Raphael Dias Belloli,25,28,53,11,4,16,,False,16,135,0.5625,16,1.0,0.8291666666666667,119,15,18,0.5571428571428572,15,1.0,0.8238095238095238,20,0.00952380952380949,0.13333333333333333,0.0,0.0064608758076095864,0.16806722689075632,18
3857269,2022,Brazil,Richarlison de Andrade,3,12,15,6,0,10,,False,16,135,0.5625,16,1.0,0.8291666666666667,119,15,9,0.6,15,1.0,0.8476190476190476,10,-0.06666666666666662,0.06666666666666667,0.0,-0.022254127781765894,0.08403361344537816,9
3857269,2022,Brazil,Frederico Rodrigues Santos,23,25,48,10,5,8,,False,16,135,0.5625,16,1.0,0.8291666666666667,119,15,17,0.5619047619047619,15,1.0,0.8285714285714286,13,0.0010582010582010544,0.1259259259259259,0.0,0.0007178750897343836,0.1092436974789916,17
3857269,2022,Brazil,Rodrygo Silva de Goes,21,23,44,12,2,5,,False,16,135,0.5625,16,1.0,0.8291666666666667,119,15,20,0.5476190476190477,15,1.0,0.819047619047619,7,0.02645502645502636,0.14814814814814814,0.0,0.012203876525484655,0.058823529411764705,20
3857269,2022,Brazil,Bruno Guimarães Rodriguez Moura,20,23,43,11,2,7,,False,16,135,0.5625,16,1.0,0.8291666666666667,119,15,19,0.5523809523809524,15,1.0,0.8238095238095238,9,0.017989417989417927,0.14074074074074075,0.0,0.0064608758076095864,0.07563025210084033,19
3857269,2022,Brazil,Antony Matheus dos Santos,11,11,22,7,0,4,,False,16,135,0.5625,16,1.0,0.8291666666666667,119,15,11,0.5904761904761905,15,1.0,0.8428571428571429,4,-0.04973544973544976,0.08148148148148149,0.0,-0.016511127063890824,0.03361344537815126,11
3857269,2022,Brazil,Gabriel Fernando de Jesus,4,5,9,6,2,3,,False,16,135,0.5625,16,1.0,0.8291666666666667,119,15,8,0.6047619047619047,15,1.0,0.8476190476190476,5,-0.07513227513227506,0.05925925925925926,0.0,-0.022254127781765894,0.04201680672268908,8
3857269,2022,Brazil,Alex Nicolao Telles,10,6,16,7,3,2,,False,16,135,0.5625,16,1.0,0.8291666666666667,119,15,12,0.5857142857142857,15,1.0,0.8428571428571429,5,-0.04126984126984132,0.08888888888888889,0.0,-0.016511127063890824,0.04201680672268908,12
3857270,2022,Uruguay,Darwin Gabriel Núñez Ribeiro,11,21,32,10,0,15,,False,16,130,0.5416666666666666,16,1.0,0.825,91,15,16,0.5428571428571428,15,1.0,0.8238095238095238,15,-0.00219780219780219,0.12307692307692308,0.0,0.001443001443001438,0.16483516483516483,16
3857270,2022,Uruguay,Matías Vecino Falero,11,13,24,9,5,5,,False,16,130,0.5416666666666666,16,1.0,0.825,91,15,14,0.5523809523809524,15,1.0,0.8285714285714286,10,-0.019780219780219915,0.1076923076923077,0.0,-0.004329004329004449,0.10989010989010989,14
3857270,2022,Uruguay,José María Giménez de Vargas,40,37,77,11,16,1,,False,16,130,0.5416666666666666,16,1.0,0.825,91,15,21,0.5190476190476191,15,1.0,0.819047619047619,17,0.04175824175824161,0.16153846153846155,0.0,0.00721500721500719,0.18681318681318682,21
3857270,2022,Uruguay,Diego Roberto Godín Leal,19,13,32,9,4,1,,False,16,130,0.5416666666666666,16,1.0,0.825,91,15,15,0.5476190476190477,15,1.0,0.8285714285714286,5,-0.010989010989011156,0.11538461538461539,0.0,-0.004329004329004449,0.054945054945054944,15
3857270,2022,Uruguay,Sergio Rochet Álvarez,15,14,29,9,6,0,,False,16,130,0.5416666666666666,16,1.0,0.825,91,15,13,0.5571428571428572,15,1.0,0.8285714285714286,6,-0.028571428571428678,0.1,0.0,-0.004329004329004449,0.06593406593406594,13
3857270,2022,Uruguay,Mathías Olivera Miramontes,27,23,50,11,2,8,,False,16,130,0.5416666666666666,16,1.0,0.825,91,15,20,0.5238095238095238,15,1.0,0.819047619047619,10,0.03296703296703285,0.15384615384615385,0.0,0.00721500721500719,0.10989010989010989,20
3857270,2022,Uruguay,Edinson Roberto Cavani Gómez,13,18,31,11,1,8,,False,16,130,0.5416666666666666,16,1.0,0.825,91,15,19,0.5285714285714286,15,1.0,0.819047619047619,9,0.02417582417582409,0.14615384615384616,0.0,0.00721500721500719,0.0989010989010989,19
3857270,2022,Uruguay,Sebastián Coates Nión,38,30,68,14,20,0,,False,16,130,0.5416666666666666,16,1.0,0.825,91,15,22,0.5142857142857142,15,1.0,0.8047619047619048,20,0.05054945054945058,0.16923076923076924,0.0,0.024531024531024445,0.21978021978021978,22
3857270,2022,Uruguay,Rodrigo Bentancur Colmán,49,41,90,14,12,11,,False,16,130,0.5416666666666666,16,1.0,0.825,91,15,24,0.5047619047619047,15,1.0,0.8047619047619048,23,0.0681318681318681,0.18461538461538463,0.0,0.024531024531024445,0.25274725274725274,24
3857270,2022,Uruguay,Federico Santiago Valverde Dipetta,38,39,77,15,12,9,,False,16,130,0.5416666666666666,16,1.0,0.825,91,15,27,0.49047619047619045,15,1.0,0.8,21,0.09450549450549449,0.2076923076923077,0.0,0.030303030303030196,0.23076923076923078,27
3857270,2022,Uruguay,Guillermo Varela Olivera,23,23,46,9,7,5,,False,16,130,0.5416666666666666,16,1.0,0.825,91,15,16,0.5428571428571428,15,1.0,0.8285714285714286,12,-0.00219780219780219,0.12307692307692308,0.0,-0.004329004329004449,0.13186813186813187,16
3857270,2022,Uruguay,Giorgian Daniel De Arrascaeta Benedetti,20,21,41,11,2,11,,False,16,130,0.5416666666666666,16,1.0,0.825,91,15,18,0.5333333333333333,15,1.0,0.819047619047619,13,0.015384615384615332,0.13846153846153847,0.0,0.00721500721500719,0.14285714285714285,18
3857270,2022,Uruguay,Facundo Pellistri Rebollo,9,13,22,8,1,7,,False,16,130,0.5416666666666666,16,1.0,0.825,91,15,12,0.5619047619047619,15,1.0,0.8333333333333334,8,-0.03736263736263744,0.09230769230769231,0.0,-0.0101010101010102,0.08791208791208792,12
3857270,2022,Uruguay,Luis Alberto Suárez Díaz,5,8,13,6,1,4,,False,16,130,0.5416666666666666,16,1.0,0.825,91,15,10,0.5714285714285714,15,1.0,0.8428571428571429,5,-0.05494505494505496,0.07692307692307693,0.0,-0.021645021645021703,0.054945054945054944,10
3857270,2022,Uruguay,Maximiliano Gómez González,2,4,6,5,0,3,,False,16,130,0.5416666666666666,16,1.0,0.825,91,15,6,0.5904761904761905,15,1.0,0.8476190476190476,3,-0.0901098901098902,0.046153846153846156,0.0,-0.027417027417027454,0.03296703296703297,6
3857270,2022,Uruguay,Matías Nicolás Viña Susperreguy,4,6,10,4,2,3,,False,16,130,0.5416666666666666,16,1.0,0.825,91,15,7,0.5857142857142857,15,1.0,0.8523809523809524,5,-0.08131868131868145,0.05384615384615385,0.0,-0.033189033189033205,0.054945054945054944,7
3857270,2022,Portugal,Bruno Miguel Borges Fernandes,48,58,106,13,13,15,,False,16,136,0.5666666666666667,16,1.0,0.8333333333333334,122,15,22,0.5428571428571428,15,1.0,0.819047619047619,28,0.04201680672268912,0.16176470588235295,0.0,0.017142857142857213,0.22950819672131148,22
3857270,2022,Portugal,João Félix Sequeira,30,41,71,10,3,18,,False,16,136,0.5666666666666667,16,1.0,0.8333333333333334,122,15,18,0.5619047619047619,15,1.0,0.8333333333333334,21,0.008403361344537785,0.1323529411764706,0.0,0.0,0.1721311475409836,18
3857270,2022,Portugal,Cristiano Ronaldo dos Santos Aveiro,30,40,70,11,2,22,,False,16,136,0.5666666666666667,16,1.0,0.8333333333333334,122,15,19,0.5571428571428572,15,1.0,0.8285714285714286,24,0.01680672268907557,0.13970588235294118,0.0,0.0057142857142856935,0.19672131147540983,19
3857270,2022,Portugal,William Silva de Carvalho,59,55,114,11,15,9,,False,16,136,0.5666666666666667,16,1.0,0.8333333333333334,122,15,20,0.5523809523809524,15,1.0,0.8285714285714286,24,0.025210084033613356,0.14705882352941177,0.0,0.0057142857142856935,0.19672131147540983,20
3857270,2022,Portugal,Nuno Mendes,30,28,58,7,7,6,,False,16,136,0.5666666666666667,16,1.0,0.8333333333333334,122,15,14,0.580952380952381,15,1.0,0.8476190476190476,13,-0.025210084033613554,0.10294117647058823,0.0,-0.01714285714285708,0.10655737704918032,14
3857270,2022,Portugal,Rúben Santos Gato Alves Dias,57,48,105,12,20,4,,False,16,136,0.5666666666666667,16,1.0,0.8333333333333334,122,15,22,0.5428571428571428,15,1.0,0.8238095238095238,24,0.04201680672268912,0.16176470588235295,0.0,0.01142857142857152,0.19672131147540983,22
3857270,2022,Portugal,Diogo Meireles Costa,22,26,48,8,12,0,,False,16,136,0.5666666666666667,16,1.0,0.8333333333333334,122,15,14,0.580952380952381,15,1.0,0.8428571428571429,12,-0.025210084033613554,0.10294117647058823,0.0,-0.011428571428571387,0.09836065573770492,14
3857270,2022,Portugal,Kléper Laveran Lima Ferreira,51,43,94,12,17,1,,False,16,136,0.5666666666666667,16,1.0,0.8333333333333334,122,15,19,0.5571428571428572,15,1.0,0.8238095238095238,18,0.01680672268907557,0.13970588235294118,0.0,0.01142857142857152,0.14754098360655737,19
3857270,2022,Portugal,Bernardo Mota Veiga de Carvalho e Silva,55,52,107,14,8,19,,False,16,136,0.5666666666666667,16,1.0,0.8333333333333334,122,15,27,0.5190476190476191,15,1.0,0.8142857142857143,27,0.08403361344537805,0.19852941176470587,0.0,0.02285714285714291,0.22131147540983606,27
3857270,2022,Portugal,João Pedro Cavaco Cancelo,51,45,96,13,8,8,,False,16,136,0.5666666666666667,16,1.0,0.8333333333333334,122,15,21,0.5476190476190477,15,1.0,0.819047619047619,16,0.03361344537815114,0.15441176470588236,0.0,0.017142857142857213,0.13114754098360656,21
3857270,2022,Portugal,Rúben Diogo Da Silva Neves,44,43,87,11,7,4,,False,16,136,0.5666666666666667,16,1.0,0.8333333333333334,122,15,21,0.5476190476190477,15,1.0,0.8285714285714286,11,0.03361344537815114,0.15441176470588236,0.0,0.0057142857142856935,0.09016393442622951,21
3857270,2022,Portugal,Raphaël Adelino José Guerreiro,24,19,43,13,6,5,,False,16,136,0.5666666666666667,16,1.0,0.8333333333333334,122,15,21,0.5476190476190477,15,1.0,0.819047619047619,11,0.03361344537815114,0.15441176470588236,0.0,0.017142857142857213,0.09016393442622951,21
3857270,2022,Portugal,Rafael Alexandre Conceição Leão,8,11,19,6,2,6,,False,16,136,0.5666666666666667,16,1.0,0.8333333333333334,122,15,10,0.6,15,1.0,0.8523809523809524,8,-0.05882352941176469,0.07352941176470588,0.0,-0.022857142857142774,0.06557377049180328,10
3857270,2022,Portugal,Gonçalo Matias Ramos,5,5,10,5,1,4,,False,16,136,0.5666666666666667,16,1.0,0.8333333333333334,122,15,7,0.6142857142857143,15,1.0,0.8571428571428571,5,-0.08403361344537824,0.051470588235294115,0.0,-0.02857142857142847,0.040983606557377046,7
3857270,2022,Portugal,João Maria Lobo Alves Palhinha Gonçalves,7,6,13,7,1,0,,False,16,136,0.5666666666666667,16,1.0,0.8333333333333334,122,15,9,0.6047619047619047,15,1.0,0.8476190476190476,1,-0.06722689075630248,0.0661764705882353,0.0,-0.01714285714285708,0.00819672131147541,9
3857270,2022,Portugal,Matheus Luiz Nunes,4,5,9,7,0,1,,False,16,136,0.5666666666666667,16,1.0,0.8333333333333334,122,15,8,0.6095238095238096,15,1.0,0.8476190476190476,1,-0.07563025210084046,0.058823529411764705,0.0,-0.01714285714285708,0.00819672131147541,8
3857271,2022,Iran,Alireza Jahanbakhsh,5,6,11,5,1,2,,False,17,95,0.3492647058823529,17,1.0,0.7242647058823531,49,16,8,0.3625,16,1.0,0.7347222222222224,3,-0.03789473684210529,0.08421052631578947,0.0,-0.014438804286519967,0.061224489795918366,8
3857271,2022,Iran,Morteza Pouraliganji,18,16,34,11,6,2,,False,17,95,0.3492647058823529,17,1.0,0.7242647058823531,49,16,17,0.325,16,1.0,0.7083333333333336,8,0.06947368421052623,0.17894736842105263,0.0,0.02199661590524526,0.16326530612244897,17
3857271,2022,Iran,Mehdi Taremi,17,20,37,13,3,12,,False,17,95,0.3492647058823529,17,1.0,0.7242647058823531,49,16,21,0.30833333333333335,16,1.0,0.6944444444444446,15,0.11719298245614027,0.22105263157894736,0.0,0.04117315284827975,0.30612244897959184,21
3857271,2022,Iran,Roozbeh Cheshmi,5,4,9,5,0,0,,False,17,95,0.3492647058823529,17,1.0,0.7242647058823531,49,16,7,0.36666666666666664,15,0.9375,0.6861111111111112,0,-0.04982456140350876,0.07368421052631578,0.0625,0.0526790750141005,0.0,7
3857271,2022,Iran,Alireza Safar Beiranvand,0,1,1,1,0,0,,True,17,95,0.3492647058823529,17,1.0,0.7242647058823531,49,16,1,0.39166666666666666,16,1.0,0.7652777777777777,0,-0.12140350877192987,0.010526315789473684,0.0,-0.056627185561195344,0.0,1
3857271,2022,Iran,Ehsan Hajsafi,16,19,35,11,8,7,,False,17,95,0.3492647058823529,17,1.0,0.7242647058823531,49,16,16,0.32916666666666666,16,1.0,0.7083333333333337,15,0.057543859649122765,0.16842105263157894,0.0,0.02199661590524511,0.30612244897959184,16
3857271,2022,Iran,Ali Karimi,3,3,6,5,0,1,,False,17,95,0.3492647058823529,17,1.0,0.7242647058823531,49,16,6,0.37083333333333335,16,1.0,0.7347222222222225,1,-0.06175438596491238,0.06315789473684211,0.0,-0.01443880428652012,0.02040816326530612,6
3857271,2022,Iran,Milad Mohammadi,9,8,17,4,2,4,,False,17,95,0.3492647058823529,17,1.0,0.7242647058823531,49,16,8,0.3625,16,1.0,0.738888888888889,6,-0.03789473684210529,0.08421052631578947,0.0,-0.020191765369430268,0.12244897959183673,8
3857271,2022,Iran,Ahmad Nourollahi,12,13,25,9,4,5,,False,17,95,0.3492647058823529,17,1.0,0.7242647058823531,49,16,14,0.3375,16,1.0,0.7180555555555557,9,0.03368421052631567,0.14736842105263157,0.0,0.008573040045121385,0.1836734693877551,14
3857271,2022,Iran,Sadegh Moharrami,19,14,33,11,2,6,,False,17,95,0.3492647058823529,17,1.0,0.7242647058823531,49,16,16,0.32916666666666666,16,1.0,0.7097222222222224,8,0.057543859649122765,0.16842105263157894,0.0,0.02007896221094198,0.16326530612244897,16
3857271,2022,Iran,Seyed Hossein Hosseini,7,8,15,7,6,0,,False,17,95,0.3492647058823529,17,1.0,0.7242647058823531,49,16,9,0.35833333333333334,16,1.0,0.7263888888888891,6,-0.025964912280701823,0.09473684210526316,0.0,-0.0029328821206993684,0.12244897959183673,9
3857271,2022,Iran,Seyed Majid Hosseini,12,11,23,11,2,0,,False,17,95,0.3492647058823529,17,1.0,0.7242647058823531,49,16,16,0.32916666666666666,16,1.0,0.7083333333333336,2,0.057543859649122765,0.16842105263157894,0.0,0.02199661590524526,0.04081632653061224,16
3857271,2022,Iran,Saeid Ezatolahi Afagh,9,8,17,8,4,0,,False,17,95,0.3492647058823529,17,1.0,0.7242647058823531,49,16,10,0.3541666666666667,16,1.0,0.7222222222222224,4,-0.014035087719298355,0.10526315789473684,0.0,0.002820078962210931,0.08163265306122448,10
3857271,2022,Iran,Mohammad Hossein Kanani Zadegan,8,7,15,9,5,0,,False,17,95,0.3492647058823529,17,1.0,0.7242647058823531,49,16,12,0.3458333333333333,16,1.0,0.7180555555555557,5,0.009824561403508738,0.12631578947368421,0.0,0.008573040045121385,0.10204081632653061,12
3857271,2022,Iran,Ali Gholizadeh,10,13,23,7,3,6,,False,17,95,0.3492647058823529,17,1.0,0.7242647058823531,49,16,11,0.35,16,1.0,0.7263888888888891,9,-0.0021052631578947294,0.11578947368421053,0.0,-0.0029328821206993684,0.1836734693877551,11
3857271,2022,Iran,Mehdi Torabi,9,8,17,9,2,3,,False,17,95,0.3492647058823529,17,1.0,0.7242647058823531,49,16,11,0.35,16,1.0,0.7180555555555557,5,-0.0021052631578947294,0.11578947368421053,0.0,0.008573040045121385,0.10204081632653061,11
3857271,2022,Iran,Sardar Azmoun,4,4,8,4,1,1,,False,17,95,0.3492647058823529,17,1.0,0.7242647058823531,49,16,7,0.36666666666666664,16,1.0,0.7402777777777778,2,-0.04982456140350876,0.07368421052631578,0.0,-0.022109419063733548,0.04081632653061224,7
3857271,2022,England,Kieran Trippier,84,74,158,13,12,24,,False,16,142,0.5916666666666667,16,1.0,0.8541666666666666,191,15,22,0.5714285714285714,15,1.0,0.8428571428571429,36,0.034205231388330044,0.15492957746478872,0.0,0.013240418118466853,0.18848167539267016,22
3857271,2022,England,John Stones,117,112,229,15,41,2,,False,16,142,0.5916666666666667,16,1.0,0.8541666666666666,191,15,25,0.5571428571428572,15,1.0,0.8333333333333334,43,0.05835010060362171,0.176056338028169,0.0,0.02439024390243894,0.225130890052356,25
3857271,2022,England,Luke Shaw,104,97,201,14,19,39,,False,16,142,0.5916666666666667,16,1.0,0.8541666666666666,191,15,24,0.5619047619047619,15,1.0,0.8380952380952381,58,0.05030181086519116,0.16901408450704225,0.0,0.018815331010452897,0.3036649214659686,24
3857271,2022,England,Harry Maguire,64,57,121,9,28,0,,False,16,142,0.5916666666666667,16,1.0,0.8541666666666666,191,15,16,0.6,15,1.0,0.861904761904762,28,-0.014084507042253471,0.11267605633802817,0.0,-0.00905923344947745,0.14659685863874344,16
3857271,2022,England,Jude Bellingham,94,86,180,15,23,22,,False,16,142,0.5916666666666667,16,1.0,0.8541666666666666,191,15,28,0.5428571428571428,15,1.0,0.8333333333333334,45,0.08249496981891356,0.19718309859154928,0.0,0.02439024390243894,0.2356020942408377,28
3857271,2022,England,Declan Rice,92,85,177,15,22,8,,False,16,142,0.5916666666666667,16,1.0,0.8541666666666666,191,15,26,0.5523809523809524,15,1.0,0.8333333333333334,30,0.06639839034205226,0.18309859154929578,0.0,0.02439024390243894,0.15706806282722513,26
3857271,2022,England,Mason Mount,32,35,67,10,9,13,,False,16,142,0.5916666666666667,16,1.0,0.8541666666666666,191,15,18,0.5904761904761905,15,1.0,0.8571428571428571,22,0.0020120724346076387,0.1267605633802817,0.0,-0.003484320557491277,0.11518324607329843,18
3857271,2022,England,Bukayo Saka,22,31,53,9,2,20,,False,16,142,0.5916666666666667,16,1.0,0.8541666666666666,191,15,16,0.6,15,1.0,0.861904761904762,22,-0.014084507042253471,0.11267605633802817,0.0,-0.00905923344947745,0.11518324607329843,16
3857271,2022,England,Raheem Sterling,25,33,58,9,7,14,,False,16,142,0.5916666666666667,16,1.0,0.8541666666666666,191,15,17,0.5952380952380952,15,1.0,0.861904761904762,21,-0.0060362173038229164,0.11971830985915492,0.0,-0.00905923344947745,0.1099476439790576,17
3857271,2022,England,Harry Kane,10,16,26,11,2,10,,False,16,142,0.5916666666666667,16,1.0,0.8541666666666666,191,15,14,0.6095238095238096,15,1.0,0.8523809523809524,12,-0.030181086519114768,0.09859154929577464,0.0,0.002090592334494766,0.06282722513089005,14
3857271,2022,England,Jordan Pickford,18,23,41,9,6,0,,False,16,142,0.5916666666666667,16,1.0,0.8541666666666666,191,15,14,0.6095238095238096,15,1.0,0.861904761904762,6,-0.030181086519114768,0.09859154929577464,0.0,-0.00905923344947745,0.031413612565445025,14
3857271,2022,England,Marcus Rashford,15,24,39,9,4,12,,False,16,142,0.5916666666666667,16,1.0,0.8541666666666666,191,15,15,0.6047619047619047,15,1.0,0.861904761904762,16,-0.022132796780684024,0.1056338028169014,0.0,-0.00905923344947745,0.08376963350785341,15
3857271,2022,England,Eric Dier,29,25,54,8,13,0,,False,16,142,0.5916666666666667,16,1.0,0.8541666666666666,191,15,14,0.6095238095238096,15,1.0,0.8666666666666667,13,-0.030181086519114768,0.09859154929577464,0.0,-0.014634146341463494,0.06806282722513089,14
3857271,2022,England,Jack Grealish,19,22,41,9,0,10,,False,16,142,0.5916666666666667,16,1.0,0.8541666666666666,191,15,13,0.6142857142857143,15,1.0,0.861904761904762,10,-0.03822937625754532,0.09154929577464789,0.0,-0.00905923344947745,0.05235602094240838,13
3857271,2022,England,Phil Foden,17,22,39,9,2,13,,False,16,142,0.5916666666666667,16,1.0,0.8541666666666666,191,15,15,0.6047619047619047,15,1.0,0.861904761904762,15,-0.022132796780684024,0.1056338028169014,0.0,-0.00905923344947745,0.07853403141361257,15
3857271,2022,England,Callum Wilson,4,4,8,6,1,4,,False,16,142,0.5916666666666667,16,1.0,0.8541666666666666,191,15,7,0.6428571428571429,15,1.0,0.8761904761904762,5,-0.08651911468812884,0.04929577464788732,0.0,-0.02578397212543558,0.02617801047120419,7
3857272,2022,England,Mason Mount,27,34,61,10,4,22,,False,14,113,0.6208791208791209,14,1.0,0.8626373626373627,144,13,19,0.6025641025641025,13,1.0,0.8589743589743589,26,0.029498525073746385,0.168141592920354,0.0,0.004246284501061685,0.18055555555555555,19
3857272,2022,England,John Stones,86,85,171,11,35,3,,False,14,113,0.6208791208791209,14,1.0,0.8626373626373627,144,13,18,0.6089743589743589,13,1.0,0.8525641025641025,38,0.019174041297935214,0.1592920353982301,0.0,0.011677282377919406,0.2638888888888889,18
3857272,2022,England,Harry Maguire,70,64,134,12,23,1,,False,14,113,0.6208791208791209,14,1.0,0.8626373626373627,144,13,22,0.5833333333333334,13,1.0,0.8461538461538461,24,0.060471976401179905,0.19469026548672566,0.0,0.01910828025477713,0.16666666666666666,22
3857272,2022,England,Luke Shaw,69,62,131,12,22,22,,False,14,113,0.6208791208791209,14,1.0,0.8626373626373627,144,13,22,0.5833333333333334,13,1.0,0.8461538461538461,44,0.060471976401179905,0.19469026548672566,0.0,0.01910828025477713,0.3055555555555556,22
3857272,2022,England,Declan Rice,56,47,103,11,15,6,,False,14,113,0.6208791208791209,14,1.0,0.8626373626373627,144,13,19,0.6025641025641025,13,1.0,0.8525641025641025,21,0.029498525073746385,0.168141592920354,0.0,0.011677282377919406,0.14583333333333334,19
3857272,2022,England,Kieran Trippier,64,51,115,11,15,13,,False,14,113,0.6208791208791209,14,1.0,0.8626373626373627,144,13,20,0.5961538461538461,13,1.0,0.8525641025641025,28,0.039823008849557556,0.17699115044247787,0.0,0.011677282377919406,0.19444444444444445,20
3857272,2022,England,Jordan Pickford,21,16,37,7,10,0,,False,14,113,0.6208791208791209,14,1.0,0.8626373626373627,144,13,12,0.6474358974358975,13,1.0,0.8782051282051282,10,-0.04277286135693218,0.10619469026548672,0.0,-0.01804670912951161,0.06944444444444445,12
3857272,2022,England,Raheem Sterling,18,21,39,9,4,11,,False,14,113,0.6208791208791209,14,1.0,0.8626373626373627,144,13,14,0.6346153846153846,13,1.0,0.8653846153846154,15,-0.022123893805309654,0.12389380530973451,0.0,-0.003184713375796167,0.10416666666666667,14
3857272,2022,England,Harry Kane,16,29,45,12,5,19,,False,14,113,0.6208791208791209,14,1.0,0.8626373626373627,144,13,18,0.6089743589743589,13,1.0,0.8418803418803419,24,0.019174041297935214,0.1592920353982301,0.0,0.024062278839348944,0.16666666666666666,18
3857272,2022,England,Jude Bellingham,33,36,69,10,5,16,,False,14,113,0.6208791208791209,14,1.0,0.8626373626373627,144,13,19,0.6025641025641025,13,1.0,0.8589743589743589,21,0.029498525073746385,0.168141592920354,0.0,0.004246284501061685,0.14583333333333334,19
3857272,2022,England,Bukayo Saka,20,27,47,10,3,17,,False,14,113,0.6208791208791209,14,1.0,0.8626373626373627,144,13,16,0.6217948717948718,13,1.0,0.8589743589743589,20,-0.0014749262536873104,0.1415929203539823,0.0,0.004246284501061685,0.1388888888888889,16
3857272,2022,England,Jordan Brian Henderson,9,11,20,7,1,5,,False,14,113,0.6208791208791209,14,1.0,0.8626373626373627,144,13,11,0.6538461538461539,13,1.0,0.8782051282051282,6,-0.053097345132743355,0.09734513274336283,0.0,-0.01804670912951161,0.041666666666666664,11
3857272,2022,England,Jack Grealish,9,14,23,7,2,8,,False,14,113,0.6208791208791209,14,1.0,0.8626373626373627,144,13,11,0.6538461538461539,13,1.0,0.8782051282051282,10,-0.053097345132743355,0.09734513274336283,0.0,-0.01804670912951161,0.06944444444444445,11
3857272,2022,England,Marcus Rashford,2,3,5,3,0,1,,False,14,113,0.6208791208791209,14,1.0,0.8626373626373627,144,13,5,0.6923076923076923,13,1.0,0.9038461538461539,1,-0.11504424778761056,0.04424778761061947,0.0,-0.04777070063694263,0.006944444444444444,5
3857272,2022,United States,Walker Zimmerman,62,57,119,13,14,1,,False,15,106,0.5047619047619047,15,1.0,0.8238095238095238,105,14,21,0.46703296703296704,14,1.0,0.8021978021978022,15,0.07474600870827282,0.19811320754716982,0.0,0.026233881725211114,0.14285714285714285,21
3857272,2022,United States,Matthew Charles Turner,29,22,51,9,14,0,,False,15,106,0.5047619047619047,15,1.0,0.8238095238095238,105,14,14,0.5054945054945055,14,1.0,0.8241758241758241,14,-0.0014513788098693707,0.1320754716981132,0.0,-0.0004446420631391714,0.13333333333333333,14
3857272,2022,United States,Tyler Adams,41,33,74,12,8,5,,False,15,106,0.5047619047619047,15,1.0,0.8238095238095238,105,14,23,0.45604395604395603,14,1.0,0.8076923076923077,13,0.0965166908563135,0.2169811320754717,0.0,0.019564250778123543,0.12380952380952381,23
3857272,2022,United States,Haji Wright,7,11,18,8,0,7,,False,15,106,0.5047619047619047,15,1.0,0.8238095238095238,105,14,11,0.521978021978022,14,1.0,0.8296703296703297,7,-0.03410740203193043,0.10377358490566038,0.0,-0.0071142730102268775,0.06666666666666667,11
3857272,2022,United States,Timothy Weah,19,23,42,9,4,12,,False,15,106,0.5047619047619047,15,1.0,0.8238095238095238,105,14,15,0.5,14,1.0,0.8241758241758241,16,0.00943396226415091,0.14150943396226415,0.0,-0.0004446420631391714,0.1523809523809524,15
3857272,2022,United States,Weston McKennie,29,28,57,10,11,11,,False,15,106,0.5047619047619047,15,1.0,0.8238095238095238,105,14,18,0.4835164835164835,14,1.0,0.8186813186813187,22,0.042089985486211866,0.16981132075471697,0.0,0.0062249888839484,0.20952380952380953,18
3857272,2022,United States,Tim Ream,47,45,92,9,15,2,,False,15,106,0.5047619047619047,15,1.0,0.8238095238095238,105,14,15,0.5,14,1.0,0.8241758241758241,17,0.00943396226415091,0.14150943396226415,0.0,-0.0004446420631391714,0.1619047619047619,15
3857272,2022,United States,Sergino Dest,33,32,65,9,8,10,,False,15,106,0.5047619047619047,15,1.0,0.8238095238095238,105,14,15,0.5,14,1.0,0.8241758241758241,18,0.00943396226415091,0.14150943396226415,0.0,-0.0004446420631391714,0.17142857142857143,15
3857272,2022,United States,Christian Pulisic,23,34,57,13,5,20,,False,15,106,0.5047619047619047,15,1.0,0.8238095238095238,105,14,17,0.489010989010989,14,1.0,0.8003663003663005,25,0.031204644412191583,0.16037735849056603,0.0,0.028457092040906837,0.23809523809523808,17
3857272,2022,United States,Antonee Robinson,33,32,65,10,11,17,,False,15,106,0.5047619047619047,15,1.0,0.8238095238095238,105,14,15,0.5,14,1.0,0.8186813186813187,28,0.00943396226415091,0.14150943396226415,0.0,0.0062249888839484,0.26666666666666666,15
3857272,2022,United States,Yunus Dimoara Musah,30,33,63,12,10,7,,False,15,106,0.5047619047619047,15,1.0,0.8238095238095238,105,14,19,0.47802197802197804,14,1.0,0.8076923076923077,17,0.05297532656023214,0.1792452830188679,0.0,0.019564250778123543,0.1619047619047619,19
3857272,2022,United States,Shaquell Moore,12,12,24,8,4,5,,False,15,106,0.5047619047619047,15,1.0,0.8238095238095238,105,14,12,0.5164835164835165,14,1.0,0.8296703296703297,9,-0.023222060957910153,0.11320754716981132,0.0,-0.0071142730102268775,0.08571428571428572,12
3857272,2022,United States,Brenden Aaronson,9,9,18,7,1,3,,False,15,106,0.5047619047619047,15,1.0,0.8238095238095238,105,14,10,0.5274725274725275,14,1.0,0.8351648351648352,4,-0.044992743105950715,0.09433962264150944,0.0,-0.013783903957314448,0.0380952380952381,10
3857272,2022,United States,Joshua Sargent,1,2,3,3,0,2,,False,15,106,0.5047619047619047,15,1.0,0.8238095238095238,105,14,3,0.5659340659340659,14,1.0,0.8571428571428571,2,-0.1211901306240929,0.02830188679245283,0.0,-0.040462427745664734,0.01904761904761905,3
3857272,2022,United States,Giovanni Reyna,2,4,6,4,0,3,,False,15,106,0.5047619047619047,15,1.0,0.8238095238095238,105,14,4,0.5604395604395604,14,1.0,0.8516483516483516,3,-0.11030478955007263,0.03773584905660377,0.0,-0.03379279679857716,0.02857142857142857,4
3857273,2022,Wales,Aaron Ramsey,38,48,86,12,8,20,,False,15,112,0.5333333333333333,15,1.0,0.8238095238095238,133,14,21,0.5,14,1.0,0.8076923076923077,28,0.062499999999999986,0.1875,0.0,0.019564250778123543,0.21052631578947367,21
3857273,2022,Wales,Chris Mepham,49,47,96,12,14,5,,False,15,112,0.5333333333333333,15,1.0,0.8238095238095238,133,14,22,0.4945054945054945,14,1.0,0.8076923076923077,19,0.07280219780219775,0.19642857142857142,0.0,0.019564250778123543,0.14285714285714285,22
3857273,2022,Wales,Joe Rodon,54,43,97,10,18,0,,False,15,112,0.5333333333333333,15,1.0,0.8238095238095238,133,14,16,0.5274725274725275,14,1.0,0.8186813186813187,18,0.01098901098901095,0.14285714285714285,0.0,0.0062249888839484,0.13533834586466165,16
3857273,2022,Wales,Connor Roberts,27,30,57,8,6,9,,False,15,112,0.5333333333333333,15,1.0,0.8238095238095238,133,14,15,0.532967032967033,14,1.0,0.8296703296703297,15,0.0006868131868131844,0.13392857142857142,0.0,-0.0071142730102268775,0.11278195488721804,15
3857273,2022,Wales,Wayne Hennessey,30,12,42,8,20,0,,False,15,112,0.5333333333333333,15,1.0,0.8238095238095238,133,14,11,0.554945054945055,14,1.0,0.8296703296703297,20,-0.040521978021978086,0.09821428571428571,0.0,-0.0071142730102268775,0.15037593984962405,11
3857273,2022,Wales,Ben Davies,65,58,123,13,26,11,,False,15,112,0.5333333333333333,15,1.0,0.8238095238095238,133,14,22,0.4945054945054945,14,1.0,0.8021978021978022,37,0.07280219780219775,0.19642857142857142,0.0,0.026233881725211114,0.2781954887218045,22
3857273,2022,Wales,Neco Williams,42,38,80,11,11,15,,False,15,112,0.5333333333333333,15,1.0,0.8238095238095238,133,14,20,0.5054945054945055,14,1.0,0.8131868131868132,26,0.05219780219780222,0.17857142857142858,0.0,0.01289461983103597,0.19548872180451127,20
3857273,2022,Wales,Ethan Ampadu,54,53,107,11,17,15,,False,15,112,0.5333333333333333,15,1.0,0.8238095238095238,133,14,20,0.5054945054945055,14,1.0,0.8131868131868132,32,0.05219780219780222,0.17857142857142858,0.0,0.01289461983103597,0.24060150375939848,20
3857273,2022,Wales,Kieffer Roberto Francisco Moore,17,30,47,12,3,23,,False,15,112,0.5333333333333333,15,1.0,0.8238095238095238,133,14,19,0.510989010989011,14,1.0,0.8040293040293043,26,0.041895604395604455,0.16964285714285715,0.0,0.024010671409514985,0.19548872180451127,19
3857273,2022,Wales,Harry Wilson,19,23,42,8,2,8,,False,15,112,0.5333333333333333,15,1.0,0.8238095238095238,133,14,13,0.5439560439560439,14,1.0,0.8296703296703297,10,-0.019917582417582347,0.11607142857142858,0.0,-0.0071142730102268775,0.07518796992481203,13
3857273,2022,Wales,Gareth Frank Bale,19,27,46,9,4,13,,False,15,112,0.5333333333333333,15,1.0,0.8238095238095238,133,14,16,0.5274725274725275,14,1.0,0.8241758241758241,17,0.01098901098901095,0.14285714285714285,0.0,-0.0004446420631391714,0.12781954887218044,16
3857273,2022,Wales,Daniel James,6,13,19,5,0,9,,False,15,112,0.5333333333333333,15,1.0,0.8238095238095238,133,14,8,0.5714285714285714,14,1.0,0.8461538461538461,9,-0.07142857142857138,0.07142857142857142,0.0,-0.027123165851489592,0.06766917293233082,8
3857273,2022,Wales,Brennan Johnson,7,10,17,8,0,5,,False,15,112,0.5333333333333333,15,1.0,0.8238095238095238,133,14,11,0.554945054945055,14,1.0,0.8296703296703297,5,-0.040521978021978086,0.09821428571428571,0.0,-0.0071142730102268775,0.03759398496240601,11
3857273,2022,Wales,Joe Allen,7,3,10,6,0,0,,False,15,112,0.5333333333333333,15,1.0,0.8238095238095238,133,14,7,0.5769230769230769,14,1.0,0.8406593406593407,0,-0.08173076923076915,0.0625,0.0,-0.02045353490440202,0.0,7
3857273,2022,Wales,Daniel Ward,4,3,7,3,4,0,,False,15,112,0.5333333333333333,15,1.0,0.8238095238095238,133,14,3,0.5989010989010989,14,1.0,0.8571428571428571,4,-0.12293956043956042,0.026785714285714284,0.0,-0.040462427745664734,0.03007518796992481,3
3857273,2022,Iran,Ramin Rezaeian,32,32,64,13,16,9,,False,16,101,0.42083333333333334,16,1.0,0.7819444444444444,88,15,19,0.3904761904761905,15,1.0,0.7603174603174603,25,0.07213578500707214,0.18811881188118812,0.0,0.027657954833798574,0.2840909090909091,19
3857273,2022,Iran,Ali Gholizadeh,21,25,46,8,5,12,,False,16,101,0.42083333333333334,16,1.0,0.7819444444444444,88,15,14,0.4142857142857143,15,1.0,0.7841269841269841,17,0.015558698727015503,0.13861386138613863,0.0,-0.002791169753869566,0.19318181818181818,14
3857273,2022,Iran,Saeid Ezatolahi Afagh,18,15,33,10,6,7,,False,16,101,0.42083333333333334,16,1.0,0.7819444444444444,88,15,16,0.40476190476190477,15,1.0,0.7746031746031745,13,0.03818953323903818,0.15841584158415842,0.0,0.009388480081197774,0.14772727272727273,16
3857273,2022,Iran,Mehdi Taremi,17,29,46,14,4,15,,False,16,101,0.42083333333333334,16,1.0,0.7819444444444444,88,15,22,0.3761904761904762,14,0.9333333333333333,0.6904761904761905,19,0.1060820367751061,0.21782178217821782,0.06666666666666665,0.11697538695762498,0.2159090909090909,22
3857273,2022,Iran,Ehsan Hajsafi,21,21,42,10,7,8,,False,16,101,0.42083333333333334,16,1.0,0.7819444444444444,88,15,16,0.40476190476190477,15,1.0,0.7746031746031745,15,0.03818953323903818,0.15841584158415842,0.0,0.009388480081197774,0.17045454545454544,16
3857273,2022,Iran,Morteza Pouraliganji,15,12,27,9,8,2,,False,16,101,0.42083333333333334,16,1.0,0.7819444444444444,88,15,14,0.4142857142857143,15,1.0,0.7793650793650794,10,0.015558698727015503,0.13861386138613863,0.0,0.003298655163664033,0.11363636363636363,14
3857273,2022,Iran,Seyed Majid Hosseini,24,10,34,9,8,1,,False,16,101,0.42083333333333334,16,1.0,0.7819444444444444,88,15,15,0.4095238095238095,15,1.0,0.7793650793650794,9,0.02687411598302691,0.1485148514851485,0.0,0.003298655163664033,0.10227272727272728,15
3857273,2022,Iran,Ahmad Nourollahi,13,14,27,9,3,4,,False,16,101,0.42083333333333334,16,1.0,0.7819444444444444,88,15,14,0.4142857142857143,15,1.0,0.7793650793650794,7,0.015558698727015503,0.13861386138613863,0.0,0.003298655163664033,0.07954545454545454,14
3857273,2022,Iran,Seyed Hossein Hosseini,15,8,23,7,11,0,,False,16,101,0.42083333333333334,16,1.0,0.7819444444444444,88,15,9,0.4380952380952381,15,1.0,0.7904761904761904,11,-0.041018387553041005,0.0891089108910891,0.0,-0.010910936310581033,0.125,9
3857273,2022,Iran,Sardar Azmoun,8,17,25,8,2,13,,False,16,101,0.42083333333333334,16,1.0,0.7819444444444444,88,15,11,0.42857142857142855,15,1.0,0.7841269841269841,15,-0.01838755304101832,0.10891089108910891,0.0,-0.002791169753869566,0.17045454545454544,11
3857273,2022,Iran,Milad Mohammadi,23,15,38,12,10,2,,False,16,101,0.42083333333333334,16,1.0,0.7819444444444444,88,15,18,0.3952380952380952,15,1.0,0.765079365079365,12,0.060820367751060866,0.1782178217821782,0.0,0.021568129916264972,0.13636363636363635,18
3857273,2022,Iran,Karim Ansarifard,3,4,7,7,1,3,,False,16,101,0.42083333333333334,16,1.0,0.7819444444444444,88,15,7,0.44761904761904764,15,1.0,0.7888888888888889,4,-0.06364922206506368,0.06930693069306931,0.0,-0.008880994671403165,0.045454545454545456,7
3857273,2022,Iran,Roozbeh Cheshmi,2,0,2,1,1,0,,True,16,101,0.42083333333333334,16,1.0,0.7819444444444444,88,15,1,0.47619047619047616,15,1.0,0.819047619047619,1,-0.13154172560113148,0.009900990099009901,0.0,-0.04744988581578277,0.011363636363636364,1
3857273,2022,Iran,Alireza Jahanbakhsh,6,8,14,6,2,5,,False,16,101,0.42083333333333334,16,1.0,0.7819444444444444,88,15,9,0.4380952380952381,15,1.0,0.7936507936507936,7,-0.041018387553041005,0.0891089108910891,0.0,-0.014970819588936765,0.07954545454545454,9
3857273,2022,Iran,Mehdi Torabi,6,11,17,7,2,6,,False,16,101,0.42083333333333334,16,1.0,0.7819444444444444,88,15,10,0.43333333333333335,15,1.0,0.7888888888888889,8,-0.02970297029702973,0.09900990099009901,0.0,-0.008880994671403165,0.09090909090909091,10
3857273,2022,Iran,Ali Karimi,3,6,9,6,2,1,,False,16,101,0.42083333333333334,16,1.0,0.7819444444444444,88,15,7,0.44761904761904764,15,1.0,0.7936507936507936,3,-0.06364922206506368,0.06930693069306931,0.0,-0.014970819588936765,0.03409090909090909,7
3857274,2022,Ecuador,Gonzalo Jordy Plata Jiménez,27,32,59,10,5,17,,False,14,97,0.532967032967033,14,1.0,0.796703296703297,94,13,18,0.5064102564102564,13,1.0,0.7820512820512818,22,0.04982817869415811,0.18556701030927836,0.0,0.018390804597701774,0.23404255319148937,18
3857274,2022,Ecuador,Piero Martín Hincapié Reyna,29,26,55,10,6,0,,False,14,97,0.532967032967033,14,1.0,0.796703296703297,94,13,17,0.5128205128205128,12,0.9230769230769231,0.7094017094017093,6,0.03780068728522344,0.17525773195876287,0.07692307692307687,0.10957854406130309,0.06382978723404255,17
3857274,2022,Ecuador,Felix Eduardo Torres Caicedo,53,49,102,11,30,2,,False,14,97,0.532967032967033,14,1.0,0.796703296703297,94,13,18,0.5064102564102564,13,1.0,0.7735042735042733,32,0.04982817869415811,0.18556701030927836,0.0,0.029118773946360737,0.3404255319148936,18
3857274,2022,Ecuador,Angelo Smit Preciado Quiñónez,26,23,49,10,7,8,,False,14,97,0.532967032967033,14,1.0,0.796703296703297,94,13,17,0.5128205128205128,13,1.0,0.7799145299145298,15,0.03780068728522344,0.17525773195876287,0.0,0.021072796934866377,0.1595744680851064,17
3857274,2022,Ecuador,Michael Steveen Estrada Martínez,15,22,37,9,4,15,,False,14,97,0.532967032967033,14,1.0,0.796703296703297,94,13,15,0.5256410256410257,13,1.0,0.7905982905982906,19,0.013745704467353903,0.15463917525773196,0.0,0.007662835249042534,0.20212765957446807,15
3857274,2022,Ecuador,Enner Remberto Valencia Lastra,17,33,50,9,1,16,,False,14,97,0.532967032967033,14,1.0,0.796703296703297,94,13,18,0.5064102564102564,13,1.0,0.7884615384615383,17,0.04982817869415811,0.18556701030927836,0.0,0.010344827586207413,0.18085106382978725,18
3857274,2022,Ecuador,Pervis Josué Estupiñán Tenorio,44,35,79,9,10,14,,False,14,97,0.532967032967033,14,1.0,0.796703296703297,94,13,17,0.5128205128205128,13,1.0,0.7884615384615383,24,0.03780068728522344,0.17525773195876287,0.0,0.010344827586207413,0.2553191489361702,17
3857274,2022,Ecuador,Moisés Isaac Caicedo Corozo,43,44,87,10,10,11,,False,14,97,0.532967032967033,14,1.0,0.796703296703297,94,13,18,0.5064102564102564,13,1.0,0.7820512820512819,21,0.04982817869415811,0.18556701030927836,0.0,0.018390804597701635,0.22340425531914893,18
3857274,2022,Ecuador,Hernán Ismael Galíndez,12,8,20,4,3,0,,False,14,97,0.532967032967033,14,1.0,0.796703296703297,94,13,5,0.5897435897435898,13,1.0,0.8205128205128204,3,-0.10652920962199317,0.05154639175257732,0.0,-0.029885057471263833,0.031914893617021274,5
3857274,2022,Ecuador,Jackson Gabriel Porozo Vernaza,33,29,62,9,6,2,,False,14,97,0.532967032967033,14,1.0,0.796703296703297,94,13,17,0.5128205128205128,13,1.0,0.7884615384615383,8,0.03780068728522344,0.17525773195876287,0.0,0.010344827586207413,0.0851063829787234,17
3857274,2022,Ecuador,Jhegson Sebastián Méndez Carabalí,54,45,99,10,12,3,,False,14,97,0.532967032967033,14,1.0,0.796703296703297,94,13,20,0.4935897435897436,13,1.0,0.7820512820512819,15,0.07388316151202744,0.20618556701030927,0.0,0.018390804597701635,0.1595744680851064,20
3857274,2022,Ecuador,Jeremy Leonel Sarmiento Morante,6,10,16,6,0,3,,False,14,97,0.532967032967033,14,1.0,0.796703296703297,94,13,11,0.5512820512820513,13,1.0,0.8098290598290598,3,-0.034364261168384966,0.1134020618556701,0.0,-0.01647509578544027,0.031914893617021274,11
3857274,2022,Ecuador,Romario Andrés Ibarra Mina,0,2,2,2,0,2,,True,14,97,0.532967032967033,14,1.0,0.796703296703297,94,13,2,0.6089743589743589,13,1.0,0.8333333333333335,2,-0.14261168384879716,0.020618556701030927,0.0,-0.04597701149425269,0.02127659574468085,2
3857274,2022,Ecuador,Kevin José Rodríguez Cortez,0,1,1,1,0,1,,True,14,97,0.532967032967033,14,1.0,0.796703296703297,94,13,1,0.6153846153846154,13,1.0,0.8461538461538461,1,-0.15463917525773205,0.010309278350515464,0.0,-0.062068965517241,0.010638297872340425,1
3857274,2022,Netherlands,Denzel Dumfries,19,21,40,9,3,12,,False,15,110,0.5238095238095238,15,1.0,0.8063492063492067,125,14,14,0.5274725274725275,14,1.0,0.8040293040293043,15,-0.006993006993006968,0.12727272727272726,0.0,0.002877044215627019,0.12,14
3857274,2022,Netherlands,Teun Koopmeiners,29,34,63,11,5,10,,False,15,110,0.5238095238095238,15,1.0,0.8063492063492067,125,14,18,0.5054945054945055,14,1.0,0.7930402930402932,15,0.03496503496503505,0.16363636363636364,0.0,0.016505148394912385,0.12,18
3857274,2022,Netherlands,Davy Klaassen,21,22,43,10,5,10,,False,15,110,0.5238095238095238,15,1.0,0.8063492063492067,125,14,16,0.5164835164835165,14,1.0,0.8003663003663006,15,0.013986013986013936,0.14545454545454545,0.0,0.007419745608722095,0.12,16
3857274,2022,Netherlands,Frenkie de Jong,67,61,128,12,16,10,,False,15,110,0.5238095238095238,15,1.0,0.8063492063492067,125,14,22,0.4835164835164835,14,1.0,0.7893772893772897,26,0.07692307692307697,0.2,0.0,0.021047849788007323,0.208,22
3857274,2022,Netherlands,Daley Blind,56,54,110,11,19,13,,False,15,110,0.5238095238095238,15,1.0,0.8063492063492067,125,14,21,0.489010989010989,14,1.0,0.7930402930402932,32,0.06643356643356652,0.19090909090909092,0.0,0.016505148394912385,0.256,21
3857274,2022,Netherlands,Nathan Aké,73,66,139,11,17,14,,False,15,110,0.5238095238095238,15,1.0,0.8063492063492067,125,14,19,0.5,14,1.0,0.7930402930402932,31,0.045454545454545504,0.17272727272727273,0.0,0.016505148394912385,0.248,19
3857274,2022,Netherlands,Virgil van Dijk,48,44,92,10,16,2,,False,15,110,0.5238095238095238,15,1.0,0.8063492063492067,125,14,16,0.5164835164835165,14,1.0,0.7985347985347987,18,0.013986013986013936,0.14545454545454545,0.0,0.009691096305269771,0.144,16
3857274,2022,Netherlands,Cody Mathès Gakpo,12,21,33,9,3,8,,False,15,110,0.5238095238095238,15,1.0,0.8063492063492067,125,14,14,0.5274725274725275,14,1.0,0.8040293040293043,11,-0.006993006993006968,0.12727272727272726,0.0,0.002877044215627019,0.088,14
3857274,2022,Netherlands,Steven Bergwijn,15,17,32,8,0,11,,False,15,110,0.5238095238095238,15,1.0,0.8063492063492067,125,14,13,0.532967032967033,14,1.0,0.8113553113553116,11,-0.017482517482517418,0.11818181818181818,0.0,-0.006208358570563132,0.088,13
3857274,2022,Netherlands,Jurriën David Norman Timber,56,50,106,10,16,13,,False,15,110,0.5238095238095238,15,1.0,0.8063492063492067,125,14,19,0.5,14,1.0,0.7985347985347987,29,0.045454545454545504,0.17272727272727273,0.0,0.009691096305269771,0.232,19
3857274,2022,Netherlands,Andries Noppert,36,28,64,8,20,0,,False,15,110,0.5238095238095238,15,1.0,0.8063492063492067,125,14,13,0.532967032967033,14,1.0,0.8113553113553116,20,-0.017482517482517418,0.11818181818181818,0.0,-0.006208358570563132,0.16,13
3857274,2022,Netherlands,Memphis Depay,9,18,27,8,0,11,,False,15,110,0.5238095238095238,15,1.0,0.8063492063492067,125,14,12,0.5384615384615384,14,1.0,0.8095238095238098,11,-0.02797202797202787,0.10909090909090909,0.0,-0.0039370078740155945,0.088,12
3857274,2022,Netherlands,Steven Berghuis,8,14,22,9,4,9,,False,15,110,0.5238095238095238,15,1.0,0.8063492063492067,125,14,13,0.532967032967033,13,0.9285714285714286,0.7417582417582418,13,-0.017482517482517418,0.11818181818181818,0.0714285714285714,0.08010296789824385,0.104,13
3857274,2022,Netherlands,Marten de Roon,7,6,13,5,1,1,,False,15,110,0.5238095238095238,15,1.0,0.8063492063492067,125,14,8,0.5604395604395604,14,1.0,0.8278388278388279,2,-0.0699300699300699,0.07272727272727272,0.0,-0.026650514839490835,0.016,8
3857274,2022,Netherlands,Wout Weghorst,1,1,2,1,0,1,,True,15,110,0.5238095238095238,15,1.0,0.8063492063492067,125,14,2,0.5934065934065934,14,1.0,0.8571428571428571,1,-0.1328671328671328,0.01818181818181818,0.0,-0.06299212598425144,0.008,2
3857275,2022,Tunisia,Ellyes Joris Skhiri,30,31,61,10,11,3,,False,14,87,0.47802197802197804,14,1.0,0.7912087912087917,96,13,20,0.42948717948717946,13,1.0,0.7777777777777777,14,0.10153256704980852,0.22988505747126436,0.0,0.016975308641976078,0.14583333333333334,20
3857275,2022,Tunisia,Wahbi Khazri,8,12,20,7,3,10,,False,14,87,0.47802197802197804,14,1.0,0.7912087912087917,96,13,11,0.48717948717948717,13,1.0,0.7970085470085468,13,-0.019157088122605297,0.12643678160919541,0.0,-0.007330246913579374,0.13541666666666666,11
3857275,2022,Tunisia,Anis Ben Slimane,18,30,48,9,4,18,,False,14,87,0.47802197802197804,14,1.0,0.7912087912087917,96,13,15,0.46153846153846156,13,1.0,0.7841880341880341,22,0.03448275862068965,0.1724137931034483,0.0,0.008873456790124261,0.22916666666666666,15
3857275,2022,Tunisia,Wajdi Kechrida,29,33,62,11,9,16,,False,14,87,0.47802197802197804,14,1.0,0.7912087912087917,96,13,15,0.46153846153846156,13,1.0,0.769230769230769,25,0.03448275862068965,0.1724137931034483,0.0,0.027777777777778644,0.2604166666666667,15
3857275,2022,Tunisia,Yassine Meriah,32,28,60,7,16,2,,False,14,87,0.47802197802197804,14,1.0,0.7912087912087917,96,13,14,0.46794871794871795,13,1.0,0.7970085470085468,18,0.02107279693486594,0.16091954022988506,0.0,-0.007330246913579374,0.1875,14
3857275,2022,Tunisia,Nader Ghandri,27,21,48,9,4,1,,False,14,87,0.47802197802197804,14,1.0,0.7912087912087917,96,13,14,0.46794871794871795,13,1.0,0.7841880341880341,5,0.02107279693486594,0.16091954022988506,0.0,0.008873456790124261,0.052083333333333336,14
3857275,2022,Tunisia,Montassar Omar Talbi,25,18,43,8,13,3,,False,14,87,0.47802197802197804,14,1.0,0.7912087912087917,96,13,13,0.47435897435897434,13,1.0,0.7884615384615383,16,0.0076628352490422345,0.14942528735632185,0.0,0.0034722222222230495,0.16666666666666666,13
3857275,2022,Tunisia,Ali Maâloul,39,35,74,10,15,16,,False,14,87,0.47802197802197804,14,1.0,0.7912087912087917,96,13,16,0.4551282051282051,13,1.0,0.7756410256410254,31,0.04789272030651347,0.1839080459770115,0.0,0.019675925925926825,0.3229166666666667,16
3857275,2022,Tunisia,Aïssa Bilal Laïdouni,37,36,73,12,13,12,,False,14,87,0.47802197802197804,14,1.0,0.7912087912087917,96,13,21,0.4230769230769231,13,1.0,0.7628205128205127,25,0.11494252873563224,0.2413793103448276,0.0,0.03587962962963046,0.2604166666666667,21
3857275,2022,Tunisia,Aymen Dahmen,8,6,14,7,5,0,,False,14,87,0.47802197802197804,14,1.0,0.7912087912087917,96,13,9,0.5,13,1.0,0.7948717948717947,5,-0.045977011494252824,0.10344827586206896,0.0,-0.004629629629628768,0.052083333333333336,9
3857275,2022,Tunisia,Mohamed Ali Ben Romdhane,14,17,31,8,1,8,,False,14,87,0.47802197802197804,14,1.0,0.7912087912087917,96,13,12,0.4807692307692308,13,1.0,0.7884615384615383,9,-0.005747126436781588,0.13793103448275862,0.0,0.0034722222222230495,0.09375,12
3857275,2022,Tunisia,Issam Jebali,3,6,9,7,0,6,,False,14,87,0.47802197802197804,14,1.0,0.7912087912087917,96,13,8,0.5064102564102564,12,0.9230769230769231,0.7307692307692307,6,-0.05938697318007653,0.09195402298850575,0.07692307692307687,0.07638888888888955,0.0625,8
3857275,2022,Tunisia,Ghilane Chalali,4,2,6,4,1,1,,False,14,87,0.47802197802197804,14,1.0,0.7912087912087917,96,13,5,0.5256410256410257,13,1.0,0.8162393162393161,2,-0.09961685823754789,0.05747126436781609,0.0,-0.031635802469134965,0.020833333333333332,5
3857275,2022,Tunisia,Ali Abdi,1,0,1,1,1,0,,True,14,87,0.47802197802197804,14,1.0,0.7912087912087917,96,13,1,0.5512820512820513,13,1.0,0.8461538461538461,1,-0.15325670498084293,0.011494252873563218,0.0,-0.06944444444444373,0.010416666666666666,1
3857275,2022,France,Steve Mandanda,18,9,27,8,14,0,,False,16,150,0.625,16,1.0,0.8583333333333333,146,15,13,0.6523809523809524,15,1.0,0.8714285714285714,14,-0.04380952380952383,0.08666666666666667,0.0,-0.01525658807212213,0.0958904109589041,13
3857275,2022,France,Raphaël Varane,41,40,81,10,11,5,,False,16,150,0.625,16,1.0,0.8583333333333333,146,15,18,0.6285714285714286,15,1.0,0.861904761904762,16,-0.005714285714285694,0.12,0.0,-0.004160887656033402,0.1095890410958904,18
3857275,2022,France,Axel Disasi,55,47,102,14,12,12,,False,16,150,0.625,16,1.0,0.8583333333333333,146,15,24,0.6,15,1.0,0.8428571428571429,24,0.040000000000000036,0.16,0.0,0.01803051317614418,0.1643835616438356,24
3857275,2022,France,Randal Kolo Muani,12,25,37,11,0,18,,False,16,150,0.625,16,1.0,0.8583333333333333,146,15,17,0.6333333333333333,15,1.0,0.8571428571428571,18,-0.013333333333333286,0.11333333333333333,0.0,0.001386962552011091,0.1232876712328767,17
3857275,2022,France,Ibrahima Konaté,66,59,125,13,25,1,,False,16,150,0.625,16,1.0,0.8583333333333333,146,15,24,0.6,15,1.0,0.8476190476190476,26,0.040000000000000036,0.16,0.0,0.012482662968099818,0.1780821917808219,24
3857275,2022,France,Eduardo Camavinga,70,62,132,15,16,21,,False,16,150,0.625,16,1.0,0.8583333333333333,146,15,26,0.5904761904761905,15,1.0,0.8380952380952381,37,0.05523809523809522,0.17333333333333334,0.0,0.023578363384188544,0.2534246575342466,26
3857275,2022,France,Kingsley Coman,16,23,39,8,0,14,,False,16,150,0.625,16,1.0,0.8583333333333333,146,15,12,0.6571428571428571,15,1.0,0.8714285714285714,14,-0.05142857142857142,0.08,0.0,-0.01525658807212213,0.0958904109589041,12
3857275,2022,France,Aurélien Djani Tchouaméni,89,85,174,15,19,19,,False,16,150,0.625,16,1.0,0.8583333333333333,146,15,28,0.580952380952381,15,1.0,0.8380952380952381,38,0.0704761904761904,0.18666666666666668,0.0,0.023578363384188544,0.2602739726027397,28
3857275,2022,France,Jordan Veretout,32,30,62,10,9,3,,False,16,150,0.625,16,1.0,0.8583333333333333,146,15,17,0.6333333333333333,15,1.0,0.861904761904762,12,-0.013333333333333286,0.11333333333333333,0.0,-0.004160887656033402,0.0821917808219178,17
3857275,2022,France,Youssouf Fofana,27,36,63,12,8,14,,False,16,150,0.625,16,1.0,0.8583333333333333,146,15,21,0.6142857142857143,15,1.0,0.8523809523809524,22,0.01714285714285708,0.14,0.0,0.006934812760055455,0.1506849315068493,21
3857275,2022,France,Mattéo Guendouzi Olié,28,25,53,10,5,8,,False,16,150,0.625,16,1.0,0.8583333333333333,146,15,17,0.6333333333333333,15,1.0,0.861904761904762,13,-0.013333333333333286,0.11333333333333333,0.0,-0.004160887656033402,0.08904109589041095,17
3857275,2022,France,William Saliba,37,29,66,10,14,1,,False,16,150,0.625,16,1.0,0.8583333333333333,146,15,19,0.6238095238095238,15,1.0,0.861904761904762,15,0.001904761904761898,0.12666666666666668,0.0,-0.004160887656033402,0.10273972602739725,19
3857275,2022,France,Kylian Mbappé Lottin,17,30,47,9,2,7,,False,16,150,0.625,16,1.0,0.8583333333333333,146,15,15,0.6428571428571429,15,1.0,0.8666666666666667,9,-0.028571428571428647,0.1,0.0,-0.009708737864077766,0.06164383561643835,15
3857275,2022,France,Adrien Rabiot,14,21,35,9,2,8,,False,16,150,0.625,16,1.0,0.8583333333333333,146,15,17,0.6333333333333333,15,1.0,0.8666666666666667,10,-0.013333333333333286,0.11333333333333333,0.0,-0.009708737864077766,0.0684931506849315,17
3857275,2022,France,Antoine Griezmann,29,28,57,10,8,7,,False,16,150,0.625,16,1.0,0.8583333333333333,146,15,18,0.6285714285714286,15,1.0,0.861904761904762,15,-0.005714285714285694,0.12,0.0,-0.004160887656033402,0.10273972602739725,18
3857275,2022,France,Ousmane Dembélé,13,15,28,8,1,8,,False,16,150,0.625,16,1.0,0.8583333333333333,146,15,14,0.6476190476190476,15,1.0,0.8714285714285714,9,-0.03619047619047624,0.09333333333333334,0.0,-0.01525658807212213,0.06164383561643835,14
3857276,2022,Morocco,Youssef En-Nesyri,12,19,31,11,1,16,,False,16,100,0.4166666666666667,16,1.0,0.7500000000000003,88,15,16,0.4,15,1.0,0.7293650793650798,17,0.03999999999999999,0.16,0.0,0.027513227513227403,0.19318181818181818,16
3857276,2022,Morocco,Sofyan Amrabat,43,38,81,12,11,6,,False,16,100,0.4166666666666667,16,1.0,0.7500000000000003,88,15,21,0.3761904761904762,15,1.0,0.7246031746031748,17,0.0971428571428572,0.21,0.0,0.033862433862434024,0.19318181818181818,21
3857276,2022,Morocco,Nayef Aguerd,35,33,68,8,14,1,,False,16,100,0.4166666666666667,16,1.0,0.7500000000000003,88,15,14,0.4095238095238095,15,1.0,0.7476190476190478,15,0.017142857142857213,0.14,0.0,0.00317460317460331,0.17045454545454544,14
3857276,2022,Morocco,Romain Saïss,30,28,58,11,12,1,,False,16,100,0.4166666666666667,16,1.0,0.7500000000000003,88,15,18,0.3904761904761905,15,1.0,0.7317460317460319,13,0.0628571428571429,0.18,0.0,0.024338624338624538,0.14772727272727273,18
3857276,2022,Morocco,Achraf Hakimi Mouh,49,42,91,11,16,9,,False,16,100,0.4166666666666667,16,1.0,0.7500000000000003,88,15,18,0.3904761904761905,14,0.9333333333333333,0.6730158730158731,25,0.0628571428571429,0.18,0.06666666666666665,0.10264550264550297,0.2840909090909091,18
3857276,2022,Morocco,Hakim Ziyech,26,32,58,10,4,14,,False,16,100,0.4166666666666667,16,1.0,0.7500000000000003,88,15,16,0.4,15,1.0,0.7380952380952384,18,0.03999999999999999,0.16,0.0,0.01587301587301596,0.20454545454545456,16
3857276,2022,Morocco,Yassine Bounou,25,21,46,11,12,0,,False,16,100,0.4166666666666667,16,1.0,0.7500000000000003,88,15,16,0.4,15,1.0,0.7317460317460321,12,0.03999999999999999,0.16,0.0,0.024338624338624243,0.13636363636363635,16
3857276,2022,Morocco,Abdelhamid Sabiri,21,22,43,9,1,6,,False,16,100,0.4166666666666667,16,1.0,0.7500000000000003,88,15,17,0.3952380952380952,15,1.0,0.7428571428571431,7,0.05142857142857151,0.17,0.0,0.009523809523809634,0.07954545454545454,17
3857276,2022,Morocco,Sofiane Boufal,15,21,36,9,3,8,,False,16,100,0.4166666666666667,16,1.0,0.7500000000000003,88,15,16,0.4,15,1.0,0.7428571428571431,11,0.03999999999999999,0.16,0.0,0.009523809523809634,0.125,16
3857276,2022,Morocco,Noussair Mazraoui,18,14,32,10,5,6,,False,16,100,0.4166666666666667,16,1.0,0.7500000000000003,88,15,15,0.40476190476190477,15,1.0,0.7380952380952384,11,0.028571428571428602,0.15,0.0,0.01587301587301596,0.125,15
3857276,2022,Morocco,Azzedine Ounahi,27,28,55,9,6,12,,False,16,100,0.4166666666666667,16,1.0,0.7500000000000003,88,15,17,0.3952380952380952,15,1.0,0.7428571428571431,18,0.05142857142857151,0.17,0.0,0.009523809523809634,0.20454545454545456,17
3857276,2022,Morocco,Zakaria Aboukhlal,3,3,6,3,2,1,,False,16,100,0.4166666666666667,16,1.0,0.7500000000000003,88,15,4,0.45714285714285713,15,1.0,0.7761904761904763,3,-0.09714285714285706,0.04,0.0,-0.03492063492063463,0.03409090909090909,4
3857276,2022,Morocco,Selim Amallah,0,2,2,2,0,1,,True,16,100,0.4166666666666667,16,1.0,0.7500000000000003,88,15,2,0.4666666666666667,15,1.0,0.7793650793650796,1,-0.11999999999999997,0.02,0.0,-0.039153439153438996,0.011363636363636364,2
3857276,2022,Morocco,Abderrazak Hamdallah,3,7,10,5,0,7,,False,16,100,0.4166666666666667,16,1.0,0.7500000000000003,88,15,7,0.44285714285714284,15,1.0,0.7619047619047623,7,-0.06285714285714276,0.07,0.0,-0.01587301587301596,0.07954545454545454,7
3857276,2022,Morocco,Jawad El Yamiq,1,0,1,1,1,0,,True,16,100,0.4166666666666667,16,1.0,0.7500000000000003,88,15,1,0.4714285714285714,15,1.0,0.7873015873015875,1,-0.13142857142857137,0.01,0.0,-0.049735449735449536,0.011363636363636364,1
3857276,2022,Morocco,Yahya Jabrane,2,0,2,2,0,0,,True,16,100,0.4166666666666667,16,1.0,0.7500000000000003,88,15,2,0.4666666666666667,15,1.0,0.7793650793650796,0,-0.11999999999999997,0.02,0.0,-0.039153439153438996,0.0,2
3857276,2022,Canada,Milan Borjan,21,12,33,11,15,0,,False,16,140,0.5833333333333334,16,1.0,0.8583333333333333,128,15,15,0.5952380952380952,15,1.0,0.8571428571428571,15,-0.020408163265306048,0.10714285714285714,0.0,0.001386962552011091,0.1171875,15
3857276,2022,Canada,Kamal Miller,83,76,159,14,30,4,,False,16,140,0.5833333333333334,16,1.0,0.8583333333333333,128,15,24,0.5523809523809524,15,1.0,0.8428571428571429,34,0.053061224489795916,0.17142857142857143,0.0,0.01803051317614418,0.265625,24
3857276,2022,Canada,David Junior Hoilett,20,22,42,12,5,12,,False,16,140,0.5833333333333334,16,1.0,0.8583333333333333,128,15,19,0.5761904761904761,15,1.0,0.8523809523809524,17,0.01224489795918382,0.1357142857142857,0.0,0.006934812760055455,0.1328125,19
3857276,2022,Canada,Cyle Larin,6,12,18,9,3,7,,False,16,140,0.5833333333333334,16,1.0,0.8583333333333333,128,15,13,0.6047619047619047,15,1.0,0.8666666666666667,10,-0.036734693877550885,0.09285714285714286,0.0,-0.009708737864077766,0.078125,13
3857276,2022,Canada,Alphonso Davies,19,27,46,13,0,16,,False,16,140,0.5833333333333334,16,1.0,0.8583333333333333,128,15,23,0.5571428571428572,15,1.0,0.8476190476190476,16,0.044897959183673494,0.16428571428571428,0.0,0.012482662968099818,0.125,23
3857276,2022,Canada,Mark Anthony Kaye,50,56,106,10,5,11,,False,16,140,0.5833333333333334,16,1.0,0.8583333333333333,128,15,17,0.5857142857142857,15,1.0,0.861904761904762,16,-0.00408163265306121,0.12142857142857143,0.0,-0.004160887656033402,0.125,17
3857276,2022,Canada,Steven de Sousa Vitoria,70,63,133,13,14,3,,False,16,140,0.5833333333333334,16,1.0,0.8583333333333333,128,15,23,0.5571428571428572,15,1.0,0.8476190476190476,17,0.044897959183673494,0.16428571428571428,0.0,0.012482662968099818,0.1328125,23
3857276,2022,Canada,Alistair Johnston,58,43,101,14,11,7,,False,16,140,0.5833333333333334,16,1.0,0.8583333333333333,128,15,24,0.5523809523809524,15,1.0,0.8428571428571429,18,0.053061224489795916,0.17142857142857143,0.0,0.01803051317614418,0.140625,24
3857276,2022,Canada,Jonathan Osorio,27,29,56,11,5,7,,False,16,140,0.5833333333333334,16,1.0,0.8583333333333333,128,15,21,0.5666666666666667,15,1.0,0.8571428571428571,12,0.028571428571428657,0.15,0.0,0.001386962552011091,0.09375,21
3857276,2022,Canada,Sam Adekugbe,31,30,61,9,9,7,,False,16,140,0.5833333333333334,16,1.0,0.8583333333333333,128,15,14,0.6,15,1.0,0.8666666666666667,16,-0.028571428571428466,0.1,0.0,-0.009708737864077766,0.125,14
3857276,2022,Canada,Tajon Buchanan,21,34,55,14,8,24,,False,16,140,0.5833333333333334,16,1.0,0.8583333333333333,128,15,21,0.5666666666666667,15,1.0,0.8428571428571429,32,0.028571428571428657,0.15,0.0,0.01803051317614418,0.25,21
3857276,2022,Canada,Atiba Hutchinson,28,22,50,12,10,4,,False,16,140,0.5833333333333334,16,1.0,0.8583333333333333,128,15,21,0.5666666666666667,15,1.0,0.8523809523809524,14,0.028571428571428657,0.15,0.0,0.006934812760055455,0.109375,21
3857276,2022,Canada,Ismael Koné,27,26,53,11,9,9,,False,16,140,0.5833333333333334,16,1.0,0.8583333333333333,128,15,18,0.580952380952381,15,1.0,0.8571428571428571,18,0.00408163265306121,0.12857142857142856,0.0,0.001386962552011091,0.140625,18
3857276,2022,Canada,Jonathan David,11,13,24,8,3,9,,False,16,140,0.5833333333333334,16,1.0,0.8583333333333333,128,15,14,0.6,15,1.0,0.8714285714285714,12,-0.028571428571428466,0.1,0.0,-0.01525658807212213,0.09375,14
3857276,2022,Canada,Richie Laryea,5,8,13,7,0,4,,False,16,140,0.5833333333333334,16,1.0,0.8583333333333333,128,15,9,0.6238095238095238,15,1.0,0.8761904761904762,4,-0.06938775510204076,0.06428571428571428,0.0,-0.020804438280166492,0.03125,9
3857276,2022,Canada,David Wallace Wotherspoon,3,7,10,4,1,4,,False,16,140,0.5833333333333334,16,1.0,0.8583333333333333,128,15,4,0.6476190476190476,15,1.0,0.8904761904761904,5,-0.11020408163265304,0.02857142857142857,0.0,-0.03744798890429958,0.0390625,4
3857277,2022,Morocco,Youssef En-Nesyri,7,11,18,9,0,11,,False,15,96,0.45714285714285713,15,1.0,0.7841269841269842,84,14,12,0.46153846153846156,14,1.0,0.7783882783882785,11,-0.009615384615384703,0.125,0.0,0.007318592338835227,0.13095238095238096,12
3857277,2022,Morocco,Sofyan Amrabat,41,33,74,12,9,6,,False,15,96,0.45714285714285713,15,1.0,0.7841269841269842,84,14,22,0.4065934065934066,14,1.0,0.761904761904762,15,0.11057692307692304,0.22916666666666666,0.0,0.028340080971659957,0.17857142857142858,22
3857277,2022,Morocco,Noussair Mazraoui,17,11,28,5,5,3,,False,15,96,0.45714285714285713,15,1.0,0.7841269841269842,84,14,8,0.4835164835164835,14,1.0,0.8021978021978023,8,-0.05769230769230773,0.08333333333333333,0.0,-0.02304578013080043,0.09523809523809523,8
3857277,2022,Morocco,Romain Saïss,45,41,86,12,19,0,,False,15,96,0.45714285714285713,15,1.0,0.7841269841269842,84,14,21,0.41208791208791207,14,1.0,0.7582417582417584,19,0.09855769230769232,0.21875,0.0,0.03301152289006528,0.2261904761904762,21
3857277,2022,Morocco,Nayef Aguerd,41,36,77,9,15,0,,False,15,96,0.45714285714285713,15,1.0,0.7841269841269842,84,14,14,0.45054945054945056,14,1.0,0.7783882783882785,15,0.014423076923076872,0.14583333333333334,0.0,0.007318592338835227,0.17857142857142858,14
3857277,2022,Morocco,Sofiane Boufal,14,21,35,8,5,13,,False,15,96,0.45714285714285713,15,1.0,0.7841269841269842,84,14,14,0.45054945054945056,14,1.0,0.7857142857142859,18,0.014423076923076872,0.14583333333333334,0.0,-0.0020242914979758425,0.21428571428571427,14
3857277,2022,Morocco,Yassine Bounou,20,11,31,10,9,0,,False,15,96,0.45714285714285713,15,1.0,0.7841269841269842,84,14,14,0.45054945054945056,14,1.0,0.772893772893773,9,0.014423076923076872,0.14583333333333334,0.0,0.014325755216443423,0.10714285714285714,14
3857277,2022,Morocco,Achraf Hakimi Mouh,43,34,77,10,9,9,,False,15,96,0.45714285714285713,15,1.0,0.7841269841269842,84,14,16,0.43956043956043955,14,1.0,0.7747252747252749,18,0.03846153846153845,0.16666666666666666,0.0,0.01199003425724069,0.21428571428571427,16
3857277,2022,Morocco,Azzedine Ounahi,22,31,53,9,4,7,,False,15,96,0.45714285714285713,15,1.0,0.7841269841269842,84,14,16,0.43956043956043955,14,1.0,0.7783882783882785,11,0.03846153846153845,0.16666666666666666,0.0,0.007318592338835227,0.13095238095238096,16
3857277,2022,Morocco,Hakim Ziyech,20,32,52,8,2,16,,False,15,96,0.45714285714285713,15,1.0,0.7841269841269842,84,14,12,0.46153846153846156,14,1.0,0.7857142857142859,18,-0.009615384615384703,0.125,0.0,-0.0020242914979758425,0.21428571428571427,12
3857277,2022,Morocco,Selim Amallah,10,18,28,10,2,9,,False,15,96,0.45714285714285713,15,1.0,0.7841269841269842,84,14,16,0.43956043956043955,14,1.0,0.772893772893773,11,0.03846153846153845,0.16666666666666666,0.0,0.014325755216443423,0.13095238095238096,16
3857277,2022,Morocco,Yahia Attiyat allah,14,7,21,10,5,2,,False,15,96,0.45714285714285713,15,1.0,0.7841269841269842,84,14,14,0.45054945054945056,13,0.9285714285714286,0.7087912087912088,7,0.014423076923076872,0.14583333333333334,0.0714285714285714,0.09607598878853947,0.08333333333333333,14
3857277,2022,Morocco,Abdessamad Ezzalzouli,0,4,4,3,0,4,,False,15,96,0.45714285714285713,15,1.0,0.7841269841269842,84,14,3,0.510989010989011,14,1.0,0.8113553113553115,4,-0.1177884615384615,0.03125,0.0,-0.03472438492681409,0.047619047619047616,3
3857277,2022,Morocco,Abdelhamid Sabiri,7,10,17,6,0,3,,False,15,96,0.45714285714285713,15,1.0,0.7841269841269842,84,14,9,0.47802197802197804,14,1.0,0.7948717948717949,3,-0.045673076923077004,0.09375,0.0,-0.013702896293989362,0.03571428571428571,9
3857277,2022,Morocco,Abderrazak Hamdallah,0,1,1,1,0,1,,True,15,96,0.45714285714285713,15,1.0,0.7841269841269842,84,14,1,0.521978021978022,14,1.0,0.8296703296703297,1,-0.14182692307692318,0.010416666666666666,0.0,-0.05808159451884141,0.011904761904761904,1
3857277,2022,Croatia,Josip Juranović,45,39,84,13,7,23,,False,15,126,0.6,15,1.0,0.861904761904762,139,14,21,0.5769230769230769,14,1.0,0.8461538461538461,30,0.03846153846153851,0.16666666666666666,0.0,0.018274543136421652,0.2158273381294964,21
3857277,2022,Croatia,Dejan Lovren,82,79,161,12,23,1,,False,15,126,0.6,15,1.0,0.861904761904762,139,14,22,0.5714285714285714,14,1.0,0.8516483516483516,24,0.04761904761904764,0.1746031746031746,0.0,0.0118997025074374,0.17266187050359713,22
3857277,2022,Croatia,Joško Gvardiol,102,101,203,13,38,6,,False,15,126,0.6,15,1.0,0.861904761904762,139,14,23,0.5659340659340659,14,1.0,0.8461538461538461,44,0.05677655677655676,0.18253968253968253,0.0,0.018274543136421652,0.31654676258992803,23
3857277,2022,Croatia,Mateo Kovačić,48,46,94,12,5,9,,False,15,126,0.6,15,1.0,0.861904761904762,139,14,21,0.5769230769230769,14,1.0,0.8516483516483516,14,0.03846153846153851,0.16666666666666666,0.0,0.0118997025074374,0.10071942446043165,21
3857277,2022,Croatia,Borna Sosa,47,51,98,14,10,21,,False,15,126,0.6,15,1.0,0.861904761904762,139,14,23,0.5659340659340659,14,1.0,0.8296703296703298,31,0.05677655677655676,0.18253968253968253,0.0,0.037399065023374284,0.22302158273381295,23
3857277,2022,Croatia,Luka Modrić,77,74,151,13,25,11,,False,15,126,0.6,15,1.0,0.861904761904762,139,14,24,0.5604395604395604,14,1.0,0.8461538461538461,36,0.0659340659340659,0.19047619047619047,0.0,0.018274543136421652,0.2589928057553957,24
3857277,2022,Croatia,Ivan Perišić,29,32,61,10,4,18,,False,15,126,0.6,15,1.0,0.861904761904762,139,14,19,0.5879120879120879,14,1.0,0.8626373626373627,22,0.020146520146520075,0.15079365079365079,0.0,-0.0008499787505312337,0.15827338129496402,19
3857277,2022,Croatia,Marcelo Brozović,77,79,156,11,11,20,,False,15,126,0.6,15,1.0,0.861904761904762,139,14,19,0.5879120879120879,14,1.0,0.8571428571428571,31,0.020146520146520075,0.15079365079365079,0.0,0.005524861878453148,0.22302158273381295,19
3857277,2022,Croatia,Andrej Kramarić,10,14,24,10,0,5,,False,15,126,0.6,15,1.0,0.861904761904762,139,14,15,0.6098901098901099,14,1.0,0.8626373626373627,5,-0.016483516483516612,0.11904761904761904,0.0,-0.0008499787505312337,0.03597122302158273,15
3857277,2022,Croatia,Nikola Vlašić,7,15,22,9,0,8,,False,15,126,0.6,15,1.0,0.861904761904762,139,14,14,0.6153846153846154,14,1.0,0.8681318681318682,8,-0.025641025641025737,0.1111111111111111,0.0,-0.007224819379515486,0.05755395683453238,14
3857277,2022,Croatia,Dominik Livaković,26,13,39,9,13,0,,False,15,126,0.6,15,1.0,0.861904761904762,139,14,13,0.6208791208791209,14,1.0,0.8681318681318682,13,-0.03479853479853486,0.10317460317460317,0.0,-0.007224819379515486,0.09352517985611511,13
3857277,2022,Croatia,Mario Pašalić,14,15,29,9,2,7,,False,15,126,0.6,15,1.0,0.861904761904762,139,14,15,0.6098901098901099,14,1.0,0.8681318681318682,9,-0.016483516483516612,0.11904761904761904,0.0,-0.007224819379515486,0.06474820143884892,15
3857277,2022,Croatia,Marko Livaja,3,8,11,8,1,5,,False,15,126,0.6,15,1.0,0.861904761904762,139,14,9,0.6428571428571429,14,1.0,0.8736263736263736,6,-0.07142857142857155,0.07142857142857142,0.0,-0.013599660008499739,0.04316546762589928,9
3857277,2022,Croatia,Lovro Majer,9,10,19,7,0,5,,False,15,126,0.6,15,1.0,0.861904761904762,139,14,12,0.6263736263736264,14,1.0,0.8791208791208791,5,-0.04395604395604399,0.09523809523809523,0.0,-0.019974500637483992,0.03597122302158273,12
3857277,2022,Croatia,Mislav Oršić,1,1,2,2,0,0,,True,15,126,0.6,15,1.0,0.861904761904762,139,14,2,0.6813186813186813,14,1.0,0.9065934065934066,0,-0.1355311355311356,0.015873015873015872,0.0,-0.05184870378240538,0.0,2
3857278,2022,Iran,Mehdi Taremi,27,37,64,15,4,22,,False,16,130,0.5416666666666666,16,1.0,0.8208333333333333,130,15,26,0.49523809523809526,15,1.0,0.7952380952380952,26,0.08571428571428562,0.2,0.0,0.031182015953589583,0.2,26
3857278,2022,Iran,Ramin Rezaeian,39,41,80,12,15,19,,False,16,130,0.5416666666666666,16,1.0,0.8208333333333333,130,15,22,0.5142857142857142,15,1.0,0.8095238095238095,34,0.05054945054945058,0.16923076923076924,0.0,0.013778100072516267,0.26153846153846155,22
3857278,2022,Iran,Ahmad Nourollahi,14,13,27,10,3,3,,False,16,130,0.5416666666666666,16,1.0,0.8208333333333333,130,15,16,0.5428571428571428,15,1.0,0.819047619047619,6,-0.00219780219780219,0.12307692307692308,0.0,0.0021754894851341473,0.046153846153846156,16
3857278,2022,Iran,Sardar Azmoun,6,11,17,7,1,7,,False,16,130,0.5416666666666666,16,1.0,0.8208333333333333,130,15,9,0.5761904761904761,15,1.0,0.8333333333333334,8,-0.06373626373626372,0.06923076923076923,0.0,-0.015228426395939168,0.06153846153846154,9
3857278,2022,Iran,Saeid Ezatolahi Afagh,44,44,88,15,18,7,,False,16,130,0.5416666666666666,16,1.0,0.8208333333333333,130,15,27,0.49047619047619045,15,1.0,0.7952380952380952,25,0.09450549450549449,0.2076923076923077,0.0,0.031182015953589583,0.19230769230769232,27
3857278,2022,Iran,Milad Mohammadi,13,12,25,4,3,10,,False,16,130,0.5416666666666666,16,1.0,0.8208333333333333,130,15,7,0.5857142857142857,15,1.0,0.8476190476190476,13,-0.08131868131868145,0.05384615384615385,0.0,-0.032632342277012345,0.1,7
3857278,2022,Iran,Ehsan Hajsafi,27,30,57,9,9,10,,False,16,130,0.5416666666666666,16,1.0,0.8208333333333333,130,15,17,0.5380952380952381,15,1.0,0.8238095238095238,19,0.006593406593406571,0.13076923076923078,0.0,-0.0036258158085569125,0.14615384615384616,17
3857278,2022,Iran,Ali Gholizadeh,16,13,29,7,4,5,,False,16,130,0.5416666666666666,16,1.0,0.8208333333333333,130,15,11,0.5666666666666667,15,1.0,0.8333333333333334,9,-0.0461538461538462,0.08461538461538462,0.0,-0.015228426395939168,0.06923076923076923,11
3857278,2022,Iran,Morteza Pouraliganji,60,59,119,11,27,4,,False,16,130,0.5416666666666666,16,1.0,0.8208333333333333,130,15,22,0.5142857142857142,15,1.0,0.8142857142857143,31,0.05054945054945058,0.16923076923076924,0.0,0.007976794778825208,0.23846153846153847,22
3857278,2022,Iran,Alireza Safar Beiranvand,21,16,37,8,12,0,,False,16,130,0.5416666666666666,16,1.0,0.8208333333333333,130,15,11,0.5666666666666667,15,1.0,0.8285714285714286,12,-0.0461538461538462,0.08461538461538462,0.0,-0.009427121102248108,0.09230769230769231,11
3857278,2022,Iran,Seyed Majid Hosseini,51,42,93,13,18,2,,False,16,130,0.5416666666666666,16,1.0,0.8208333333333333,130,15,22,0.5142857142857142,15,1.0,0.8047619047619048,20,0.05054945054945058,0.16923076923076924,0.0,0.01957940536620733,0.15384615384615385,22
3857278,2022,Iran,Ali Karimi,30,27,57,13,5,11,,False,16,130,0.5416666666666666,16,1.0,0.8208333333333333,130,15,23,0.5095238095238095,15,1.0,0.8047619047619048,16,0.05934065934065934,0.17692307692307693,0.0,0.01957940536620733,0.12307692307692308,23
3857278,2022,Iran,Saman Ghoddos,15,21,36,10,3,13,,False,16,130,0.5416666666666666,16,1.0,0.8208333333333333,130,15,15,0.5476190476190477,15,1.0,0.819047619047619,16,-0.010989010989011156,0.11538461538461539,0.0,0.0021754894851341473,0.12307692307692308,15
3857278,2022,Iran,Mehdi Torabi,16,14,30,9,5,5,,False,16,130,0.5416666666666666,16,1.0,0.8208333333333333,130,15,15,0.5476190476190477,15,1.0,0.8238095238095238,10,-0.010989010989011156,0.11538461538461539,0.0,-0.0036258158085569125,0.07692307692307693,15
3857278,2022,Iran,Abolfazl Jalali,21,19,40,7,3,9,,False,16,130,0.5416666666666666,16,1.0,0.8208333333333333,130,15,12,0.5619047619047619,15,1.0,0.8333333333333334,12,-0.03736263736263744,0.09230769230769231,0.0,-0.015228426395939168,0.09230769230769231,12
3857278,2022,Iran,Karim Ansarifard,2,3,5,4,0,3,,False,16,130,0.5416666666666666,16,1.0,0.8208333333333333,130,15,5,0.5952380952380952,15,1.0,0.8476190476190476,3,-0.09890109890109897,0.038461538461538464,0.0,-0.032632342277012345,0.023076923076923078,5
3857278,2022,United States,Yunus Dimoara Musah,47,45,92,12,12,16,,False,16,123,0.5125,16,1.0,0.7986111111111114,132,15,21,0.4857142857142857,15,1.0,0.785714285714286,28,0.05226480836236926,0.17073170731707318,0.0,0.016149068322981304,0.21212121212121213,21
3857278,2022,United States,Sergino Dest,43,48,91,12,7,19,,False,16,123,0.5125,16,1.0,0.7986111111111114,132,15,22,0.48095238095238096,15,1.0,0.7841269841269844,26,0.06155632984901267,0.17886178861788618,0.0,0.018136645962732848,0.19696969696969696,22
3857278,2022,United States,Timothy Weah,27,33,60,10,2,8,,False,16,123,0.5125,16,1.0,0.7986111111111114,132,15,16,0.5095238095238095,15,1.0,0.7952380952380955,10,0.005807200929152129,0.13008130081300814,0.0,0.004223602484472034,0.07575757575757576,16
3857278,2022,United States,Cameron Carter-Vickers,50,42,92,10,18,2,,False,16,123,0.5125,16,1.0,0.7986111111111114,132,15,18,0.5,15,1.0,0.7952380952380955,20,0.02439024390243894,0.14634146341463414,0.0,0.004223602484472034,0.15151515151515152,18
3857278,2022,United States,Tim Ream,54,47,101,11,27,4,,False,16,123,0.5125,16,1.0,0.7986111111111114,132,15,20,0.49047619047619045,15,1.0,0.7888888888888892,31,0.04297328687572586,0.16260162601626016,0.0,0.012173913043478214,0.23484848484848486,20
3857278,2022,United States,Tyler Adams,63,49,112,12,16,8,,False,16,123,0.5125,16,1.0,0.7986111111111114,132,15,23,0.47619047619047616,15,1.0,0.785714285714286,24,0.07084785133565619,0.18699186991869918,0.0,0.016149068322981304,0.18181818181818182,23
3857278,2022,United States,Antonee Robinson,36,39,75,13,8,15,,False,16,123,0.5125,16,1.0,0.7986111111111114,132,15,23,0.47619047619047616,15,1.0,0.7777777777777781,23,0.07084785133565619,0.18699186991869918,0.0,0.02608695652173903,0.17424242424242425,23
3857278,2022,United States,Matthew Charles Turner,29,15,44,10,18,0,,False,16,123,0.5125,16,1.0,0.7986111111111114,132,15,15,0.5142857142857142,15,1.0,0.793650793650794,18,-0.003484320557491277,0.12195121951219512,0.0,0.006211180124223439,0.13636363636363635,15
3857278,2022,United States,Weston McKennie,31,37,68,11,14,13,,False,16,123,0.5125,16,1.0,0.7986111111111114,132,15,19,0.49523809523809526,15,1.0,0.7904761904761908,27,0.033681765389082345,0.15447154471544716,0.0,0.010186335403726668,0.20454545454545456,19
3857278,2022,United States,Joshua Sargent,19,25,44,12,0,20,,False,16,123,0.5125,16,1.0,0.7986111111111114,132,15,21,0.4857142857142857,15,1.0,0.7841269841269844,20,0.05226480836236926,0.17073170731707318,0.0,0.018136645962732848,0.15151515151515152,21
3857278,2022,United States,Christian Pulisic,12,17,29,8,3,7,,False,16,123,0.5125,16,1.0,0.7986111111111114,132,15,15,0.5142857142857142,15,1.0,0.804761904761905,10,-0.003484320557491277,0.12195121951219512,0.0,-0.007701863354037237,0.07575757575757576,15
3857278,2022,United States,Brenden Aaronson,7,14,21,10,3,10,,False,16,123,0.5125,16,1.0,0.7986111111111114,132,15,14,0.5190476190476191,15,1.0,0.793650793650794,13,-0.0127758420441349,0.11382113821138211,0.0,0.006211180124223439,0.09848484848484848,14
3857278,2022,United States,Kellyn Kai Perry-Acosta,3,3,6,5,1,1,,False,16,123,0.5125,16,1.0,0.7986111111111114,132,15,6,0.5571428571428572,15,1.0,0.8142857142857148,2,-0.08710801393728236,0.04878048780487805,0.0,-0.019627329192546925,0.015151515151515152,6
3857278,2022,United States,Shaquell Moore,2,4,6,5,1,1,,False,16,123,0.5125,16,1.0,0.7986111111111114,132,15,5,0.5619047619047619,15,1.0,0.8190476190476194,2,-0.09639953542392576,0.04065040650406504,0.0,-0.02559006211180128,0.015151515151515152,5
3857278,2022,United States,Haji Wright,1,8,9,5,0,8,,False,16,123,0.5125,16,1.0,0.7986111111111114,132,15,6,0.5571428571428572,15,1.0,0.8119047619047625,8,-0.08710801393728236,0.04878048780487805,0.0,-0.016645962732919607,0.06060606060606061,6
3857278,2022,United States,Walker Zimmerman,2,0,2,2,2,0,,True,16,123,0.5125,16,1.0,0.7986111111111114,132,15,2,0.5761904761904761,15,1.0,0.8412698412698414,2,-0.12427409988385599,0.016260162601626018,0.0,-0.053416149068322774,0.015151515151515152,2
3857279,2022,France,Olivier Giroud,10,14,24,7,1,7,,False,15,127,0.6047619047619047,15,1.0,0.8365079365079364,146,14,11,0.6373626373626373,14,1.0,0.8498168498168498,8,-0.05390672319806178,0.08661417322834646,0.0,-0.01591008611881485,0.0547945205479452,11
3857279,2022,France,Aurélien Djani Tchouaméni,74,71,145,11,18,8,,False,15,127,0.6047619047619047,15,1.0,0.8365079365079364,146,14,20,0.5879120879120879,14,1.0,0.8278388278388278,26,0.027861901877649812,0.15748031496062992,0.0,0.01036345059115454,0.1780821917808219,20
3857279,2022,France,Adrien Rabiot,61,61,122,13,9,12,,False,15,127,0.6047619047619047,15,1.0,0.8365079365079364,146,14,24,0.5659340659340659,14,1.0,0.8168498168498168,21,0.06420351302241062,0.1889763779527559,0.0,0.02350021894613917,0.14383561643835616,24
3857279,2022,France,Dayotchanculle Upamecano,112,103,215,13,37,0,,False,15,127,0.6047619047619047,15,1.0,0.8365079365079364,146,14,23,0.5714285714285714,14,1.0,0.8168498168498168,37,0.055118110236220465,0.18110236220472442,0.0,0.02350021894613917,0.2534246575342466,23
3857279,2022,France,Benjamin Pavard,81,70,151,11,14,9,,False,15,127,0.6047619047619047,15,1.0,0.8365079365079364,146,14,20,0.5879120879120879,14,1.0,0.8278388278388278,23,0.027861901877649812,0.15748031496062992,0.0,0.01036345059115454,0.15753424657534246,20
3857279,2022,France,Ibrahima Konaté,87,89,176,12,25,3,,False,15,127,0.6047619047619047,15,1.0,0.8365079365079364,146,14,23,0.5714285714285714,14,1.0,0.8223443223443223,28,0.055118110236220465,0.18110236220472442,0.0,0.016931834768646854,0.1917808219178082,23
3857279,2022,France,Lucas Hernández Pi,6,6,12,3,1,2,,False,15,127,0.6047619047619047,15,1.0,0.8365079365079364,146,14,5,0.6703296703296703,14,1.0,0.8736263736263736,3,-0.1084191399152029,0.03937007874015748,0.0,-0.044373084221281674,0.02054794520547945,5
3857279,2022,France,Kylian Mbappé Lottin,42,63,105,12,5,34,,False,15,127,0.6047619047619047,15,1.0,0.8365079365079364,146,14,22,0.5769230769230769,14,1.0,0.8223443223443223,39,0.04603270745003031,0.1732283464566929,0.0,0.016931834768646854,0.2671232876712329,22
3857279,2022,France,Antoine Griezmann,66,70,136,13,12,19,,False,15,127,0.6047619047619047,15,1.0,0.8365079365079364,146,14,25,0.5604395604395604,14,1.0,0.8168498168498168,31,0.07328891580860078,0.1968503937007874,0.0,0.02350021894613917,0.21232876712328766,25
3857279,2022,France,Ousmane Dembélé,25,33,58,8,1,13,,False,15,127,0.6047619047619047,15,1.0,0.8365079365079364,146,14,14,0.6208791208791209,14,1.0,0.8443223443223443,14,-0.026650514839491306,0.11023622047244094,0.0,-0.009341701941322535,0.0958904109589041,14
3857279,2022,France,Hugo Lloris,19,11,30,8,10,0,,False,15,127,0.6047619047619047,15,1.0,0.8365079365079364,146,14,12,0.6318681318681318,14,1.0,0.8443223443223443,10,-0.04482132041187162,0.09448818897637795,0.0,-0.009341701941322535,0.0684931506849315,12
3857279,2022,France,Theo Bernard François Hernández,60,54,114,9,8,27,,False,15,127,0.6047619047619047,15,1.0,0.8365079365079364,146,14,17,0.6043956043956044,14,1.0,0.8388278388278387,35,0.0006056935190793438,0.13385826771653545,0.0,-0.002773317763830088,0.23972602739726026,17
3857279,2022,France,Youssouf Fofana,18,17,35,8,4,3,,False,15,127,0.6047619047619047,15,1.0,0.8365079365079364,146,14,15,0.6153846153846154,14,1.0,0.8443223443223443,7,-0.017565112053301152,0.11811023622047244,0.0,-0.009341701941322535,0.04794520547945205,15
3857279,2022,France,Kingsley Coman,12,13,25,8,1,9,,False,15,127,0.6047619047619047,15,1.0,0.8365079365079364,146,14,14,0.6208791208791209,14,1.0,0.8443223443223443,10,-0.026650514839491306,0.11023622047244094,0.0,-0.009341701941322535,0.0684931506849315,14
3857279,2022,France,Jules Koundé,7,5,12,6,0,0,,False,15,127,0.6047619047619047,15,1.0,0.8365079365079364,146,14,9,0.6483516483516484,14,1.0,0.8571428571428571,0,-0.07207752877044227,0.07086614173228346,0.0,-0.0246679316888046,0.0,9
3857279,2022,Australia,Nathaniel Atkinson,30,20,50,10,8,7,,False,16,115,0.4791666666666667,16,1.0,0.7875,101,15,15,0.47619047619047616,15,1.0,0.780952380952381,15,0.006211180124223696,0.13043478260869565,0.0,0.008314436885865428,0.1485148514851485,15
3857279,2022,Australia,Harry Souttar,43,44,87,10,17,0,,False,16,115,0.4791666666666667,16,1.0,0.7875,101,15,18,0.46190476190476193,15,1.0,0.780952380952381,17,0.03602484472049688,0.1565217391304348,0.0,0.008314436885865428,0.16831683168316833,18
3857279,2022,Australia,Kye Rowles,59,56,115,11,17,0,,False,16,115,0.4791666666666667,16,1.0,0.7875,101,15,18,0.46190476190476193,15,1.0,0.7761904761904762,17,0.03602484472049688,0.1565217391304348,0.0,0.01436130007558574,0.16831683168316833,18
3857279,2022,Australia,Aziz Eraltay Behich,55,49,104,13,10,9,,False,16,115,0.4791666666666667,16,1.0,0.7875,101,15,21,0.44761904761904764,15,1.0,0.7666666666666667,19,0.06583850931677018,0.1826086956521739,0.0,0.026455026455026363,0.18811881188118812,21
3857279,2022,Australia,Mathew Leckie,21,31,52,12,3,19,,False,16,115,0.4791666666666667,16,1.0,0.7875,101,15,19,0.45714285714285713,15,1.0,0.7714285714285715,22,0.04596273291925473,0.16521739130434782,0.0,0.02040816326530605,0.21782178217821782,19
3857279,2022,Australia,Jackson Irvine,28,33,61,10,7,9,,False,16,115,0.4791666666666667,16,1.0,0.7875,101,15,19,0.45714285714285713,15,1.0,0.780952380952381,16,0.04596273291925473,0.16521739130434782,0.0,0.008314436885865428,0.15841584158415842,19
3857279,2022,Australia,Aaron Mooy,58,60,118,15,11,16,,False,16,115,0.4791666666666667,16,1.0,0.7875,101,15,29,0.4095238095238095,15,1.0,0.7523809523809525,27,0.14534161490683237,0.25217391304347825,0.0,0.044595616024187296,0.26732673267326734,29
3857279,2022,Australia,Mitchell Thomas Duke,7,10,17,7,0,8,,False,16,115,0.4791666666666667,16,1.0,0.7875,101,15,11,0.49523809523809526,15,1.0,0.7952380952380952,8,-0.03354037267080745,0.09565217391304348,0.0,-0.009826152683295506,0.07920792079207921,11
3857279,2022,Australia,Craig Goodwin,18,21,39,7,2,11,,False,16,115,0.4791666666666667,16,1.0,0.7875,101,15,13,0.4857142857142857,15,1.0,0.7952380952380952,13,-0.013664596273291876,0.11304347826086956,0.0,-0.009826152683295506,0.12871287128712872,13
3857279,2022,Australia,Riley McGree,18,19,37,7,1,8,,False,16,115,0.4791666666666667,16,1.0,0.7875,101,15,14,0.48095238095238096,15,1.0,0.7952380952380952,9,-0.003726708074534148,0.12173913043478261,0.0,-0.009826152683295506,0.0891089108910891,14
3857279,2022,Australia,Mathew Ryan,26,16,42,10,16,0,,False,16,115,0.4791666666666667,16,1.0,0.7875,101,15,15,0.47619047619047616,15,1.0,0.780952380952381,16,0.006211180124223696,0.13043478260869565,0.0,0.008314436885865428,0.15841584158415842,15
3857279,2022,Australia,Jason Cummings,4,4,8,5,1,4,,False,16,115,0.4791666666666667,16,1.0,0.7875,101,15,6,0.5190476190476191,15,1.0,0.8047619047619048,5,-0.08322981366459632,0.05217391304347826,0.0,-0.02191987906273627,0.04950495049504951,6
3857279,2022,Australia,Garang Kuol,2,4,6,3,1,3,,False,16,115,0.4791666666666667,16,1.0,0.7875,101,15,4,0.5285714285714286,15,1.0,0.8142857142857143,4,-0.10310559006211178,0.034782608695652174,0.0,-0.034013605442176895,0.039603960396039604,4
3857279,2022,Australia,Awer Denis Bul Mabil,9,12,21,6,0,7,,False,16,115,0.4791666666666667,16,1.0,0.7875,101,15,9,0.5047619047619047,15,1.0,0.8,7,-0.053416149068322906,0.0782608695652174,0.0,-0.01587301587301596,0.06930693069306931,9
3857279,2022,Australia,Miloš Degenek,10,9,19,6,6,0,,False,16,115,0.4791666666666667,16,1.0,0.7875,101,15,10,0.5,15,1.0,0.8,6,-0.043478260869565175,0.08695652173913043,0.0,-0.01587301587301596,0.0594059405940594,10
3857279,2022,Australia,Keanu Baccus,6,6,12,6,1,0,,False,16,115,0.4791666666666667,16,1.0,0.7875,101,15,9,0.5047619047619047,15,1.0,0.8,1,-0.053416149068322906,0.0782608695652174,0.0,-0.01587301587301596,0.009900990099009901,9
3857280,2022,Brazil,Gabriel Fernando de Jesus,12,11,23,10,1,7,,False,16,138,0.575,16,1.0,0.8458333333333333,146,15,14,0.5904761904761905,15,1.0,0.8476190476190476,8,-0.02691511387163571,0.10144927536231885,0.0,-0.0021111893033075226,0.0547945205479452,14
3857280,2022,Brazil,Fábio Henrique Tavares,50,40,90,15,18,4,,False,16,138,0.575,16,1.0,0.8458333333333333,146,15,26,0.5333333333333333,15,1.0,0.8222222222222223,22,0.07246376811594198,0.18840579710144928,0.0,0.027914614121510573,0.1506849315068493,26
3857280,2022,Brazil,Rodrygo Silva de Goes,22,31,53,10,5,14,,False,16,138,0.575,16,1.0,0.8458333333333333,146,15,17,0.5761904761904761,15,1.0,0.8476190476190476,19,-0.0020703933747411936,0.12318840579710146,0.0,-0.0021111893033075226,0.13013698630136986,17
3857280,2022,Brazil,Alex Nicolao Telles,25,25,50,9,8,2,,False,16,138,0.575,16,1.0,0.8458333333333333,146,15,14,0.5904761904761905,15,1.0,0.8523809523809524,10,-0.02691511387163571,0.10144927536231885,0.0,-0.007741027445460916,0.0684931506849315,14
3857280,2022,Brazil,Gleison Bremer Silva Nascimento,62,54,116,10,10,0,,False,16,138,0.575,16,1.0,0.8458333333333333,146,15,17,0.5761904761904761,15,1.0,0.8476190476190476,10,-0.0020703933747411936,0.12318840579710146,0.0,-0.0021111893033075226,0.0684931506849315,17
3857280,2022,Brazil,Éder Gabriel Militão,69,64,133,12,23,4,,False,16,138,0.575,16,1.0,0.8458333333333333,146,15,20,0.5619047619047619,15,1.0,0.8380952380952381,27,0.02277432712215313,0.14492753623188406,0.0,0.009148486980999264,0.18493150684931506,20
3857280,2022,Brazil,Ederson Santana de Moraes,28,14,42,12,20,0,,False,16,138,0.575,16,1.0,0.8458333333333333,146,15,18,0.5714285714285714,15,1.0,0.8380952380952381,20,0.006211180124223581,0.13043478260869565,0.0,0.009148486980999264,0.136986301369863,18
3857280,2022,Brazil,Antony Matheus dos Santos,36,53,89,10,2,30,,False,16,138,0.575,16,1.0,0.8458333333333333,146,15,17,0.5761904761904761,15,1.0,0.8476190476190476,32,-0.0020703933747411936,0.12318840579710146,0.0,-0.0021111893033075226,0.2191780821917808,17
3857280,2022,Brazil,Frederico Rodrigues Santos,29,33,62,10,11,14,,False,16,138,0.575,16,1.0,0.8458333333333333,146,15,17,0.5761904761904761,15,1.0,0.8476190476190476,25,-0.0020703933747411936,0.12318840579710146,0.0,-0.0021111893033075226,0.17123287671232876,17
3857280,2022,Brazil,Daniel Alves da Silva,71,56,127,13,17,9,,False,16,138,0.575,16,1.0,0.8458333333333333,146,15,24,0.5428571428571428,15,1.0,0.8333333333333334,26,0.055900621118012424,0.17391304347826086,0.0,0.014778325123152657,0.1780821917808219,24
3857280,2022,Brazil,Gabriel Teodoro Martinelli Silva,23,38,61,11,6,26,,False,16,138,0.575,16,1.0,0.8458333333333333,146,15,18,0.5714285714285714,15,1.0,0.8428571428571429,32,0.006211180124223581,0.13043478260869565,0.0,0.003518648838845871,0.2191780821917808,18
3857280,2022,Brazil,Marcos Aoás Corrêa,32,24,56,10,13,7,,False,16,138,0.575,16,1.0,0.8458333333333333,146,15,18,0.5714285714285714,15,1.0,0.8476190476190476,20,0.006211180124223581,0.13043478260869565,0.0,-0.0021111893033075226,0.136986301369863,18
3857280,2022,Brazil,Éverton Augusto de Barros Ribeiro,15,19,34,11,2,11,,False,16,138,0.575,16,1.0,0.8458333333333333,146,15,17,0.5761904761904761,15,1.0,0.8428571428571429,13,-0.0020703933747411936,0.12318840579710146,0.0,0.003518648838845871,0.08904109589041095,17
3857280,2022,Brazil,Bruno Guimarães Rodriguez Moura,26,30,56,12,10,8,,False,16,138,0.575,16,1.0,0.8458333333333333,146,15,21,0.5571428571428572,15,1.0,0.8380952380952381,18,0.031055900621117905,0.15217391304347827,0.0,0.009148486980999264,0.1232876712328767,21
3857280,2022,Brazil,Pedro Guilherme Abreu dos Santos,5,11,16,6,0,6,,False,16,138,0.575,16,1.0,0.8458333333333333,146,15,10,0.6095238095238096,15,1.0,0.8666666666666667,6,-0.060041407867495004,0.07246376811594203,0.0,-0.024630541871921225,0.0410958904109589,10
3857280,2022,Brazil,Raphael Dias Belloli,7,9,16,5,0,4,,False,16,138,0.575,16,1.0,0.8458333333333333,146,15,8,0.6190476190476191,15,1.0,0.8714285714285714,4,-0.07660455486542456,0.057971014492753624,0.0,-0.03026038001407462,0.0273972602739726,8
3857280,2022,Cameroon,Ngoran Suiru Fai Collins,19,10,29,10,8,2,,False,14,90,0.4945054945054945,14,1.0,0.8351648351648352,85,13,15,0.4807692307692308,13,1.0,0.8269230769230769,10,0.02777777777777779,0.16666666666666666,0.0,0.009868421052631677,0.11764705882352941,15
3857280,2022,Cameroon,Jean-Eric Maxim Choupo-Moting,13,26,39,12,1,20,,False,14,90,0.4945054945054945,14,1.0,0.8351648351648352,85,13,16,0.47435897435897434,13,1.0,0.8141025641025641,21,0.04074074074074082,0.17777777777777778,0.0,0.02521929824561408,0.24705882352941178,16
3857280,2022,Cameroon,André-Frank Zambo Anguissa,39,43,82,12,15,11,,False,14,90,0.4945054945054945,14,1.0,0.8351648351648352,85,13,23,0.42948717948717946,13,1.0,0.8141025641025641,26,0.13148148148148156,0.25555555555555554,0.0,0.02521929824561408,0.3058823529411765,23
3857280,2022,Cameroon,Vincent Paté Aboubakar,7,20,27,10,1,11,,False,14,90,0.4945054945054945,14,1.0,0.8351648351648352,85,13,14,0.48717948717948717,13,1.0,0.8269230769230769,12,0.014814814814814874,0.15555555555555556,0.0,0.009868421052631677,0.1411764705882353,14
3857280,2022,Cameroon,Nouhou Tolo,16,12,28,8,5,3,,False,14,90,0.4945054945054945,14,1.0,0.8351648351648352,85,13,12,0.5,13,1.0,0.8397435897435898,8,-0.011111111111111072,0.13333333333333333,0.0,-0.005482456140350858,0.09411764705882353,12
3857280,2022,Cameroon,Bryan Mbeumo,8,12,20,7,2,6,,False,14,90,0.4945054945054945,14,1.0,0.8351648351648352,85,13,11,0.5064102564102564,13,1.0,0.8461538461538461,8,-0.024074074074073987,0.12222222222222222,0.0,-0.013157894736842058,0.09411764705882353,11
3857280,2022,Cameroon,Pierre Kunde Malong,22,16,38,8,7,2,,False,14,90,0.4945054945054945,14,1.0,0.8351648351648352,85,13,13,0.4935897435897436,13,1.0,0.8397435897435898,9,0.0018518518518518452,0.14444444444444443,0.0,-0.005482456140350858,0.10588235294117647,13
3857280,2022,Cameroon,Enzo Ebosse,34,30,64,8,11,1,,False,14,90,0.4945054945054945,14,1.0,0.8351648351648352,85,13,13,0.4935897435897436,13,1.0,0.8397435897435898,12,0.0018518518518518452,0.14444444444444443,0.0,-0.005482456140350858,0.1411764705882353,13
3857280,2022,Cameroon,Christopher Wooh,27,28,55,9,7,4,,False,14,90,0.4945054945054945,14,1.0,0.8351648351648352,85,13,14,0.48717948717948717,13,1.0,0.8333333333333334,11,0.014814814814814874,0.15555555555555556,0.0,0.002192982456140343,0.12941176470588237,14
3857280,2022,Cameroon,Devis Rogers Epassy Mboka,30,15,45,7,17,0,,False,14,90,0.4945054945054945,14,1.0,0.8351648351648352,85,13,9,0.5192307692307693,13,1.0,0.8461538461538461,17,-0.050000000000000044,0.1,0.0,-0.013157894736842058,0.2,9
3857280,2022,Cameroon,Nicolas Moumi Ngamaleu,19,21,40,10,5,13,,False,14,90,0.4945054945054945,14,1.0,0.8351648351648352,85,13,16,0.47435897435897434,13,1.0,0.8269230769230769,18,0.04074074074074082,0.17777777777777778,0.0,0.009868421052631677,0.21176470588235294,16
3857280,2022,Cameroon,Karl Brillant Toko Ekambi,8,7,15,7,1,5,,False,14,90,0.4945054945054945,14,1.0,0.8351648351648352,85,13,8,0.5256410256410257,13,1.0,0.8461538461538461,6,-0.06296296296296296,0.08888888888888889,0.0,-0.013157894736842058,0.07058823529411765,8
3857280,2022,Cameroon,Jules Olivier Ntcham,11,10,21,9,4,4,,False,14,90,0.4945054945054945,14,1.0,0.8351648351648352,85,13,11,0.5064102564102564,13,1.0,0.8333333333333334,8,-0.024074074074073987,0.12222222222222222,0.0,0.002192982456140343,0.09411764705882353,11
3857280,2022,Cameroon,Jerome Ngom Mbekeli,1,4,5,5,1,3,,False,14,90,0.4945054945054945,14,1.0,0.8351648351648352,85,13,5,0.5448717948717948,13,1.0,0.8589743589743589,4,-0.10185185185185171,0.05555555555555555,0.0,-0.02850877192982446,0.047058823529411764,5
3857281,2022,Croatia,Marko Livaja,8,19,27,8,2,16,,False,16,108,0.45,16,1.0,0.7680555555555558,113,15,12,0.45714285714285713,15,1.0,0.7714285714285717,18,-0.015873015873015817,0.1111111111111111,0.0,-0.004391630069749401,0.1592920353982301,12
3857281,2022,Croatia,Marcelo Brozović,55,53,108,12,13,8,,False,16,108,0.45,16,1.0,0.7680555555555558,113,15,22,0.4095238095238095,15,1.0,0.7492063492063495,21,0.08994708994709,0.2037037037037037,0.0,0.02454146215448195,0.18584070796460178,22
3857281,2022,Croatia,Borna Sosa,45,35,80,10,14,9,,False,16,108,0.45,16,1.0,0.7680555555555558,113,15,16,0.4380952380952381,15,1.0,0.758730158730159,23,0.026455026455026485,0.14814814814814814,0.0,0.012141565486954229,0.20353982300884957,16
3857281,2022,Croatia,Joško Gvardiol,44,40,84,10,14,1,,False,16,108,0.45,16,1.0,0.7680555555555558,113,15,17,0.43333333333333335,15,1.0,0.7619047619047622,15,0.03703703703703703,0.1574074074074074,0.0,0.00800826659777832,0.13274336283185842,17
3857281,2022,Croatia,Dejan Lovren,43,38,81,11,16,1,,False,16,108,0.45,16,1.0,0.7680555555555558,113,15,17,0.43333333333333335,15,1.0,0.7539682539682543,17,0.03703703703703703,0.1574074074074074,0.0,0.018341513820718088,0.1504424778761062,17
3857281,2022,Croatia,Josip Juranović,37,33,70,11,10,13,,False,16,108,0.45,16,1.0,0.7680555555555558,113,15,18,0.42857142857142855,15,1.0,0.7539682539682543,23,0.04761904761904769,0.16666666666666666,0.0,0.018341513820718088,0.20353982300884957,18
3857281,2022,Croatia,Dominik Livaković,14,13,27,7,9,0,,False,16,108,0.45,16,1.0,0.7680555555555558,113,15,12,0.45714285714285713,15,1.0,0.7730158730158734,9,-0.015873015873015817,0.1111111111111111,0.0,-0.0064582795143375,0.07964601769911504,12
3857281,2022,Croatia,Andrej Kramarić,28,34,62,10,2,17,,False,16,108,0.45,16,1.0,0.7680555555555558,113,15,18,0.42857142857142855,15,1.0,0.7619047619047622,19,0.04761904761904769,0.16666666666666666,0.0,0.00800826659777832,0.168141592920354,18
3857281,2022,Croatia,Mateo Kovačić,42,34,76,8,13,7,,False,16,108,0.45,16,1.0,0.7680555555555558,113,15,16,0.4380952380952381,15,1.0,0.7714285714285717,20,0.026455026455026485,0.14814814814814814,0.0,-0.004391630069749401,0.17699115044247787,16
3857281,2022,Croatia,Ivan Perišić,30,36,66,11,8,18,,False,16,108,0.45,16,1.0,0.7680555555555558,113,15,20,0.41904761904761906,15,1.0,0.7539682539682543,26,0.06878306878306878,0.18518518518518517,0.0,0.018341513820718088,0.23008849557522124,20
3857281,2022,Croatia,Luka Modrić,45,48,93,9,7,8,,False,16,108,0.45,16,1.0,0.7680555555555558,113,15,15,0.44285714285714284,15,1.0,0.7634920634920638,15,0.015873015873015938,0.1388888888888889,0.0,0.005941617153190367,0.13274336283185842,15
3857281,2022,Croatia,Bruno Petković,6,15,21,8,1,11,,False,16,108,0.45,16,1.0,0.7680555555555558,113,15,12,0.45714285714285713,15,1.0,0.7587301587301591,12,-0.015873015873015817,0.1111111111111111,0.0,0.012141565486954083,0.10619469026548672,12
3857281,2022,Croatia,Nikola Vlašić,4,5,9,6,1,2,,False,16,108,0.45,16,1.0,0.7680555555555558,113,15,7,0.48095238095238096,15,1.0,0.7777777777777781,3,-0.06878306878306878,0.06481481481481481,0.0,-0.012658227848101361,0.02654867256637168,7
3857281,2022,Croatia,Mario Pašalić,5,1,6,4,2,0,,False,16,108,0.45,16,1.0,0.7680555555555558,113,15,4,0.49523809523809526,15,1.0,0.7936507936507937,2,-0.10052910052910054,0.037037037037037035,0.0,-0.03332472229398061,0.017699115044247787,4
3857281,2022,Croatia,Lovro Majer,2,4,6,5,0,0,,False,16,108,0.45,16,1.0,0.7680555555555558,113,15,5,0.49047619047619045,15,1.0,0.7793650793650797,0,-0.08994708994708987,0.046296296296296294,0.0,-0.014724877292689315,0.0,5
3857281,2022,Croatia,Mislav Oršić,3,3,6,4,1,2,,False,16,108,0.45,16,1.0,0.7680555555555558,113,15,5,0.49047619047619045,15,1.0,0.7936507936507937,3,-0.08994708994708987,0.046296296296296294,0.0,-0.03332472229398061,0.02654867256637168,5
3857281,2022,Canada,Milan Borjan,27,18,45,11,17,0,,False,16,145,0.6041666666666666,16,1.0,0.8666666666666667,130,15,18,0.6047619047619047,15,1.0,0.8666666666666667,17,-0.0009852216748768437,0.12413793103448276,0.0,0.0,0.13076923076923078,18
3857281,2022,Canada,Kamal Miller,62,59,121,15,25,2,,False,16,145,0.6041666666666666,16,1.0,0.8666666666666667,130,15,26,0.5666666666666667,15,1.0,0.8476190476190476,27,0.062068965517241344,0.1793103448275862,0.0,0.02197802197802203,0.2076923076923077,26
3857281,2022,Canada,Alistair Johnston,52,42,94,14,21,6,,False,16,145,0.6041666666666666,16,1.0,0.8666666666666667,130,15,25,0.5714285714285714,15,1.0,0.8523809523809524,27,0.0541871921182266,0.1724137931034483,0.0,0.016483516483516553,0.2076923076923077,25
3857281,2022,Canada,Jonathan David,15,20,35,11,2,17,,False,16,145,0.6041666666666666,16,1.0,0.8666666666666667,130,15,16,0.6142857142857143,15,1.0,0.8666666666666667,19,-0.01674876847290653,0.1103448275862069,0.0,0.0,0.14615384615384616,16
3857281,2022,Canada,Tajon Buchanan,22,33,55,13,7,17,,False,16,145,0.6041666666666666,16,1.0,0.8666666666666667,130,15,22,0.5857142857142857,15,1.0,0.8571428571428571,24,0.03054187192118216,0.15172413793103448,0.0,0.010989010989011078,0.18461538461538463,22
3857281,2022,Canada,Steven de Sousa Vitoria,46,41,87,14,16,2,,False,16,145,0.6041666666666666,16,1.0,0.8666666666666667,130,15,23,0.580952380952381,15,1.0,0.8523809523809524,18,0.03842364532019691,0.15862068965517243,0.0,0.016483516483516553,0.13846153846153847,23
3857281,2022,Canada,Cyle Larin,6,9,15,7,1,7,,False,16,145,0.6041666666666666,16,1.0,0.8666666666666667,130,15,11,0.638095238095238,15,1.0,0.8857142857142857,8,-0.056157635467980284,0.07586206896551724,0.0,-0.0219780219780219,0.06153846153846154,11
3857281,2022,Canada,Alphonso Davies,30,39,69,14,4,19,,False,16,145,0.6041666666666666,16,1.0,0.8666666666666667,130,15,24,0.5761904761904761,15,1.0,0.8523809523809524,23,0.046305418719211844,0.16551724137931034,0.0,0.016483516483516553,0.17692307692307693,24
3857281,2022,Canada,Atiba Hutchinson,48,47,95,13,12,15,,False,16,145,0.6041666666666666,16,1.0,0.8666666666666667,130,15,23,0.580952380952381,15,1.0,0.8571428571428571,27,0.03842364532019691,0.15862068965517243,0.0,0.010989010989011078,0.2076923076923077,23
3857281,2022,Canada,Stephen Antunes Eustáquio,27,22,49,8,7,4,,False,16,145,0.6041666666666666,16,1.0,0.8666666666666667,130,15,16,0.6142857142857143,15,1.0,0.8809523809523809,11,-0.01674876847290653,0.1103448275862069,0.0,-0.016483516483516425,0.08461538461538462,16
3857281,2022,Canada,Richie Laryea,16,17,33,9,0,6,,False,16,145,0.6041666666666666,16,1.0,0.8666666666666667,130,15,15,0.6190476190476191,15,1.0,0.8761904761904762,6,-0.02463054187192128,0.10344827586206896,0.0,-0.01098901098901095,0.046153846153846156,15
3857281,2022,Canada,Ismael Koné,39,38,77,12,11,8,,False,16,145,0.6041666666666666,16,1.0,0.8666666666666667,130,15,21,0.5904761904761905,15,1.0,0.861904761904762,19,0.02266009852216741,0.14482758620689656,0.0,0.005494505494505475,0.14615384615384616,21
3857281,2022,Canada,Jonathan Osorio,19,20,39,11,1,8,,False,16,145,0.6041666666666666,16,1.0,0.8666666666666667,130,15,17,0.6095238095238096,15,1.0,0.8666666666666667,9,-0.008866995073891779,0.11724137931034483,0.0,0.0,0.06923076923076923,17
3857281,2022,Canada,David Junior Hoilett,14,19,33,11,5,10,,False,16,145,0.6041666666666666,16,1.0,0.8666666666666667,130,15,17,0.6095238095238096,15,1.0,0.8666666666666667,15,-0.008866995073891779,0.11724137931034483,0.0,0.0,0.11538461538461539,17
3857281,2022,Canada,Sam Adekugbe,11,10,21,8,1,7,,False,16,145,0.6041666666666666,16,1.0,0.8666666666666667,130,15,11,0.638095238095238,15,1.0,0.8809523809523809,8,-0.056157635467980284,0.07586206896551724,0.0,-0.016483516483516425,0.06153846153846154,11
3857281,2022,Canada,Lucas Daniel Cavallini,3,3,6,5,0,2,,False,16,145,0.6041666666666666,16,1.0,0.8666666666666667,130,15,5,0.6666666666666666,15,1.0,0.8952380952380953,2,-0.10344827586206898,0.034482758620689655,0.0,-0.032967032967032975,0.015384615384615385,5
3857282,2022,United States,Joshua Sargent,10,13,23,8,0,9,,False,16,133,0.5541666666666667,16,1.0,0.825,143,15,14,0.5666666666666667,15,1.0,0.8333333333333334,9,-0.022556390977443528,0.10526315789473684,0.0,-0.0101010101010102,0.06293706293706294,14
3857282,2022,United States,Tim Ream,68,65,133,12,27,3,,False,16,133,0.5541666666666667,16,1.0,0.825,143,15,22,0.5285714285714286,15,1.0,0.8142857142857143,30,0.046186895810955995,0.16541353383458646,0.0,0.012987012987012941,0.2097902097902098,22
3857282,2022,United States,Walker Zimmerman,82,76,158,11,30,1,,False,16,133,0.5541666666666667,16,1.0,0.825,143,15,21,0.5333333333333333,15,1.0,0.819047619047619,31,0.03759398496240608,0.15789473684210525,0.0,0.00721500721500719,0.21678321678321677,21
3857282,2022,United States,Antonee Robinson,49,42,91,12,16,14,,False,16,133,0.5541666666666667,16,1.0,0.825,143,15,23,0.5238095238095238,15,1.0,0.8142857142857143,30,0.05477980665950591,0.17293233082706766,0.0,0.012987012987012941,0.2097902097902098,23
3857282,2022,United States,Yunus Dimoara Musah,38,42,80,9,9,18,,False,16,133,0.5541666666666667,16,1.0,0.825,143,15,17,0.5523809523809524,15,1.0,0.8285714285714286,27,0.0032223415682062183,0.12781954887218044,0.0,-0.004329004329004449,0.1888111888111888,17
3857282,2022,United States,Sergino Dest,65,63,128,11,14,15,,False,16,133,0.5541666666666667,16,1.0,0.825,143,15,20,0.5380952380952381,15,1.0,0.819047619047619,29,0.029001074113856166,0.15037593984962405,0.0,0.00721500721500719,0.20279720279720279,20
3857282,2022,United States,Timothy Weah,24,27,51,12,4,17,,False,16,133,0.5541666666666667,16,1.0,0.825,143,15,21,0.5333333333333333,15,1.0,0.8142857142857143,21,0.03759398496240608,0.15789473684210525,0.0,0.012987012987012941,0.14685314685314685,21
3857282,2022,United States,Weston McKennie,27,27,54,9,5,11,,False,16,133,0.5541666666666667,16,1.0,0.825,143,15,17,0.5523809523809524,15,1.0,0.8285714285714286,16,0.0032223415682062183,0.12781954887218044,0.0,-0.004329004329004449,0.11188811188811189,17
3857282,2022,United States,Tyler Adams,63,49,112,14,11,4,,False,16,133,0.5541666666666667,16,1.0,0.825,143,15,26,0.5095238095238095,15,1.0,0.8047619047619048,15,0.08055853920515586,0.19548872180451127,0.0,0.024531024531024445,0.1048951048951049,26
3857282,2022,United States,Christian Pulisic,30,51,81,14,8,28,,False,16,133,0.5541666666666667,16,1.0,0.825,143,15,22,0.5285714285714286,15,1.0,0.7984126984126985,36,0.046186895810955995,0.16541353383458646,0.0,0.03222703222703211,0.2517482517482518,22
3857282,2022,United States,Matthew Charles Turner,22,17,39,10,11,0,,False,16,133,0.5541666666666667,16,1.0,0.825,143,15,15,0.5619047619047619,15,1.0,0.8238095238095238,11,-0.013963480128893613,0.11278195488721804,0.0,0.001443001443001438,0.07692307692307693,15
3857282,2022,United States,Brenden Aaronson,17,20,37,9,2,7,,False,16,133,0.5541666666666667,16,1.0,0.825,143,15,16,0.5571428571428572,15,1.0,0.8285714285714286,9,-0.005370569280343697,0.12030075187969924,0.0,-0.004329004329004449,0.06293706293706294,16
3857282,2022,United States,Haji Wright,4,7,11,7,1,7,,False,16,133,0.5541666666666667,16,1.0,0.825,143,15,8,0.5952380952380952,15,1.0,0.8380952380952381,8,-0.07411385606874323,0.06015037593984962,0.0,-0.015873015873015952,0.055944055944055944,8
3857282,2022,United States,DeAndre Yedlin,12,11,23,9,4,5,,False,16,133,0.5541666666666667,16,1.0,0.825,143,15,12,0.5761904761904761,15,1.0,0.826984126984127,9,-0.03974221267454336,0.09022556390977443,0.0,-0.0024050024050025313,0.06293706293706294,12
3857282,2022,United States,Kellyn Kai Perry-Acosta,7,8,15,6,1,3,,False,16,133,0.5541666666666667,16,1.0,0.825,143,15,9,0.5904761904761905,15,1.0,0.8428571428571429,4,-0.0655209452201933,0.06766917293233082,0.0,-0.021645021645021703,0.027972027972027972,9
3857282,2022,United States,Jordan Morris,2,2,4,3,0,1,,False,16,133,0.5541666666666667,16,1.0,0.825,143,15,3,0.6190476190476191,15,1.0,0.8571428571428571,1,-0.11707841031149299,0.022556390977443608,0.0,-0.03896103896103896,0.006993006993006993,3
3857282,2022,Wales,Harry Wilson,23,21,44,10,5,12,,False,15,111,0.5285714285714286,15,1.0,0.8142857142857147,107,14,17,0.5164835164835165,14,1.0,0.8095238095238099,17,0.022869022869022787,0.15315315315315314,0.0,0.0058479532163743814,0.1588785046728972,17
3857282,2022,Wales,Daniel James,7,11,18,9,0,11,,False,15,111,0.5285714285714286,15,1.0,0.8142857142857147,107,14,12,0.5439560439560439,14,1.0,0.8150183150183153,11,-0.029106029106029004,0.10810810810810811,0.0,-0.000899685110211286,0.102803738317757,12
3857282,2022,Wales,Aaron Ramsey,24,31,55,12,4,12,,False,15,111,0.5285714285714286,15,1.0,0.8142857142857147,107,14,21,0.4945054945054945,14,1.0,0.7985347985347989,16,0.06444906444906442,0.1891891891891892,0.0,0.019343229869545717,0.14953271028037382,21
3857282,2022,Wales,Chris Mepham,46,43,89,12,15,2,,False,15,111,0.5285714285714286,15,1.0,0.8142857142857147,107,14,19,0.5054945054945055,14,1.0,0.7967032967032973,17,0.04365904365904371,0.17117117117117117,0.0,0.021592442645074,0.1588785046728972,19
3857282,2022,Wales,Connor Roberts,38,33,71,12,14,18,,False,15,111,0.5285714285714286,15,1.0,0.8142857142857147,107,14,20,0.5,14,1.0,0.7985347985347989,32,0.05405405405405407,0.18018018018018017,0.0,0.019343229869545717,0.29906542056074764,20
3857282,2022,Wales,Neco Williams,24,20,44,11,6,12,,False,15,111,0.5285714285714286,15,1.0,0.8142857142857147,107,14,19,0.5054945054945055,14,1.0,0.8040293040293044,18,0.04365904365904371,0.17117117117117117,0.0,0.012595591542960048,0.16822429906542055,19
3857282,2022,Wales,Ben Davies,41,28,69,10,12,1,,False,15,111,0.5285714285714286,15,1.0,0.8142857142857147,107,14,18,0.510989010989011,14,1.0,0.8076923076923082,13,0.033264033264033356,0.16216216216216217,0.0,0.008097165991902801,0.12149532710280374,18
3857282,2022,Wales,Wayne Hennessey,22,16,38,11,12,0,,False,15,111,0.5285714285714286,15,1.0,0.8142857142857147,107,14,16,0.521978021978022,14,1.0,0.8040293040293044,12,0.01247401247401243,0.14414414414414414,0.0,0.012595591542960048,0.11214953271028037,16
3857282,2022,Wales,Joe Rodon,51,55,106,10,13,1,,False,15,111,0.5285714285714286,15,1.0,0.8142857142857147,107,14,18,0.510989010989011,14,1.0,0.8095238095238099,14,0.033264033264033356,0.16216216216216217,0.0,0.0058479532163743814,0.1308411214953271,18
3857282,2022,Wales,Ethan Ampadu,29,30,59,11,15,6,,False,15,111,0.5285714285714286,15,1.0,0.8142857142857147,107,14,20,0.5,14,1.0,0.8040293040293044,21,0.05405405405405407,0.18018018018018017,0.0,0.012595591542960048,0.19626168224299065,20
3857282,2022,Wales,Gareth Frank Bale,14,25,39,10,4,13,,False,15,111,0.5285714285714286,15,1.0,0.8142857142857147,107,14,16,0.521978021978022,14,1.0,0.8076923076923082,17,0.01247401247401243,0.14414414414414414,0.0,0.008097165991902801,0.1588785046728972,16
3857282,2022,Wales,Kieffer Roberto Francisco Moore,13,19,32,11,4,13,,False,15,111,0.5285714285714286,15,1.0,0.8142857142857147,107,14,16,0.521978021978022,14,1.0,0.7994505494505499,17,0.01247401247401243,0.14414414414414414,0.0,0.018218623481781302,0.1588785046728972,16
3857282,2022,Wales,Brennan Johnson,3,3,6,3,1,2,,False,15,111,0.5285714285714286,15,1.0,0.8142857142857147,107,14,3,0.5934065934065934,14,1.0,0.8479853479853483,3,-0.12266112266112264,0.02702702702702703,0.0,-0.041385515069725425,0.028037383177570093,3
3857282,2022,Wales,Joseff Morrell,1,0,1,1,1,0,,True,15,111,0.5285714285714286,15,1.0,0.8142857142857147,107,14,1,0.6043956043956044,14,1.0,0.8736263736263736,1,-0.14345114345114335,0.009009009009009009,0.0,-0.07287449392712493,0.009345794392523364,1
3857282,2022,Wales,Sorba Thomas,3,4,7,5,1,4,,False,15,111,0.5285714285714286,15,1.0,0.8142857142857147,107,14,6,0.5769230769230769,13,0.9285714285714286,0.7802197802197802,5,-0.09147609147609136,0.05405405405405406,0.0714285714285714,0.04183535762483182,0.04672897196261682,6
3857283,2022,Belgium,Michy Batshuayi Tunga,7,14,21,7,0,11,,False,16,124,0.5166666666666667,16,1.0,0.8,164,15,9,0.5476190476190477,15,1.0,0.8095238095238095,11,-0.059907834101382486,0.07258064516129033,0.0,-0.011904761904761862,0.06707317073170732,9
3857283,2022,Belgium,Axel Witsel,77,65,142,14,14,9,,False,16,124,0.5166666666666667,16,1.0,0.8,164,15,27,0.46190476190476193,15,1.0,0.7650793650793654,23,0.10599078341013829,0.21774193548387097,0.0,0.04365079365079336,0.1402439024390244,27
3857283,2022,Belgium,Toby Alderweireld,94,95,189,11,32,6,,False,16,124,0.5166666666666667,16,1.0,0.8,164,15,20,0.49523809523809526,15,1.0,0.7904761904761904,38,0.04147465437788025,0.16129032258064516,0.0,0.011904761904762001,0.23170731707317074,20
3857283,2022,Belgium,Amadou Onana,39,43,82,8,6,11,,False,16,124,0.5166666666666667,16,1.0,0.8,164,15,16,0.5142857142857142,15,1.0,0.8047619047619048,17,0.004608294930875774,0.12903225806451613,0.0,-0.005952380952380931,0.10365853658536585,16
3857283,2022,Belgium,Jan Vertonghen,97,89,186,11,25,10,,False,16,124,0.5166666666666667,16,1.0,0.8,164,15,20,0.49523809523809526,15,1.0,0.7904761904761904,35,0.04147465437788025,0.16129032258064516,0.0,0.011904761904762001,0.21341463414634146,20
3857283,2022,Belgium,Thomas Meunier,39,40,79,11,11,27,,False,16,124,0.5166666666666667,16,1.0,0.8,164,15,18,0.5047619047619047,15,1.0,0.7904761904761904,38,0.02304147465437801,0.14516129032258066,0.0,0.011904761904762001,0.23170731707317074,18
3857283,2022,Belgium,Kevin De Bruyne,45,52,97,14,17,24,,False,16,124,0.5166666666666667,16,1.0,0.8,164,15,24,0.47619047619047616,15,1.0,0.7761904761904762,41,0.07834101382488494,0.1935483870967742,0.0,0.029761904761904795,0.25,24
3857283,2022,Belgium,Eden Hazard,25,33,58,8,6,11,,False,16,124,0.5166666666666667,16,1.0,0.8,164,15,15,0.5190476190476191,15,1.0,0.8047619047619048,17,-0.0046082949308755596,0.12096774193548387,0.0,-0.005952380952380931,0.10365853658536585,15
3857283,2022,Belgium,Thibaut Courtois,34,19,53,7,22,0,,False,16,124,0.5166666666666667,16,1.0,0.8,164,15,12,0.5333333333333333,15,1.0,0.8095238095238095,22,-0.03225806451612891,0.0967741935483871,0.0,-0.011904761904761862,0.13414634146341464,12
3857283,2022,Belgium,Timothy Castagne,65,61,126,12,15,13,,False,16,124,0.5166666666666667,16,1.0,0.8,164,15,21,0.49047619047619045,15,1.0,0.7857142857142857,28,0.05069124423963147,0.1693548387096774,0.0,0.017857142857142932,0.17073170731707318,21
3857283,2022,Belgium,Thorgan Hazard,30,33,63,10,6,19,,False,16,124,0.5166666666666667,16,1.0,0.8,164,15,16,0.5142857142857142,15,1.0,0.7952380952380952,25,0.004608294930875774,0.12903225806451613,0.0,0.00595238095238107,0.1524390243902439,16
3857283,2022,Belgium,Youri Tielemans,27,26,53,11,6,5,,False,16,124,0.5166666666666667,16,1.0,0.8,164,15,19,0.5,15,1.0,0.7904761904761904,11,0.03225806451612913,0.1532258064516129,0.0,0.011904761904762001,0.06707317073170732,19
3857283,2022,Belgium,Dries Mertens,11,15,26,8,2,7,,False,16,124,0.5166666666666667,16,1.0,0.8,164,15,13,0.5285714285714286,15,1.0,0.8031746031746033,9,-0.023041474654377794,0.10483870967741936,0.0,-0.003968253968254093,0.054878048780487805,13
3857283,2022,Belgium,Leandro Trossard,10,12,22,6,2,8,,False,16,124,0.5166666666666667,16,1.0,0.8,164,15,11,0.5380952380952381,15,1.0,0.8142857142857143,10,-0.04147465437788003,0.08870967741935484,0.0,-0.017857142857142794,0.06097560975609756,11
3857283,2022,Belgium,Charles De Ketelaere,3,5,8,4,0,2,,False,16,124,0.5166666666666667,16,1.0,0.8,164,15,5,0.5666666666666667,15,1.0,0.8238095238095238,2,-0.09677419354838696,0.04032258064516129,0.0,-0.029761904761904656,0.012195121951219513,5
3857283,2022,Belgium,Romelu Lukaku Menama,1,2,3,2,0,1,,False,16,124,0.5166666666666667,16,1.0,0.8,164,15,2,0.580952380952381,15,1.0,0.8333333333333334,1,-0.12442396313364053,0.016129032258064516,0.0,-0.04166666666666666,0.006097560975609756,2
3857283,2022,Morocco,Hakim Ziyech,21,32,53,11,6,16,,False,16,107,0.44583333333333336,16,1.0,0.7902777777777779,82,15,20,0.4142857142857143,15,1.0,0.7777777777777781,22,0.07076101468624832,0.18691588785046728,0.0,0.015817223198593685,0.2682926829268293,20
3857283,2022,Morocco,Youssef En-Nesyri,4,6,10,7,1,6,,False,16,107,0.44583333333333336,16,1.0,0.7902777777777779,82,15,8,0.4714285714285714,15,1.0,0.8000000000000002,7,-0.0574098798397863,0.07476635514018691,0.0,-0.01230228471001767,0.08536585365853659,8
3857283,2022,Morocco,Selim Amallah,17,18,35,8,0,9,,False,16,107,0.44583333333333336,16,1.0,0.7902777777777779,82,15,12,0.4523809523809524,15,1.0,0.7952380952380954,9,-0.014686248331108091,0.11214953271028037,0.0,-0.006276675872458064,0.10975609756097561,12
3857283,2022,Morocco,Romain Saïss,32,29,61,12,13,0,,False,16,107,0.44583333333333336,16,1.0,0.7902777777777779,82,15,20,0.4142857142857143,15,1.0,0.7746031746031747,13,0.07076101468624832,0.18691588785046728,0.0,0.01983429575696704,0.15853658536585366,20
3857283,2022,Morocco,Nayef Aguerd,38,35,73,13,14,1,,False,16,107,0.44583333333333336,16,1.0,0.7902777777777779,82,15,21,0.4095238095238095,15,1.0,0.7698412698412699,15,0.08144192256341796,0.19626168224299065,0.0,0.025859904594526785,0.18292682926829268,21
3857283,2022,Morocco,Achraf Hakimi Mouh,30,31,61,9,8,5,,False,16,107,0.44583333333333336,16,1.0,0.7902777777777779,82,15,17,0.42857142857142855,15,1.0,0.7904761904761907,13,0.03871829105473976,0.1588785046728972,0.0,-0.00025106703489845744,0.15853658536585366,17
3857283,2022,Morocco,Sofiane Boufal,21,26,47,11,6,14,,False,16,107,0.44583333333333336,16,1.0,0.7902777777777779,82,15,18,0.4238095238095238,15,1.0,0.7793650793650795,20,0.049399198931909284,0.16822429906542055,0.0,0.013808686919407431,0.24390243902439024,18
3857283,2022,Morocco,Sofyan Amrabat,35,30,65,13,8,4,,False,16,107,0.44583333333333336,16,1.0,0.7902777777777779,82,15,22,0.40476190476190477,15,1.0,0.7698412698412699,12,0.09212283044058749,0.205607476635514,0.0,0.025859904594526785,0.14634146341463414,22
3857283,2022,Morocco,Azzedine Ounahi,26,26,52,10,2,5,,False,16,107,0.44583333333333336,16,1.0,0.7902777777777779,82,15,17,0.42857142857142855,15,1.0,0.7841269841269842,7,0.03871829105473976,0.1588785046728972,0.0,0.007783078081847825,0.08536585365853659,17
3857283,2022,Morocco,Noussair Mazraoui,28,26,54,10,9,11,,False,16,107,0.44583333333333336,16,1.0,0.7902777777777779,82,15,16,0.43333333333333335,15,1.0,0.7857142857142858,20,0.028037383177570117,0.14953271028037382,0.0,0.005774541802661289,0.24390243902439024,16
3857283,2022,Morocco,Munir Mohand Mohamedi,18,8,26,9,7,0,,False,16,107,0.44583333333333336,16,1.0,0.7902777777777779,82,15,12,0.4523809523809524,15,1.0,0.788888888888889,7,-0.014686248331108091,0.11214953271028037,0.0,0.0017574692442882186,0.08536585365853659,12
3857283,2022,Morocco,Yahia Attiyat allah,4,5,9,6,2,2,,False,16,107,0.44583333333333336,16,1.0,0.7902777777777779,82,15,7,0.47619047619047616,15,1.0,0.8031746031746033,4,-0.06809078771695581,0.06542056074766354,0.0,-0.01631935726839074,0.04878048780487805,7
3857283,2022,Morocco,Abdelhamid Sabiri,5,4,9,8,1,1,,False,16,107,0.44583333333333336,16,1.0,0.7902777777777779,82,15,8,0.4714285714285714,15,1.0,0.7873015873015875,2,-0.0574098798397863,0.07476635514018691,0.0,0.0037660055234746137,0.024390243902439025,8
3857283,2022,Morocco,Abderrazak Hamdallah,3,6,9,7,2,6,,False,16,107,0.44583333333333336,16,1.0,0.7902777777777779,82,15,7,0.47619047619047616,15,1.0,0.793650793650794,8,-0.06809078771695581,0.06542056074766354,0.0,-0.004268139593271809,0.0975609756097561,7
3857283,2022,Morocco,Jawad El Yamiq,2,0,2,2,2,0,,True,16,107,0.44583333333333336,16,1.0,0.7902777777777779,82,15,2,0.5,15,1.0,0.8285714285714286,2,-0.12149532710280367,0.018691588785046728,0.0,-0.04845593773537531,0.024390243902439025,2
3857283,2022,Morocco,Zakaria Aboukhlal,3,5,8,6,1,2,,False,16,107,0.44583333333333336,16,1.0,0.7902777777777779,82,15,7,0.47619047619047616,15,1.0,0.8031746031746033,3,-0.06809078771695581,0.06542056074766354,0.0,-0.01631935726839074,0.036585365853658534,7
3857284,2022,Germany,Kai Havertz,17,22,39,9,1,11,,False,16,125,0.5208333333333334,16,1.0,0.8125,192,15,15,0.5238095238095238,15,1.0,0.8142857142857143,12,-0.0057142857142856935,0.12,0.0,-0.00219780219780219,0.0625,15
3857284,2022,Germany,Joshua Kimmich,82,83,165,14,19,19,,False,16,125,0.5208333333333334,16,1.0,0.8125,192,15,25,0.47619047619047616,15,1.0,0.7904761904761904,38,0.08571428571428583,0.2,0.0,0.027106227106227145,0.19791666666666666,25
3857284,2022,Germany,Manuel Neuer,50,42,92,7,31,0,,False,16,125,0.5208333333333334,16,1.0,0.8125,192,15,12,0.5380952380952381,15,1.0,0.8238095238095238,31,-0.03314285714285702,0.096,0.0,-0.01391941391941387,0.16145833333333334,12
3857284,2022,Germany,Nico Schlotterbeck,109,96,205,14,30,25,,False,16,125,0.5208333333333334,16,1.0,0.8125,192,15,22,0.49047619047619045,15,1.0,0.7777777777777781,55,0.05828571428571439,0.176,0.0,0.04273504273504231,0.2864583333333333,22
3857284,2022,Germany,Antonio Rüdiger,106,104,210,12,32,0,,False,16,125,0.5208333333333334,16,1.0,0.8125,192,15,22,0.49047619047619045,15,1.0,0.8,32,0.05828571428571439,0.176,0.0,0.01538461538461533,0.16666666666666666,22
3857284,2022,Germany,Niklas Süle,95,82,177,11,28,13,,False,16,125,0.5208333333333334,16,1.0,0.8125,192,15,21,0.49523809523809526,15,1.0,0.8047619047619048,41,0.049142857142857176,0.168,0.0,0.00952380952380949,0.21354166666666666,21
3857284,2022,Germany,Jamal Musiala,38,52,90,8,9,27,,False,16,125,0.5208333333333334,16,1.0,0.8125,192,15,15,0.5238095238095238,15,1.0,0.819047619047619,36,-0.0057142857142856935,0.12,0.0,-0.00805860805860803,0.1875,15
3857284,2022,Germany,David Raum,60,59,119,12,9,29,,False,16,125,0.5208333333333334,16,1.0,0.8125,192,15,21,0.49523809523809526,15,1.0,0.8,38,0.049142857142857176,0.168,0.0,0.01538461538461533,0.19791666666666666,21
3857284,2022,Germany,Serge Gnabry,39,48,87,11,4,22,,False,16,125,0.5208333333333334,16,1.0,0.8125,192,15,20,0.5,15,1.0,0.8047619047619048,26,0.04000000000000007,0.16,0.0,0.00952380952380949,0.13541666666666666,20
3857284,2022,Germany,Thomas Müller,32,37,69,10,5,18,,False,16,125,0.5208333333333334,16,1.0,0.8125,192,15,18,0.5095238095238095,15,1.0,0.8095238095238095,23,0.02171428571428585,0.144,0.0,0.00366300366300365,0.11979166666666667,18
3857284,2022,Germany,İlkay Gündoğan,64,62,126,10,19,13,,False,16,125,0.5208333333333334,16,1.0,0.8125,192,15,19,0.5047619047619047,15,1.0,0.8095238095238095,32,0.030857142857142958,0.152,0.0,0.00366300366300365,0.16666666666666666,19
3857284,2022,Germany,Jonas Hofmann,15,17,32,8,1,6,,False,16,125,0.5208333333333334,16,1.0,0.8125,192,15,11,0.5428571428571428,15,1.0,0.819047619047619,7,-0.042285714285714135,0.088,0.0,-0.00805860805860803,0.036458333333333336,11
3857284,2022,Germany,Leon Goretzka,7,8,15,8,2,3,,False,16,125,0.5208333333333334,16,1.0,0.8125,192,15,11,0.5428571428571428,15,1.0,0.819047619047619,5,-0.042285714285714135,0.088,0.0,-0.00805860805860803,0.026041666666666668,11
3857284,2022,Germany,Mario Götze,4,4,8,7,1,1,,False,16,125,0.5208333333333334,16,1.0,0.8125,192,15,7,0.5619047619047619,15,1.0,0.8238095238095238,2,-0.07885714285714278,0.056,0.0,-0.01391941391941387,0.010416666666666666,7
3857284,2022,Germany,Niclas Füllkrug,3,6,9,7,1,4,,False,16,125,0.5208333333333334,16,1.0,0.8125,192,15,8,0.5571428571428572,15,1.0,0.8222222222222222,5,-0.06971428571428567,0.064,0.0,-0.011965811965811923,0.026041666666666668,8
3857284,2022,Germany,Youssoufa Moukoko,2,1,3,2,0,1,,False,16,125,0.5208333333333334,16,1.0,0.8125,192,15,3,0.580952380952381,15,1.0,0.8476190476190476,1,-0.11542857142857144,0.024,0.0,-0.04322344322344321,0.005208333333333333,3
3857284,2022,Japan,Ko Itakura,22,17,39,11,8,2,,False,16,93,0.3875,16,1.0,0.7694444444444446,72,15,17,0.3619047619047619,15,1.0,0.7555555555555558,10,0.06605222734254998,0.1827956989247312,0.0,0.01805054151624542,0.1388888888888889,17
3857284,2022,Japan,Ao Tanaka,23,28,51,12,5,11,,False,16,93,0.3875,16,1.0,0.7694444444444446,72,15,18,0.35714285714285715,15,1.0,0.750793650793651,16,0.0783410138248848,0.1935483870967742,0.0,0.024239298607529564,0.2222222222222222,18
3857284,2022,Japan,Daizen Maeda,2,4,6,6,0,2,,False,16,93,0.3875,16,1.0,0.7694444444444446,72,15,6,0.4142857142857143,15,1.0,0.7825396825396828,2,-0.06912442396313367,0.06451612903225806,0.0,-0.01701908200103154,0.027777777777777776,6
3857284,2022,Japan,Wataru Endo,24,18,42,13,7,5,,False,16,93,0.3875,16,1.0,0.7694444444444446,72,15,18,0.35714285714285715,15,1.0,0.7365079365079369,12,0.0783410138248848,0.1935483870967742,0.0,0.04280556988138185,0.16666666666666666,18
3857284,2022,Japan,Yuto Nagatomo,10,6,16,8,4,5,,False,16,93,0.3875,16,1.0,0.7694444444444446,72,15,11,0.3904761904761905,15,1.0,0.7730158730158732,9,-0.007680491551459266,0.11827956989247312,0.0,-0.004641567818463108,0.125,11
3857284,2022,Japan,Hiroki Sakai,17,17,34,10,10,7,,False,16,93,0.3875,16,1.0,0.7694444444444446,72,15,13,0.38095238095238093,15,1.0,0.7603174603174605,17,0.01689708141321053,0.13978494623655913,0.0,0.011861784424961276,0.2361111111111111,13
3857284,2022,Japan,Takefusa Kubo,1,3,4,4,0,3,,False,16,93,0.3875,16,1.0,0.7694444444444446,72,15,4,0.4238095238095238,15,1.0,0.7888888888888891,3,-0.09370199692780333,0.043010752688172046,0.0,-0.025270758122743733,0.041666666666666664,4
3857284,2022,Japan,Daichi Kamada,15,17,32,10,7,8,,False,16,93,0.3875,16,1.0,0.7694444444444446,72,15,15,0.37142857142857144,15,1.0,0.7603174603174605,15,0.04147465437788018,0.16129032258064516,0.0,0.011861784424961276,0.20833333333333334,15
3857284,2022,Japan,Maya Yoshida,32,32,64,10,9,0,,False,16,93,0.3875,16,1.0,0.7694444444444446,72,15,17,0.3619047619047619,15,1.0,0.7603174603174605,9,0.06605222734254998,0.1827956989247312,0.0,0.011861784424961276,0.125,17
3857284,2022,Japan,Junya Ito,7,15,22,7,1,12,,False,16,93,0.3875,16,1.0,0.7694444444444446,72,15,12,0.38571428571428573,15,1.0,0.7746031746031748,13,0.0046082949308755596,0.12903225806451613,0.0,-0.0067044868488913,0.18055555555555555,12
3857284,2022,Japan,Shūichi Gonda,23,18,41,9,8,0,,False,16,93,0.3875,16,1.0,0.7694444444444446,72,15,15,0.37142857142857144,15,1.0,0.7650793650793654,8,0.04147465437788018,0.16129032258064516,0.0,0.005673027333676988,0.1111111111111111,15
3857284,2022,Japan,Takehiro Tomiyasu,18,15,33,8,7,2,,False,16,93,0.3875,16,1.0,0.7694444444444446,72,15,11,0.3904761904761905,15,1.0,0.7698412698412701,9,-0.007680491551459266,0.11827956989247312,0.0,-0.0005157297576071563,0.125,11
3857284,2022,Japan,Takuma Asano,5,10,15,9,2,7,,False,16,93,0.3875,16,1.0,0.7694444444444446,72,15,10,0.3952380952380952,15,1.0,0.7650793650793654,9,-0.019969278033794093,0.10752688172043011,0.0,0.005673027333676988,0.125,10
3857284,2022,Japan,Kaoru Mitoma,13,6,19,9,3,4,,False,16,93,0.3875,16,1.0,0.7694444444444446,72,15,12,0.38571428571428573,15,1.0,0.7650793650793654,7,0.0046082949308755596,0.12903225806451613,0.0,0.005673027333676988,0.09722222222222222,12
3857284,2022,Japan,Takumi Minamino,1,5,6,3,0,3,,False,16,93,0.3875,16,1.0,0.7694444444444446,72,15,4,0.4238095238095238,15,1.0,0.796825396825397,3,-0.09370199692780333,0.043010752688172046,0.0,-0.03558535327488397,0.041666666666666664,4
3857284,2022,Japan,Ritsu Doan,2,4,6,3,1,1,,False,16,93,0.3875,16,1.0,0.7694444444444446,72,15,3,0.42857142857142855,15,1.0,0.796825396825397,2,-0.10599078341013815,0.03225806451612903,0.0,-0.03558535327488397,0.027777777777777776,3
3857285,2022,Netherlands,Vincent Janssen,9,12,21,7,1,3,,False,14,101,0.554945054945055,14,1.0,0.8406593406593407,107,13,11,0.5769230769230769,13,1.0,0.8525641025641025,4,-0.03960396039603946,0.10891089108910891,0.0,-0.014161220043572934,0.037383177570093455,11
3857285,2022,Netherlands,Frenkie de Jong,57,56,113,12,16,13,,False,14,101,0.554945054945055,14,1.0,0.8406593406593407,107,13,20,0.5192307692307693,13,1.0,0.8205128205128205,29,0.06435643564356433,0.19801980198019803,0.0,0.023965141612200484,0.27102803738317754,20
3857285,2022,Netherlands,Daley Blind,46,38,84,12,11,16,,False,14,101,0.554945054945055,14,1.0,0.8406593406593407,107,13,19,0.5256410256410257,13,1.0,0.8183760683760684,27,0.05280528052805281,0.18811881188118812,0.0,0.0265068990559187,0.2523364485981308,19
3857285,2022,Netherlands,Nathan Aké,57,58,115,9,22,4,,False,14,101,0.554945054945055,14,1.0,0.8406593406593407,107,13,16,0.5448717948717948,13,1.0,0.8397435897435898,26,0.018151815181518288,0.15841584158415842,0.0,0.0010893246187363796,0.24299065420560748,16
3857285,2022,Netherlands,Virgil van Dijk,49,51,100,10,11,2,,False,14,101,0.554945054945055,14,1.0,0.8406593406593407,107,13,16,0.5448717948717948,13,1.0,0.8333333333333334,13,0.018151815181518288,0.15841584158415842,0.0,0.008714596949891037,0.12149532710280374,16
3857285,2022,Netherlands,Steven Berghuis,38,36,74,11,10,14,,False,14,101,0.554945054945055,14,1.0,0.8406593406593407,107,13,22,0.5064102564102564,13,1.0,0.8269230769230769,24,0.08745874587458755,0.21782178217821782,0.0,0.016339869281045825,0.22429906542056074,22
3857285,2022,Netherlands,Matthijs de Ligt,40,36,76,10,12,5,,False,14,101,0.554945054945055,14,1.0,0.8406593406593407,107,13,18,0.532051282051282,13,1.0,0.8333333333333334,17,0.0412541254125413,0.1782178217821782,0.0,0.008714596949891037,0.1588785046728972,18
3857285,2022,Netherlands,Andries Noppert,25,12,37,8,15,0,,False,14,101,0.554945054945055,14,1.0,0.8406593406593407,107,13,12,0.5705128205128205,13,1.0,0.8461538461538461,15,-0.02805280528052795,0.1188118811881188,0.0,-0.006535947712418277,0.14018691588785046,12
3857285,2022,Netherlands,Denzel Dumfries,25,33,58,11,2,20,,False,14,101,0.554945054945055,14,1.0,0.8406593406593407,107,13,19,0.5256410256410257,13,1.0,0.8269230769230769,22,0.05280528052805281,0.18811881188118812,0.0,0.016339869281045825,0.205607476635514,19
3857285,2022,Netherlands,Cody Mathès Gakpo,14,15,29,9,2,6,,False,14,101,0.554945054945055,14,1.0,0.8406593406593407,107,13,14,0.5576923076923077,13,1.0,0.8397435897435898,8,-0.004950495049504932,0.13861386138613863,0.0,0.0010893246187363796,0.07476635514018691,14
3857285,2022,Netherlands,Steven Bergwijn,16,22,38,7,2,12,,False,14,101,0.554945054945055,14,1.0,0.8406593406593407,107,13,11,0.5769230769230769,13,1.0,0.8525641025641025,14,-0.03960396039603946,0.10891089108910891,0.0,-0.014161220043572934,0.1308411214953271,11
3857285,2022,Netherlands,Memphis Depay,10,18,28,9,0,11,,False,14,101,0.554945054945055,14,1.0,0.8406593406593407,107,13,14,0.5576923076923077,13,1.0,0.8397435897435898,11,-0.004950495049504932,0.13861386138613863,0.0,0.0010893246187363796,0.102803738317757,14
3857285,2022,Netherlands,Teun Koopmeiners,4,4,8,4,3,1,,False,14,101,0.554945054945055,14,1.0,0.8406593406593407,107,13,5,0.6153846153846154,13,1.0,0.8717948717948718,4,-0.10891089108910892,0.04950495049504951,0.0,-0.037037037037037035,0.037383177570093455,5
3857285,2022,Netherlands,Davy Klaassen,3,2,5,5,0,0,,False,14,101,0.554945054945055,14,1.0,0.8406593406593407,107,13,5,0.6153846153846154,13,1.0,0.8653846153846154,0,-0.10891089108910892,0.04950495049504951,0.0,-0.02941176470588238,0.0,5
3857285,2022,Senegal,Ismaïla Sarr,14,28,42,12,2,17,,False,15,112,0.5333333333333333,15,1.0,0.8380952380952381,86,14,20,0.5054945054945055,14,1.0,0.8241758241758241,19,0.05219780219780222,0.17857142857142858,0.0,0.01660839160839168,0.22093023255813954,20
3857285,2022,Senegal,Boulaye Dia,11,12,23,8,1,4,,False,15,112,0.5333333333333333,15,1.0,0.8380952380952381,86,14,15,0.532967032967033,14,1.0,0.8461538461538461,5,0.0006868131868131844,0.13392857142857142,0.0,-0.009615384615384581,0.05813953488372093,15
3857285,2022,Senegal,Youssouf Sabaly,61,54,115,12,13,15,,False,15,112,0.5333333333333333,15,1.0,0.8380952380952381,86,14,21,0.5,14,1.0,0.8241758241758241,28,0.062499999999999986,0.1875,0.0,0.01660839160839168,0.32558139534883723,21
3857285,2022,Senegal,Nampalys Mendy,38,37,75,11,11,3,,False,15,112,0.5333333333333333,15,1.0,0.8380952380952381,86,14,21,0.5,14,1.0,0.8296703296703297,14,0.062499999999999986,0.1875,0.0,0.010052447552447516,0.16279069767441862,21
3857285,2022,Senegal,Krépin Diatta,32,37,69,9,6,11,,False,15,112,0.5333333333333333,15,1.0,0.8380952380952381,86,14,15,0.532967032967033,14,1.0,0.8406593406593407,17,0.0006868131868131844,0.13392857142857142,0.0,-0.0030594405594405487,0.19767441860465115,15
3857285,2022,Senegal,Idrissa Gana Gueye,36,32,68,13,5,10,,False,15,112,0.5333333333333333,15,1.0,0.8380952380952381,86,14,21,0.5,14,1.0,0.8186813186813187,15,0.062499999999999986,0.1875,0.0,0.023164335664335713,0.1744186046511628,21
3857285,2022,Senegal,Abdou Diallo,13,20,33,9,3,6,,False,15,112,0.5333333333333333,15,1.0,0.8380952380952381,86,14,14,0.5384615384615384,14,1.0,0.8406593406593407,9,-0.009615384615384581,0.125,0.0,-0.0030594405594405487,0.10465116279069768,14
3857285,2022,Senegal,Kalidou Koulibaly,40,35,75,14,13,0,,False,15,112,0.5333333333333333,15,1.0,0.8380952380952381,86,14,20,0.5054945054945055,14,1.0,0.8131868131868132,13,0.05219780219780222,0.17857142857142858,0.0,0.029720279720279748,0.1511627906976744,20
3857285,2022,Senegal,Cheikhou Kouyaté,21,19,40,10,1,6,,False,15,112,0.5333333333333333,15,1.0,0.8380952380952381,86,14,19,0.510989010989011,14,1.0,0.8351648351648352,7,0.041895604395604455,0.16964285714285715,0.0,0.003496503496503484,0.08139534883720931,19
3857285,2022,Senegal,Pape Abou Cissé,21,24,45,12,14,0,,False,15,112,0.5333333333333333,15,1.0,0.8380952380952381,86,14,18,0.5164835164835165,14,1.0,0.8241758241758241,14,0.03159340659340648,0.16071428571428573,0.0,0.01660839160839168,0.16279069767441862,18
3857285,2022,Senegal,Edouard Mendy,27,16,43,8,10,0,,False,15,112,0.5333333333333333,15,1.0,0.8380952380952381,86,14,10,0.5604395604395604,14,1.0,0.8461538461538461,10,-0.05082417582417585,0.08928571428571429,0.0,-0.009615384615384581,0.11627906976744186,10
3857285,2022,Senegal,Ismail Jakobs,10,8,18,7,4,3,,False,15,112,0.5333333333333333,15,1.0,0.8380952380952381,86,14,10,0.5604395604395604,14,1.0,0.8516483516483516,7,-0.05082417582417585,0.08928571428571429,0.0,-0.016171328671328613,0.08139534883720931,10
3857285,2022,Senegal,Pape Gueye,9,9,18,7,1,2,,False,15,112,0.5333333333333333,15,1.0,0.8380952380952381,86,14,9,0.5659340659340659,14,1.0,0.8516483516483516,3,-0.06112637362637362,0.08035714285714286,0.0,-0.016171328671328613,0.03488372093023256,9
3857285,2022,Senegal,Nicolas Jackson,9,9,18,4,2,6,,False,15,112,0.5333333333333333,15,1.0,0.8380952380952381,86,14,5,0.5879120879120879,14,1.0,0.8681318681318682,8,-0.10233516483516489,0.044642857142857144,0.0,-0.03583916083916085,0.09302325581395349,5
3857285,2022,Senegal,Cheikh Ahmadou Bamba Mbacke Dieng,2,4,6,6,0,3,,False,15,112,0.5333333333333333,15,1.0,0.8380952380952381,86,14,6,0.5824175824175825,14,1.0,0.8571428571428571,3,-0.09203296703296712,0.05357142857142857,0.0,-0.022727272727272645,0.03488372093023256,6
3857286,2022,Qatar,Almoez Ali Zainalabiddin Abdulla,7,8,15,8,0,5,,False,13,93,0.5961538461538461,13,1.0,0.8782051282051282,93,12,11,0.6212121212121212,12,1.0,0.8863636363636364,5,-0.0420332355816227,0.11827956989247312,0.0,-0.009289980092899802,0.053763440860215055,11
3857286,2022,Qatar,Akram Hassan Afif,33,37,70,9,4,16,,False,13,93,0.5961538461538461,13,1.0,0.8782051282051282,93,12,15,0.5909090909090909,12,1.0,0.8787878787878788,20,0.008797653958944216,0.16129032258064516,0.0,-0.0006635700066357092,0.21505376344086022,15
3857286,2022,Qatar,Hassan Khalid Al Heidos,22,30,52,10,0,14,,False,13,93,0.5961538461538461,13,1.0,0.8782051282051282,93,12,16,0.5833333333333334,12,1.0,0.8712121212121212,14,0.021505376344085947,0.17204301075268819,0.0,0.007962840079628384,0.15053763440860216,16
3857286,2022,Qatar,Bassam Hisham Al Rawi,48,45,93,12,20,2,,False,13,93,0.5961538461538461,13,1.0,0.8782051282051282,93,12,19,0.5606060606060606,12,1.0,0.8535353535353536,22,0.05962854349951132,0.20430107526881722,0.0,0.028091130280911227,0.23655913978494625,19
3857286,2022,Qatar,Pedro Miguel Correia,26,24,50,9,4,16,,False,13,93,0.5961538461538461,13,1.0,0.8782051282051282,93,12,14,0.5984848484848485,12,1.0,0.8787878787878788,20,-0.003910068426197512,0.15053763440860216,0.0,-0.0006635700066357092,0.21505376344086022,14
3857286,2022,Qatar,Boualem Khoukhi,66,62,128,10,20,0,,False,13,93,0.5961538461538461,13,1.0,0.8782051282051282,93,12,18,0.5681818181818182,12,1.0,0.8712121212121212,20,0.046920821114369404,0.1935483870967742,0.0,0.007962840079628384,0.21505376344086022,18
3857286,2022,Qatar,Abdelkarim Hassan Al Haj Fadlalla,57,55,112,10,18,2,,False,13,93,0.5961538461538461,13,1.0,0.8782051282051282,93,12,17,0.5757575757575758,12,1.0,0.8712121212121212,20,0.034213098729227676,0.1827956989247312,0.0,0.007962840079628384,0.21505376344086022,17
3857286,2022,Qatar,Abdulaziz Hatem Mohammed Abdullah,30,39,69,11,8,14,,False,13,93,0.5961538461538461,13,1.0,0.8782051282051282,93,12,18,0.5681818181818182,12,1.0,0.8636363636363636,22,0.046920821114369404,0.1935483870967742,0.0,0.016589250165892477,0.23655913978494625,18
3857286,2022,Qatar,Homam Alamin Ahmed,29,25,54,11,1,12,,False,13,93,0.5961538461538461,13,1.0,0.8782051282051282,93,12,17,0.5757575757575758,12,1.0,0.8636363636363636,13,0.034213098729227676,0.1827956989247312,0.0,0.016589250165892477,0.13978494623655913,17
3857286,2022,Qatar,Karim Boudiaf,42,39,81,10,12,8,,False,13,93,0.5961538461538461,13,1.0,0.8782051282051282,93,12,18,0.5681818181818182,12,1.0,0.8712121212121212,20,0.046920821114369404,0.1935483870967742,0.0,0.007962840079628384,0.21505376344086022,18
3857286,2022,Qatar,Saad Abdullah Al Sheeb,17,9,26,9,6,0,,False,13,93,0.5961538461538461,13,1.0,0.8782051282051282,93,12,12,0.6136363636363636,12,1.0,0.8787878787878788,6,-0.02932551319648097,0.12903225806451613,0.0,-0.0006635700066357092,0.06451612903225806,12
3857286,2022,Qatar,Mohammed Waed Abdulwahhab Al Bayati,2,5,7,5,0,2,,False,13,93,0.5961538461538461,13,1.0,0.8782051282051282,93,12,6,0.6590909090909091,12,1.0,0.9090909090909091,2,-0.10557184750733134,0.06451612903225806,0.0,-0.035169210351692085,0.021505376344086023,6
3857286,2022,Qatar,Mohammed Muntari,3,4,7,4,0,2,,False,13,93,0.5961538461538461,13,1.0,0.8782051282051282,93,12,5,0.6666666666666666,12,1.0,0.9166666666666666,2,-0.11827956989247307,0.053763440860215055,0.0,-0.04379562043795618,0.021505376344086023,5
3857286,2022,Ecuador,Piero Martín Hincapié Reyna,68,66,134,11,16,2,,False,15,108,0.5142857142857142,15,1.0,0.8222222222222223,101,14,18,0.4945054945054945,14,1.0,0.8113553113553115,18,0.03846153846153833,0.16666666666666666,0.0,0.013216513216513168,0.1782178217821782,18
3857286,2022,Ecuador,Pervis Josué Estupiñán Tenorio,60,52,112,13,14,16,,False,15,108,0.5142857142857142,15,1.0,0.8222222222222223,101,14,21,0.47802197802197804,13,0.9285714285714286,0.7307692307692307,30,0.07051282051282037,0.19444444444444445,0.0714285714285714,0.11122661122661136,0.297029702970297,21
3857286,2022,Ecuador,Angelo Smit Preciado Quiñónez,42,31,73,13,16,8,,False,15,108,0.5142857142857142,15,1.0,0.8222222222222223,101,14,19,0.489010989010989,14,1.0,0.8003663003663005,24,0.04914529914529908,0.17592592592592593,0.0,0.026581526581526484,0.2376237623762376,19
3857286,2022,Ecuador,Michael Steveen Estrada Martínez,12,22,34,11,4,15,,False,15,108,0.5142857142857142,15,1.0,0.8222222222222223,101,14,18,0.4945054945054945,14,1.0,0.8113553113553115,19,0.03846153846153833,0.16666666666666666,0.0,0.013216513216513168,0.18811881188118812,18
3857286,2022,Ecuador,Felix Eduardo Torres Caicedo,50,50,100,10,12,0,,False,15,108,0.5142857142857142,15,1.0,0.8222222222222223,101,14,17,0.5,14,1.0,0.816849816849817,12,0.027777777777777683,0.1574074074074074,0.0,0.00653400653400651,0.1188118811881188,17
3857286,2022,Ecuador,Enner Remberto Valencia Lastra,14,26,40,8,1,15,,False,15,108,0.5142857142857142,15,1.0,0.8222222222222223,101,14,15,0.510989010989011,14,1.0,0.8278388278388279,16,0.006410256410256388,0.1388888888888889,0.0,-0.0068310068310068065,0.15841584158415842,15
3857286,2022,Ecuador,Jhegson Sebastián Méndez Carabalí,76,67,143,11,17,1,,False,15,108,0.5142857142857142,15,1.0,0.8222222222222223,101,14,20,0.4835164835164835,14,1.0,0.8113553113553115,18,0.05982905982905973,0.18518518518518517,0.0,0.013216513216513168,0.1782178217821782,20
3857286,2022,Ecuador,Moisés Isaac Caicedo Corozo,44,40,84,11,8,6,,False,15,108,0.5142857142857142,15,1.0,0.8222222222222223,101,14,20,0.4835164835164835,14,1.0,0.8113553113553115,14,0.05982905982905973,0.18518518518518517,0.0,0.013216513216513168,0.13861386138613863,20
3857286,2022,Ecuador,Romario Andrés Ibarra Mina,11,13,24,7,2,9,,False,15,108,0.5142857142857142,15,1.0,0.8222222222222223,101,14,10,0.5384615384615384,14,1.0,0.8333333333333335,11,-0.047008547008547064,0.09259259259259259,0.0,-0.0135135135135136,0.10891089108910891,10
3857286,2022,Ecuador,Hernán Ismael Galíndez,10,7,17,8,6,0,,False,15,108,0.5142857142857142,15,1.0,0.8222222222222223,101,14,10,0.5384615384615384,14,1.0,0.8278388278388279,6,-0.047008547008547064,0.09259259259259259,0.0,-0.0068310068310068065,0.0594059405940594,10
3857286,2022,Ecuador,Gonzalo Jordy Plata Jiménez,27,34,61,12,2,18,,False,15,108,0.5142857142857142,15,1.0,0.8222222222222223,101,14,21,0.47802197802197804,14,1.0,0.805860805860806,20,0.07051282051282037,0.19444444444444445,0.0,0.019899019899019828,0.19801980198019803,21
3857286,2022,Ecuador,Jeremy Leonel Sarmiento Morante,6,6,12,6,1,4,,False,15,108,0.5142857142857142,15,1.0,0.8222222222222223,101,14,8,0.5494505494505495,14,1.0,0.838827838827839,5,-0.06837606837606858,0.07407407407407407,0.0,-0.020196020196020258,0.04950495049504951,8
3857286,2022,Ecuador,José Adoni Cifuentes Charcopa,6,11,17,7,0,7,,False,15,108,0.5142857142857142,15,1.0,0.8222222222222223,101,14,9,0.5439560439560439,14,1.0,0.8333333333333335,7,-0.05769230769230771,0.08333333333333333,0.0,-0.0135135135135136,0.06930693069306931,9
3857286,2022,Ecuador,Alan Steven Franco Palma,6,6,12,7,2,0,,False,15,108,0.5142857142857142,15,1.0,0.8222222222222223,101,14,9,0.5439560439560439,14,1.0,0.8351648351648352,2,-0.05769230769230771,0.08333333333333333,0.0,-0.015741015741015683,0.019801980198019802,9
3857286,2022,Ecuador,Kevin José Rodríguez Cortez,0,1,1,1,0,0,,True,15,108,0.5142857142857142,15,1.0,0.8222222222222223,101,14,1,0.5879120879120879,14,1.0,0.8681318681318682,0,-0.14316239316239332,0.009259259259259259,0.0,-0.05583605583605577,0.0,1
3857287,2022,South Korea,Ui-Jo Hwang,6,10,16,7,0,6,,False,14,109,0.5989010989010989,14,1.0,0.8571428571428571,92,13,11,0.6282051282051282,13,1.0,0.8717948717948718,6,-0.048929663608562705,0.10091743119266056,0.0,-0.017094017094017165,0.06521739130434782,11
3857287,2022,South Korea,Woo-Young Jung,46,41,87,12,11,7,,False,14,109,0.5989010989010989,14,1.0,0.8571428571428571,92,13,22,0.5576923076923077,13,1.0,0.8397435897435898,18,0.06880733944954123,0.2018348623853211,0.0,0.020299145299145227,0.1956521739130435,22
3857287,2022,South Korea,Young-Gwon Kim,33,34,67,10,16,1,,False,14,109,0.5989010989010989,14,1.0,0.8571428571428571,92,13,17,0.5897435897435898,13,1.0,0.8525641025641025,17,0.015290519877675787,0.1559633027522936,0.0,0.005341880341880323,0.18478260869565216,17
3857287,2022,South Korea,Sang-Ho Na,13,24,37,7,0,15,,False,14,109,0.5989010989010989,14,1.0,0.8571428571428571,92,13,12,0.6217948717948718,13,1.0,0.8717948717948718,15,-0.038226299694189655,0.11009174311926606,0.0,-0.017094017094017165,0.16304347826086957,12
3857287,2022,South Korea,Min Jae Kim,44,40,84,11,19,1,,False,14,109,0.5989010989010989,14,1.0,0.8571428571428571,92,13,19,0.5769230769230769,13,1.0,0.8461538461538461,20,0.036697247706422076,0.1743119266055046,0.0,0.012820512820512775,0.21739130434782608,19
3857287,2022,South Korea,Seung-Gyu Kim,19,12,31,7,10,0,,False,14,109,0.5989010989010989,14,1.0,0.8571428571428571,92,13,12,0.6217948717948718,13,1.0,0.8717948717948718,10,-0.038226299694189655,0.11009174311926606,0.0,-0.017094017094017165,0.10869565217391304,12
3857287,2022,South Korea,In-Beom Hwang,46,48,94,13,13,9,,False,14,109,0.5989010989010989,14,1.0,0.8571428571428571,92,13,24,0.5448717948717948,13,1.0,0.8333333333333334,22,0.09021406727828751,0.22018348623853212,0.0,0.02777777777777768,0.2391304347826087,24
3857287,2022,South Korea,Jae-Sung Lee,32,28,60,9,3,10,,False,14,109,0.5989010989010989,14,1.0,0.8571428571428571,92,13,17,0.5897435897435898,13,1.0,0.8589743589743589,13,0.015290519877675787,0.1559633027522936,0.0,-0.002136752136752129,0.14130434782608695,17
3857287,2022,South Korea,Jin-Su Kim,19,17,36,9,6,10,,False,14,109,0.5989010989010989,14,1.0,0.8571428571428571,92,13,14,0.6089743589743589,13,1.0,0.8589743589743589,16,-0.016819571865443365,0.12844036697247707,0.0,-0.002136752136752129,0.17391304347826086,14
3857287,2022,South Korea,Heung-Min Son,19,32,51,12,1,10,,False,14,109,0.5989010989010989,14,1.0,0.8571428571428571,92,13,19,0.5769230769230769,13,1.0,0.8397435897435898,11,0.036697247706422076,0.1743119266055046,0.0,0.020299145299145227,0.11956521739130435,19
3857287,2022,South Korea,Moon-Hwan Kim,52,36,88,11,8,7,,False,14,109,0.5989010989010989,14,1.0,0.8571428571428571,92,13,22,0.5576923076923077,13,1.0,0.8461538461538461,15,0.06880733944954123,0.2018348623853211,0.0,0.012820512820512775,0.16304347826086957,22
3857287,2022,South Korea,Jun-Ho Son,10,11,21,8,3,2,,False,14,109,0.5989010989010989,14,1.0,0.8571428571428571,92,13,11,0.6282051282051282,13,1.0,0.8653846153846154,5,-0.048929663608562705,0.10091743119266056,0.0,-0.009615384615384711,0.05434782608695652,11
3857287,2022,South Korea,Kang-In Lee,8,9,17,6,2,5,,False,14,109,0.5989010989010989,14,1.0,0.8571428571428571,92,13,9,0.6410256410256411,13,1.0,0.8782051282051282,7,-0.07033639143730899,0.08256880733944955,0.0,-0.024572649572649617,0.07608695652173914,9
3857287,2022,South Korea,Gue-Sung Cho,4,9,13,8,0,9,,False,14,109,0.5989010989010989,14,1.0,0.8571428571428571,92,13,9,0.6410256410256411,13,1.0,0.8653846153846154,9,-0.07033639143730899,0.08256880733944955,0.0,-0.009615384615384711,0.09782608695652174,9
3857287,2022,Uruguay,Matías Vecino Falero,33,31,64,10,6,7,,False,15,115,0.5476190476190477,15,1.0,0.8333333333333334,121,14,19,0.5274725274725275,14,1.0,0.8296703296703297,13,0.03678929765886294,0.16521739130434782,0.0,0.00439560439560438,0.10743801652892562,19
3857287,2022,Uruguay,Rodrigo Bentancur Colmán,68,67,135,13,15,11,,False,15,115,0.5476190476190477,15,1.0,0.8333333333333334,121,14,22,0.510989010989011,14,1.0,0.8131868131868132,26,0.06688963210702357,0.19130434782608696,0.0,0.024175824175824222,0.21487603305785125,22
3857287,2022,Uruguay,Mathías Olivera Miramontes,40,28,68,9,10,16,,False,15,115,0.5476190476190477,15,1.0,0.8333333333333334,121,14,16,0.5439560439560439,14,1.0,0.8351648351648352,26,0.00668896321070252,0.1391304347826087,0.0,-0.00219780219780219,0.21487603305785125,16
3857287,2022,Uruguay,Darwin Gabriel Núñez Ribeiro,13,26,39,12,2,18,,False,15,115,0.5476190476190477,15,1.0,0.8333333333333334,121,14,20,0.521978021978022,14,1.0,0.8186813186813187,20,0.04682274247491642,0.17391304347826086,0.0,0.017582417582417652,0.1652892561983471,20
3857287,2022,Uruguay,Luis Alberto Suárez Díaz,7,16,23,7,0,11,,False,15,115,0.5476190476190477,15,1.0,0.8333333333333334,121,14,10,0.5769230769230769,14,1.0,0.8461538461538461,11,-0.053511705685618534,0.08695652173913043,0.0,-0.01538461538461533,0.09090909090909091,10
3857287,2022,Uruguay,José Martín Cáceres Silva,68,59,127,12,21,4,,False,15,115,0.5476190476190477,15,1.0,0.8333333333333334,121,14,21,0.5164835164835165,14,1.0,0.8186813186813187,25,0.056856187290969896,0.1826086956521739,0.0,0.017582417582417652,0.2066115702479339,21
3857287,2022,Uruguay,Diego Roberto Godín Leal,66,66,132,12,14,3,,False,15,115,0.5476190476190477,15,1.0,0.8333333333333334,121,14,20,0.521978021978022,14,1.0,0.8186813186813187,17,0.04682274247491642,0.17391304347826086,0.0,0.017582417582417652,0.14049586776859505,20
3857287,2022,Uruguay,José María Giménez de Vargas,67,68,135,13,26,8,,False,15,115,0.5476190476190477,15,1.0,0.8333333333333334,121,14,21,0.5164835164835165,14,1.0,0.8131868131868132,34,0.056856187290969896,0.1826086956521739,0.0,0.024175824175824222,0.2809917355371901,21
3857287,2022,Uruguay,Sergio Rochet Álvarez,19,12,31,6,12,0,,False,15,115,0.5476190476190477,15,1.0,0.8333333333333334,121,14,11,0.5714285714285714,14,1.0,0.8516483516483516,12,-0.04347826086956506,0.09565217391304348,0.0,-0.0219780219780219,0.09917355371900827,11
3857287,2022,Uruguay,Federico Santiago Valverde Dipetta,51,52,103,12,11,11,,False,15,115,0.5476190476190477,15,1.0,0.8333333333333334,121,14,22,0.510989010989011,14,1.0,0.8186813186813187,22,0.06688963210702357,0.19130434782608696,0.0,0.017582417582417652,0.18181818181818182,22
3857287,2022,Uruguay,Facundo Pellistri Rebollo,16,19,35,8,1,16,,False,15,115,0.5476190476190477,15,1.0,0.8333333333333334,121,14,13,0.5604395604395604,14,1.0,0.8406593406593407,17,-0.02341137123745811,0.11304347826086956,0.0,-0.00879120879120876,0.14049586776859505,13
3857287,2022,Uruguay,Edinson Roberto Cavani Gómez,6,9,15,7,0,5,,False,15,115,0.5476190476190477,15,1.0,0.8333333333333334,121,14,9,0.5824175824175825,14,1.0,0.8461538461538461,5,-0.06354515050167221,0.0782608695652174,0.0,-0.01538461538461533,0.04132231404958678,9
3857287,2022,Uruguay,Diego Nicolás De La Cruz Arcosa,10,13,23,8,0,6,,False,15,115,0.5476190476190477,15,1.0,0.8333333333333334,121,14,12,0.5659340659340659,14,1.0,0.8406593406593407,6,-0.033444816053511586,0.10434782608695652,0.0,-0.00879120879120876,0.049586776859504134,12
3857287,2022,Uruguay,Matías Nicolás Viña Susperreguy,8,6,14,6,2,3,,False,15,115,0.5476190476190477,15,1.0,0.8333333333333334,121,14,9,0.5824175824175825,14,1.0,0.8516483516483516,5,-0.06354515050167221,0.0782608695652174,0.0,-0.0219780219780219,0.04132231404958678,9
3857287,2022,Uruguay,Guillermo Varela Olivera,3,3,6,5,1,2,,False,15,115,0.5476190476190477,15,1.0,0.8333333333333334,121,14,5,0.6043956043956044,14,1.0,0.8571428571428571,3,-0.10367892976588611,0.043478260869565216,0.0,-0.02857142857142847,0.024793388429752067,5
3857288,2022,Australia,Riley McGree,14,19,33,9,1,8,,False,16,103,0.42916666666666664,16,1.0,0.7722222222222224,96,15,14,0.4238095238095238,15,1.0,0.7682539682539684,9,0.012482662968099818,0.13592233009708737,0.0,0.005138746145940371,0.09375,14
3857288,2022,Australia,Aaron Mooy,38,29,67,11,17,3,,False,16,103,0.42916666666666664,16,1.0,0.7722222222222224,96,15,21,0.3904761904761905,15,1.0,0.7460317460317465,20,0.09015256588072117,0.20388349514563106,0.0,0.033915724563206164,0.20833333333333334,21
3857288,2022,Australia,Aziz Eraltay Behich,28,29,57,11,8,9,,False,16,103,0.42916666666666664,16,1.0,0.7722222222222224,96,15,18,0.40476190476190477,15,1.0,0.7587301587301589,17,0.05686546463245486,0.17475728155339806,0.0,0.017471736896197264,0.17708333333333334,18
3857288,2022,Australia,Kye Rowles,25,18,43,8,7,0,,False,16,103,0.42916666666666664,16,1.0,0.7722222222222224,96,15,12,0.43333333333333335,15,1.0,0.7730158730158732,7,-0.009708737864077766,0.11650485436893204,0.0,-0.0010277492291880742,0.07291666666666667,12
3857288,2022,Australia,Fran Karačić,23,15,38,9,12,7,,False,16,103,0.42916666666666664,16,1.0,0.7722222222222224,96,15,14,0.4238095238095238,15,1.0,0.7698412698412698,19,0.012482662968099818,0.13592233009708737,0.0,0.0030832476875645104,0.19791666666666666,14
3857288,2022,Australia,Mitchell Thomas Duke,10,21,31,9,2,14,,False,16,103,0.42916666666666664,16,1.0,0.7722222222222224,96,15,13,0.42857142857142855,15,1.0,0.7682539682539684,16,0.001386962552011091,0.1262135922330097,0.0,0.005138746145940371,0.16666666666666666,13
3857288,2022,Australia,Harry Souttar,25,20,45,10,14,0,,False,16,103,0.42916666666666664,16,1.0,0.7722222222222224,96,15,16,0.4142857142857143,15,1.0,0.7634920634920637,14,0.03467406380027727,0.1553398058252427,0.0,0.011305241521068817,0.14583333333333334,16
3857288,2022,Australia,Jackson Irvine,29,20,49,12,6,4,,False,16,103,0.42916666666666664,16,1.0,0.7722222222222224,96,15,17,0.4095238095238095,15,1.0,0.7492063492063494,10,0.04576976421636613,0.1650485436893204,0.0,0.029804727646454154,0.10416666666666667,17
3857288,2022,Australia,Craig Goodwin,21,30,51,9,7,18,,False,16,103,0.42916666666666664,16,1.0,0.7722222222222224,96,15,16,0.4142857142857143,15,1.0,0.7682539682539684,25,0.03467406380027727,0.1553398058252427,0.0,0.005138746145940371,0.2604166666666667,16
3857288,2022,Australia,Mathew Leckie,20,30,50,10,4,17,,False,16,103,0.42916666666666664,16,1.0,0.7722222222222224,96,15,19,0.4,15,1.0,0.7634920634920637,21,0.06796116504854358,0.18446601941747573,0.0,0.011305241521068817,0.21875,19
3857288,2022,Australia,Mathew Ryan,17,14,31,9,12,0,,False,16,103,0.42916666666666664,16,1.0,0.7722222222222224,96,15,12,0.43333333333333335,15,1.0,0.7619047619047622,12,-0.009708737864077766,0.11650485436893204,0.0,0.013360739979444822,0.125,12
3857288,2022,Australia,Ajdin Hrustic,10,14,24,9,1,5,,False,16,103,0.42916666666666664,16,1.0,0.7722222222222224,96,15,13,0.42857142857142855,15,1.0,0.7666666666666668,6,0.001386962552011091,0.1262135922330097,0.0,0.00719424460431652,0.0625,13
3857288,2022,Australia,Jamie MacLaren,5,8,13,7,0,7,,False,16,103,0.42916666666666664,16,1.0,0.7722222222222224,96,15,9,0.44761904761904764,15,1.0,0.7746031746031747,7,-0.04299583911234407,0.08737864077669903,0.0,-0.003083247687564223,0.07291666666666667,9
3857288,2022,Australia,Miloš Degenek,5,2,7,3,4,1,,False,16,103,0.42916666666666664,16,1.0,0.7722222222222224,96,15,4,0.4714285714285714,15,1.0,0.796825396825397,5,-0.09847434119278783,0.038834951456310676,0.0,-0.03186022610483045,0.052083333333333336,4
3857288,2022,Australia,Keanu Baccus,3,3,6,4,1,1,,False,16,103,0.42916666666666664,16,1.0,0.7722222222222224,96,15,5,0.4666666666666667,15,1.0,0.7904761904761908,2,-0.08737864077669912,0.04854368932038835,0.0,-0.023638232271325995,0.020833333333333332,5
3857288,2022,Australia,Awer Denis Bul Mabil,1,2,3,2,0,2,,False,16,103,0.42916666666666664,16,1.0,0.7722222222222224,96,15,3,0.47619047619047616,15,1.0,0.8047619047619048,2,-0.10957004160887657,0.02912621359223301,0.0,-0.042137718396711044,0.020833333333333332,3
3857288,2022,Tunisia,Montassar Omar Talbi,52,42,94,12,21,2,,False,15,128,0.6095238095238096,15,1.0,0.8761904761904762,123,14,21,0.5879120879120879,14,1.0,0.8681318681318682,23,0.035456730769230824,0.1640625,0.0,0.009197324414715687,0.18699186991869918,21
3857288,2022,Tunisia,Issam Jebali,11,13,24,11,0,8,,False,15,128,0.6095238095238096,15,1.0,0.8761904761904762,123,14,16,0.6153846153846154,14,1.0,0.8736263736263736,8,-0.009615384615384581,0.125,0.0,0.002926421404682264,0.06504065040650407,16
3857288,2022,Tunisia,Aïssa Bilal Laïdouni,24,23,47,11,9,9,,False,15,128,0.6095238095238096,15,1.0,0.8761904761904762,123,14,19,0.5989010989010989,14,1.0,0.8736263736263736,18,0.017427884615384734,0.1484375,0.0,0.002926421404682264,0.14634146341463414,19
3857288,2022,Tunisia,Youssef Msakni,31,43,74,13,7,27,,False,15,128,0.6095238095238096,15,1.0,0.8761904761904762,123,14,21,0.5879120879120879,14,1.0,0.8626373626373627,34,0.035456730769230824,0.1640625,0.0,0.015468227424749108,0.2764227642276423,21
3857288,2022,Tunisia,Yassine Meriah,62,64,126,13,15,1,,False,15,128,0.6095238095238096,15,1.0,0.8761904761904762,123,14,22,0.5824175824175825,14,1.0,0.8626373626373627,16,0.04447115384615387,0.171875,0.0,0.015468227424749108,0.13008130081300814,22
3857288,2022,Tunisia,Ellyes Joris Skhiri,49,41,90,14,19,8,,False,15,128,0.6095238095238096,15,1.0,0.8761904761904762,123,14,25,0.5659340659340659,14,1.0,0.8571428571428571,27,0.07151442307692318,0.1953125,0.0,0.021739130434782657,0.21951219512195122,25
3857288,2022,Tunisia,Dylan Daniel Mahmoud Bronn,41,39,80,11,9,5,,False,15,128,0.6095238095238096,15,1.0,0.8761904761904762,123,14,19,0.5989010989010989,14,1.0,0.8736263736263736,14,0.017427884615384734,0.1484375,0.0,0.002926421404682264,0.11382113821138211,19
3857288,2022,Tunisia,Aymen Dahmen,15,13,28,10,9,0,,False,15,128,0.6095238095238096,15,1.0,0.8761904761904762,123,14,14,0.6263736263736264,14,1.0,0.8791208791208791,9,-0.027644230769230668,0.109375,0.0,-0.003344481605351159,0.07317073170731707,14
3857288,2022,Tunisia,Mohamed Dräger,12,12,24,9,1,4,,False,15,128,0.6095238095238096,15,1.0,0.8761904761904762,123,14,14,0.6263736263736264,14,1.0,0.8846153846153846,5,-0.027644230769230668,0.109375,0.0,-0.009615384615384581,0.04065040650406504,14
3857288,2022,Tunisia,Naïm Sliti,23,32,55,14,7,17,,False,15,128,0.6095238095238096,15,1.0,0.8761904761904762,123,14,23,0.5769230769230769,14,1.0,0.8571428571428571,24,0.053485576923077094,0.1796875,0.0,0.021739130434782657,0.1951219512195122,23
3857288,2022,Tunisia,Ali Abdi,44,38,82,12,12,24,,False,15,128,0.6095238095238096,15,1.0,0.8761904761904762,123,14,21,0.5879120879120879,14,1.0,0.8681318681318682,36,0.035456730769230824,0.1640625,0.0,0.009197324414715687,0.2926829268292683,21
3857288,2022,Tunisia,Ferjani Sassi,24,24,48,11,9,5,,False,15,128,0.6095238095238096,15,1.0,0.8761904761904762,123,14,18,0.6043956043956044,14,1.0,0.8736263736263736,14,0.00841346153846169,0.140625,0.0,0.002926421404682264,0.11382113821138211,18
3857288,2022,Tunisia,Wahbi Khazri,4,11,15,7,1,5,,False,15,128,0.6095238095238096,15,1.0,0.8761904761904762,123,14,9,0.6538461538461539,14,1.0,0.8956043956043956,6,-0.07271634615384608,0.0703125,0.0,-0.022157190635451553,0.04878048780487805,9
3857288,2022,Tunisia,Wajdi Kechrida,13,10,23,8,4,7,,False,15,128,0.6095238095238096,15,1.0,0.8761904761904762,123,14,12,0.6373626373626373,14,1.0,0.8901098901098901,11,-0.045673076923076754,0.09375,0.0,-0.015886287625418005,0.08943089430894309,12
3857288,2022,Tunisia,Taha Yassine Khenissi,1,1,2,2,0,1,,True,15,128,0.6095238095238096,15,1.0,0.8761904761904762,123,14,2,0.6923076923076923,14,1.0,0.9230769230769231,1,-0.13581730769230757,0.015625,0.0,-0.05351170568561879,0.008130081300813009,2
3857289,2022,Mexico,José Andrés Guardado Hernández,11,10,21,8,2,3,,False,15,99,0.4714285714285714,15,1.0,0.8095238095238095,78,14,12,0.47802197802197804,14,1.0,0.8131868131868132,5,-0.013986013986014054,0.12121212121212122,0.0,-0.004524886877828038,0.0641025641025641,12
3857289,2022,Mexico,Héctor Miguel Herrera López,37,27,64,12,4,4,,False,15,99,0.4714285714285714,15,1.0,0.8095238095238095,78,14,21,0.42857142857142855,14,1.0,0.7912087912087912,8,0.09090909090909094,0.21212121212121213,0.0,0.022624434389140326,0.10256410256410256,21
3857289,2022,Mexico,Jesús Daniel Gallardo Vasconcelos,19,17,36,10,4,5,,False,15,99,0.4714285714285714,15,1.0,0.8095238095238095,78,14,18,0.44505494505494503,14,1.0,0.8003663003663003,9,0.05594405594405598,0.18181818181818182,0.0,0.011312217194570233,0.11538461538461539,18
3857289,2022,Mexico,Héctor Alfredo Moreno Herrera,38,36,74,12,16,4,,False,15,99,0.4714285714285714,15,1.0,0.8095238095238095,78,14,19,0.43956043956043955,14,1.0,0.7912087912087912,20,0.0675990675990676,0.1919191919191919,0.0,0.022624434389140326,0.2564102564102564,19
3857289,2022,Mexico,Hirving Rodrigo Lozano Bahena,3,13,16,9,1,7,,False,15,99,0.4714285714285714,15,1.0,0.8095238095238095,78,14,11,0.4835164835164835,14,1.0,0.8076923076923077,8,-0.025641025641025668,0.1111111111111111,0.0,0.002262443438914019,0.10256410256410256,11
3857289,2022,Mexico,Néstor Alejandro Araújo Razo,47,38,85,11,17,7,,False,15,99,0.4714285714285714,15,1.0,0.8095238095238095,78,14,16,0.45604395604395603,14,1.0,0.7948717948717948,24,0.03263403263403264,0.16161616161616163,0.0,0.018099547511312288,0.3076923076923077,16
3857289,2022,Mexico,Kevin Nahin Álvarez Campos,15,13,28,7,2,10,,False,15,99,0.4714285714285714,15,1.0,0.8095238095238095,78,14,10,0.489010989010989,14,1.0,0.8186813186813187,12,-0.03729603729603728,0.10101010101010101,0.0,-0.011312217194570096,0.15384615384615385,10
3857289,2022,Mexico,Ernesto Alexis Vega Rojas,3,6,9,4,1,5,,False,15,99,0.4714285714285714,15,1.0,0.8095238095238095,78,14,5,0.5164835164835165,14,1.0,0.8351648351648352,6,-0.09557109557109571,0.050505050505050504,0.0,-0.031674208144796406,0.07692307692307693,5
3857289,2022,Mexico,Luis Gerardo Chávez Magallón,21,24,45,13,3,7,,False,15,99,0.4714285714285714,15,1.0,0.8095238095238095,78,14,18,0.44505494505494503,14,1.0,0.7857142857142857,10,0.05594405594405598,0.18181818181818182,0.0,0.029411764705882384,0.1282051282051282,18
3857289,2022,Mexico,César Jasib Montes Castro,49,49,98,11,14,3,,False,15,99,0.4714285714285714,15,1.0,0.8095238095238095,78,14,17,0.45054945054945056,14,1.0,0.7967032967032966,17,0.04428904428904425,0.1717171717171717,0.0,0.01583710407239827,0.21794871794871795,17
3857289,2022,Mexico,Francisco Guillermo Ochoa Magaña,20,17,37,7,9,0,,False,15,99,0.4714285714285714,15,1.0,0.8095238095238095,78,14,11,0.4835164835164835,14,1.0,0.8186813186813187,9,-0.025641025641025668,0.1111111111111111,0.0,-0.011312217194570096,0.11538461538461539,11
3857289,2022,Mexico,Érick Gabriel Gutiérrez Galaviz,25,25,50,8,3,5,,False,15,99,0.4714285714285714,15,1.0,0.8095238095238095,78,14,14,0.46703296703296704,14,1.0,0.8131868131868132,8,0.009324009324009291,0.1414141414141414,0.0,-0.004524886877828038,0.10256410256410256,14
3857289,2022,Mexico,Raúl Alonso Jiménez Rodríguez,8,10,18,8,2,5,,False,15,99,0.4714285714285714,15,1.0,0.8095238095238095,78,14,10,0.489010989010989,14,1.0,0.8131868131868132,7,-0.03729603729603728,0.10101010101010101,0.0,-0.004524886877828038,0.08974358974358974,10
3857289,2022,Mexico,Carlos Uriel Antuna Romero,3,8,11,5,0,7,,False,15,99,0.4714285714285714,15,1.0,0.8095238095238095,78,14,7,0.5054945054945055,14,1.0,0.8296703296703297,7,-0.07226107226107224,0.0707070707070707,0.0,-0.024886877828054346,0.08974358974358974,7
3857289,2022,Mexico,Roberto Carlos Alvarado Hernández,5,11,16,5,0,6,,False,15,99,0.4714285714285714,15,1.0,0.8095238095238095,78,14,9,0.4945054945054945,14,1.0,0.8296703296703297,6,-0.048951048951049014,0.09090909090909091,0.0,-0.024886877828054346,0.07692307692307693,9
3857289,2022,Argentina,Damián Emiliano Martínez,18,12,30,9,8,0,,False,16,125,0.5208333333333334,16,1.0,0.8152777777777778,122,15,13,0.5333333333333333,15,1.0,0.8174603174603176,8,-0.023999999999999914,0.104,0.0,-0.0026770503772208616,0.06557377049180328,13
3857289,2022,Argentina,Nicolás Hernán Otamendi,76,68,144,12,28,3,,False,16,125,0.5208333333333334,16,1.0,0.8152777777777778,122,15,22,0.49047619047619045,15,1.0,0.8031746031746033,31,0.05828571428571439,0.176,0.0,0.014845461182769342,0.2540983606557377,22
3857289,2022,Argentina,Gonzalo Ariel Montiel,49,43,92,10,9,24,,False,16,125,0.5208333333333334,16,1.0,0.8152777777777778,122,15,18,0.5095238095238095,15,1.0,0.8126984126984128,33,0.02171428571428585,0.144,0.0,0.0031637868094425395,0.27049180327868855,18
3857289,2022,Argentina,Ángel Fabián Di María Hernández,21,34,55,11,3,19,,False,16,125,0.5208333333333334,16,1.0,0.8152777777777778,122,15,17,0.5142857142857142,15,1.0,0.8079365079365081,22,0.012571428571428738,0.136,0.0,0.00900462399610594,0.18032786885245902,17
3857289,2022,Argentina,Marcos Javier Acuña,28,25,53,13,4,9,,False,16,125,0.5208333333333334,16,1.0,0.8152777777777778,122,15,19,0.5047619047619047,15,1.0,0.7984126984126985,13,0.030857142857142958,0.152,0.0,0.02068629836943288,0.10655737704918032,19
3857289,2022,Argentina,Lautaro Javier Martínez,3,9,12,7,0,7,,False,16,125,0.5208333333333334,16,1.0,0.8152777777777778,122,15,8,0.5571428571428572,15,1.0,0.8285714285714286,7,-0.06971428571428567,0.064,0.0,-0.016305670479435465,0.05737704918032787,8
3857289,2022,Argentina,Lisandro Martínez,48,49,97,11,17,11,,False,16,125,0.5208333333333334,16,1.0,0.8152777777777778,122,15,20,0.5,15,1.0,0.8079365079365078,28,0.04000000000000007,0.16,0.0,0.009004623996106213,0.22950819672131148,20
3857289,2022,Argentina,Rodrigo Javier De Paul,59,59,118,12,8,13,,False,16,125,0.5208333333333334,16,1.0,0.8152777777777778,122,15,22,0.49047619047619045,15,1.0,0.8031746031746031,21,0.05828571428571439,0.176,0.0,0.014845461182769614,0.1721311475409836,22
3857289,2022,Argentina,Guido Rodríguez,54,54,108,10,20,2,,False,16,125,0.5208333333333334,16,1.0,0.8152777777777778,122,15,18,0.5095238095238095,15,1.0,0.8126984126984127,22,0.02171428571428585,0.144,0.0,0.0031637868094426757,0.18032786885245902,18
3857289,2022,Argentina,Lionel Andrés Messi Cuccittini,38,46,84,14,10,7,,False,16,125,0.5208333333333334,16,1.0,0.8152777777777778,122,15,25,0.47619047619047616,15,1.0,0.7936507936507936,17,0.08571428571428583,0.2,0.0,0.026527135556096416,0.13934426229508196,25
3857289,2022,Argentina,Alexis Mac Allister,34,36,70,10,6,17,,False,16,125,0.5208333333333334,16,1.0,0.8152777777777778,122,15,17,0.5142857142857142,15,1.0,0.8126984126984127,23,0.012571428571428738,0.136,0.0,0.0031637868094426757,0.1885245901639344,17
3857289,2022,Argentina,Enzo Fernandez,23,20,43,13,5,1,,False,16,125,0.5208333333333334,16,1.0,0.8152777777777778,122,15,21,0.49523809523809526,15,1.0,0.7952380952380954,6,0.049142857142857176,0.168,0.0,0.024580189827208342,0.04918032786885246,21
3857289,2022,Argentina,Nahuel Molina Lucero,10,8,18,7,3,4,,False,16,125,0.5208333333333334,16,1.0,0.8152777777777778,122,15,11,0.5428571428571428,15,1.0,0.8269841269841269,7,-0.042285714285714135,0.088,0.0,-0.014358724750547528,0.05737704918032787,11
3857289,2022,Argentina,Exequiel Alejandro Palacios,6,3,9,4,1,1,,False,16,125,0.5208333333333334,16,1.0,0.8152777777777778,122,15,6,0.5666666666666667,15,1.0,0.8412698412698413,2,-0.0879999999999999,0.048,0.0,-0.03188123631053787,0.01639344262295082,6
3857289,2022,Argentina,Julián Álvarez,6,7,13,6,0,4,,False,16,125,0.5208333333333334,16,1.0,0.8152777777777778,122,15,9,0.5523809523809524,15,1.0,0.8317460317460317,4,-0.06057142857142857,0.072,0.0,-0.020199561937210928,0.03278688524590164,9
3857289,2022,Argentina,Cristian Gabriel Romero,3,3,6,3,0,0,,False,16,125,0.5208333333333334,16,1.0,0.8152777777777778,122,15,4,0.5761904761904761,15,1.0,0.8476190476190476,0,-0.10628571428571411,0.032,0.0,-0.03966901922608907,0.0,4
3857290,2022,Switzerland,Xherdan Shaqiri,24,33,57,9,9,13,,False,16,130,0.5416666666666666,16,1.0,0.8111111111111112,125,15,17,0.5380952380952381,15,1.0,0.8126984126984128,22,0.006593406593406571,0.13076923076923078,0.0,-0.0019569471624266074,0.176,17
3857290,2022,Switzerland,Manuel Obafemi Akanji,58,53,111,12,26,4,,False,16,130,0.5416666666666666,16,1.0,0.8111111111111112,125,15,23,0.5095238095238095,15,1.0,0.7984126984126985,30,0.05934065934065934,0.17692307692307693,0.0,0.015655577299412995,0.24,23
3857290,2022,Switzerland,Granit Xhaka,38,41,79,14,14,9,,False,16,130,0.5416666666666666,16,1.0,0.8111111111111112,125,15,24,0.5047619047619047,15,1.0,0.788888888888889,23,0.0681318681318681,0.18461538461538463,0.0,0.02739726027397264,0.184,24
3857290,2022,Switzerland,Nico Elvedi,65,53,118,14,15,2,,False,16,130,0.5416666666666666,16,1.0,0.8111111111111112,125,15,24,0.5047619047619047,15,1.0,0.7793650793650797,17,0.0681318681318681,0.18461538461538463,0.0,0.03913894324853201,0.136,24
3857290,2022,Switzerland,Djibril Sow,31,33,64,10,5,12,,False,16,130,0.5416666666666666,16,1.0,0.8111111111111112,125,15,19,0.5285714285714286,15,1.0,0.8079365079365081,17,0.02417582417582409,0.14615384615384616,0.0,0.003913894324853215,0.136,19
3857290,2022,Switzerland,Ricardo Iván Rodríguez Araya,49,42,91,11,15,10,,False,16,130,0.5416666666666666,16,1.0,0.8111111111111112,125,15,19,0.5285714285714286,15,1.0,0.8031746031746033,25,0.02417582417582409,0.14615384615384616,0.0,0.009784735812133035,0.2,19
3857290,2022,Switzerland,Remo Freuler,59,54,113,14,11,6,,False,16,130,0.5416666666666666,16,1.0,0.8111111111111112,125,15,25,0.5,15,1.0,0.788888888888889,17,0.07692307692307686,0.19230769230769232,0.0,0.02739726027397264,0.136,25
3857290,2022,Switzerland,Silvan Widmer,42,40,82,12,11,15,,False,16,130,0.5416666666666666,16,1.0,0.8111111111111112,125,15,22,0.5142857142857142,15,1.0,0.7984126984126985,26,0.05054945054945058,0.16923076923076924,0.0,0.015655577299412995,0.208,22
3857290,2022,Switzerland,Ruben Vargas,24,32,56,10,1,18,,False,16,130,0.5416666666666666,16,1.0,0.8111111111111112,125,15,18,0.5333333333333333,15,1.0,0.8079365079365081,19,0.015384615384615332,0.13846153846153847,0.0,0.003913894324853215,0.152,18
3857290,2022,Switzerland,Breel-Donald Embolo,14,24,38,9,1,20,,False,16,130,0.5416666666666666,16,1.0,0.8111111111111112,125,15,14,0.5523809523809524,15,1.0,0.8126984126984128,21,-0.019780219780219915,0.1076923076923077,0.0,-0.0019569471624266074,0.168,14
3857290,2022,Switzerland,Yann Sommer,30,19,49,7,14,0,,False,16,130,0.5416666666666666,16,1.0,0.8111111111111112,125,15,13,0.5571428571428572,15,1.0,0.8222222222222223,14,-0.028571428571428678,0.1,0.0,-0.01369863013698625,0.112,13
3857290,2022,Switzerland,Noah Okafor,9,13,22,8,0,9,,False,16,130,0.5416666666666666,16,1.0,0.8111111111111112,125,15,11,0.5666666666666667,15,1.0,0.8174603174603176,9,-0.0461538461538462,0.08461538461538462,0.0,-0.00782778864970643,0.072,11
3857290,2022,Switzerland,Fabian Frei,7,9,16,7,1,0,,False,16,130,0.5416666666666666,16,1.0,0.8111111111111112,125,15,12,0.5619047619047619,15,1.0,0.8222222222222223,1,-0.03736263736263744,0.09230769230769231,0.0,-0.01369863013698625,0.008,12
3857290,2022,Switzerland,Haris Seferović,4,7,11,6,0,5,,False,16,130,0.5416666666666666,16,1.0,0.8111111111111112,125,15,8,0.580952380952381,15,1.0,0.826984126984127,5,-0.07252747252747269,0.06153846153846154,0.0,-0.01956947162426607,0.04,8
3857290,2022,Switzerland,Fabian Rieder,5,6,11,5,1,1,,False,16,130,0.5416666666666666,16,1.0,0.8111111111111112,125,15,8,0.580952380952381,15,1.0,0.8333333333333334,2,-0.07252747252747269,0.06153846153846154,0.0,-0.0273972602739725,0.016,8
3857290,2022,Switzerland,Eray Ervin Cömert,2,2,4,2,1,1,,False,16,130,0.5416666666666666,16,1.0,0.8111111111111112,125,15,3,0.6047619047619047,15,1.0,0.8476190476190476,2,-0.11648351648351649,0.023076923076923078,0.0,-0.045009784735811964,0.016,3
3857290,2022,Cameroon,Ngoran Suiru Fai Collins,40,44,84,11,16,11,,False,15,121,0.5761904761904761,15,1.0,0.8523809523809524,122,14,20,0.554945054945055,14,1.0,0.8461538461538461,27,0.03687221869040038,0.1652892561983471,0.0,0.007305543618392755,0.22131147540983606,20
3857290,2022,Cameroon,Bryan Mbeumo,31,41,72,11,4,22,,False,15,121,0.5761904761904761,15,1.0,0.8523809523809524,122,14,18,0.5659340659340659,14,1.0,0.8461538461538461,26,0.017800381436745012,0.1487603305785124,0.0,0.007305543618392755,0.21311475409836064,18
3857290,2022,Cameroon,Nicolas Alexis Julio N'Koulou Ndoubena,52,51,103,12,16,0,,False,15,121,0.5761904761904761,15,1.0,0.8523809523809524,122,14,23,0.5384615384615384,14,1.0,0.8406593406593407,16,0.06547997457088363,0.19008264462809918,0.0,0.013751611516974597,0.13114754098360656,23
3857290,2022,Cameroon,Samuel Yves Oum Gwet,48,36,84,12,10,4,,False,15,121,0.5761904761904761,15,1.0,0.8523809523809524,122,14,22,0.5439560439560439,14,1.0,0.8406593406593407,14,0.055944055944055944,0.18181818181818182,0.0,0.013751611516974597,0.11475409836065574,22
3857290,2022,Cameroon,Martin Hongla Yma II,30,32,62,9,9,12,,False,15,121,0.5761904761904761,15,1.0,0.8523809523809524,122,14,18,0.5659340659340659,14,1.0,0.8571428571428571,21,0.017800381436745012,0.1487603305785124,0.0,-0.00558659217877093,0.1721311475409836,18
3857290,2022,Cameroon,André-Frank Zambo Anguissa,56,58,114,12,16,18,,False,15,121,0.5761904761904761,15,1.0,0.8523809523809524,122,14,22,0.5439560439560439,14,1.0,0.8406593406593407,34,0.055944055944055944,0.18181818181818182,0.0,0.013751611516974597,0.2786885245901639,22
3857290,2022,Cameroon,André Onana,44,38,82,10,17,0,,False,15,121,0.5761904761904761,15,1.0,0.8523809523809524,122,14,16,0.5769230769230769,14,1.0,0.8516483516483516,17,-0.001271455816910358,0.1322314049586777,0.0,0.0008594757198109123,0.13934426229508196,16
3857290,2022,Cameroon,Nouhou Tolo,40,32,72,13,9,12,,False,15,121,0.5761904761904761,15,1.0,0.8523809523809524,122,14,22,0.5439560439560439,14,1.0,0.8333333333333333,21,0.055944055944055944,0.18181818181818182,0.0,0.02234636871508385,0.1721311475409836,22
3857290,2022,Cameroon,Karl Brillant Toko Ekambi,27,28,55,8,3,14,,False,15,121,0.5761904761904761,15,1.0,0.8523809523809524,122,14,13,0.5934065934065934,14,1.0,0.8626373626373627,17,-0.029879211697393604,0.10743801652892562,0.0,-0.012032660077352902,0.13934426229508196,13
3857290,2022,Cameroon,Jean-Charles Castelletto,39,41,80,12,15,4,,False,15,121,0.5761904761904761,15,1.0,0.8523809523809524,122,14,20,0.554945054945055,14,1.0,0.8406593406593407,19,0.03687221869040038,0.1652892561983471,0.0,0.013751611516974597,0.1557377049180328,20
3857290,2022,Cameroon,Jean-Eric Maxim Choupo-Moting,15,17,32,9,4,11,,False,15,121,0.5761904761904761,15,1.0,0.8523809523809524,122,14,16,0.5769230769230769,14,1.0,0.8571428571428571,15,-0.001271455816910358,0.1322314049586777,0.0,-0.00558659217877093,0.12295081967213115,16
3857290,2022,Cameroon,Georges-Kévin Nkoudou Mbida,3,6,9,6,1,2,,False,15,121,0.5761904761904761,15,1.0,0.8523809523809524,122,14,7,0.6263736263736264,14,1.0,0.8736263736263736,3,-0.0870947234583599,0.05785123966942149,0.0,-0.024924795874516587,0.02459016393442623,7
3857290,2022,Cameroon,Vincent Paté Aboubakar,6,8,14,9,0,7,,False,15,121,0.5761904761904761,15,1.0,0.8523809523809524,122,14,10,0.6098901098901099,14,1.0,0.8571428571428571,7,-0.05848696757787685,0.08264462809917356,0.0,-0.00558659217877093,0.05737704918032787,10
3857290,2022,Cameroon,Gaël Ondoua,7,4,11,9,2,2,,False,15,121,0.5761904761904761,15,1.0,0.8523809523809524,122,14,10,0.6098901098901099,14,1.0,0.8571428571428571,4,-0.05848696757787685,0.08264462809917356,0.0,-0.00558659217877093,0.03278688524590164,10
3857290,2022,Cameroon,Nicolas Moumi Ngamaleu,2,4,6,5,0,3,,False,15,121,0.5761904761904761,15,1.0,0.8523809523809524,122,14,5,0.6373626373626373,14,1.0,0.8791208791208791,3,-0.10616656071201527,0.04132231404958678,0.0,-0.03137086377309843,0.02459016393442623,5
3857291,2022,Spain,Pablo Martín Páez Gavira,66,75,141,14,8,23,,False,16,148,0.6166666666666667,16,1.0,0.8541666666666666,239,15,25,0.5857142857142857,15,1.0,0.8380952380952381,31,0.05019305019305019,0.16891891891891891,0.0,0.018815331010452897,0.1297071129707113,25
3857291,2022,Spain,Aymeric Laporte,143,135,278,14,56,4,,False,16,148,0.6166666666666667,16,1.0,0.8541666666666666,239,15,24,0.5904761904761905,15,1.0,0.8380952380952381,60,0.0424710424710425,0.16216216216216217,0.0,0.018815331010452897,0.2510460251046025,24
3857291,2022,Spain,César Azpilicueta Tanco,99,88,187,13,25,13,,False,16,148,0.6166666666666667,16,1.0,0.8541666666666666,239,15,25,0.5857142857142857,15,1.0,0.8428571428571429,38,0.05019305019305019,0.16891891891891891,0.0,0.013240418118466853,0.1589958158995816,25
3857291,2022,Spain,Rodrigo Hernández Cascante,139,125,264,13,45,4,,False,16,148,0.6166666666666667,16,1.0,0.8541666666666666,239,15,25,0.5857142857142857,15,1.0,0.8428571428571429,49,0.05019305019305019,0.16891891891891891,0.0,0.013240418118466853,0.20502092050209206,25
3857291,2022,Spain,Jordi Alba Ramos,110,100,210,11,19,37,,False,16,148,0.6166666666666667,16,1.0,0.8541666666666666,239,15,19,0.6142857142857143,15,1.0,0.8523809523809524,56,0.003861003861003847,0.12837837837837837,0.0,0.002090592334494766,0.23430962343096234,19
3857291,2022,Spain,Daniel Olmo Carvajal,59,70,129,12,3,42,,False,16,148,0.6166666666666667,16,1.0,0.8541666666666666,239,15,22,0.6,15,1.0,0.8476190476190476,45,0.02702702702702711,0.14864864864864866,0.0,0.007665505226480809,0.18828451882845187,22
3857291,2022,Spain,Sergio Busquets i Burgos,88,83,171,11,19,14,,False,16,148,0.6166666666666667,16,1.0,0.8541666666666666,239,15,20,0.6095238095238096,15,1.0,0.8523809523809524,33,0.01158301158301154,0.13513513513513514,0.0,0.002090592334494766,0.13807531380753138,20
3857291,2022,Spain,Pedro González López,85,84,169,9,18,21,,False,16,148,0.6166666666666667,16,1.0,0.8541666666666666,239,15,17,0.6238095238095238,15,1.0,0.861904761904762,39,-0.01158301158301154,0.11486486486486487,0.0,-0.00905923344947745,0.16317991631799164,17
3857291,2022,Spain,Ferrán Torres García,19,29,48,8,1,16,,False,16,148,0.6166666666666667,16,1.0,0.8541666666666666,239,15,14,0.638095238095238,15,1.0,0.8666666666666667,17,-0.034749034749034624,0.0945945945945946,0.0,-0.014634146341463494,0.07112970711297072,14
3857291,2022,Spain,Unai Simón Mendibil,33,31,64,10,16,0,,False,16,148,0.6166666666666667,16,1.0,0.8541666666666666,239,15,16,0.6285714285714286,15,1.0,0.8571428571428571,16,-0.019305019305019235,0.10810810810810811,0.0,-0.003484320557491277,0.06694560669456066,16
3857291,2022,Spain,Marco Asensio Willemsen,32,45,77,11,3,14,,False,16,148,0.6166666666666667,16,1.0,0.8541666666666666,239,15,19,0.6142857142857143,15,1.0,0.8523809523809524,17,0.003861003861003847,0.12837837837837837,0.0,0.002090592334494766,0.07112970711297072,19
3857291,2022,Spain,Carlos Soler Barragán,43,41,84,12,9,15,,False,16,148,0.6166666666666667,16,1.0,0.8541666666666666,239,15,20,0.6095238095238096,15,1.0,0.8476190476190476,24,0.01158301158301154,0.13513513513513514,0.0,0.007665505226480809,0.100418410041841,20
3857291,2022,Spain,Álvaro Borja Morata Martín,7,12,19,10,1,8,,False,16,148,0.6166666666666667,16,1.0,0.8541666666666666,239,15,13,0.6428571428571429,15,1.0,0.8571428571428571,9,-0.0424710424710425,0.08783783783783784,0.0,-0.003484320557491277,0.03765690376569038,13
3857291,2022,Spain,Alejandro Balde Martínez,31,31,62,8,9,14,,False,16,148,0.6166666666666667,16,1.0,0.8541666666666666,239,15,13,0.6428571428571429,15,1.0,0.8666666666666667,23,-0.0424710424710425,0.08783783783783784,0.0,-0.014634146341463494,0.09623430962343096,13
3857291,2022,Spain,Jorge Resurrección Merodio,48,49,97,10,6,6,,False,16,148,0.6166666666666667,16,1.0,0.8541666666666666,239,15,18,0.6190476190476191,15,1.0,0.8571428571428571,12,-0.003861003861003847,0.12162162162162163,0.0,-0.003484320557491277,0.0502092050209205,18
3857291,2022,Spain,Nicholas Williams Arthuer,7,11,18,4,1,8,,False,16,148,0.6166666666666667,16,1.0,0.8541666666666666,239,15,6,0.6761904761904762,15,1.0,0.8857142857142857,9,-0.09652509652509654,0.04054054054054054,0.0,-0.036933797909407665,0.03765690376569038,6
3857291,2022,Costa Rica,Bryan Oviedo,12,14,26,10,5,5,,False,16,106,0.44166666666666665,16,1.0,0.8041666666666667,59,15,17,0.4238095238095238,15,1.0,0.8,10,0.04043126684636117,0.16037735849056603,0.0,0.0051813471502590485,0.1694915254237288,17
3857291,2022,Costa Rica,Yeltsin Ignacio Tejeda Valverde,12,9,21,13,4,0,,False,16,106,0.44166666666666665,16,1.0,0.8041666666666667,59,15,17,0.4238095238095238,15,1.0,0.7825396825396825,4,0.04043126684636117,0.16037735849056603,0.0,0.02689365901801139,0.06779661016949153,17
3857291,2022,Costa Rica,Celso Borges Mora,16,11,27,9,9,4,,False,16,106,0.44166666666666665,16,1.0,0.8041666666666667,59,15,13,0.44285714285714284,15,1.0,0.8047619047619048,13,-0.002695417789757403,0.12264150943396226,0.0,-0.000740192450037007,0.22033898305084745,13
3857291,2022,Costa Rica,Jewison Bennette,3,9,12,7,0,4,,False,16,106,0.44166666666666665,16,1.0,0.8041666666666667,59,15,9,0.46190476190476193,15,1.0,0.8142857142857143,4,-0.0458221024258761,0.08490566037735849,0.0,-0.012583271650629118,0.06779661016949153,9
3857291,2022,Costa Rica,Carlos Manuel Martínez Castro,10,6,16,6,3,2,,False,16,106,0.44166666666666665,16,1.0,0.8041666666666667,59,15,9,0.46190476190476193,15,1.0,0.819047619047619,5,-0.0458221024258761,0.08490566037735849,0.0,-0.018504811250925172,0.0847457627118644,9
3857291,2022,Costa Rica,Joel Nathaniel Campbell Samuels,17,24,41,14,1,16,,False,16,106,0.44166666666666665,16,1.0,0.8041666666666667,59,15,21,0.40476190476190477,15,1.0,0.780952380952381,17,0.08355795148247974,0.19811320754716982,0.0,0.02886750555144341,0.288135593220339,21
3857291,2022,Costa Rica,Francisco Javier Calvo Quesada,18,16,34,11,10,0,,False,16,106,0.44166666666666665,16,1.0,0.8041666666666667,59,15,20,0.4095238095238095,15,1.0,0.7952380952380952,10,0.07277628032345013,0.18867924528301888,0.0,0.011102886750555242,0.1694915254237288,20
3857291,2022,Costa Rica,Óscar Esau Duarte Gaitán,18,18,36,12,7,1,,False,16,106,0.44166666666666665,16,1.0,0.8041666666666667,59,15,18,0.41904761904761906,15,1.0,0.7904761904761904,8,0.05121293800539078,0.16981132075471697,0.0,0.017024426350851298,0.13559322033898305,18
3857291,2022,Costa Rica,Anthony Daniel Contreras Enríquez,4,6,10,6,0,5,,False,16,106,0.44166666666666665,16,1.0,0.8041666666666667,59,15,9,0.46190476190476193,15,1.0,0.819047619047619,5,-0.0458221024258761,0.08490566037735849,0.0,-0.018504811250925172,0.0847457627118644,9
3857291,2022,Costa Rica,Keylor Navas Gamboa,13,7,20,10,7,0,,False,16,106,0.44166666666666665,16,1.0,0.8041666666666667,59,15,13,0.44285714285714284,15,1.0,0.8,7,-0.002695417789757403,0.12264150943396226,0.0,0.0051813471502590485,0.11864406779661017,13
3857291,2022,Costa Rica,Keysher Fuller Spence,10,12,22,9,4,6,,False,16,106,0.44166666666666665,16,1.0,0.8041666666666667,59,15,14,0.4380952380952381,15,1.0,0.8047619047619048,10,0.008086253369272208,0.1320754716981132,0.0,-0.000740192450037007,0.1694915254237288,14
3857291,2022,Costa Rica,Kendall Jamaal Waston Manley,11,8,19,9,3,3,,False,16,106,0.44166666666666665,16,1.0,0.8041666666666667,59,15,13,0.44285714285714284,15,1.0,0.8047619047619048,6,-0.002695417789757403,0.12264150943396226,0.0,-0.000740192450037007,0.1016949152542373,13
3857291,2022,Costa Rica,Bryan Ruiz González,8,10,18,9,0,7,,False,16,106,0.44166666666666665,16,1.0,0.8041666666666667,59,15,11,0.4523809523809524,15,1.0,0.8047619047619048,7,-0.024258760107816753,0.10377358490566038,0.0,-0.000740192450037007,0.11864406779661017,11
3857291,2022,Costa Rica,Álvaro José Zamora Mata,5,7,12,6,1,5,,False,16,106,0.44166666666666665,16,1.0,0.8041666666666667,59,15,8,0.4666666666666667,15,1.0,0.819047619047619,6,-0.05660377358490571,0.07547169811320754,0.0,-0.018504811250925172,0.1016949152542373,8
3857291,2022,Costa Rica,Brandon Aguilera Zamora,6,6,12,7,2,1,,False,16,106,0.44166666666666665,16,1.0,0.8041666666666667,59,15,9,0.46190476190476193,15,1.0,0.8142857142857143,3,-0.0458221024258761,0.08490566037735849,0.0,-0.012583271650629118,0.05084745762711865,9
3857291,2022,Costa Rica,Ronald Alberto Matarrita Ulate,9,9,18,8,3,0,,False,16,106,0.44166666666666665,16,1.0,0.8041666666666667,59,15,11,0.4523809523809524,15,1.0,0.8095238095238095,3,-0.024258760107816753,0.10377358490566038,0.0,-0.0066617320503330624,0.05084745762711865,11
3857292,2022,Germany,Thomas Müller,14,21,35,11,2,10,,False,16,146,0.6083333333333333,16,1.0,0.8666666666666667,205,15,17,0.6142857142857143,15,1.0,0.8666666666666667,12,-0.009784735812133221,0.11643835616438356,0.0,0.0,0.05853658536585366,17
3857292,2022,Germany,Antonio Rüdiger,80,67,147,14,32,4,,False,16,146,0.6083333333333333,16,1.0,0.8666666666666667,205,15,23,0.5857142857142857,15,1.0,0.8523809523809524,36,0.03718199608610555,0.15753424657534246,0.0,0.016483516483516553,0.17560975609756097,23
3857292,2022,Germany,Joshua Kimmich,117,109,226,15,35,37,,False,16,146,0.6083333333333333,16,1.0,0.8666666666666667,205,15,28,0.5619047619047619,15,1.0,0.846031746031746,72,0.07632093933463788,0.1917808219178082,0.0,0.023809523809523853,0.35121951219512193,28
3857292,2022,Germany,İlkay Gündoğan,71,68,139,11,23,12,,False,16,146,0.6083333333333333,16,1.0,0.8666666666666667,205,15,21,0.5952380952380952,15,1.0,0.8666666666666667,35,0.021526418786692685,0.14383561643835616,0.0,0.0,0.17073170731707318,21
3857292,2022,Germany,Manuel Neuer,29,18,47,10,26,0,,False,16,146,0.6083333333333333,16,1.0,0.8666666666666667,205,15,16,0.6190476190476191,15,1.0,0.8714285714285714,26,-0.01761252446183965,0.1095890410958904,0.0,-0.005494505494505475,0.12682926829268293,16
3857292,2022,Germany,Niklas Süle,97,90,187,14,44,12,,False,16,146,0.6083333333333333,16,1.0,0.8666666666666667,205,15,22,0.5904761904761905,15,1.0,0.8523809523809524,56,0.029354207436399115,0.1506849315068493,0.0,0.016483516483516553,0.2731707317073171,22
3857292,2022,Germany,David Raum,58,49,107,9,4,31,,False,16,146,0.6083333333333333,16,1.0,0.8666666666666667,205,15,17,0.6142857142857143,15,1.0,0.8761904761904762,35,-0.009784735812133221,0.11643835616438356,0.0,-0.01098901098901095,0.17073170731707318,17
3857292,2022,Germany,Jamal Musiala,39,60,99,14,7,24,,False,16,146,0.6083333333333333,16,1.0,0.8666666666666667,205,15,25,0.5761904761904761,15,1.0,0.8523809523809524,31,0.05283757338551859,0.17123287671232876,0.0,0.016483516483516553,0.15121951219512195,25
3857292,2022,Germany,Serge Gnabry,34,42,76,14,6,19,,False,16,146,0.6083333333333333,16,1.0,0.8666666666666667,205,15,20,0.6,15,1.0,0.8523809523809524,25,0.013698630136986254,0.136986301369863,0.0,0.016483516483516553,0.12195121951219512,20
3857292,2022,Germany,Leon Goretzka,20,23,43,8,2,8,,False,16,146,0.6083333333333333,16,1.0,0.8666666666666667,205,15,14,0.6285714285714286,15,1.0,0.8809523809523809,10,-0.033268101761252514,0.0958904109589041,0.0,-0.016483516483516425,0.04878048780487805,14
3857292,2022,Germany,Leroy Sané,41,48,89,12,7,19,,False,16,146,0.6083333333333333,16,1.0,0.8666666666666667,205,15,23,0.5857142857142857,15,1.0,0.861904761904762,26,0.03718199608610555,0.15753424657534246,0.0,0.005494505494505475,0.12682926829268293,23
3857292,2022,Germany,Lukas Klostermann,38,31,69,12,7,6,,False,16,146,0.6083333333333333,16,1.0,0.8666666666666667,205,15,19,0.6047619047619047,15,1.0,0.861904761904762,13,0.005870841487279823,0.13013698630136986,0.0,0.005494505494505475,0.06341463414634146,19
3857292,2022,Germany,Niclas Füllkrug,8,14,22,10,1,7,,False,16,146,0.6083333333333333,16,1.0,0.8666666666666667,205,15,15,0.6238095238095238,15,1.0,0.8714285714285714,8,-0.025440313111546084,0.10273972602739725,0.0,-0.005494505494505475,0.03902439024390244,15
3857292,2022,Germany,Mario Götze,11,11,22,9,4,7,,False,16,146,0.6083333333333333,16,1.0,0.8666666666666667,205,15,12,0.638095238095238,15,1.0,0.8761904761904762,11,-0.04892367906066537,0.0821917808219178,0.0,-0.01098901098901095,0.05365853658536585,12
3857292,2022,Germany,Kai Havertz,9,15,24,10,3,8,,False,16,146,0.6083333333333333,16,1.0,0.8666666666666667,205,15,16,0.6190476190476191,15,1.0,0.8714285714285714,11,-0.01761252446183965,0.1095890410958904,0.0,-0.005494505494505475,0.05365853658536585,16
3857292,2022,Germany,Matthias Ginter,3,3,6,3,2,1,,False,16,146,0.6083333333333333,16,1.0,0.8666666666666667,205,15,4,0.6761904761904762,15,1.0,0.9047619047619048,3,-0.11154598825831719,0.0273972602739726,0.0,-0.043956043956043925,0.014634146341463415,4
3857292,2022,Costa Rica,Keylor Navas Gamboa,21,9,30,9,13,0,,False,16,110,0.4583333333333333,16,1.0,0.7916666666666666,96,15,13,0.46190476190476193,15,1.0,0.7904761904761904,13,-0.007792207792207886,0.11818181818181818,0.0,0.0015037593984962353,0.13541666666666666,13
3857292,2022,Costa Rica,Celso Borges Mora,31,26,57,12,9,8,,False,16,110,0.4583333333333333,16,1.0,0.7916666666666666,96,15,19,0.43333333333333335,15,1.0,0.7761904761904762,17,0.05454545454545447,0.17272727272727273,0.0,0.01954887218045106,0.17708333333333334,19
3857292,2022,Costa Rica,Joel Nathaniel Campbell Samuels,50,69,119,15,12,34,,False,16,110,0.4583333333333333,16,1.0,0.7916666666666666,96,15,28,0.3904761904761905,15,1.0,0.7603174603174603,46,0.14805194805194802,0.2545454545454545,0.0,0.039598997493734335,0.4791666666666667,28
3857292,2022,Costa Rica,Juan Pablo Vargas Campos,22,16,38,11,11,1,,False,16,110,0.4583333333333333,16,1.0,0.7916666666666666,96,15,17,0.44285714285714284,15,1.0,0.780952380952381,12,0.03376623376623377,0.15454545454545454,0.0,0.013533834586466119,0.125,17
3857292,2022,Costa Rica,Óscar Esau Duarte Gaitán,12,16,28,10,3,0,,False,16,110,0.4583333333333333,16,1.0,0.7916666666666666,96,15,16,0.44761904761904764,15,1.0,0.7857142857142857,3,0.023376623376623294,0.14545454545454545,0.0,0.007518796992481177,0.03125,16
3857292,2022,Costa Rica,Kendall Jamaal Waston Manley,16,15,31,10,10,1,,False,16,110,0.4583333333333333,16,1.0,0.7916666666666666,96,15,15,0.4523809523809524,15,1.0,0.7857142857142857,11,0.012987012987012941,0.13636363636363635,0.0,0.007518796992481177,0.11458333333333333,15
3857292,2022,Costa Rica,Keysher Fuller Spence,15,17,32,8,3,8,,False,16,110,0.4583333333333333,16,1.0,0.7916666666666666,96,15,12,0.4666666666666667,15,1.0,0.7952380952380952,11,-0.01818181818181824,0.10909090909090909,0.0,-0.004511278195488706,0.11458333333333333,12
3857292,2022,Costa Rica,Johan Alberto Venegas Ulloa,11,13,24,7,1,8,,False,16,110,0.4583333333333333,16,1.0,0.7916666666666666,96,15,11,0.4714285714285714,15,1.0,0.8,9,-0.02857142857142859,0.1,0.0,-0.010526315789473788,0.09375,11
3857292,2022,Costa Rica,Brandon Aguilera Zamora,14,16,30,7,3,6,,False,16,110,0.4583333333333333,16,1.0,0.7916666666666666,96,15,12,0.4666666666666667,15,1.0,0.8,9,-0.01818181818181824,0.10909090909090909,0.0,-0.010526315789473788,0.09375,12
3857292,2022,Costa Rica,Yeltsin Ignacio Tejeda Valverde,24,28,52,12,11,6,,False,16,110,0.4583333333333333,16,1.0,0.7916666666666666,96,15,19,0.43333333333333335,15,1.0,0.7761904761904762,17,0.05454545454545447,0.17272727272727273,0.0,0.01954887218045106,0.17708333333333334,19
3857292,2022,Costa Rica,Bryan Oviedo,25,18,43,8,6,8,,False,16,110,0.4583333333333333,16,1.0,0.7916666666666666,96,15,13,0.46190476190476193,15,1.0,0.7952380952380952,14,-0.007792207792207886,0.11818181818181818,0.0,-0.004511278195488706,0.14583333333333334,13
3857292,2022,Costa Rica,Youstin Delfin Salas Gómez,15,6,21,6,9,0,,False,16,110,0.4583333333333333,16,1.0,0.7916666666666666,96,15,9,0.48095238095238096,15,1.0,0.8047619047619048,9,-0.04935064935064942,0.08181818181818182,0.0,-0.01654135338345873,0.09375,9
3857292,2022,Costa Rica,Ronald Alberto Matarrita Ulate,11,13,24,9,5,3,,False,16,110,0.4583333333333333,16,1.0,0.7916666666666666,96,15,15,0.4523809523809524,15,1.0,0.7904761904761904,8,0.012987012987012941,0.13636363636363635,0.0,0.0015037593984962353,0.08333333333333333,15
3857292,2022,Costa Rica,Jewison Bennette,6,11,17,6,0,9,,False,16,110,0.4583333333333333,16,1.0,0.7916666666666666,96,15,8,0.4857142857142857,15,1.0,0.8047619047619048,9,-0.059740259740259774,0.07272727272727272,0.0,-0.01654135338345873,0.09375,8
3857292,2022,Costa Rica,Roan Roberto Wilson Gordon,6,6,12,5,0,1,,False,16,110,0.4583333333333333,16,1.0,0.7916666666666666,96,15,7,0.49047619047619045,15,1.0,0.8095238095238095,1,-0.07012987012987013,0.06363636363636363,0.0,-0.02255639097744367,0.010416666666666666,7
3857292,2022,Costa Rica,Anthony Daniel Contreras Enríquez,5,5,10,5,0,3,,False,16,110,0.4583333333333333,16,1.0,0.7916666666666666,96,15,6,0.49523809523809526,15,1.0,0.8095238095238095,3,-0.0805194805194806,0.05454545454545454,0.0,-0.02255639097744367,0.03125,6
3857293,2022,Uruguay,Luis Alberto Suárez Díaz,14,21,35,9,2,8,,False,16,126,0.525,16,1.0,0.8291666666666667,114,15,15,0.5285714285714286,15,1.0,0.8333333333333334,10,-0.00680272108843535,0.11904761904761904,0.0,-0.005025125628140685,0.08771929824561403,15
3857293,2022,Uruguay,Federico Santiago Valverde Dipetta,63,62,125,15,25,10,,False,16,126,0.525,16,1.0,0.8291666666666667,114,15,28,0.4666666666666667,15,1.0,0.8047619047619048,35,0.11111111111111113,0.2222222222222222,0.0,0.02943287867910986,0.30701754385964913,28
3857293,2022,Uruguay,Mathías Olivera Miramontes,41,31,72,12,7,9,,False,16,126,0.525,16,1.0,0.8291666666666667,114,15,20,0.5047619047619047,15,1.0,0.819047619047619,16,0.038548752834467195,0.15873015873015872,0.0,0.012203876525484655,0.14035087719298245,20
3857293,2022,Uruguay,Giorgian Daniel De Arrascaeta Benedetti,14,28,42,12,2,14,,False,16,126,0.525,16,1.0,0.8291666666666667,114,15,18,0.5142857142857142,15,1.0,0.819047619047619,16,0.02040816326530626,0.14285714285714285,0.0,0.012203876525484655,0.14035087719298245,18
3857293,2022,Uruguay,Darwin Gabriel Núñez Ribeiro,12,19,31,9,1,16,,False,16,126,0.525,16,1.0,0.8291666666666667,114,15,14,0.5333333333333333,15,1.0,0.8333333333333334,17,-0.015873015873015817,0.1111111111111111,0.0,-0.005025125628140685,0.14912280701754385,14
3857293,2022,Uruguay,José María Giménez de Vargas,33,23,56,10,14,2,,False,16,126,0.525,16,1.0,0.8291666666666667,114,15,18,0.5142857142857142,15,1.0,0.8285714285714286,16,0.02040816326530626,0.14285714285714285,0.0,0.0007178750897343836,0.14035087719298245,18
3857293,2022,Uruguay,Guillermo Varela Olivera,36,41,77,12,13,18,,False,16,126,0.525,16,1.0,0.8291666666666667,114,15,18,0.5142857142857142,15,1.0,0.819047619047619,31,0.02040816326530626,0.14285714285714285,0.0,0.012203876525484655,0.2719298245614035,18
3857293,2022,Uruguay,Facundo Pellistri Rebollo,10,17,27,8,2,11,,False,16,126,0.525,16,1.0,0.8291666666666667,114,15,14,0.5333333333333333,15,1.0,0.8380952380952381,13,-0.015873015873015817,0.1111111111111111,0.0,-0.010768126346015754,0.11403508771929824,14
3857293,2022,Uruguay,Sergio Rochet Álvarez,19,9,28,9,13,0,,False,16,126,0.525,16,1.0,0.8291666666666667,114,15,13,0.5380952380952381,15,1.0,0.8333333333333334,13,-0.024943310657596283,0.10317460317460317,0.0,-0.005025125628140685,0.11403508771929824,13
3857293,2022,Uruguay,Sebastián Coates Nión,40,36,76,12,11,2,,False,16,126,0.525,16,1.0,0.8291666666666667,114,15,18,0.5142857142857142,15,1.0,0.819047619047619,13,0.02040816326530626,0.14285714285714285,0.0,0.012203876525484655,0.11403508771929824,18
3857293,2022,Uruguay,Rodrigo Bentancur Colmán,17,11,28,8,5,1,,False,16,126,0.525,16,1.0,0.8291666666666667,114,15,13,0.5380952380952381,15,1.0,0.8380952380952381,6,-0.024943310657596283,0.10317460317460317,0.0,-0.010768126346015754,0.05263157894736842,13
3857293,2022,Uruguay,Matías Vecino Falero,38,35,73,13,11,5,,False,16,126,0.525,16,1.0,0.8291666666666667,114,15,24,0.4857142857142857,15,1.0,0.8142857142857143,16,0.07482993197278916,0.19047619047619047,0.0,0.017946877243359725,0.14035087719298245,24
3857293,2022,Uruguay,Diego Nicolás De La Cruz Arcosa,10,10,20,8,4,4,,False,16,126,0.525,16,1.0,0.8291666666666667,114,15,11,0.5476190476190477,15,1.0,0.8380952380952381,8,-0.04308390022675743,0.0873015873015873,0.0,-0.010768126346015754,0.07017543859649122,11
3857293,2022,Uruguay,Edinson Roberto Cavani Gómez,10,11,21,10,2,9,,False,16,126,0.525,16,1.0,0.8291666666666667,114,15,13,0.5380952380952381,15,1.0,0.8285714285714286,11,-0.024943310657596283,0.10317460317460317,0.0,0.0007178750897343836,0.09649122807017543,13
3857293,2022,Uruguay,Agustín Canobbio Graviz,5,6,11,6,2,2,,False,16,126,0.525,16,1.0,0.8291666666666667,114,15,9,0.5571428571428572,15,1.0,0.8476190476190476,4,-0.06122448979591836,0.07142857142857142,0.0,-0.022254127781765894,0.03508771929824561,9
3857293,2022,Uruguay,Maximiliano Gómez González,2,4,6,5,0,3,,False,16,126,0.525,16,1.0,0.8291666666666667,114,15,6,0.5714285714285714,15,1.0,0.8523809523809524,3,-0.08843537414965975,0.047619047619047616,0.0,-0.02799712849964096,0.02631578947368421,6
3857293,2022,Ghana,André Ayew Pelé,6,11,17,8,1,9,,False,16,111,0.4625,16,1.0,0.7861111111111115,122,15,9,0.4857142857142857,15,1.0,0.790476190476191,10,-0.050193050193050134,0.08108108108108109,0.0,-0.005552751135790124,0.08196721311475409,9
3857293,2022,Ghana,Iñaki Williams Arthuer,10,11,21,10,1,9,,False,16,111,0.4625,16,1.0,0.7861111111111115,122,15,14,0.46190476190476193,15,1.0,0.7809523809523814,10,0.0012870012870012824,0.12612612612612611,0.0,0.006562342251388161,0.08196721311475409,14
3857293,2022,Ghana,Thomas Teye Partey,63,61,124,14,23,9,,False,16,111,0.4625,16,1.0,0.7861111111111115,122,15,25,0.4095238095238095,15,1.0,0.7587301587301591,32,0.11454311454311461,0.22522522522522523,0.0,0.0348308934881373,0.26229508196721313,25
3857293,2022,Ghana,Alidu Seidu,41,32,73,11,13,13,,False,16,111,0.4625,16,1.0,0.7861111111111115,122,15,17,0.44761904761904764,15,1.0,0.774603174603175,26,0.03217503217503218,0.15315315315315314,0.0,0.01463907117617373,0.21311475409836064,17
3857293,2022,Ghana,Daniel Amartey,47,40,87,12,18,1,,False,16,111,0.4625,16,1.0,0.7861111111111115,122,15,18,0.44285714285714284,15,1.0,0.7698412698412702,19,0.04247104247104256,0.16216216216216217,0.0,0.020696617869762804,0.1557377049180328,18
3857293,2022,Ghana,Mohamed Salisu,42,44,86,12,20,4,,False,16,111,0.4625,16,1.0,0.7861111111111115,122,15,19,0.4380952380952381,15,1.0,0.7698412698412702,24,0.05276705276705282,0.17117117117117117,0.0,0.020696617869762804,0.19672131147540983,19
3857293,2022,Ghana,Jordan Ayew,6,8,14,6,0,5,,False,16,111,0.4625,16,1.0,0.7861111111111115,122,15,10,0.48095238095238096,15,1.0,0.8000000000000005,5,-0.039897039897039875,0.09009009009009009,0.0,-0.017667844522968268,0.040983606557377046,10
3857293,2022,Ghana,Abdul Rahman Baba,43,34,77,10,13,17,,False,16,111,0.4625,16,1.0,0.7861111111111115,122,15,17,0.44761904761904764,15,1.0,0.7793650793650797,30,0.03217503217503218,0.15315315315315314,0.0,0.00858152448258466,0.2459016393442623,17
3857293,2022,Ghana,Salis Abdul Samed,46,48,94,11,10,4,,False,16,111,0.4625,16,1.0,0.7861111111111115,122,15,20,0.43333333333333335,15,1.0,0.774603174603175,14,0.06306306306306307,0.18018018018018017,0.0,0.01463907117617373,0.11475409836065574,20
3857293,2022,Ghana,Lawrence Ati-Zigi,19,8,27,8,14,0,,False,16,111,0.4625,16,1.0,0.7861111111111115,122,15,12,0.4714285714285714,14,0.9333333333333333,0.7333333333333333,14,-0.019305019305019235,0.10810810810810811,0.06666666666666665,0.06713780918727973,0.11475409836065574,12
3857293,2022,Ghana,Mohammed Kudus,27,37,64,13,6,19,,False,16,111,0.4625,16,1.0,0.7861111111111115,122,15,22,0.4238095238095238,15,1.0,0.7650793650793655,25,0.08365508365508371,0.1981981981981982,0.0,0.026754164563351873,0.20491803278688525,22
3857293,2022,Ghana,Osman Bukari,10,12,22,6,0,10,,False,16,111,0.4625,16,1.0,0.7861111111111115,122,15,10,0.48095238095238096,15,1.0,0.8000000000000004,10,-0.039897039897039875,0.09009009009009009,0.0,-0.017667844522968126,0.08196721311475409,10
3857293,2022,Ghana,Kamaldeen Sulemana,9,22,31,9,0,15,,False,16,111,0.4625,16,1.0,0.7861111111111115,122,15,13,0.4666666666666667,15,1.0,0.7857142857142861,15,-0.009009009009008976,0.11711711711711711,0.0,0.0005047955577990893,0.12295081967213115,13
3857293,2022,Ghana,Daniel-Kofi Kyereh,14,13,27,8,3,4,,False,16,111,0.4625,16,1.0,0.7861111111111115,122,15,12,0.4714285714285714,15,1.0,0.7904761904761909,7,-0.019305019305019235,0.10810810810810811,0.0,-0.005552751135789982,0.05737704918032787,12
3857293,2022,Ghana,Antoine Semenyo,1,2,3,3,0,2,,False,16,111,0.4625,16,1.0,0.7861111111111115,122,15,3,0.5142857142857142,15,1.0,0.8142857142857147,2,-0.1119691119691118,0.02702702702702703,0.0,-0.035840484603735484,0.01639344262295082,3
3857293,2022,Ghana,Abdul Fatawu Issahaku,0,1,1,1,0,1,,True,16,111,0.4625,16,1.0,0.7861111111111115,122,15,1,0.5238095238095238,15,1.0,0.8333333333333334,1,-0.13256113256113256,0.009009009009009009,0.0,-0.06007067137809134,0.00819672131147541,1
3857294,2022,Netherlands,Memphis Depay,27,39,66,9,2,24,,False,16,141,0.5875,16,1.0,0.8333333333333334,178,15,16,0.5952380952380952,15,1.0,0.8380952380952381,26,-0.013171225937183336,0.11347517730496454,0.0,-0.0057142857142856935,0.14606741573033707,16
3857294,2022,Netherlands,Frenkie de Jong,87,91,178,12,17,21,,False,16,141,0.5875,16,1.0,0.8333333333333334,178,15,23,0.5619047619047619,15,1.0,0.8238095238095238,38,0.043566362715298915,0.16312056737588654,0.0,0.01142857142857152,0.21348314606741572,23
3857294,2022,Netherlands,Marten de Roon,56,60,116,11,9,5,,False,16,141,0.5875,16,1.0,0.8333333333333334,178,15,20,0.5761904761904761,15,1.0,0.8285714285714286,14,0.019250253292806604,0.14184397163120568,0.0,0.0057142857142856935,0.07865168539325842,20
3857294,2022,Netherlands,Nathan Aké,97,89,186,13,32,5,,False,16,141,0.5875,16,1.0,0.8333333333333334,178,15,25,0.5523809523809524,15,1.0,0.819047619047619,37,0.05977710233029379,0.1773049645390071,0.0,0.017142857142857213,0.20786516853932585,25
3857294,2022,Netherlands,Daley Blind,102,96,198,13,19,27,,False,16,141,0.5875,16,1.0,0.8333333333333334,178,15,24,0.5571428571428572,15,1.0,0.819047619047619,46,0.05167173252279635,0.1702127659574468,0.0,0.017142857142857213,0.25842696629213485,24
3857294,2022,Netherlands,Virgil van Dijk,80,72,152,12,36,3,,False,16,141,0.5875,16,1.0,0.8333333333333334,178,15,21,0.5714285714285714,15,1.0,0.8238095238095238,39,0.027355623100304042,0.14893617021276595,0.0,0.01142857142857152,0.21910112359550563,21
3857294,2022,Netherlands,Jurriën David Norman Timber,107,100,207,14,21,21,,False,16,141,0.5875,16,1.0,0.8333333333333334,178,15,26,0.5476190476190477,15,1.0,0.8142857142857143,42,0.06788247213779124,0.18439716312056736,0.0,0.02285714285714291,0.23595505617977527,26
3857294,2022,Netherlands,Davy Klaassen,27,32,59,9,2,10,,False,16,141,0.5875,16,1.0,0.8333333333333334,178,15,18,0.5857142857142857,15,1.0,0.8380952380952381,12,0.0030395136778115393,0.1276595744680851,0.0,-0.0057142857142856935,0.06741573033707865,18
3857294,2022,Netherlands,Cody Mathès Gakpo,29,42,71,9,1,17,,False,16,141,0.5875,16,1.0,0.8333333333333334,178,15,18,0.5857142857142857,15,1.0,0.8380952380952381,18,0.0030395136778115393,0.1276595744680851,0.0,-0.0057142857142856935,0.10112359550561797,18
3857294,2022,Netherlands,Denzel Dumfries,48,47,95,11,9,30,,False,16,141,0.5875,16,1.0,0.8333333333333334,178,15,20,0.5761904761904761,15,1.0,0.8285714285714286,39,0.019250253292806604,0.14184397163120568,0.0,0.0057142857142856935,0.21910112359550563,20
3857294,2022,Netherlands,Andries Noppert,27,11,38,9,22,0,,False,16,141,0.5875,16,1.0,0.8333333333333334,178,15,14,0.6047619047619047,15,1.0,0.8380952380952381,22,-0.029381965552178212,0.09929078014184398,0.0,-0.0057142857142856935,0.12359550561797752,14
3857294,2022,Netherlands,Steven Berghuis,28,32,60,12,3,2,,False,16,141,0.5875,16,1.0,0.8333333333333334,178,15,21,0.5714285714285714,15,1.0,0.8238095238095238,5,0.027355623100304042,0.14893617021276595,0.0,0.01142857142857152,0.028089887640449437,21
3857294,2022,Netherlands,Vincent Janssen,7,10,17,8,0,4,,False,16,141,0.5875,16,1.0,0.8333333333333334,178,15,11,0.6190476190476191,15,1.0,0.8428571428571429,4,-0.05369807497467072,0.07801418439716312,0.0,-0.011428571428571387,0.02247191011235955,11
3857294,2022,Netherlands,Teun Koopmeiners,14,15,29,7,4,2,,False,16,141,0.5875,16,1.0,0.8333333333333334,178,15,11,0.6190476190476191,15,1.0,0.8476190476190476,6,-0.05369807497467072,0.07801418439716312,0.0,-0.01714285714285708,0.033707865168539325,11
3857294,2022,Netherlands,Kenneth Taylor,9,8,17,7,1,5,,False,16,141,0.5875,16,1.0,0.8333333333333334,178,15,10,0.6238095238095238,15,1.0,0.8476190476190476,6,-0.061803444782168156,0.07092198581560284,0.0,-0.01714285714285708,0.033707865168539325,10
3857294,2022,Netherlands,Wout Weghorst,2,3,5,4,0,2,,False,16,141,0.5875,16,1.0,0.8333333333333334,178,15,4,0.6523809523809524,15,1.0,0.861904761904762,2,-0.11043566362715297,0.028368794326241134,0.0,-0.034285714285714294,0.011235955056179775,4
3857294,2022,Qatar,Meshaal Aissa Barsham,17,15,32,9,4,0,,False,16,124,0.5166666666666667,16,1.0,0.7944444444444447,86,15,13,0.5285714285714286,15,1.0,0.7952380952380955,4,-0.023041474654377794,0.10483870967741936,0.0,-0.000999000999000995,0.046511627906976744,13
3857294,2022,Qatar,Boualem Khoukhi,44,46,90,13,15,3,,False,16,124,0.5166666666666667,16,1.0,0.7944444444444447,86,15,24,0.47619047619047616,15,1.0,0.774603174603175,18,0.07834101382488494,0.1935483870967742,0.0,0.02497502497502488,0.20930232558139536,24
3857294,2022,Qatar,Pedro Miguel Correia,34,37,71,13,10,4,,False,16,124,0.5166666666666667,16,1.0,0.7944444444444447,86,15,21,0.49047619047619045,14,0.9333333333333333,0.7111111111111112,14,0.05069124423963147,0.1693548387096774,0.06666666666666665,0.10489510489510505,0.16279069767441862,21
3857294,2022,Qatar,Abdelkarim Hassan Al Haj Fadlalla,34,36,70,12,10,7,,False,16,124,0.5166666666666667,16,1.0,0.7944444444444447,86,15,21,0.49047619047619045,15,1.0,0.7793650793650797,17,0.05069124423963147,0.1693548387096774,0.0,0.018981018981018907,0.19767441860465115,21
3857294,2022,Qatar,Ismaeel Mohammad Mohammad,25,25,50,8,0,11,,False,16,124,0.5166666666666667,16,1.0,0.7944444444444447,86,15,16,0.5142857142857142,15,1.0,0.8000000000000003,11,0.004608294930875774,0.12903225806451613,0.0,-0.006993006993006965,0.12790697674418605,16
3857294,2022,Qatar,Hassan Khalid Al Heidos,20,21,41,9,7,3,,False,16,124,0.5166666666666667,16,1.0,0.7944444444444447,86,15,14,0.5238095238095238,15,1.0,0.7952380952380955,10,-0.013824884792626677,0.11290322580645161,0.0,-0.000999000999000995,0.11627906976744186,14
3857294,2022,Qatar,Assim Omer Al Haj Madibo,24,17,41,9,3,0,,False,16,124,0.5166666666666667,16,1.0,0.7944444444444447,86,15,15,0.5190476190476191,15,1.0,0.7952380952380955,3,-0.0046082949308755596,0.12096774193548387,0.0,-0.000999000999000995,0.03488372093023256,15
3857294,2022,Qatar,Akram Hassan Afif,68,68,136,13,14,22,,False,16,124,0.5166666666666667,16,1.0,0.7944444444444447,86,15,26,0.4666666666666667,15,1.0,0.774603174603175,36,0.09677419354838718,0.20967741935483872,0.0,0.02497502497502488,0.4186046511627907,26
3857294,2022,Qatar,Homam Alamin Ahmed,24,21,45,12,5,7,,False,16,124,0.5166666666666667,16,1.0,0.7944444444444447,86,15,17,0.5095238095238095,15,1.0,0.7793650793650797,12,0.013824884792626892,0.13709677419354838,0.0,0.018981018981018907,0.13953488372093023,17
3857294,2022,Qatar,Abdulaziz Hatem Mohammed Abdullah,35,38,73,11,7,10,,False,16,124,0.5166666666666667,16,1.0,0.7944444444444447,86,15,18,0.5047619047619047,15,1.0,0.7841269841269844,17,0.02304147465437801,0.14516129032258066,0.0,0.012987012987012936,0.19767441860465115,18
3857294,2022,Qatar,Almoez Ali Zainalabiddin Abdulla,13,13,26,8,1,2,,False,16,124,0.5166666666666667,16,1.0,0.7944444444444447,86,15,14,0.5238095238095238,15,1.0,0.8000000000000003,3,-0.013824884792626677,0.11290322580645161,0.0,-0.006993006993006965,0.03488372093023256,14
3857294,2022,Qatar,Karim Boudiaf,21,19,40,9,8,1,,False,16,124,0.5166666666666667,16,1.0,0.7944444444444447,86,15,17,0.5095238095238095,14,0.9333333333333333,0.7365079365079366,9,0.013824884792626892,0.13709677419354838,0.06666666666666665,0.0729270729270732,0.10465116279069768,17
3857294,2022,Qatar,Mohammed Muntari,12,14,26,10,1,7,,False,16,124,0.5166666666666667,16,1.0,0.7944444444444447,86,15,15,0.5190476190476191,15,1.0,0.7888888888888892,8,-0.0046082949308755596,0.12096774193548387,0.0,0.006993006993006965,0.09302325581395349,15
3857294,2022,Qatar,Ali Assadalla Thaimn Qambar,22,22,44,8,1,5,,False,16,124,0.5166666666666667,16,1.0,0.7944444444444447,86,15,14,0.5238095238095238,15,1.0,0.8000000000000003,6,-0.013824884792626677,0.11290322580645161,0.0,-0.006993006993006965,0.06976744186046512,14
3857294,2022,Qatar,Mosaab Khoder Jibril,3,3,6,1,0,3,,False,16,124,0.5166666666666667,16,1.0,0.7944444444444447,86,15,2,0.580952380952381,15,1.0,0.8349206349206351,3,-0.12442396313364053,0.016129032258064516,0.0,-0.05094905094905075,0.03488372093023256,2
3857294,2022,Qatar,Ahmed Alaa Eldin Abdelmotaal,0,1,1,1,0,1,,True,16,124,0.5166666666666667,16,1.0,0.7944444444444447,86,15,1,0.5857142857142857,15,1.0,0.8412698412698414,1,-0.13364055299539165,0.008064516129032258,0.0,-0.05894105894105871,0.011627906976744186,1
3857295,2022,Costa Rica,Joel Nathaniel Campbell Samuels,38,45,83,10,7,21,,False,14,98,0.5384615384615384,14,1.0,0.8241758241758241,85,13,19,0.5064102564102564,13,1.0,0.8141025641025641,28,0.05952380952380952,0.19387755102040816,0.0,0.01222222222222218,0.32941176470588235,19
3857295,2022,Costa Rica,Francisco Javier Calvo Quesada,67,59,126,12,23,3,,False,14,98,0.5384615384615384,14,1.0,0.8241758241758241,85,13,20,0.5,13,1.0,0.7884615384615382,26,0.07142857142857138,0.20408163265306123,0.0,0.043333333333333585,0.3058823529411765,20
3857295,2022,Costa Rica,Óscar Esau Duarte Gaitán,38,36,74,10,10,0,,False,14,98,0.5384615384615384,14,1.0,0.8241758241758241,85,13,18,0.5128205128205128,13,1.0,0.8141025641025641,10,0.04761904761904766,0.1836734693877551,0.0,0.01222222222222218,0.11764705882352941,18
3857295,2022,Costa Rica,Kendall Jamaal Waston Manley,38,38,76,10,7,2,,False,14,98,0.5384615384615384,14,1.0,0.8241758241758241,85,13,16,0.5256410256410257,13,1.0,0.8141025641025641,9,0.023809523809523725,0.16326530612244897,0.0,0.01222222222222218,0.10588235294117647,16
3857295,2022,Costa Rica,Keylor Navas Gamboa,21,17,38,8,7,0,,False,14,98,0.5384615384615384,14,1.0,0.8241758241758241,85,13,11,0.5576923076923077,13,1.0,0.8269230769230769,7,-0.035714285714285796,0.11224489795918367,0.0,-0.003333333333333322,0.08235294117647059,11
3857295,2022,Costa Rica,Bryan Oviedo,31,30,61,9,6,13,,False,14,98,0.5384615384615384,14,1.0,0.8241758241758241,85,13,14,0.5384615384615384,13,1.0,0.8205128205128205,19,0.0,0.14285714285714285,0.0,0.004444444444444429,0.2235294117647059,14
3857295,2022,Costa Rica,Celso Borges Mora,47,45,92,10,15,5,,False,14,98,0.5384615384615384,14,1.0,0.8241758241758241,85,13,19,0.5064102564102564,13,1.0,0.8141025641025641,20,0.05952380952380952,0.19387755102040816,0.0,0.01222222222222218,0.23529411764705882,19
3857295,2022,Costa Rica,Yeltsin Ignacio Tejeda Valverde,43,42,85,12,7,9,,False,14,98,0.5384615384615384,14,1.0,0.8241758241758241,85,13,21,0.4935897435897436,13,1.0,0.7991452991452991,16,0.08333333333333325,0.21428571428571427,0.0,0.030370370370370398,0.18823529411764706,21
3857295,2022,Costa Rica,Anthony Daniel Contreras Enríquez,8,11,19,8,0,10,,False,14,98,0.5384615384615384,14,1.0,0.8241758241758241,85,13,12,0.5512820512820513,13,1.0,0.8269230769230769,10,-0.023809523809523933,0.12244897959183673,0.0,-0.003333333333333322,0.11764705882352941,12
3857295,2022,Costa Rica,Gerson Torres Barrantes,17,19,36,8,0,7,,False,14,98,0.5384615384615384,14,1.0,0.8241758241758241,85,13,13,0.5448717948717948,13,1.0,0.8269230769230769,7,-0.011904761904761862,0.1326530612244898,0.0,-0.003333333333333322,0.08235294117647059,13
3857295,2022,Costa Rica,Keysher Fuller Spence,18,19,37,10,3,8,,False,14,98,0.5384615384615384,14,1.0,0.8241758241758241,85,13,17,0.5192307692307693,13,1.0,0.8141025641025641,11,0.03571428571428559,0.17346938775510204,0.0,0.01222222222222218,0.12941176470588237,17
3857295,2022,Costa Rica,Brandon Aguilera Zamora,5,9,14,6,0,5,,False,14,98,0.5384615384615384,14,1.0,0.8241758241758241,85,13,10,0.5641025641025641,13,1.0,0.8397435897435898,5,-0.04761904761904766,0.10204081632653061,0.0,-0.01888888888888896,0.058823529411764705,10
3857295,2022,Costa Rica,Jewison Bennette,2,3,5,3,0,1,,False,14,98,0.5384615384615384,14,1.0,0.8241758241758241,85,13,4,0.6025641025641025,13,1.0,0.8589743589743589,1,-0.11904761904761904,0.04081632653061224,0.0,-0.04222222222222221,0.011764705882352941,4
3857295,2022,Costa Rica,Daniel Alonso Chacón Salas,1,1,2,2,0,1,,True,14,98,0.5384615384615384,14,1.0,0.8241758241758241,85,13,2,0.6153846153846154,13,1.0,0.8653846153846154,1,-0.142857142857143,0.02040816326530612,0.0,-0.05000000000000009,0.011764705882352941,2
3857295,2022,Japan,Hidemasa Morita,59,61,120,15,18,11,,False,16,117,0.4875,16,1.0,0.8166666666666667,137,15,24,0.44285714285714284,15,1.0,0.7904761904761904,29,0.0915750915750916,0.20512820512820512,0.0,0.03206997084548107,0.2116788321167883,24
3857295,2022,Japan,Ayase Ueda,7,16,23,9,1,15,,False,16,117,0.4875,16,1.0,0.8166666666666667,137,15,11,0.5047619047619047,15,1.0,0.819047619047619,16,-0.0354090354090354,0.09401709401709402,0.0,-0.0029154518950437213,0.11678832116788321,11
3857295,2022,Japan,Yuki Soma,13,14,27,11,3,10,,False,16,117,0.4875,16,1.0,0.8166666666666667,137,15,16,0.48095238095238096,15,1.0,0.8095238095238095,13,0.013431013431013383,0.13675213675213677,0.0,0.008746355685131164,0.0948905109489051,16
3857295,2022,Japan,Yuto Nagatomo,41,34,75,7,17,6,,False,16,117,0.4875,16,1.0,0.8166666666666667,137,15,11,0.5047619047619047,15,1.0,0.8285714285714286,23,-0.0354090354090354,0.09401709401709402,0.0,-0.014577259475218743,0.1678832116788321,11
3857295,2022,Japan,Daichi Kamada,26,37,63,13,3,20,,False,16,117,0.4875,16,1.0,0.8166666666666667,137,15,20,0.46190476190476193,15,1.0,0.8,23,0.052503052503052434,0.17094017094017094,0.0,0.02040816326530605,0.1678832116788321,20
3857295,2022,Japan,Wataru Endo,72,77,149,15,14,17,,False,16,117,0.4875,16,1.0,0.8166666666666667,137,15,27,0.42857142857142855,15,1.0,0.7904761904761904,31,0.12087912087912091,0.23076923076923078,0.0,0.03206997084548107,0.22627737226277372,27
3857295,2022,Japan,Ritsu Doan,10,13,23,7,1,3,,False,16,117,0.4875,16,1.0,0.8166666666666667,137,15,10,0.5095238095238095,15,1.0,0.8285714285714286,4,-0.045177045177045135,0.08547008547008547,0.0,-0.014577259475218743,0.029197080291970802,10
3857295,2022,Japan,Shūichi Gonda,19,11,30,7,10,0,,False,16,117,0.4875,16,1.0,0.8166666666666667,137,15,11,0.5047619047619047,15,1.0,0.8285714285714286,10,-0.0354090354090354,0.09401709401709402,0.0,-0.014577259475218743,0.072992700729927,11
3857295,2022,Japan,Maya Yoshida,112,104,216,11,39,2,,False,16,117,0.4875,16,1.0,0.8166666666666667,137,15,20,0.46190476190476193,15,1.0,0.8095238095238095,41,0.052503052503052434,0.17094017094017094,0.0,0.008746355685131164,0.29927007299270075,20
3857295,2022,Japan,Miki Yamane,25,13,38,9,5,7,,False,16,117,0.4875,16,1.0,0.8166666666666667,137,15,15,0.4857142857142857,15,1.0,0.819047619047619,12,0.00366300366300365,0.1282051282051282,0.0,-0.0029154518950437213,0.08759124087591241,15
3857295,2022,Japan,Ko Itakura,64,62,126,13,15,7,,False,16,117,0.4875,16,1.0,0.8166666666666667,137,15,20,0.46190476190476193,15,1.0,0.8,22,0.052503052503052434,0.17094017094017094,0.0,0.02040816326530605,0.16058394160583941,20
3857295,2022,Japan,Hiroki Ito,58,50,108,10,11,19,,False,16,117,0.4875,16,1.0,0.8166666666666667,137,15,17,0.47619047619047616,15,1.0,0.8142857142857143,30,0.02319902319902323,0.1452991452991453,0.0,0.0029154518950437213,0.21897810218978103,17
3857295,2022,Japan,Takuma Asano,5,8,13,8,0,4,,False,16,117,0.4875,16,1.0,0.8166666666666667,137,15,11,0.5047619047619047,15,1.0,0.8238095238095238,4,-0.0354090354090354,0.09401709401709402,0.0,-0.008746355685131164,0.029197080291970802,11
3857295,2022,Japan,Kaoru Mitoma,11,14,25,5,0,9,,False,16,117,0.4875,16,1.0,0.8166666666666667,137,15,9,0.5142857142857142,15,1.0,0.8380952380952381,9,-0.05494505494505487,0.07692307692307693,0.0,-0.02623906705539363,0.06569343065693431,9
3857295,2022,Japan,Junya Ito,2,8,10,7,0,5,,False,16,117,0.4875,16,1.0,0.8166666666666667,137,15,7,0.5238095238095238,15,1.0,0.8285714285714286,5,-0.07448107448107456,0.05982905982905983,0.0,-0.014577259475218743,0.0364963503649635,7
3857295,2022,Japan,Takumi Minamino,3,5,8,5,0,2,,False,16,117,0.4875,16,1.0,0.8166666666666667,137,15,5,0.5333333333333333,15,1.0,0.8380952380952381,2,-0.09401709401709403,0.042735042735042736,0.0,-0.02623906705539363,0.014598540145985401,5
3857296,2022,Croatia,Mateo Kovačić,59,62,121,10,6,17,,False,14,108,0.5934065934065934,14,1.0,0.8498168498168499,147,13,20,0.5641025641025641,13,1.0,0.8440170940170939,23,0.04938271604938273,0.18518518518518517,0.0,0.006824712643678397,0.1564625850340136,20
3857296,2022,Croatia,Marcelo Brozović,79,72,151,12,21,9,,False,14,108,0.5934065934065934,14,1.0,0.8498168498168499,147,13,22,0.5512820512820513,13,1.0,0.8247863247863247,30,0.0709876543209876,0.2037037037037037,0.0,0.029454022988505902,0.20408163265306123,22
3857296,2022,Croatia,Luka Modrić,45,48,93,12,16,12,,False,14,108,0.5934065934065934,14,1.0,0.8498168498168499,147,13,21,0.5576923076923077,13,1.0,0.8311965811965811,28,0.06018518518518516,0.19444444444444445,0.0,0.021910919540230066,0.19047619047619047,21
3857296,2022,Croatia,Ivan Perišić,33,43,76,10,4,25,,False,14,108,0.5934065934065934,14,1.0,0.8498168498168499,147,13,17,0.5833333333333334,13,1.0,0.8440170940170939,29,0.01697530864197525,0.1574074074074074,0.0,0.006824712643678397,0.19727891156462585,17
3857296,2022,Croatia,Josip Juranović,42,41,83,12,17,18,,False,14,108,0.5934065934065934,14,1.0,0.8498168498168499,147,13,19,0.5705128205128205,13,1.0,0.8311965811965811,35,0.0385802469135803,0.17592592592592593,0.0,0.021910919540230066,0.23809523809523808,19
3857296,2022,Croatia,Dejan Lovren,40,41,81,10,18,0,,False,14,108,0.5934065934065934,14,1.0,0.8498168498168499,147,13,16,0.5897435897435898,13,1.0,0.8440170940170939,18,0.0061728395061728175,0.14814814814814814,0.0,0.006824712643678397,0.12244897959183673,16
3857296,2022,Croatia,Dominik Livaković,28,16,44,9,10,0,,False,14,108,0.5934065934065934,14,1.0,0.8498168498168499,147,13,13,0.6089743589743589,13,1.0,0.8504273504273504,10,-0.026234567901234476,0.12037037037037036,0.0,-0.0007183908045975679,0.06802721088435375,13
3857296,2022,Croatia,Borna Sosa,74,71,145,10,23,30,,False,14,108,0.5934065934065934,14,1.0,0.8498168498168499,147,13,18,0.5769230769230769,13,1.0,0.8440170940170939,53,0.027777777777777866,0.16666666666666666,0.0,0.006824712643678397,0.36054421768707484,18
3857296,2022,Croatia,Marko Livaja,9,15,24,8,2,10,,False,14,108,0.5934065934065934,14,1.0,0.8498168498168499,147,13,13,0.6089743589743589,13,1.0,0.8568376068376068,12,-0.026234567901234476,0.12037037037037036,0.0,-0.008261494252873402,0.08163265306122448,13
3857296,2022,Croatia,Andrej Kramarić,29,31,60,8,3,11,,False,14,108,0.5934065934065934,14,1.0,0.8498168498168499,147,13,15,0.5961538461538461,13,1.0,0.8568376068376068,14,-0.004629629629629613,0.1388888888888889,0.0,-0.008261494252873402,0.09523809523809523,15
3857296,2022,Croatia,Joško Gvardiol,59,47,106,11,25,0,,False,14,108,0.5934065934065934,14,1.0,0.8498168498168499,147,13,17,0.5833333333333334,13,1.0,0.8376068376068375,25,0.01697530864197525,0.1574074074074074,0.0,0.014367816091954231,0.17006802721088435,17
3857296,2022,Croatia,Bruno Petković,12,21,33,10,1,11,,False,14,108,0.5934065934065934,14,1.0,0.8498168498168499,147,13,17,0.5833333333333334,13,1.0,0.8440170940170939,12,0.01697530864197525,0.1574074074074074,0.0,0.006824712643678397,0.08163265306122448,17
3857296,2022,Croatia,Mario Pašalić,4,4,8,4,1,3,,False,14,108,0.5934065934065934,14,1.0,0.8498168498168499,147,13,6,0.6538461538461539,13,1.0,0.8846153846153846,4,-0.10185185185185186,0.05555555555555555,0.0,-0.04094827586206882,0.027210884353741496,6
3857296,2022,Croatia,Lovro Majer,1,2,3,2,0,1,,False,14,108,0.5934065934065934,14,1.0,0.8498168498168499,147,13,2,0.6794871794871795,13,1.0,0.8974358974358975,1,-0.14506172839506176,0.018518518518518517,0.0,-0.056034482758620614,0.006802721088435374,2
3857296,2022,Belgium,Yannick Ferreira Carrasco,26,32,58,10,2,23,,False,16,140,0.5833333333333334,16,1.0,0.8569444444444445,138,15,16,0.5904761904761905,15,1.0,0.8603174603174604,25,-0.01224489795918363,0.11428571428571428,0.0,-0.0039360963185922524,0.18115942028985507,16
3857296,2022,Belgium,Dries Mertens,13,18,31,9,3,8,,False,16,140,0.5833333333333334,16,1.0,0.8569444444444445,138,15,14,0.6,15,1.0,0.8650793650793651,11,-0.028571428571428466,0.1,0.0,-0.009492938180134256,0.07971014492753623,14
3857296,2022,Belgium,Timothy Castagne,77,68,145,13,24,8,,False,16,140,0.5833333333333334,16,1.0,0.8569444444444445,138,15,24,0.5523809523809524,15,1.0,0.8460317460317461,32,0.053061224489795916,0.17142857142857143,0.0,0.012734429266033758,0.2318840579710145,24
3857296,2022,Belgium,Axel Witsel,47,44,91,14,6,10,,False,16,140,0.5833333333333334,16,1.0,0.8569444444444445,138,15,24,0.5523809523809524,15,1.0,0.8412698412698414,16,0.053061224489795916,0.17142857142857143,0.0,0.01829127112757576,0.11594202898550725,24
3857296,2022,Belgium,Leandro Trossard,22,31,53,11,4,18,,False,16,140,0.5833333333333334,16,1.0,0.8569444444444445,138,15,19,0.5761904761904761,15,1.0,0.8555555555555556,22,0.01224489795918382,0.1357142857142857,0.0,0.001620745542949751,0.15942028985507245,19
3857296,2022,Belgium,Thomas Meunier,53,57,110,14,9,31,,False,16,140,0.5833333333333334,16,1.0,0.8569444444444445,138,15,25,0.5476190476190477,15,1.0,0.8412698412698414,40,0.06122448979591834,0.17857142857142858,0.0,0.01829127112757576,0.2898550724637681,25
3857296,2022,Belgium,Kevin De Bruyne,26,31,57,14,8,10,,False,16,140,0.5833333333333334,16,1.0,0.8569444444444445,138,15,24,0.5523809523809524,15,1.0,0.8412698412698414,18,0.053061224489795916,0.17142857142857143,0.0,0.01829127112757576,0.13043478260869565,24
3857296,2022,Belgium,Toby Alderweireld,81,81,162,14,28,5,,False,16,140,0.5833333333333334,16,1.0,0.8569444444444445,138,15,23,0.5571428571428572,15,1.0,0.8412698412698414,33,0.044897959183673494,0.16428571428571428,0.0,0.01829127112757576,0.2391304347826087,23
3857296,2022,Belgium,Thibaut Courtois,33,21,54,12,14,0,,False,16,140,0.5833333333333334,16,1.0,0.8569444444444445,138,15,16,0.5904761904761905,15,1.0,0.8507936507936509,14,-0.01224489795918363,0.11428571428571428,0.0,0.007177587404491754,0.10144927536231885,16
3857296,2022,Belgium,Jan Vertonghen,85,75,160,13,22,3,,False,16,140,0.5833333333333334,16,1.0,0.8569444444444445,138,15,21,0.5666666666666667,15,1.0,0.8460317460317461,25,0.028571428571428657,0.15,0.0,0.012734429266033758,0.18115942028985507,21
3857296,2022,Belgium,Leander Dendoncker,44,42,86,9,13,5,,False,16,140,0.5833333333333334,16,1.0,0.8569444444444445,138,15,17,0.5857142857142857,15,1.0,0.8650793650793651,18,-0.00408163265306121,0.12142857142857143,0.0,-0.009492938180134256,0.13043478260869565,17
3857296,2022,Belgium,Romelu Lukaku Menama,6,9,15,7,0,4,,False,16,140,0.5833333333333334,16,1.0,0.8569444444444445,138,15,11,0.6142857142857143,15,1.0,0.8761904761904762,4,-0.053061224489795916,0.07857142857142857,0.0,-0.022458902523732265,0.028985507246376812,11
3857296,2022,Belgium,Thorgan Hazard,11,10,21,11,3,2,,False,16,140,0.5833333333333334,16,1.0,0.8569444444444445,138,15,15,0.5952380952380952,15,1.0,0.8555555555555556,5,-0.020408163265306048,0.10714285714285714,0.0,0.001620745542949751,0.036231884057971016,15
3857296,2022,Belgium,Youri Tielemans,10,8,18,8,2,0,,False,16,140,0.5833333333333334,16,1.0,0.8569444444444445,138,15,13,0.6047619047619047,15,1.0,0.86984126984127,2,-0.036734693877550885,0.09285714285714286,0.0,-0.015049780041676388,0.014492753623188406,13
3857296,2022,Belgium,Jeremy Doku,8,14,22,10,0,10,,False,16,140,0.5833333333333334,16,1.0,0.8569444444444445,138,15,15,0.5952380952380952,15,1.0,0.8603174603174604,10,-0.020408163265306048,0.10714285714285714,0.0,-0.0039360963185922524,0.07246376811594203,15
3857296,2022,Belgium,Eden Hazard,1,2,3,3,0,1,,False,16,140,0.5833333333333334,16,1.0,0.8569444444444445,138,15,3,0.6523809523809524,15,1.0,0.8952380952380953,1,-0.11836734693877546,0.02142857142857143,0.0,-0.04468626996990041,0.007246376811594203,3
3857297,2022,Poland,Piotr Zieliński,16,18,34,8,4,5,,False,13,101,0.6474358974358975,13,1.0,0.8846153846153846,77,12,15,0.6515151515151515,12,1.0,0.8939393939393939,9,-0.0063006300630062155,0.1485148514851485,0.0,-0.010540184453227951,0.11688311688311688,15
3857297,2022,Poland,Jakub Piotr Kiwior,30,30,60,10,7,3,,False,13,101,0.6474358974358975,13,1.0,0.8846153846153846,77,12,15,0.6515151515151515,12,1.0,0.8787878787878788,10,-0.0063006300630062155,0.1485148514851485,0.0,0.006587615283267422,0.12987012987012986,15
3857297,2022,Poland,Matty Cash,29,29,58,10,8,8,,False,13,101,0.6474358974358975,13,1.0,0.8846153846153846,77,12,18,0.6287878787878788,12,1.0,0.8787878787878788,16,0.028802880288028854,0.1782178217821782,0.0,0.006587615283267422,0.2077922077922078,18
3857297,2022,Poland,Przemysław Frankowski,20,22,42,11,7,8,,False,13,101,0.6474358974358975,13,1.0,0.8846153846153846,77,12,19,0.6212121212121212,12,1.0,0.8712121212121212,15,0.04050405040504054,0.18811881188118812,0.0,0.01515151515151511,0.19480519480519481,19
3857297,2022,Poland,Robert Lewandowski,16,31,47,12,4,19,,False,13,101,0.6474358974358975,13,1.0,0.8846153846153846,77,12,20,0.6136363636363636,12,1.0,0.8636363636363636,23,0.05220522052205224,0.19801980198019803,0.0,0.023715415019762796,0.2987012987012987,20
3857297,2022,Poland,Krystian Bielik,28,19,47,12,5,4,,False,13,101,0.6474358974358975,13,1.0,0.8846153846153846,77,12,21,0.6060606060606061,12,1.0,0.8636363636363636,9,0.06390639063906392,0.2079207920792079,0.0,0.023715415019762796,0.11688311688311688,21
3857297,2022,Poland,Wojciech Szczęsny,26,17,43,9,17,0,,False,13,101,0.6474358974358975,13,1.0,0.8846153846153846,77,12,15,0.6515151515151515,12,1.0,0.8863636363636364,17,-0.0063006300630062155,0.1485148514851485,0.0,-0.0019762845849802643,0.22077922077922077,15
3857297,2022,Poland,Bartosz Bereszyński,22,19,41,9,7,7,,False,13,101,0.6474358974358975,13,1.0,0.8846153846153846,77,12,17,0.6363636363636364,12,1.0,0.8863636363636364,14,0.017101710171017165,0.16831683168316833,0.0,-0.0019762845849802643,0.18181818181818182,17
3857297,2022,Poland,Kamil Glik,27,20,47,7,6,0,,False,13,101,0.6474358974358975,13,1.0,0.8846153846153846,77,12,12,0.6742424242424242,12,1.0,0.9015151515151515,6,-0.041404140414041286,0.1188118811881188,0.0,-0.019104084321475638,0.07792207792207792,12
3857297,2022,Poland,Arkadiusz Milik,13,17,30,10,1,9,,False,13,101,0.6474358974358975,13,1.0,0.8846153846153846,77,12,15,0.6515151515151515,12,1.0,0.8787878787878788,10,-0.0063006300630062155,0.1485148514851485,0.0,0.006587615283267422,0.12987012987012986,15
3857297,2022,Poland,Grzegorz Krychowiak,20,18,38,10,8,3,,False,13,101,0.6474358974358975,13,1.0,0.8846153846153846,77,12,18,0.6287878787878788,12,1.0,0.8787878787878788,11,0.028802880288028854,0.1782178217821782,0.0,0.006587615283267422,0.14285714285714285,18
3857297,2022,Poland,Jakub Kamiński,10,11,21,6,3,7,,False,13,101,0.6474358974358975,13,1.0,0.8846153846153846,77,12,9,0.696969696969697,12,1.0,0.9090909090909091,10,-0.07650765076507653,0.0891089108910891,0.0,-0.027667984189723327,0.12987012987012986,9
3857297,2022,Poland,Krzysztof Piątek,2,8,10,6,0,4,,False,13,101,0.6474358974358975,13,1.0,0.8846153846153846,77,12,8,0.7045454545454546,12,1.0,0.9090909090909091,4,-0.08820882088208822,0.07920792079207921,0.0,-0.027667984189723327,0.05194805194805195,8
3857297,2022,Saudi Arabia,Mohammed Al Burayk,38,37,75,11,13,12,,False,16,134,0.5583333333333333,16,1.0,0.8236111111111112,133,15,20,0.5428571428571428,15,1.0,0.8174603174603174,25,0.027718550106609906,0.14925373134328357,0.0,0.007468079980727643,0.18796992481203006,20
3857297,2022,Saudi Arabia,Ali Albulayhi,51,48,99,12,14,2,,False,16,134,0.5583333333333333,16,1.0,0.8236111111111112,133,15,22,0.5333333333333333,15,1.0,0.8126984126984127,16,0.044776119402985114,0.16417910447761194,0.0,0.013249819320645714,0.12030075187969924,22
3857297,2022,Saudi Arabia,Salem Mohammed Al Dawsari,60,70,130,13,12,27,,False,16,134,0.5583333333333333,16,1.0,0.8236111111111112,133,15,24,0.5238095238095238,15,1.0,0.8079365079365078,39,0.06183368869936032,0.1791044776119403,0.0,0.01903155866056392,0.2932330827067669,24
3857297,2022,Saudi Arabia,Mohammed Kanoo,68,70,138,14,23,16,,False,16,134,0.5583333333333333,16,1.0,0.8236111111111112,133,15,27,0.5095238095238095,15,1.0,0.8031746031746031,39,0.08742004264392332,0.20149253731343283,0.0,0.02481329800048199,0.2932330827067669,27
3857297,2022,Saudi Arabia,Saleh Khalid Al Shehri,12,15,27,9,1,9,,False,16,134,0.5583333333333333,16,1.0,0.8236111111111112,133,15,14,0.5714285714285714,15,1.0,0.8269841269841269,10,-0.023454157782515906,0.1044776119402985,0.0,-0.004095398699108499,0.07518796992481203,14
3857297,2022,Saudi Arabia,Abdulelah Al Amri,52,44,96,12,23,2,,False,16,134,0.5583333333333333,16,1.0,0.8236111111111112,133,15,21,0.5380952380952381,15,1.0,0.8063492063492065,25,0.03624733475479751,0.15671641791044777,0.0,0.020958805107203007,0.18796992481203006,21
3857297,2022,Saudi Arabia,Firas Tariq Nasser Al Albirakan,22,28,50,12,0,15,,False,16,134,0.5583333333333333,16,1.0,0.8236111111111112,133,15,19,0.5476190476190477,15,1.0,0.8126984126984127,15,0.019189765458422107,0.1417910447761194,0.0,0.013249819320645714,0.11278195488721804,19
3857297,2022,Saudi Arabia,Saud Abdullah Abdul Hamid,56,51,107,12,20,21,,False,16,134,0.5583333333333333,16,1.0,0.8236111111111112,133,15,24,0.5238095238095238,15,1.0,0.8126984126984127,41,0.06183368869936032,0.1791044776119403,0.0,0.013249819320645714,0.3082706766917293,24
3857297,2022,Saudi Arabia,Mohammed Khalil Al Owais,19,10,29,6,8,0,,False,16,134,0.5583333333333333,16,1.0,0.8236111111111112,133,15,10,0.5904761904761905,15,1.0,0.8412698412698413,8,-0.05756929637526652,0.07462686567164178,0.0,-0.021440616718862847,0.06015037593984962,10
3857297,2022,Saudi Arabia,Abdulelah Saad Hameed Al-Malki,42,39,81,11,10,3,,False,16,134,0.5583333333333333,16,1.0,0.8236111111111112,133,15,21,0.5380952380952381,15,1.0,0.8174603174603174,13,0.03624733475479751,0.15671641791044777,0.0,0.007468079980727643,0.09774436090225563,21
3857297,2022,Saudi Arabia,Sami Khalil Al Naji,15,15,30,8,4,5,,False,16,134,0.5583333333333333,16,1.0,0.8236111111111112,133,15,15,0.5666666666666667,15,1.0,0.8333333333333334,9,-0.014925373134328304,0.11194029850746269,0.0,-0.011804384485666062,0.06766917293233082,15
3857297,2022,Saudi Arabia,Nawaf Shaker Al Abid,28,33,61,10,2,10,,False,16,134,0.5583333333333333,16,1.0,0.8236111111111112,133,15,16,0.5619047619047619,15,1.0,0.8222222222222223,12,-0.006396588486140702,0.11940298507462686,0.0,0.0016863406408094373,0.09022556390977443,16
3857297,2022,Saudi Arabia,Sultan Abdullah Salim Al Ghannam,13,11,24,10,1,7,,False,16,134,0.5583333333333333,16,1.0,0.8236111111111112,133,15,13,0.5761904761904761,15,1.0,0.8190476190476194,8,-0.03198294243070351,0.09701492537313433,0.0,0.005540833534087882,0.06015037593984962,13
3857297,2022,Saudi Arabia,Nasser Al Dawsari,10,10,20,9,2,1,,False,16,134,0.5583333333333333,16,1.0,0.8236111111111112,133,15,14,0.5714285714285714,15,1.0,0.826984126984127,3,-0.023454157782515906,0.1044776119402985,0.0,-0.004095398699108634,0.022556390977443608,14
3857297,2022,Saudi Arabia,Abdulrahman Al-Obood,2,7,9,5,0,3,,False,16,134,0.5583333333333333,16,1.0,0.8236111111111112,133,15,6,0.6095238095238096,15,1.0,0.8460317460317461,3,-0.09168443496801713,0.04477611940298507,0.0,-0.027222356058781053,0.022556390977443608,6
3857297,2022,Saudi Arabia,Hattan Babhir,1,1,2,2,0,0,,True,16,134,0.5583333333333333,16,1.0,0.8236111111111112,133,15,2,0.6285714285714286,15,1.0,0.861904761904762,0,-0.12579957356076754,0.014925373134328358,0.0,-0.046494820525174625,0.0,2
3857298,2022,Portugal,Cristiano Ronaldo dos Santos Aveiro,14,23,37,10,0,14,,False,16,131,0.5458333333333333,16,1.0,0.8069444444444448,156,15,18,0.5380952380952381,15,1.0,0.804761904761905,14,0.014176663031624815,0.13740458015267176,0.0,0.0027046963363659983,0.08974358974358974,18
3857298,2022,Portugal,Bernardo Mota Veiga de Carvalho e Silva,69,63,132,11,8,18,,False,16,131,0.5458333333333333,16,1.0,0.8069444444444448,156,15,22,0.5190476190476191,15,1.0,0.8000000000000003,26,0.049073064340239746,0.16793893129770993,0.0,0.008605851979346059,0.16666666666666666,22
3857298,2022,Portugal,Rúben Diogo Da Silva Neves,59,50,109,11,21,3,,False,16,131,0.5458333333333333,16,1.0,0.8069444444444448,156,15,20,0.5285714285714286,15,1.0,0.8000000000000003,24,0.03162486368593228,0.15267175572519084,0.0,0.008605851979346059,0.15384615384615385,20
3857298,2022,Portugal,Rúben Santos Gato Alves Dias,63,59,122,10,25,6,,False,16,131,0.5458333333333333,16,1.0,0.8069444444444448,156,15,17,0.5428571428571428,15,1.0,0.804761904761905,31,0.005452562704471082,0.1297709923664122,0.0,0.0027046963363659983,0.1987179487179487,17
3857298,2022,Portugal,João Pedro Cavaco Cancelo,59,62,121,10,9,23,,False,16,131,0.5458333333333333,16,1.0,0.8069444444444448,156,15,19,0.5333333333333333,15,1.0,0.804761904761905,32,0.022900763358778546,0.1450381679389313,0.0,0.0027046963363659983,0.20512820512820512,19
3857298,2022,Portugal,Danilo Luís Hélio Pereira,72,69,141,12,32,3,,False,16,131,0.5458333333333333,16,1.0,0.8069444444444448,156,15,22,0.5190476190476191,15,1.0,0.793650793650794,35,0.049073064340239746,0.16793893129770993,0.0,0.016474059503319333,0.22435897435897437,22
3857298,2022,Portugal,Raphaël Adelino José Guerreiro,69,68,137,14,12,26,,False,16,131,0.5458333333333333,16,1.0,0.8069444444444448,156,15,25,0.5047619047619047,15,1.0,0.782539682539683,38,0.07524536532170115,0.19083969465648856,0.0,0.03024342267027281,0.24358974358974358,25
3857298,2022,Portugal,João Félix Sequeira,22,36,58,10,1,18,,False,16,131,0.5458333333333333,16,1.0,0.8069444444444448,156,15,18,0.5380952380952381,15,1.0,0.804761904761905,19,0.014176663031624815,0.13740458015267176,0.0,0.0027046963363659983,0.12179487179487179,18
3857298,2022,Portugal,Diogo Meireles Costa,25,10,35,9,13,0,,False,16,131,0.5458333333333333,16,1.0,0.8069444444444448,156,15,13,0.5619047619047619,15,1.0,0.8079365079365083,13,-0.02944383860414405,0.09923664122137404,0.0,-0.001229407425620846,0.08333333333333333,13
3857298,2022,Portugal,Otávio Edmilson da Silva Monteiro,29,35,64,10,5,11,,False,16,131,0.5458333333333333,16,1.0,0.8069444444444448,156,15,18,0.5380952380952381,15,1.0,0.804761904761905,16,0.014176663031624815,0.13740458015267176,0.0,0.0027046963363659983,0.10256410256410256,18
3857298,2022,Portugal,Bruno Miguel Borges Fernandes,49,55,104,13,17,19,,False,16,131,0.5458333333333333,16,1.0,0.8069444444444448,156,15,24,0.5095238095238095,15,1.0,0.7888888888888892,36,0.06652126499454741,0.183206106870229,0.0,0.022375215146299532,0.23076923076923078,24
3857298,2022,Portugal,William Silva de Carvalho,27,24,51,13,12,5,,False,16,131,0.5458333333333333,16,1.0,0.8069444444444448,156,15,21,0.5238095238095238,15,1.0,0.7888888888888892,17,0.04034896401308601,0.16030534351145037,0.0,0.022375215146299532,0.10897435897435898,21
3857298,2022,Portugal,Rafael Alexandre Conceição Leão,7,12,19,6,0,6,,False,16,131,0.5458333333333333,16,1.0,0.8069444444444448,156,15,9,0.580952380952381,15,1.0,0.8222222222222226,6,-0.06434023991275918,0.06870229007633588,0.0,-0.018932874354561164,0.038461538461538464,9
3857298,2022,Portugal,João Maria Lobo Alves Palhinha Gonçalves,3,3,6,4,0,0,,False,16,131,0.5458333333333333,16,1.0,0.8069444444444448,156,15,5,0.6,15,1.0,0.8317460317460321,0,-0.09923664122137411,0.03816793893129771,0.0,-0.030735185640521284,0.0,5
3857298,2022,Portugal,Gonçalo Matias Ramos,6,6,12,7,1,4,,False,16,131,0.5458333333333333,16,1.0,0.8069444444444448,156,15,8,0.5857142857142857,15,1.0,0.8126984126984131,5,-0.07306434023991291,0.061068702290076333,0.0,-0.007130563068601044,0.03205128205128205,8
3857298,2022,Portugal,João Mário Naval da Costa Eduardo,3,1,4,2,0,0,,False,16,131,0.5458333333333333,16,1.0,0.8069444444444448,156,15,3,0.6095238095238096,15,1.0,0.8523809523809524,0,-0.11668484187568177,0.022900763358778626,0.0,-0.05630686009343446,0.0,3
3857298,2022,Ghana,Abdul Rahman Baba,27,36,63,13,9,17,,False,16,114,0.475,16,1.0,0.776388888888889,86,15,22,0.4380952380952381,14,0.9333333333333333,0.6904761904761905,26,0.0776942355889724,0.19298245614035087,0.06666666666666665,0.11065678507538988,0.3023255813953488,22
3857298,2022,Ghana,Mohamed Salisu,32,35,67,9,14,2,,False,16,114,0.475,16,1.0,0.776388888888889,86,15,16,0.4666666666666667,15,1.0,0.773015873015873,16,0.017543859649122747,0.14035087719298245,0.0,0.004344492716585866,0.18604651162790697,16
3857298,2022,Ghana,Alexander Djiku,23,17,40,9,6,0,,False,16,114,0.475,16,1.0,0.776388888888889,86,15,15,0.4714285714285714,15,1.0,0.7746031746031745,6,0.007518796992481177,0.13157894736842105,0.0,0.0023000255558397868,0.06976744186046512,15
3857298,2022,Ghana,Lawrence Ati-Zigi,20,9,29,7,7,0,,False,16,114,0.475,16,1.0,0.776388888888889,86,15,11,0.49047619047619045,15,1.0,0.7825396825396828,7,-0.03258145363408522,0.09649122807017543,0.0,-0.007922310247891758,0.08139534883720931,11
3857298,2022,Ghana,Daniel Amartey,46,42,88,11,16,1,,False,16,114,0.475,16,1.0,0.776388888888889,86,15,20,0.44761904761904764,15,1.0,0.7634920634920637,17,0.05764411027568914,0.17543859649122806,0.0,0.01661129568106306,0.19767441860465115,20
3857298,2022,Ghana,André Ayew Pelé,13,14,27,7,0,7,,False,16,114,0.475,16,1.0,0.776388888888889,86,15,12,0.4857142857142857,15,1.0,0.7825396825396828,7,-0.022556390977443646,0.10526315789473684,0.0,-0.007922310247891758,0.08139534883720931,12
3857298,2022,Ghana,Alidu Seidu,19,20,39,7,1,3,,False,16,114,0.475,16,1.0,0.776388888888889,86,15,12,0.4857142857142857,15,1.0,0.7825396825396828,4,-0.022556390977443646,0.10526315789473684,0.0,-0.007922310247891758,0.046511627906976744,12
3857298,2022,Ghana,Thomas Teye Partey,47,52,99,14,13,13,,False,16,114,0.475,16,1.0,0.776388888888889,86,15,27,0.4142857142857143,15,1.0,0.7476190476190477,26,0.12781954887218036,0.23684210526315788,0.0,0.037055967288525435,0.3023255813953488,27
3857298,2022,Ghana,Mohammed Kudus,17,23,40,9,4,13,,False,16,114,0.475,16,1.0,0.776388888888889,86,15,14,0.47619047619047616,15,1.0,0.7730158730158732,17,-0.002506265664160392,0.12280701754385964,0.0,0.004344492716585724,0.19767441860465115,14
3857298,2022,Ghana,Iñaki Williams Arthuer,14,16,30,11,1,13,,False,16,114,0.475,16,1.0,0.776388888888889,86,15,17,0.46190476190476193,15,1.0,0.7634920634920637,14,0.027568922305764316,0.14912280701754385,0.0,0.01661129568106306,0.16279069767441862,17
3857298,2022,Ghana,Salis Abdul Samed,47,42,89,12,9,5,,False,16,114,0.475,16,1.0,0.776388888888889,86,15,22,0.4380952380952381,15,1.0,0.7587301587301589,14,0.0776942355889724,0.19298245614035087,0.0,0.02274469716330173,0.16279069767441862,22
3857298,2022,Ghana,Tariq Lamptey,10,7,17,7,2,2,,False,16,114,0.475,16,1.0,0.776388888888889,86,15,11,0.49047619047619045,15,1.0,0.7841269841269842,4,-0.03258145363408522,0.09649122807017543,0.0,-0.009966777408637837,0.046511627906976744,11
3857298,2022,Ghana,Jordan Ayew,12,14,26,8,2,6,,False,16,114,0.475,16,1.0,0.776388888888889,86,15,13,0.48095238095238096,15,1.0,0.777777777777778,8,-0.012531328320802077,0.11403508771929824,0.0,-0.001788908765653088,0.09302325581395349,13
3857298,2022,Ghana,Osman Bukari,7,5,12,6,1,3,,False,16,114,0.475,16,1.0,0.776388888888889,86,15,11,0.49047619047619045,15,1.0,0.7873015873015875,4,-0.03258145363408522,0.09649122807017543,0.0,-0.014055711730130425,0.046511627906976744,11
3857298,2022,Ghana,Daniel-Kofi Kyereh,2,3,5,3,1,1,,False,16,114,0.475,16,1.0,0.776388888888889,86,15,4,0.5238095238095238,15,1.0,0.8015873015873017,2,-0.10275689223057655,0.03508771929824561,0.0,-0.032455916176846435,0.023255813953488372,4
3857298,2022,Ghana,Antoine Semenyo,0,1,1,1,0,0,,True,16,114,0.475,16,1.0,0.776388888888889,86,15,1,0.5380952380952381,15,1.0,0.8142857142857143,0,-0.13283208020050125,0.008771929824561403,0.0,-0.048811653462816074,0.0,1
3857299,2022,South Korea,Woo-Yeong Jeong,13,15,28,8,1,7,,False,15,119,0.5666666666666667,15,1.0,0.8365079365079366,149,14,14,0.5769230769230769,14,1.0,0.8443223443223444,8,-0.018099547511312153,0.11764705882352941,0.0,-0.0093417019413224,0.053691275167785234,14
3857299,2022,South Korea,Woo-Young Jung,53,55,108,11,16,3,,False,15,119,0.5666666666666667,15,1.0,0.8365079365079366,149,14,20,0.5439560439560439,14,1.0,0.8278388278388279,19,0.04007756948933425,0.16806722689075632,0.0,0.01036345059115467,0.12751677852348994,20
3857299,2022,South Korea,Moon-Hwan Kim,75,62,137,13,13,32,,False,15,119,0.5666666666666667,15,1.0,0.8365079365079366,149,14,22,0.532967032967033,14,1.0,0.816849816849817,45,0.05946994182288298,0.18487394957983194,0.0,0.023500218946139295,0.30201342281879195,22
3857299,2022,South Korea,Young-Gwon Kim,59,56,115,12,29,7,,False,15,119,0.5666666666666667,15,1.0,0.8365079365079366,149,14,20,0.5439560439560439,14,1.0,0.8223443223443224,36,0.04007756948933425,0.16806722689075632,0.0,0.016931834768646983,0.24161073825503357,20
3857299,2022,South Korea,Jin-Su Kim,36,40,76,13,6,32,,False,15,119,0.5666666666666667,15,1.0,0.8365079365079366,149,14,21,0.5384615384615384,13,0.9285714285714286,0.7472527472527473,38,0.049773755656108615,0.17647058823529413,0.0714285714285714,0.10669975186104232,0.2550335570469799,21
3857299,2022,South Korea,Min Jae Kim,59,53,112,10,22,2,,False,15,119,0.5666666666666667,15,1.0,0.8365079365079366,149,14,17,0.5604395604395604,14,1.0,0.8333333333333335,24,0.01098901098901095,0.14285714285714285,0.0,0.003795066413662225,0.1610738255033557,17
3857299,2022,South Korea,Seung-Gyu Kim,22,17,39,6,13,0,,False,15,119,0.5666666666666667,15,1.0,0.8365079365079366,149,14,9,0.6043956043956044,14,1.0,0.8553113553113554,13,-0.06658047834518419,0.07563025210084033,0.0,-0.022478470296307024,0.087248322147651,9
3857299,2022,South Korea,Chang-Hoon Kwon,19,20,39,10,3,10,,False,15,119,0.5666666666666667,15,1.0,0.8365079365079366,149,14,17,0.5604395604395604,14,1.0,0.8333333333333335,13,0.01098901098901095,0.14285714285714285,0.0,0.003795066413662225,0.087248322147651,17
3857299,2022,South Korea,Gue-Sung Cho,12,25,37,9,1,15,,False,15,119,0.5666666666666667,15,1.0,0.8365079365079366,149,14,15,0.5714285714285714,14,1.0,0.838827838827839,16,-0.008403361344537785,0.12605042016806722,0.0,-0.0027733177638300877,0.10738255033557047,15
3857299,2022,South Korea,Heung-Min Son,27,34,61,12,6,17,,False,15,119,0.5666666666666667,15,1.0,0.8365079365079366,149,14,21,0.5384615384615384,14,1.0,0.8223443223443224,23,0.049773755656108615,0.17647058823529413,0.0,0.016931834768646983,0.15436241610738255,21
3857299,2022,South Korea,In-Beom Hwang,80,77,157,13,25,12,,False,15,119,0.5666666666666667,15,1.0,0.8365079365079366,149,14,24,0.521978021978022,14,1.0,0.816849816849817,37,0.07886231415643172,0.20168067226890757,0.0,0.023500218946139295,0.2483221476510067,24
3857299,2022,South Korea,Sang-Ho Na,12,14,26,9,3,7,,False,15,119,0.5666666666666667,15,1.0,0.8365079365079366,149,14,13,0.5824175824175825,14,1.0,0.838827838827839,10,-0.02779573367808672,0.1092436974789916,0.0,-0.0027733177638300877,0.06711409395973154,13
3857299,2022,South Korea,Kang-In Lee,24,23,47,9,10,4,,False,15,119,0.5666666666666667,15,1.0,0.8365079365079366,149,14,17,0.5604395604395604,14,1.0,0.838827838827839,14,0.01098901098901095,0.14285714285714285,0.0,-0.0027733177638300877,0.09395973154362416,17
3857299,2022,South Korea,Ui-Jo Hwang,0,1,1,1,0,1,,True,15,119,0.5666666666666667,15,1.0,0.8365079365079366,149,14,1,0.6483516483516484,14,1.0,0.8846153846153846,1,-0.14414996767937951,0.008403361344537815,0.0,-0.05750985257626603,0.006711409395973154,1
3857299,2022,South Korea,Kyung-Won Kwon,8,7,15,6,1,0,,False,15,119,0.5666666666666667,15,1.0,0.8365079365079366,149,14,7,0.6153846153846154,14,1.0,0.8571428571428571,1,-0.08597285067873311,0.058823529411764705,0.0,-0.02466793168880433,0.006711409395973154,7
3857299,2022,Ghana,Lawrence Ati-Zigi,12,7,19,7,3,0,,False,15,87,0.4142857142857143,15,1.0,0.7571428571428577,64,14,10,0.4230769230769231,14,1.0,0.7600732600732603,3,-0.021220159151193557,0.11494252873563218,0.0,-0.003870343492984546,0.046875,10
3857299,2022,Ghana,Salis Abdul Samed,37,36,73,8,6,3,,False,15,87,0.4142857142857143,15,1.0,0.7571428571428577,64,14,14,0.4010989010989011,14,1.0,0.7527472527472531,9,0.03183023872679047,0.16091954022988506,0.0,0.0058055152394777725,0.140625,14
3857299,2022,Ghana,Daniel Amartey,36,31,67,10,14,1,,False,15,87,0.4142857142857143,15,1.0,0.7571428571428577,64,14,15,0.3956043956043956,13,0.9285714285714286,0.6776556776556776,15,0.04509283819628658,0.1724137931034483,0.0714285714285714,0.10498306724721891,0.234375,15
3857299,2022,Ghana,Thomas Teye Partey,43,42,85,11,13,11,,False,15,87,0.4142857142857143,15,1.0,0.7571428571428577,64,14,20,0.36813186813186816,14,1.0,0.7362637362637363,24,0.11140583554376658,0.22988505747126436,0.0,0.027576197387518757,0.375,20
3857299,2022,Ghana,André Ayew Pelé,12,15,27,8,1,7,,False,15,87,0.4142857142857143,15,1.0,0.7571428571428577,64,14,13,0.4065934065934066,14,1.0,0.7527472527472531,8,0.018567639257294495,0.14942528735632185,0.0,0.0058055152394777725,0.125,13
3857299,2022,Ghana,Gideon Mensah,35,28,63,11,9,7,,False,15,87,0.4142857142857143,15,1.0,0.7571428571428577,64,14,16,0.3901098901098901,14,1.0,0.7362637362637363,16,0.05835543766578255,0.1839080459770115,0.0,0.027576197387518757,0.25,16
3857299,2022,Ghana,Mohamed Salisu,32,37,69,8,10,2,,False,15,87,0.4142857142857143,15,1.0,0.7571428571428577,64,14,15,0.3956043956043956,14,1.0,0.7527472527472531,12,0.04509283819628658,0.1724137931034483,0.0,0.0058055152394777725,0.1875,15
3857299,2022,Ghana,Jordan Ayew,16,21,37,8,2,10,,False,15,87,0.4142857142857143,15,1.0,0.7571428571428577,64,14,14,0.4010989010989011,14,1.0,0.7545787545787548,12,0.03183023872679047,0.16091954022988506,0.0,0.0033865505563623025,0.1875,14
3857299,2022,Ghana,Tariq Lamptey,11,11,22,7,1,5,,False,15,87,0.4142857142857143,15,1.0,0.7571428571428577,64,14,10,0.4230769230769231,14,1.0,0.7582417582417585,6,-0.021220159151193557,0.11494252873563218,0.0,-0.0014513788098690764,0.09375,10
3857299,2022,Ghana,Mohammed Kudus,17,16,33,11,3,6,,False,15,87,0.4142857142857143,15,1.0,0.7571428571428577,64,14,17,0.38461538461538464,14,1.0,0.7362637362637363,9,0.07161803713527852,0.19540229885057472,0.0,0.027576197387518757,0.140625,17
3857299,2022,Ghana,Iñaki Williams Arthuer,9,13,22,10,0,7,,False,15,87,0.4142857142857143,15,1.0,0.7571428571428577,64,14,16,0.3901098901098901,14,1.0,0.7417582417582419,7,0.05835543766578255,0.1839080459770115,0.0,0.020319303338171762,0.109375,16
3857299,2022,Ghana,Denis Odoi,2,1,3,2,1,1,,False,15,87,0.4142857142857143,15,1.0,0.7571428571428577,64,14,3,0.46153846153846156,14,1.0,0.7912087912087914,2,-0.11405835543766576,0.034482758620689655,0.0,-0.04499274310595017,0.03125,3
3857299,2022,Ghana,Daniel-Kofi Kyereh,2,3,5,5,1,1,,False,15,87,0.4142857142857143,15,1.0,0.7571428571428577,64,14,5,0.45054945054945056,14,1.0,0.7710622710622713,2,-0.08753315649867369,0.05747126436781609,0.0,-0.018384131591678392,0.03125,5
3857299,2022,Ghana,Kamaldeen Sulemana,2,4,6,5,0,3,,False,15,87,0.4142857142857143,15,1.0,0.7571428571428577,64,14,5,0.45054945054945056,14,1.0,0.772893772893773,3,-0.08753315649867369,0.05747126436781609,0.0,-0.02080309627479386,0.046875,5
3857299,2022,Ghana,Alexander Djiku,0,1,1,1,0,0,,True,15,87,0.4142857142857143,15,1.0,0.7571428571428577,64,14,1,0.4725274725274725,14,1.0,0.7985347985347986,0,-0.1405835543766577,0.011494252873563218,0.0,-0.05466860183841249,0.0,1
3857300,2022,Saudi Arabia,Saleh Khalid Al Shehri,10,15,25,9,1,7,,False,15,89,0.4238095238095238,15,1.0,0.7746031746031748,52,14,11,0.42857142857142855,14,1.0,0.7673992673992674,8,-0.011235955056179735,0.12359550561797752,0.0,0.009300126103405042,0.15384615384615385,11
3857300,2022,Saudi Arabia,Mohammed Kanoo,29,27,56,11,9,8,,False,15,89,0.4238095238095238,15,1.0,0.7746031746031748,52,14,18,0.3901098901098901,14,1.0,0.7564102564102565,17,0.07951598962834916,0.20224719101123595,0.0,0.023486759142497045,0.3269230769230769,18
3857300,2022,Saudi Arabia,Hassan Mohammed Al-Tambakti,22,19,41,11,7,0,,False,15,89,0.4238095238095238,15,1.0,0.7746031746031748,52,14,16,0.4010989010989011,14,1.0,0.7564102564102565,7,0.05358686257562656,0.1797752808988764,0.0,0.023486759142497045,0.1346153846153846,16
3857300,2022,Saudi Arabia,Salman Mohammed Al Faraj,10,11,21,5,1,3,,False,15,89,0.4238095238095238,15,1.0,0.7746031746031748,52,14,9,0.43956043956043955,14,1.0,0.7930402930402931,4,-0.037165082108902334,0.10112359550561797,0.0,-0.023802017654476437,0.07692307692307693,9
3857300,2022,Saudi Arabia,Abdulelah Saad Hameed Al-Malki,29,24,53,11,8,3,,False,15,89,0.4238095238095238,15,1.0,0.7746031746031748,52,14,18,0.3901098901098901,14,1.0,0.7564102564102565,11,0.07951598962834916,0.20224719101123595,0.0,0.023486759142497045,0.21153846153846154,18
3857300,2022,Saudi Arabia,Ali Albulayhi,10,11,21,6,2,0,,False,15,89,0.4238095238095238,15,1.0,0.7746031746031748,52,14,10,0.4340659340659341,14,1.0,0.7838827838827841,2,-0.0242005185825411,0.11235955056179775,0.0,-0.011979823455233246,0.038461538461538464,10
3857300,2022,Saudi Arabia,Salem Mohammed Al Dawsari,17,21,38,11,3,6,,False,15,89,0.4238095238095238,15,1.0,0.7746031746031748,52,14,19,0.38461538461538464,13,0.9285714285714286,0.6868131868131867,9,0.09248055315471039,0.21348314606741572,0.0714285714285714,0.11333543505674695,0.17307692307692307,19
3857300,2022,Saudi Arabia,Yasir Gharsan Al Shahrani,12,15,27,9,3,3,,False,15,89,0.4238095238095238,15,1.0,0.7746031746031748,52,14,13,0.4175824175824176,14,1.0,0.7673992673992674,6,0.014693171996542732,0.14606741573033707,0.0,0.009300126103405042,0.11538461538461539,13
3857300,2022,Saudi Arabia,Saud Abdullah Abdul Hamid,21,20,41,11,6,10,,False,15,89,0.4238095238095238,15,1.0,0.7746031746031748,52,14,18,0.3901098901098901,14,1.0,0.7564102564102565,16,0.07951598962834916,0.20224719101123595,0.0,0.023486759142497045,0.3076923076923077,18
3857300,2022,Saudi Arabia,Mohammed Khalil Al Owais,17,7,24,9,9,0,,False,15,89,0.4238095238095238,15,1.0,0.7746031746031748,52,14,12,0.4230769230769231,14,1.0,0.7673992673992674,9,0.0017286084701814979,0.1348314606741573,0.0,0.009300126103405042,0.17307692307692307,12
3857300,2022,Saudi Arabia,Firas Tariq Nasser Al Albirakan,11,12,23,10,2,7,,False,15,89,0.4238095238095238,15,1.0,0.7746031746031748,52,14,15,0.4065934065934066,14,1.0,0.761904761904762,9,0.04062229904926533,0.16853932584269662,0.0,0.016393442622951043,0.17307692307692307,15
3857300,2022,Saudi Arabia,Nawaf Shaker Al Abid,6,8,14,7,1,1,,False,15,89,0.4238095238095238,15,1.0,0.7746031746031748,52,14,10,0.4340659340659341,14,1.0,0.7783882783882785,2,-0.0242005185825411,0.11235955056179775,0.0,-0.004886506935687101,0.038461538461538464,10
3857300,2022,Saudi Arabia,Sultan Abdullah Salim Al Ghannam,1,4,5,4,0,3,,False,15,89,0.4238095238095238,15,1.0,0.7746031746031748,52,14,4,0.46703296703296704,14,1.0,0.7967032967032969,3,-0.10198789974070877,0.0449438202247191,0.0,-0.02853089533417391,0.057692307692307696,4
3857300,2022,Saudi Arabia,Haitham Mohammed Asiri,1,2,3,3,0,1,,False,15,89,0.4238095238095238,15,1.0,0.7746031746031748,52,14,3,0.4725274725274725,14,1.0,0.8021978021978025,1,-0.11495246326707,0.033707865168539325,0.0,-0.035624211853720056,0.019230769230769232,3
3857300,2022,Saudi Arabia,Mohammed Al Burayk,1,1,2,1,0,0,,True,15,89,0.4238095238095238,15,1.0,0.7746031746031748,52,14,2,0.47802197802197804,14,1.0,0.816849816849817,0,-0.12791702679343137,0.02247191011235955,0.0,-0.05453972257250925,0.0,2
3857300,2022,Argentina,Nicolás Alejandro Tagliafico,27,24,51,10,1,8,,False,15,124,0.5904761904761905,15,1.0,0.8523809523809524,130,14,17,0.5879120879120879,14,1.0,0.8516483516483516,9,0.004342431761786585,0.13709677419354838,0.0,0.0008594757198109123,0.06923076923076923,17
3857300,2022,Argentina,Lautaro Javier Martínez,13,16,29,10,0,7,,False,15,124,0.5904761904761905,15,1.0,0.8523809523809524,130,14,15,0.5989010989010989,14,1.0,0.8516483516483516,7,-0.014267990074441636,0.12096774193548387,0.0,0.0008594757198109123,0.05384615384615385,15
3857300,2022,Argentina,Leandro Daniel Paredes,55,52,107,9,13,4,,False,15,124,0.5904761904761905,15,1.0,0.8523809523809524,130,14,17,0.5879120879120879,14,1.0,0.8571428571428571,17,0.004342431761786585,0.13709677419354838,0.0,-0.00558659217877093,0.13076923076923078,17
3857300,2022,Argentina,Nicolás Hernán Otamendi,84,80,164,12,17,3,,False,15,124,0.5904761904761905,15,1.0,0.8523809523809524,130,14,23,0.554945054945055,14,1.0,0.8406593406593407,20,0.060173697270471435,0.18548387096774194,0.0,0.013751611516974597,0.15384615384615385,23
3857300,2022,Argentina,Cristian Gabriel Romero,55,52,107,9,12,3,,False,15,124,0.5904761904761905,15,1.0,0.8523809523809524,130,14,15,0.5989010989010989,14,1.0,0.8571428571428571,15,-0.014267990074441636,0.12096774193548387,0.0,-0.00558659217877093,0.11538461538461539,15
3857300,2022,Argentina,Rodrigo Javier De Paul,66,68,134,12,18,17,,False,15,124,0.5904761904761905,15,1.0,0.8523809523809524,130,14,21,0.5659340659340659,14,1.0,0.8406593406593407,35,0.041563275434243215,0.1693548387096774,0.0,0.013751611516974597,0.2692307692307692,21
3857300,2022,Argentina,Nahuel Molina Lucero,57,44,101,12,16,10,,False,15,124,0.5904761904761905,15,1.0,0.8523809523809524,130,14,22,0.5604395604395604,14,1.0,0.8406593406593407,26,0.05086848635235733,0.1774193548387097,0.0,0.013751611516974597,0.2,22
3857300,2022,Argentina,Damián Emiliano Martínez,21,12,33,9,9,0,,False,15,124,0.5904761904761905,15,1.0,0.8523809523809524,130,14,13,0.6098901098901099,14,1.0,0.8571428571428571,9,-0.03287841191067004,0.10483870967741936,0.0,-0.00558659217877093,0.06923076923076923,13
3857300,2022,Argentina,Ángel Fabián Di María Hernández,31,46,77,11,9,33,,False,15,124,0.5904761904761905,15,1.0,0.8523809523809524,130,14,20,0.5714285714285714,14,1.0,0.8461538461538461,42,0.03225806451612911,0.16129032258064516,0.0,0.007305543618392755,0.3230769230769231,20
3857300,2022,Argentina,Alejandro Darío Gómez,20,26,46,10,3,13,,False,15,124,0.5904761904761905,15,1.0,0.8523809523809524,130,14,16,0.5934065934065934,14,1.0,0.8516483516483516,16,-0.004962779156327526,0.12903225806451613,0.0,0.0008594757198109123,0.12307692307692308,16
3857300,2022,Argentina,Lionel Andrés Messi Cuccittini,33,47,80,13,13,15,,False,15,124,0.5904761904761905,15,1.0,0.8523809523809524,130,14,22,0.5604395604395604,14,1.0,0.8351648351648352,28,0.05086848635235733,0.1774193548387097,0.0,0.02019767941555644,0.2153846153846154,22
3857300,2022,Argentina,Lisandro Martínez,29,25,54,8,6,4,,False,15,124,0.5904761904761905,15,1.0,0.8523809523809524,130,14,14,0.6043956043956044,14,1.0,0.8626373626373627,10,-0.02357320099255575,0.11290322580645161,0.0,-0.012032660077352902,0.07692307692307693,14
3857300,2022,Argentina,Enzo Fernandez,33,34,67,11,11,3,,False,15,124,0.5904761904761905,15,1.0,0.8523809523809524,130,14,19,0.5769230769230769,14,1.0,0.8461538461538461,14,0.022952853598014994,0.1532258064516129,0.0,0.007305543618392755,0.1076923076923077,19
3857300,2022,Argentina,Julián Álvarez,0,8,8,4,0,4,,False,15,124,0.5904761904761905,15,1.0,0.8523809523809524,130,14,4,0.6593406593406593,14,1.0,0.8846153846153846,4,-0.11662531017369723,0.03225806451612903,0.0,-0.03781693167168027,0.03076923076923077,4
3857300,2022,Argentina,Marcos Javier Acuña,18,8,26,8,2,6,,False,15,124,0.5904761904761905,15,1.0,0.8523809523809524,130,14,10,0.6263736263736264,14,1.0,0.8626373626373627,8,-0.06079404466501238,0.08064516129032258,0.0,-0.012032660077352902,0.06153846153846154,10
3857301,2022,Qatar,Akram Hassan Afif,40,38,78,14,13,16,,False,15,120,0.5714285714285714,15,1.0,0.8523809523809524,112,14,25,0.521978021978022,14,1.0,0.8296703296703297,29,0.08653846153846143,0.20833333333333334,0.0,0.02664374731413828,0.25892857142857145,25
3857301,2022,Qatar,Boualem Khoukhi,57,47,104,13,27,3,,False,15,120,0.5714285714285714,15,1.0,0.8523809523809524,112,14,22,0.5384615384615384,14,1.0,0.8351648351648352,30,0.05769230769230768,0.18333333333333332,0.0,0.02019767941555644,0.26785714285714285,22
3857301,2022,Qatar,Homam Alamin Ahmed,24,24,48,10,4,11,,False,15,120,0.5714285714285714,15,1.0,0.8523809523809524,112,14,16,0.5714285714285714,14,1.0,0.8516483516483516,15,0.0,0.13333333333333333,0.0,0.0008594757198109123,0.13392857142857142,16
3857301,2022,Qatar,Abdelkarim Hassan Al Haj Fadlalla,34,48,82,13,13,7,,False,15,120,0.5714285714285714,15,1.0,0.8523809523809524,112,14,22,0.5384615384615384,14,1.0,0.8351648351648352,20,0.05769230769230768,0.18333333333333332,0.0,0.02019767941555644,0.17857142857142858,22
3857301,2022,Qatar,Karim Boudiaf,31,32,63,10,11,12,,False,15,120,0.5714285714285714,15,1.0,0.8523809523809524,112,14,19,0.554945054945055,14,1.0,0.8516483516483516,23,0.028846153846153744,0.15833333333333333,0.0,0.0008594757198109123,0.20535714285714285,19
3857301,2022,Qatar,Ismaeel Mohammad Mohammad,28,29,57,14,2,21,,False,15,120,0.5714285714285714,15,1.0,0.8523809523809524,112,14,20,0.5494505494505495,14,1.0,0.8296703296703297,23,0.038461538461538325,0.16666666666666666,0.0,0.02664374731413828,0.20535714285714285,20
3857301,2022,Qatar,Pedro Miguel Correia,23,25,48,10,4,2,,False,15,120,0.5714285714285714,15,1.0,0.8523809523809524,112,14,17,0.5659340659340659,14,1.0,0.8516483516483516,6,0.009615384615384581,0.14166666666666666,0.0,0.0008594757198109123,0.05357142857142857,17
3857301,2022,Qatar,Meshaal Aissa Barsham,27,15,42,9,12,0,,False,15,120,0.5714285714285714,15,1.0,0.8523809523809524,112,14,14,0.5824175824175825,14,1.0,0.8571428571428571,12,-0.019230769230769357,0.11666666666666667,0.0,-0.00558659217877093,0.10714285714285714,14
3857301,2022,Qatar,Almoez Ali Zainalabiddin Abdulla,16,25,41,11,2,16,,False,15,120,0.5714285714285714,15,1.0,0.8523809523809524,112,14,18,0.5604395604395604,14,1.0,0.8461538461538461,18,0.019230769230769162,0.15,0.0,0.007305543618392755,0.16071428571428573,18
3857301,2022,Qatar,Hassan Khalid Al Heidos,21,21,42,8,7,9,,False,15,120,0.5714285714285714,15,1.0,0.8523809523809524,112,14,14,0.5824175824175825,14,1.0,0.8626373626373627,16,-0.019230769230769357,0.11666666666666667,0.0,-0.012032660077352902,0.14285714285714285,14
3857301,2022,Qatar,Assim Omer Al Haj Madibo,38,32,70,12,15,8,,False,15,120,0.5714285714285714,15,1.0,0.8523809523809524,112,14,21,0.5439560439560439,14,1.0,0.8406593406593407,23,0.0480769230769231,0.175,0.0,0.013751611516974597,0.20535714285714285,21
3857301,2022,Qatar,Abdulaziz Hatem Mohammed Abdullah,7,7,14,7,1,4,,False,15,120,0.5714285714285714,15,1.0,0.8523809523809524,112,14,10,0.6043956043956044,14,1.0,0.8681318681318682,5,-0.05769230769230768,0.08333333333333333,0.0,-0.018478727975934747,0.044642857142857144,10
3857301,2022,Qatar,Mohammed Muntari,2,3,5,4,0,1,,False,15,120,0.5714285714285714,15,1.0,0.8523809523809524,112,14,4,0.6373626373626373,14,1.0,0.8846153846153846,1,-0.11538461538461536,0.03333333333333333,0.0,-0.03781693167168027,0.008928571428571428,4
3857301,2022,Qatar,Tarek Salman Salman,7,8,15,6,0,0,,False,15,120,0.5714285714285714,15,1.0,0.8523809523809524,112,14,8,0.6153846153846154,14,1.0,0.8736263736263736,0,-0.07692307692307704,0.06666666666666667,0.0,-0.024924795874516587,0.0,8
3857301,2022,Qatar,Mohammed Waed Abdulwahhab Al Bayati,7,8,15,7,1,2,,False,15,120,0.5714285714285714,15,1.0,0.8523809523809524,112,14,10,0.6043956043956044,14,1.0,0.8681318681318682,3,-0.05769230769230768,0.08333333333333333,0.0,-0.018478727975934747,0.026785714285714284,10
3857301,2022,Senegal,Kalidou Koulibaly,60,54,114,12,31,0,,False,16,120,0.5,16,1.0,0.8111111111111111,134,15,20,0.47619047619047616,15,1.0,0.7984126984126984,31,0.04761904761904767,0.16666666666666666,0.0,0.015655577299412998,0.23134328358208955,20
3857301,2022,Senegal,Nampalys Mendy,46,39,85,11,6,5,,False,16,120,0.5,16,1.0,0.8111111111111111,134,15,19,0.48095238095238096,15,1.0,0.8031746031746031,11,0.03809523809523807,0.15833333333333333,0.0,0.009784735812133174,0.08208955223880597,19
3857301,2022,Senegal,Abdou Diallo,66,60,126,13,33,4,,False,16,120,0.5,16,1.0,0.8111111111111111,134,15,21,0.4714285714285714,15,1.0,0.7936507936507936,37,0.05714285714285716,0.175,0.0,0.02152641878669282,0.27611940298507465,21
3857301,2022,Senegal,Ismail Jakobs,49,41,90,9,10,22,,False,16,120,0.5,16,1.0,0.8111111111111111,134,15,15,0.5,15,1.0,0.8126984126984127,32,0.0,0.125,0.0,-0.0019569471624266074,0.23880597014925373,15
3857301,2022,Senegal,Youssouf Sabaly,69,66,135,14,16,34,,False,16,120,0.5,16,1.0,0.8111111111111111,134,15,24,0.45714285714285713,15,1.0,0.7825396825396828,50,0.08571428571428574,0.2,0.0,0.035225048923678795,0.373134328358209,24
3857301,2022,Senegal,Edouard Mendy,25,17,42,8,14,0,,False,16,120,0.5,16,1.0,0.8111111111111111,134,15,13,0.5095238095238095,15,1.0,0.8174603174603174,14,-0.01904761904761898,0.10833333333333334,0.0,-0.00782778864970643,0.1044776119402985,13
3857301,2022,Senegal,Idrissa Gana Gueye,48,48,96,12,10,10,,False,16,120,0.5,16,1.0,0.8111111111111111,134,15,22,0.4666666666666667,15,1.0,0.7984126984126984,20,0.06666666666666665,0.18333333333333332,0.0,0.015655577299412998,0.14925373134328357,22
3857301,2022,Senegal,Krépin Diatta,21,28,49,7,1,19,,False,16,120,0.5,16,1.0,0.8111111111111111,134,15,10,0.5238095238095238,15,1.0,0.8238095238095238,20,-0.04761904761904767,0.08333333333333333,0.0,-0.01565557729941286,0.14925373134328357,10
3857301,2022,Senegal,Ismaïla Sarr,11,20,31,7,3,10,,False,16,120,0.5,16,1.0,0.8111111111111111,134,15,13,0.5095238095238095,15,1.0,0.8222222222222222,13,-0.01904761904761898,0.10833333333333334,0.0,-0.013698630136986252,0.09701492537313433,13
3857301,2022,Senegal,Famara Diedhiou,6,14,20,9,0,7,,False,16,120,0.5,16,1.0,0.8111111111111111,134,15,14,0.5047619047619047,15,1.0,0.8126984126984127,7,-0.00952380952380949,0.11666666666666667,0.0,-0.0019569471624266074,0.05223880597014925,14
3857301,2022,Senegal,Boulaye Dia,16,27,43,12,0,12,,False,16,120,0.5,16,1.0,0.8111111111111111,134,15,17,0.49047619047619045,15,1.0,0.7984126984126984,12,0.01904761904761909,0.14166666666666666,0.0,0.015655577299412998,0.08955223880597014,17
3857301,2022,Senegal,Pathé Ismaël Ciss,11,11,22,9,2,2,,False,16,120,0.5,16,1.0,0.8111111111111111,134,15,13,0.5095238095238095,15,1.0,0.8126984126984127,4,-0.01904761904761898,0.10833333333333334,0.0,-0.0019569471624266074,0.029850746268656716,13
3857301,2022,Senegal,Iliman Ndiaye,9,9,18,4,1,6,,False,16,120,0.5,16,1.0,0.8111111111111111,134,15,7,0.5380952380952381,15,1.0,0.8380952380952381,7,-0.07619047619047614,0.058333333333333334,0.0,-0.033268101761252465,0.05223880597014925,7
3857301,2022,Senegal,Pape Matar Sarr,13,11,24,9,4,0,,False,16,120,0.5,16,1.0,0.8111111111111111,134,15,13,0.5095238095238095,15,1.0,0.8126984126984127,4,-0.01904761904761898,0.10833333333333334,0.0,-0.0019569471624266074,0.029850746268656716,13
3857301,2022,Senegal,Pape Abou Cissé,9,11,20,8,3,0,,False,16,120,0.5,16,1.0,0.8111111111111111,134,15,12,0.5142857142857142,15,1.0,0.8174603174603174,3,-0.02857142857142847,0.1,0.0,-0.00782778864970643,0.022388059701492536,12
3857301,2022,Senegal,Cheikh Ahmadou Bamba Mbacke Dieng,3,6,9,6,0,3,,False,16,120,0.5,16,1.0,0.8111111111111111,134,15,7,0.5380952380952381,15,1.0,0.8269841269841269,3,-0.07619047619047614,0.058333333333333334,0.0,-0.019569471624266074,0.022388059701492536,7
3869117,2022,Netherlands,Memphis Depay,23,31,54,11,5,16,,False,15,111,0.5285714285714286,15,1.0,0.8269841269841272,108,14,18,0.510989010989011,14,1.0,0.8168498168498171,21,0.033264033264033356,0.16216216216216217,0.0,0.01225454008563409,0.19444444444444445,18
3869117,2022,Netherlands,Frenkie de Jong,35,26,61,13,7,6,,False,15,111,0.5285714285714286,15,1.0,0.8269841269841272,108,14,21,0.4945054945054945,14,1.0,0.8058608058608061,13,0.06444906444906442,0.1891891891891892,0.0,0.02554259560017708,0.12037037037037036,21
3869117,2022,Netherlands,Marten de Roon,12,9,21,9,1,4,,False,15,111,0.5285714285714286,15,1.0,0.8269841269841272,108,14,13,0.5384615384615384,14,1.0,0.8278388278388281,5,-0.018711018711018643,0.11711711711711711,0.0,-0.0010335154289090333,0.046296296296296294,13
3869117,2022,Netherlands,Jurriën David Norman Timber,36,34,70,10,16,6,,False,15,111,0.5285714285714286,15,1.0,0.8269841269841272,108,14,17,0.5164835164835165,14,1.0,0.8223443223443226,22,0.022869022869022787,0.15315315315315314,0.0,0.005610512328362461,0.2037037037037037,17
3869117,2022,Netherlands,Andries Noppert,23,18,41,10,13,0,,False,15,111,0.5285714285714286,15,1.0,0.8269841269841272,108,14,14,0.532967032967033,13,0.9285714285714286,0.7582417582417582,13,-0.008316008316008287,0.12612612612612611,0.0714285714285714,0.08312416949653056,0.12037037037037036,14
3869117,2022,Netherlands,Nathan Aké,30,25,55,10,13,1,,False,15,111,0.5285714285714286,15,1.0,0.8269841269841272,108,14,16,0.521978021978022,14,1.0,0.8223443223443226,14,0.01247401247401243,0.14414414414414414,0.0,0.005610512328362461,0.12962962962962962,16
3869117,2022,Netherlands,Daley Blind,32,30,62,10,13,11,,False,15,111,0.5285714285714286,15,1.0,0.8269841269841272,108,14,17,0.5164835164835165,14,1.0,0.8223443223443226,24,0.022869022869022787,0.15315315315315314,0.0,0.005610512328362461,0.2222222222222222,17
3869117,2022,Netherlands,Davy Klaassen,9,11,20,8,2,4,,False,15,111,0.5285714285714286,15,1.0,0.8269841269841272,108,14,11,0.5494505494505495,14,1.0,0.8351648351648353,6,-0.03950103950103957,0.0990990990990991,0.0,-0.009892219105270892,0.05555555555555555,11
3869117,2022,Netherlands,Virgil van Dijk,43,34,77,11,14,1,,False,15,111,0.5285714285714286,15,1.0,0.8269841269841272,108,14,18,0.510989010989011,14,1.0,0.8168498168498171,15,0.033264033264033356,0.16216216216216217,0.0,0.01225454008563409,0.1388888888888889,18
3869117,2022,Netherlands,Denzel Dumfries,27,43,70,11,8,23,,False,15,111,0.5285714285714286,15,1.0,0.8269841269841272,108,14,20,0.5,14,1.0,0.8168498168498171,31,0.05405405405405407,0.18018018018018017,0.0,0.01225454008563409,0.28703703703703703,20
3869117,2022,Netherlands,Cody Mathès Gakpo,22,23,45,10,7,12,,False,15,111,0.5285714285714286,15,1.0,0.8269841269841272,108,14,17,0.5164835164835165,14,1.0,0.8241758241758244,19,0.022869022869022787,0.15315315315315314,0.0,0.0033958364092720973,0.17592592592592593,17
3869117,2022,Netherlands,Steven Bergwijn,18,23,41,9,0,16,,False,15,111,0.5285714285714286,15,1.0,0.8269841269841272,108,14,16,0.521978021978022,14,1.0,0.8296703296703298,16,0.01247401247401243,0.14414414414414414,0.0,-0.003248191347999397,0.14814814814814814,16
3869117,2022,Netherlands,Teun Koopmeiners,16,16,32,11,7,2,,False,15,111,0.5285714285714286,15,1.0,0.8269841269841272,108,14,15,0.5274725274725275,14,1.0,0.8168498168498171,9,0.0020790020790020717,0.13513513513513514,0.0,0.01225454008563409,0.08333333333333333,15
3869117,2022,Netherlands,Xavi Simons,6,8,14,6,2,5,,False,15,111,0.5285714285714286,15,1.0,0.8269841269841272,108,14,8,0.5659340659340659,14,1.0,0.8461538461538463,7,-0.07068607068607065,0.07207207207207207,0.0,-0.02318027461981388,0.06481481481481481,8
3869117,2022,Netherlands,Wout Weghorst,0,1,1,1,0,1,,True,15,111,0.5285714285714286,15,1.0,0.8269841269841272,108,14,1,0.6043956043956044,14,1.0,0.8791208791208791,1,-0.14345114345114335,0.009009009009009009,0.0,-0.06304444116344285,0.009259259259259259,1
3869117,2022,United States,Sergino Dest,33,38,71,11,7,9,,False,16,134,0.5583333333333333,16,1.0,0.825,137,15,20,0.5428571428571428,15,1.0,0.819047619047619,16,0.027718550106609906,0.14925373134328357,0.0,0.00721500721500719,0.11678832116788321,20
3869117,2022,United States,Walker Zimmerman,66,61,127,14,21,3,,False,16,134,0.5583333333333333,16,1.0,0.825,137,15,23,0.5285714285714286,15,1.0,0.8047619047619048,24,0.05330490405117272,0.17164179104477612,0.0,0.024531024531024445,0.17518248175182483,23
3869117,2022,United States,Tim Ream,72,57,129,12,23,0,,False,16,134,0.5583333333333333,16,1.0,0.825,137,15,20,0.5428571428571428,15,1.0,0.8142857142857143,23,0.027718550106609906,0.14925373134328357,0.0,0.012987012987012941,0.1678832116788321,20
3869117,2022,United States,Timothy Weah,21,22,43,8,1,12,,False,16,134,0.5583333333333333,16,1.0,0.825,137,15,14,0.5714285714285714,15,1.0,0.8333333333333334,13,-0.023454157782515906,0.1044776119402985,0.0,-0.0101010101010102,0.0948905109489051,14
3869117,2022,United States,Tyler Adams,79,61,140,15,27,7,,False,16,134,0.5583333333333333,16,1.0,0.825,137,15,29,0.5,14,0.9333333333333333,0.7333333333333333,34,0.10447761194029853,0.21641791044776118,0.06666666666666665,0.11111111111111113,0.24817518248175183,29
3869117,2022,United States,Antonee Robinson,57,52,109,11,16,21,,False,16,134,0.5583333333333333,16,1.0,0.825,137,15,18,0.5523809523809524,15,1.0,0.819047619047619,37,0.010660980810234503,0.13432835820895522,0.0,0.00721500721500719,0.27007299270072993,18
3869117,2022,United States,Christian Pulisic,19,39,58,11,7,28,,False,16,134,0.5583333333333333,16,1.0,0.825,137,15,19,0.5476190476190477,15,1.0,0.819047619047619,35,0.019189765458422107,0.1417910447761194,0.0,0.00721500721500719,0.25547445255474455,19
3869117,2022,United States,Yunus Dimoara Musah,39,43,82,14,7,19,,False,16,134,0.5583333333333333,16,1.0,0.825,137,15,26,0.5142857142857142,15,1.0,0.8047619047619048,26,0.07889125799573572,0.19402985074626866,0.0,0.024531024531024445,0.1897810218978102,26
3869117,2022,United States,Jesus Ferreira,17,17,34,8,1,5,,False,16,134,0.5583333333333333,16,1.0,0.825,137,15,14,0.5714285714285714,15,1.0,0.8333333333333334,6,-0.023454157782515906,0.1044776119402985,0.0,-0.0101010101010102,0.043795620437956206,14
3869117,2022,United States,Matthew Charles Turner,18,14,32,9,10,0,,False,16,134,0.5583333333333333,16,1.0,0.825,137,15,14,0.5714285714285714,15,1.0,0.8285714285714286,10,-0.023454157782515906,0.1044776119402985,0.0,-0.004329004329004449,0.072992700729927,14
3869117,2022,United States,Weston McKennie,30,40,70,10,11,12,,False,16,134,0.5583333333333333,16,1.0,0.825,137,15,19,0.5476190476190477,15,1.0,0.8238095238095238,23,0.019189765458422107,0.1417910447761194,0.0,0.001443001443001438,0.1678832116788321,19
3869117,2022,United States,Giovanni Reyna,24,29,53,12,1,12,,False,16,134,0.5583333333333333,16,1.0,0.825,137,15,22,0.5333333333333333,15,1.0,0.8142857142857143,13,0.044776119402985114,0.16417910447761194,0.0,0.012987012987012941,0.0948905109489051,22
3869117,2022,United States,Haji Wright,8,8,16,6,1,5,,False,16,134,0.5583333333333333,16,1.0,0.825,137,15,9,0.5952380952380952,15,1.0,0.8428571428571429,6,-0.06609808102345412,0.06716417910447761,0.0,-0.021645021645021703,0.043795620437956206,9
3869117,2022,United States,Brenden Aaronson,8,11,19,8,1,1,,False,16,134,0.5583333333333333,16,1.0,0.825,137,15,11,0.5857142857142857,15,1.0,0.8333333333333334,2,-0.04904051172707891,0.08208955223880597,0.0,-0.0101010101010102,0.014598540145985401,11
3869117,2022,United States,DeAndre Yedlin,8,6,14,6,3,2,,False,16,134,0.5583333333333333,16,1.0,0.825,137,15,9,0.5952380952380952,15,1.0,0.8428571428571429,5,-0.06609808102345412,0.06716417910447761,0.0,-0.021645021645021703,0.0364963503649635,9
3869117,2022,United States,Jordan Morris,0,1,1,1,0,1,,True,16,134,0.5583333333333333,16,1.0,0.825,137,15,1,0.6333333333333333,15,1.0,0.8666666666666667,1,-0.13432835820895514,0.007462686567164179,0.0,-0.050505050505050594,0.0072992700729927005,1
3869118,2022,Senegal,Iliman Ndiaye,8,10,18,6,0,6,,False,16,119,0.49583333333333335,16,1.0,0.8,90,15,9,0.5238095238095238,15,1.0,0.8142857142857143,6,-0.056422569027611065,0.07563025210084033,0.0,-0.017857142857142794,0.06666666666666667,9
3869118,2022,Senegal,Kalidou Koulibaly,32,36,68,12,13,3,,False,16,119,0.49583333333333335,16,1.0,0.8,90,15,21,0.4666666666666667,15,1.0,0.7857142857142857,16,0.05882352941176472,0.17647058823529413,0.0,0.017857142857142932,0.17777777777777778,21
3869118,2022,Senegal,Pathé Ismaël Ciss,18,16,34,8,6,2,,False,16,119,0.49583333333333335,16,1.0,0.8,90,15,14,0.5,15,1.0,0.8047619047619048,8,-0.008403361344537785,0.11764705882352941,0.0,-0.005952380952380931,0.08888888888888889,14
3869118,2022,Senegal,Abdou Diallo,43,44,87,13,21,2,,False,16,119,0.49583333333333335,16,1.0,0.8,90,15,24,0.4523809523809524,15,1.0,0.780952380952381,23,0.08763505402160866,0.20168067226890757,0.0,0.023809523809523864,0.25555555555555554,24
3869118,2022,Senegal,Nampalys Mendy,50,44,94,13,10,8,,False,16,119,0.49583333333333335,16,1.0,0.8,90,15,24,0.4523809523809524,15,1.0,0.780952380952381,18,0.08763505402160866,0.20168067226890757,0.0,0.023809523809523864,0.2,24
3869118,2022,Senegal,Youssouf Sabaly,35,25,60,11,4,15,,False,16,119,0.49583333333333335,16,1.0,0.8,90,15,20,0.4714285714285714,15,1.0,0.7904761904761904,19,0.04921968787515011,0.16806722689075632,0.0,0.011904761904762001,0.2111111111111111,20
3869118,2022,Senegal,Krépin Diatta,9,14,23,7,1,6,,False,16,119,0.49583333333333335,16,1.0,0.8,90,15,10,0.5190476190476191,15,1.0,0.8095238095238095,7,-0.046818727490996456,0.08403361344537816,0.0,-0.011904761904761862,0.07777777777777778,10
3869118,2022,Senegal,Ismaïla Sarr,17,25,42,10,1,17,,False,16,119,0.49583333333333335,16,1.0,0.8,90,15,16,0.49047619047619045,15,1.0,0.7952380952380952,18,0.01080432172869155,0.13445378151260504,0.0,0.00595238095238107,0.2,16
3869118,2022,Senegal,Edouard Mendy,22,14,36,10,12,0,,False,16,119,0.49583333333333335,16,1.0,0.8,90,15,14,0.5,15,1.0,0.7952380952380952,12,-0.008403361344537785,0.11764705882352941,0.0,0.00595238095238107,0.13333333333333333,14
3869118,2022,Senegal,Ismail Jakobs,25,20,45,8,11,8,,False,16,119,0.49583333333333335,16,1.0,0.8,90,15,14,0.5,15,1.0,0.8047619047619048,19,-0.008403361344537785,0.11764705882352941,0.0,-0.005952380952380931,0.2111111111111111,14
3869118,2022,Senegal,Boulaye Dia,7,11,18,8,1,6,,False,16,119,0.49583333333333335,16,1.0,0.8,90,15,12,0.5095238095238095,15,1.0,0.8047619047619048,7,-0.027611044417767006,0.10084033613445378,0.0,-0.005952380952380931,0.07777777777777778,12
3869118,2022,Senegal,Pape Matar Sarr,27,27,54,12,5,5,,False,16,119,0.49583333333333335,16,1.0,0.8,90,15,21,0.4666666666666667,15,1.0,0.7857142857142857,10,0.05882352941176472,0.17647058823529413,0.0,0.017857142857142932,0.1111111111111111,21
3869118,2022,Senegal,Pape Gueye,17,19,36,8,4,3,,False,16,119,0.49583333333333335,16,1.0,0.8,90,15,14,0.5,15,1.0,0.8047619047619048,7,-0.008403361344537785,0.11764705882352941,0.0,-0.005952380952380931,0.07777777777777778,14
3869118,2022,Senegal,Cheikh Ahmadou Bamba Mbacke Dieng,3,6,9,6,0,5,,False,16,119,0.49583333333333335,16,1.0,0.8,90,15,8,0.5285714285714286,15,1.0,0.8142857142857143,5,-0.06602641056422567,0.06722689075630252,0.0,-0.017857142857142794,0.05555555555555555,8
3869118,2022,Senegal,Famara Diedhiou,4,6,10,7,0,4,,False,16,119,0.49583333333333335,16,1.0,0.8,90,15,10,0.5190476190476191,15,1.0,0.8095238095238095,4,-0.046818727490996456,0.08403361344537816,0.0,-0.011904761904761862,0.044444444444444446,10
3869118,2022,Senegal,Fodé Ballo Touré,6,6,12,5,1,0,,False,16,119,0.49583333333333335,16,1.0,0.8,90,15,7,0.5333333333333333,15,1.0,0.819047619047619,1,-0.07563025210084029,0.058823529411764705,0.0,-0.023809523809523725,0.011111111111111112,7
3869118,2022,England,Philip Foden,27,30,57,9,3,18,,False,16,129,0.5375,16,1.0,0.8208333333333333,140,15,15,0.5428571428571428,15,1.0,0.8238095238095238,21,-0.009966777408637838,0.11627906976744186,0.0,-0.0036258158085569125,0.15,15
3869118,2022,England,Declan Rice,53,46,99,15,7,9,,False,16,129,0.5375,16,1.0,0.8208333333333333,140,15,28,0.48095238095238096,15,1.0,0.7936507936507937,16,0.10520487264673305,0.21705426356589147,0.0,0.0331157843848198,0.11428571428571428,28
3869118,2022,England,Jordan Pickford,38,30,68,13,22,0,,False,16,129,0.5375,16,1.0,0.8208333333333333,140,15,19,0.5238095238095238,15,1.0,0.8047619047619048,22,0.02547065337763003,0.14728682170542637,0.0,0.01957940536620733,0.15714285714285714,19
3869118,2022,England,Jude Bellingham,32,32,64,10,6,13,,False,16,129,0.5375,16,1.0,0.8208333333333333,140,15,20,0.5190476190476191,15,1.0,0.819047619047619,19,0.034330011074197,0.15503875968992248,0.0,0.0021754894851341473,0.1357142857142857,20
3869118,2022,England,Luke Shaw,60,49,109,12,19,18,,False,16,129,0.5375,16,1.0,0.8208333333333333,140,15,20,0.5190476190476191,15,1.0,0.8095238095238095,37,0.034330011074197,0.15503875968992248,0.0,0.013778100072516267,0.2642857142857143,20
3869118,2022,England,Harry Maguire,63,65,128,10,24,3,,False,16,129,0.5375,16,1.0,0.8208333333333333,140,15,19,0.5238095238095238,15,1.0,0.819047619047619,27,0.02547065337763003,0.14728682170542637,0.0,0.0021754894851341473,0.19285714285714287,19
3869118,2022,England,John Stones,82,81,163,10,20,4,,False,16,129,0.5375,16,1.0,0.8208333333333333,140,15,18,0.5285714285714286,15,1.0,0.819047619047619,24,0.016611295681063065,0.13953488372093023,0.0,0.0021754894851341473,0.17142857142857143,18
3869118,2022,England,Kyle Walker,68,61,129,14,17,6,,False,16,129,0.5375,16,1.0,0.8208333333333333,140,15,24,0.5,15,1.0,0.8,23,0.06976744186046507,0.18604651162790697,0.0,0.025380710659898387,0.16428571428571428,24
3869118,2022,England,Harry Kane,17,33,50,11,7,19,,False,16,129,0.5375,16,1.0,0.8208333333333333,140,15,18,0.5285714285714286,15,1.0,0.8142857142857143,26,0.016611295681063065,0.13953488372093023,0.0,0.007976794778825208,0.18571428571428572,18
3869118,2022,England,Jordan Brian Henderson,41,46,87,10,8,17,,False,16,129,0.5375,16,1.0,0.8208333333333333,140,15,18,0.5285714285714286,15,1.0,0.819047619047619,25,0.016611295681063065,0.13953488372093023,0.0,0.0021754894851341473,0.17857142857142858,18
3869118,2022,England,Bukayo Saka,24,26,50,10,3,17,,False,16,129,0.5375,16,1.0,0.8208333333333333,140,15,18,0.5285714285714286,15,1.0,0.819047619047619,20,0.016611295681063065,0.13953488372093023,0.0,0.0021754894851341473,0.14285714285714285,18
3869118,2022,England,Marcus Rashford,7,11,18,6,0,7,,False,16,129,0.5375,16,1.0,0.8208333333333333,140,15,9,0.5714285714285714,15,1.0,0.8380952380952381,7,-0.06312292358803985,0.06976744186046512,0.0,-0.021029731689630227,0.05,9
3869118,2022,England,Jack Grealish,7,10,17,7,2,7,,False,16,129,0.5375,16,1.0,0.8208333333333333,140,15,9,0.5714285714285714,15,1.0,0.8333333333333334,9,-0.06312292358803985,0.06976744186046512,0.0,-0.015228426395939168,0.06428571428571428,9
3869118,2022,England,Mason Mount,3,1,4,4,0,1,,False,16,129,0.5375,16,1.0,0.8208333333333333,140,15,4,0.5952380952380952,15,1.0,0.8476190476190476,1,-0.1074197120708749,0.031007751937984496,0.0,-0.032632342277012345,0.007142857142857143,4
3869118,2022,England,Eric Dier,11,11,22,9,1,0,,False,16,129,0.5375,16,1.0,0.8208333333333333,140,15,13,0.5523809523809524,15,1.0,0.8238095238095238,1,-0.02768549280177198,0.10077519379844961,0.0,-0.0036258158085569125,0.007142857142857143,13
3869118,2022,England,Kalvin Phillips,3,4,7,4,1,1,,False,16,129,0.5375,16,1.0,0.8208333333333333,140,15,6,0.5857142857142857,15,1.0,0.8476190476190476,2,-0.08970099667774097,0.046511627906976744,0.0,-0.032632342277012345,0.014285714285714285,6
3869151,2022,Australia,Jackson Irvine,29,28,57,11,8,9,,False,16,115,0.4791666666666667,16,1.0,0.8083333333333333,108,15,21,0.44761904761904764,15,1.0,0.8,17,0.06583850931677018,0.1826086956521739,0.0,0.010309278350515427,0.1574074074074074,21
3869151,2022,Australia,Kye Rowles,65,59,124,13,18,0,,False,16,115,0.4791666666666667,16,1.0,0.8083333333333333,108,15,22,0.44285714285714284,15,1.0,0.7904761904761904,18,0.07577639751552803,0.19130434782608696,0.0,0.022091310751104622,0.16666666666666666,22
3869151,2022,Australia,Mathew Leckie,10,17,27,11,3,11,,False,16,115,0.4791666666666667,16,1.0,0.8083333333333333,108,15,15,0.47619047619047616,15,1.0,0.8,14,0.006211180124223696,0.13043478260869565,0.0,0.010309278350515427,0.12962962962962962,15
3869151,2022,Australia,Mitchell Thomas Duke,6,15,21,9,0,12,,False,16,115,0.4791666666666667,16,1.0,0.8083333333333333,108,15,13,0.4857142857142857,15,1.0,0.8095238095238095,12,-0.013664596273291876,0.11304347826086956,0.0,-0.0014727540500736325,0.1111111111111111,13
3869151,2022,Australia,Aziz Eraltay Behich,42,40,82,9,4,19,,False,16,115,0.4791666666666667,16,1.0,0.8083333333333333,108,15,16,0.4714285714285714,15,1.0,0.8095238095238095,23,0.016149068322981425,0.1391304347826087,0.0,-0.0014727540500736325,0.21296296296296297,16
3869151,2022,Australia,Harry Souttar,53,54,107,13,23,3,,False,16,115,0.4791666666666667,16,1.0,0.8083333333333333,108,15,21,0.44761904761904764,15,1.0,0.7841269841269842,26,0.06583850931677018,0.1826086956521739,0.0,0.02994599901816386,0.24074074074074073,21
3869151,2022,Australia,Mathew Ryan,45,36,81,11,19,0,,False,16,115,0.4791666666666667,16,1.0,0.8083333333333333,108,15,16,0.4714285714285714,15,1.0,0.8,19,0.016149068322981425,0.1391304347826087,0.0,0.010309278350515427,0.17592592592592593,16
3869151,2022,Australia,Riley McGree,14,13,27,8,1,5,,False,16,115,0.4791666666666667,16,1.0,0.8083333333333333,108,15,12,0.49047619047619045,15,1.0,0.8142857142857143,6,-0.023602484472049604,0.10434782608695652,0.0,-0.007363770250368162,0.05555555555555555,12
3869151,2022,Australia,Aaron Mooy,52,46,98,14,14,9,,False,16,115,0.4791666666666667,16,1.0,0.8083333333333333,108,15,23,0.4380952380952381,15,1.0,0.7825396825396828,23,0.08571428571428576,0.2,0.0,0.031909671084928565,0.21296296296296297,23
3869151,2022,Australia,Keanu Baccus,10,13,23,6,2,6,,False,16,115,0.4791666666666667,16,1.0,0.8083333333333333,108,15,12,0.49047619047619045,15,1.0,0.8238095238095238,8,-0.023602484472049604,0.10434782608695652,0.0,-0.019145802650957222,0.07407407407407407,12
3869151,2022,Australia,Miloš Degenek,32,28,60,9,6,15,,False,16,115,0.4791666666666667,16,1.0,0.8083333333333333,108,15,16,0.4714285714285714,15,1.0,0.8095238095238095,21,0.016149068322981425,0.1391304347826087,0.0,-0.0014727540500736325,0.19444444444444445,16
3869151,2022,Australia,Ajdin Hrustic,7,12,19,9,2,5,,False,16,115,0.4791666666666667,16,1.0,0.8083333333333333,108,15,13,0.4857142857142857,15,1.0,0.8095238095238095,7,-0.013664596273291876,0.11304347826086956,0.0,-0.0014727540500736325,0.06481481481481481,13
3869151,2022,Australia,Craig Goodwin,6,9,15,8,2,7,,False,16,115,0.4791666666666667,16,1.0,0.8083333333333333,108,15,9,0.5047619047619047,15,1.0,0.8142857142857143,9,-0.053416149068322906,0.0782608695652174,0.0,-0.007363770250368162,0.08333333333333333,9
3869151,2022,Australia,Fran Karačić,12,7,19,9,6,2,,False,16,115,0.4791666666666667,16,1.0,0.8083333333333333,108,15,13,0.4857142857142857,15,1.0,0.8095238095238095,8,-0.013664596273291876,0.11304347826086956,0.0,-0.0014727540500736325,0.07407407407407407,13
3869151,2022,Australia,Jamie MacLaren,0,3,3,3,0,1,,False,16,115,0.4791666666666667,16,1.0,0.8083333333333333,108,15,3,0.5333333333333333,15,1.0,0.8380952380952381,1,-0.11304347826086951,0.02608695652173913,0.0,-0.03681885125184095,0.009259259259259259,3
3869151,2022,Australia,Garang Kuol,1,4,5,5,0,4,,False,16,115,0.4791666666666667,16,1.0,0.8083333333333333,108,15,5,0.5238095238095238,15,1.0,0.8285714285714286,4,-0.09316770186335405,0.043478260869565216,0.0,-0.025036818851251887,0.037037037037037035,5
3869151,2022,Argentina,Enzo Fernandez,94,86,180,14,18,2,,False,16,133,0.5541666666666667,16,1.0,0.8236111111111112,126,15,25,0.5142857142857142,15,1.0,0.8031746031746031,20,0.07196562835660594,0.18796992481203006,0.0,0.02481329800048199,0.15873015873015872,25
3869151,2022,Argentina,Lionel Andrés Messi Cuccittini,53,67,120,13,11,16,,False,16,133,0.5541666666666667,16,1.0,0.8236111111111112,126,15,23,0.5238095238095238,15,1.0,0.8079365079365078,27,0.05477980665950591,0.17293233082706766,0.0,0.01903155866056392,0.21428571428571427,23
3869151,2022,Argentina,Alejandro Darío Gómez,32,33,65,9,4,15,,False,16,133,0.5541666666666667,16,1.0,0.8236111111111112,126,15,17,0.5523809523809524,15,1.0,0.8269841269841269,19,0.0032223415682062183,0.12781954887218044,0.0,-0.004095398699108499,0.15079365079365079,17
3869151,2022,Argentina,Marcos Javier Acuña,52,55,107,10,10,19,,False,16,133,0.5541666666666667,16,1.0,0.8236111111111112,126,15,20,0.5380952380952381,15,1.0,0.8222222222222222,29,0.029001074113856166,0.15037593984962405,0.0,0.0016863406408095722,0.23015873015873015,20
3869151,2022,Argentina,Nicolás Hernán Otamendi,91,80,171,12,21,1,,False,16,133,0.5541666666666667,16,1.0,0.8236111111111112,126,15,22,0.5285714285714286,15,1.0,0.8111111111111111,22,0.046186895810955995,0.16541353383458646,0.0,0.01517706576728507,0.1746031746031746,22
3869151,2022,Argentina,Cristian Gabriel Romero,72,63,135,12,15,2,,False,16,133,0.5541666666666667,16,1.0,0.8236111111111112,126,15,20,0.5380952380952381,15,1.0,0.8126984126984127,17,0.029001074113856166,0.15037593984962405,0.0,0.013249819320645714,0.1349206349206349,20
3869151,2022,Argentina,Nahuel Molina Lucero,55,49,104,11,11,10,,False,16,133,0.5541666666666667,16,1.0,0.8236111111111112,126,15,20,0.5380952380952381,15,1.0,0.8174603174603174,21,0.029001074113856166,0.15037593984962405,0.0,0.007468079980727643,0.16666666666666666,20
3869151,2022,Argentina,Rodrigo Javier De Paul,76,81,157,13,11,13,,False,16,133,0.5541666666666667,16,1.0,0.8236111111111112,126,15,23,0.5238095238095238,15,1.0,0.8079365079365078,24,0.05477980665950591,0.17293233082706766,0.0,0.01903155866056392,0.19047619047619047,23
3869151,2022,Argentina,Julián Álvarez,15,21,36,10,0,14,,False,16,133,0.5541666666666667,16,1.0,0.8236111111111112,126,15,16,0.5571428571428572,15,1.0,0.8222222222222222,14,-0.005370569280343697,0.12030075187969924,0.0,0.0016863406408095722,0.1111111111111111,16
3869151,2022,Argentina,Damián Emiliano Martínez,22,21,43,6,8,0,,False,16,133,0.5541666666666667,16,1.0,0.8236111111111112,126,15,10,0.5857142857142857,15,1.0,0.8428571428571429,8,-0.05692803437164339,0.07518796992481203,0.0,-0.023367863165502205,0.06349206349206349,10
3869151,2022,Argentina,Alexis Mac Allister,40,44,84,11,1,18,,False,16,133,0.5541666666666667,16,1.0,0.8236111111111112,126,15,21,0.5333333333333333,15,1.0,0.8174603174603174,19,0.03759398496240608,0.15789473684210525,0.0,0.007468079980727643,0.15079365079365079,21
3869151,2022,Argentina,Lisandro Martínez,18,14,32,11,11,0,,False,16,133,0.5541666666666667,16,1.0,0.8236111111111112,126,15,16,0.5571428571428572,15,1.0,0.8174603174603174,11,-0.005370569280343697,0.12030075187969924,0.0,0.007468079980727643,0.0873015873015873,16
3869151,2022,Argentina,Nicolás Alejandro Tagliafico,10,6,16,7,3,4,,False,16,133,0.5541666666666667,16,1.0,0.8236111111111112,126,15,10,0.5857142857142857,15,1.0,0.8365079365079364,7,-0.05692803437164339,0.07518796992481203,0.0,-0.01565887737894464,0.05555555555555555,10
3869151,2022,Argentina,Lautaro Javier Martínez,7,16,23,9,1,9,,False,16,133,0.5541666666666667,16,1.0,0.8236111111111112,126,15,13,0.5714285714285714,15,1.0,0.8269841269841269,10,-0.031149301825993445,0.09774436090225563,0.0,-0.004095398699108499,0.07936507936507936,13
3869151,2022,Argentina,Gonzalo Ariel Montiel,4,3,7,3,1,2,,False,16,133,0.5541666666666667,16,1.0,0.8236111111111112,126,15,4,0.6142857142857143,15,1.0,0.8571428571428571,3,-0.10848549946294309,0.03007518796992481,0.0,-0.04071308118525642,0.023809523809523808,4
3869151,2022,Argentina,Exequiel Alejandro Palacios,5,7,12,5,0,1,,False,16,133,0.5541666666666667,16,1.0,0.8236111111111112,126,15,6,0.6047619047619047,15,1.0,0.846031746031746,1,-0.09129967776584305,0.045112781954887216,0.0,-0.027222356058780917,0.007936507936507936,6
3869152,2022,France,Olivier Giroud,12,14,26,9,2,10,,False,15,123,0.5857142857142857,15,1.0,0.8476190476190476,127,14,14,0.5989010989010989,14,1.0,0.8516483516483516,12,-0.02251407129455902,0.11382113821138211,0.0,-0.004753673292999119,0.09448818897637795,14
3869152,2022,France,Aurélien Djani Tchouaméni,65,68,133,10,10,8,,False,15,123,0.5857142857142857,15,1.0,0.8476190476190476,127,14,20,0.5659340659340659,14,1.0,0.8461538461538461,18,0.03377110694183872,0.16260162601626016,0.0,0.0017286084701814979,0.14173228346456693,20
3869152,2022,France,Jules Koundé,64,53,117,11,20,11,,False,15,123,0.5857142857142857,15,1.0,0.8476190476190476,127,14,21,0.5604395604395604,14,1.0,0.8406593406593407,31,0.04315196998123831,0.17073170731707318,0.0,0.008210890233362115,0.2440944881889764,21
3869152,2022,France,Hugo Lloris,17,13,30,10,13,0,,False,15,123,0.5857142857142857,15,1.0,0.8476190476190476,127,14,14,0.5989010989010989,14,1.0,0.8461538461538461,13,-0.02251407129455902,0.11382113821138211,0.0,0.0017286084701814979,0.10236220472440945,14
3869152,2022,France,Adrien Rabiot,52,52,104,12,13,7,,False,15,123,0.5857142857142857,15,1.0,0.8476190476190476,127,14,20,0.5659340659340659,14,1.0,0.8351648351648352,20,0.03377110694183872,0.16260162601626016,0.0,0.014693171996542732,0.15748031496062992,20
3869152,2022,France,Antoine Griezmann,40,44,84,11,11,12,,False,15,123,0.5857142857142857,15,1.0,0.8476190476190476,127,14,22,0.554945054945055,14,1.0,0.8406593406593407,23,0.0525328330206379,0.17886178861788618,0.0,0.008210890233362115,0.18110236220472442,22
3869152,2022,France,Theo Bernard François Hernández,67,45,112,11,17,11,,False,15,123,0.5857142857142857,15,1.0,0.8476190476190476,127,14,19,0.5714285714285714,14,1.0,0.8406593406593407,28,0.024390243902439126,0.15447154471544716,0.0,0.008210890233362115,0.2204724409448819,19
3869152,2022,France,Dayotchanculle Upamecano,52,49,101,13,18,7,,False,15,123,0.5857142857142857,15,1.0,0.8476190476190476,127,14,24,0.5439560439560439,14,1.0,0.8278388278388279,25,0.07129455909943727,0.1951219512195122,0.0,0.02333621434745022,0.1968503937007874,24
3869152,2022,France,Raphaël Varane,37,35,72,12,11,0,,False,15,123,0.5857142857142857,15,1.0,0.8476190476190476,127,14,19,0.5714285714285714,14,1.0,0.8351648351648352,11,0.024390243902439126,0.15447154471544716,0.0,0.014693171996542732,0.08661417322834646,19
3869152,2022,France,Ousmane Dembélé,35,42,77,10,6,23,,False,15,123,0.5857142857142857,15,1.0,0.8476190476190476,127,14,17,0.5824175824175825,14,1.0,0.8461538461538461,29,0.005628517823639755,0.13821138211382114,0.0,0.0017286084701814979,0.2283464566929134,17
3869152,2022,France,Kylian Mbappé Lottin,34,55,89,11,4,25,,False,15,123,0.5857142857142857,15,1.0,0.8476190476190476,127,14,19,0.5714285714285714,14,1.0,0.8406593406593407,29,0.024390243902439126,0.15447154471544716,0.0,0.008210890233362115,0.2283464566929134,19
3869152,2022,France,Youssouf Fofana,12,11,23,10,1,0,,False,15,123,0.5857142857142857,15,1.0,0.8476190476190476,127,14,15,0.5934065934065934,14,1.0,0.8461538461538461,1,-0.013133208255159427,0.12195121951219512,0.0,0.0017286084701814979,0.007874015748031496,15
3869152,2022,France,Marcus Thuram,7,11,18,5,0,7,,False,15,123,0.5857142857142857,15,1.0,0.8476190476190476,127,14,9,0.6263736263736264,14,1.0,0.8736263736263736,7,-0.06941838649155717,0.07317073170731707,0.0,-0.030682800345721715,0.05511811023622047,9
3869152,2022,France,Kingsley Coman,8,10,18,6,0,6,,False,15,123,0.5857142857142857,15,1.0,0.8476190476190476,127,14,8,0.6318681318681318,14,1.0,0.8681318681318682,6,-0.07879924953095675,0.06504065040650407,0.0,-0.0242005185825411,0.047244094488188976,8
3869152,2022,France,Axel Disasi,3,3,6,5,1,0,,False,15,123,0.5857142857142857,15,1.0,0.8476190476190476,127,14,5,0.6483516483516484,14,1.0,0.8736263736263736,1,-0.10694183864915571,0.04065040650406504,0.0,-0.030682800345721715,0.007874015748031496,5
3869152,2022,Poland,Grzegorz Krychowiak,38,39,77,10,6,9,,False,16,111,0.4625,16,1.0,0.7819444444444446,109,15,15,0.45714285714285713,15,1.0,0.7746031746031747,15,0.01158301158301166,0.13513513513513514,0.0,0.009388480081197631,0.13761467889908258,15
3869152,2022,Poland,Kamil Glik,38,30,68,9,7,1,,False,16,111,0.4625,16,1.0,0.7819444444444446,109,15,13,0.4666666666666667,15,1.0,0.7793650793650795,8,-0.009009009009008976,0.11711711711711711,0.0,0.0032986551636640326,0.07339449541284404,13
3869152,2022,Poland,Matty Cash,38,36,74,10,6,10,,False,16,111,0.4625,16,1.0,0.7819444444444446,109,15,19,0.4380952380952381,15,1.0,0.7746031746031747,16,0.05276705276705282,0.17117117117117117,0.0,0.009388480081197631,0.14678899082568808,19
3869152,2022,Poland,Jakub Piotr Kiwior,67,69,136,13,27,3,,False,16,111,0.4625,16,1.0,0.7819444444444446,109,15,23,0.41904761904761906,15,1.0,0.7587301587301588,30,0.09395109395109397,0.2072072072072072,0.0,0.029687896472976434,0.27522935779816515,23
3869152,2022,Poland,Przemysław Frankowski,16,22,38,8,3,11,,False,16,111,0.4625,16,1.0,0.7819444444444446,109,15,13,0.4666666666666667,15,1.0,0.7841269841269842,14,-0.009009009009008976,0.11711711711711711,0.0,-0.0027911697538695658,0.12844036697247707,13
3869152,2022,Poland,Piotr Zieliński,60,57,117,13,21,10,,False,16,111,0.4625,16,1.0,0.7819444444444446,109,15,25,0.4095238095238095,15,1.0,0.7587301587301588,31,0.11454311454311461,0.22522522522522523,0.0,0.029687896472976434,0.28440366972477066,25
3869152,2022,Poland,Jakub Kamiński,12,18,30,7,1,11,,False,16,111,0.4625,16,1.0,0.7819444444444446,109,15,10,0.48095238095238096,15,1.0,0.788888888888889,12,-0.039897039897039875,0.09009009009009009,0.0,-0.008880994671403164,0.11009174311926606,10
3869152,2022,Poland,Robert Lewandowski,24,31,55,11,3,14,,False,16,111,0.4625,16,1.0,0.7819444444444446,109,15,20,0.43333333333333335,15,1.0,0.7698412698412699,17,0.06306306306306307,0.18018018018018017,0.0,0.015478304998731372,0.1559633027522936,20
3869152,2022,Poland,Bartosz Bereszyński,43,36,79,10,8,17,,False,16,111,0.4625,16,1.0,0.7819444444444446,109,15,19,0.4380952380952381,15,1.0,0.773015873015873,25,0.05276705276705282,0.17117117117117117,0.0,0.011418421720375639,0.22935779816513763,19
3869152,2022,Poland,Wojciech Szczęsny,18,12,30,7,10,0,,False,16,111,0.4625,16,1.0,0.7819444444444446,109,15,10,0.48095238095238096,15,1.0,0.788888888888889,10,-0.039897039897039875,0.09009009009009009,0.0,-0.008880994671403164,0.09174311926605505,10
3869152,2022,Poland,Sebastian Szymański,11,10,21,7,2,5,,False,16,111,0.4625,16,1.0,0.7819444444444446,109,15,10,0.48095238095238096,15,1.0,0.788888888888889,7,-0.039897039897039875,0.09009009009009009,0.0,-0.008880994671403164,0.06422018348623854,10
3869152,2022,Poland,Arkadiusz Milik,7,11,18,10,1,7,,False,16,111,0.4625,16,1.0,0.7819444444444446,109,15,13,0.4666666666666667,15,1.0,0.7746031746031747,8,-0.009009009009008976,0.11711711711711711,0.0,0.009388480081197631,0.07339449541284404,13
3869152,2022,Poland,Nicola Zalewski,4,8,12,4,2,6,,False,16,111,0.4625,16,1.0,0.7819444444444446,109,15,6,0.5,15,1.0,0.8047619047619048,8,-0.08108108108108103,0.05405405405405406,0.0,-0.029180411063181824,0.07339449541284404,6
3869152,2022,Poland,Krystian Bielik,20,18,38,8,8,3,,False,16,111,0.4625,16,1.0,0.7819444444444446,109,15,13,0.4666666666666667,15,1.0,0.7841269841269842,11,-0.009009009009008976,0.11711711711711711,0.0,-0.0027911697538695658,0.10091743119266056,13
3869152,2022,Poland,Jan Bednarek,6,3,9,5,4,0,,False,16,111,0.4625,16,1.0,0.7819444444444446,109,15,6,0.5,15,1.0,0.7984126984126985,4,-0.08108108108108103,0.05405405405405406,0.0,-0.021060644506470362,0.03669724770642202,6
3869152,2022,Poland,Kamil Grosicki,4,6,10,4,0,2,,False,16,111,0.4625,16,1.0,0.7819444444444446,109,15,7,0.49523809523809526,15,1.0,0.8047619047619048,2,-0.07078507078507076,0.06306306306306306,0.0,-0.029180411063181824,0.01834862385321101,7
3869219,2022,Croatia,Andrej Kramarić,17,21,38,9,0,10,,False,17,136,0.5,17,1.0,0.8272058823529411,184,16,12,0.5166666666666667,16,1.0,0.8333333333333334,10,-0.03333333333333344,0.08823529411764706,0.0,-0.007407407407407516,0.05434782608695652,12
3869219,2022,Croatia,Dejan Lovren,93,83,176,13,34,5,,False,17,136,0.5,17,1.0,0.8272058823529411,184,16,21,0.4791666666666667,16,1.0,0.8166666666666667,39,0.04166666666666663,0.15441176470588236,0.0,0.012740740740740697,0.21195652173913043,21
3869219,2022,Croatia,Bruno Petković,8,17,25,10,1,12,,False,17,136,0.5,17,1.0,0.8272058823529411,184,16,14,0.5083333333333333,16,1.0,0.8291666666666667,13,-0.016666666666666607,0.10294117647058823,0.0,-0.002370370370370496,0.07065217391304347,14
3869219,2022,Croatia,Ivan Perišić,22,39,61,13,4,19,,False,17,136,0.5,17,1.0,0.8272058823529411,184,16,18,0.49166666666666664,16,1.0,0.8166666666666667,23,0.01666666666666672,0.1323529411764706,0.0,0.012740740740740697,0.125,18
3869219,2022,Croatia,Mateo Kovačić,53,52,105,11,11,14,,False,17,136,0.5,17,1.0,0.8272058823529411,184,16,20,0.48333333333333334,16,1.0,0.825,25,0.033333333333333326,0.14705882352941177,0.0,0.0026666666666666575,0.1358695652173913,20
3869219,2022,Croatia,Joško Gvardiol,76,65,141,13,25,4,,False,17,136,0.5,17,1.0,0.8272058823529411,184,16,20,0.48333333333333334,16,1.0,0.8166666666666667,29,0.033333333333333326,0.14705882352941177,0.0,0.012740740740740697,0.15760869565217392,20
3869219,2022,Croatia,Borna Barišić,50,43,93,14,12,14,,False,17,136,0.5,17,1.0,0.8272058823529411,184,16,21,0.4791666666666667,16,1.0,0.8125,26,0.04166666666666663,0.15441176470588236,0.0,0.017777777777777715,0.14130434782608695,21
3869219,2022,Croatia,Marcelo Brozović,116,120,236,16,33,27,,False,17,136,0.5,17,1.0,0.8272058823529411,184,16,29,0.44583333333333336,16,1.0,0.8041666666666667,60,0.10833333333333328,0.21323529411764705,0.0,0.027851851851851756,0.32608695652173914,29
3869219,2022,Croatia,Josip Juranović,82,76,158,16,21,35,,False,17,136,0.5,17,1.0,0.8272058823529411,184,16,26,0.4583333333333333,16,1.0,0.8041666666666667,56,0.08333333333333337,0.19117647058823528,0.0,0.027851851851851756,0.30434782608695654,26
3869219,2022,Croatia,Dominik Livaković,31,18,49,9,17,0,,False,17,136,0.5,17,1.0,0.8272058823529411,184,16,14,0.5083333333333333,16,1.0,0.8333333333333334,17,-0.016666666666666607,0.10294117647058823,0.0,-0.007407407407407516,0.09239130434782608,14
3869219,2022,Croatia,Luka Modrić,64,66,130,11,19,13,,False,17,136,0.5,17,1.0,0.8272058823529411,184,16,20,0.48333333333333334,16,1.0,0.825,32,0.033333333333333326,0.14705882352941177,0.0,0.0026666666666666575,0.17391304347826086,20
3869219,2022,Croatia,Ante Budimir,4,7,11,6,0,6,,False,17,136,0.5,17,1.0,0.8272058823529411,184,16,8,0.5333333333333333,16,1.0,0.8458333333333333,6,-0.06666666666666665,0.058823529411764705,0.0,-0.022518518518518573,0.03260869565217391,8
3869219,2022,Croatia,Mario Pašalić,10,17,27,10,1,11,,False,17,136,0.5,17,1.0,0.8272058823529411,184,16,13,0.5125,16,1.0,0.8291666666666667,12,-0.02499999999999991,0.09558823529411764,0.0,-0.002370370370370496,0.06521739130434782,13
3869219,2022,Croatia,Lovro Majer,17,17,34,10,2,5,,False,17,136,0.5,17,1.0,0.8272058823529411,184,16,13,0.5125,16,1.0,0.8291666666666667,7,-0.02499999999999991,0.09558823529411764,0.0,-0.002370370370370496,0.03804347826086957,13
3869219,2022,Croatia,Nikola Vlašić,8,9,17,8,3,5,,False,17,136,0.5,17,1.0,0.8272058823529411,184,16,11,0.5208333333333334,16,1.0,0.8375,8,-0.04166666666666674,0.08088235294117647,0.0,-0.012444444444444536,0.043478260869565216,11
3869219,2022,Croatia,Marko Livaja,3,2,5,4,1,1,,False,17,136,0.5,17,1.0,0.8272058823529411,184,16,5,0.5458333333333333,16,1.0,0.8541666666666666,2,-0.09166666666666656,0.03676470588235294,0.0,-0.03259259259259261,0.010869565217391304,5
3869219,2022,Croatia,Mislav Oršić,3,5,8,5,0,3,,False,17,136,0.5,17,1.0,0.8272058823529411,184,16,7,0.5375,16,1.0,0.85,3,-0.07499999999999996,0.051470588235294115,0.0,-0.027555555555555594,0.016304347826086956,7
3869219,2022,Japan,Yuto Nagatomo,23,22,45,7,2,10,,False,16,131,0.5458333333333333,16,1.0,0.8416666666666667,116,15,10,0.5761904761904761,15,1.0,0.8571428571428571,12,-0.05561613958560525,0.07633587786259542,0.0,-0.01838755304101832,0.10344827586206896,10
3869219,2022,Japan,Hidemasa Morita,43,47,90,14,12,8,,False,16,131,0.5458333333333333,16,1.0,0.8416666666666667,116,15,25,0.5047619047619047,15,1.0,0.8238095238095238,20,0.07524536532170115,0.19083969465648856,0.0,0.021216407355021272,0.1724137931034483,25
3869219,2022,Japan,Ritsu Doan,23,28,51,10,5,15,,False,16,131,0.5458333333333333,16,1.0,0.8416666666666667,116,15,16,0.5476190476190477,15,1.0,0.8428571428571429,20,-0.003271537622682853,0.12213740458015267,0.0,-0.0014144271570014095,0.1724137931034483,16
3869219,2022,Japan,Daichi Kamada,32,32,64,10,8,15,,False,16,131,0.5458333333333333,16,1.0,0.8416666666666667,116,15,16,0.5476190476190477,15,1.0,0.8428571428571429,23,-0.003271537622682853,0.12213740458015267,0.0,-0.0014144271570014095,0.19827586206896552,16
3869219,2022,Japan,Takehiro Tomiyasu,54,54,108,13,17,5,,False,16,131,0.5458333333333333,16,1.0,0.8416666666666667,116,15,25,0.5047619047619047,15,1.0,0.8285714285714286,22,0.07524536532170115,0.19083969465648856,0.0,0.015558698727015503,0.1896551724137931,25
3869219,2022,Japan,Junya Ito,34,34,68,12,3,17,,False,16,131,0.5458333333333333,16,1.0,0.8416666666666667,116,15,20,0.5285714285714286,15,1.0,0.8333333333333334,20,0.03162486368593228,0.15267175572519084,0.0,0.009900990099009866,0.1724137931034483,20
3869219,2022,Japan,Wataru Endo,57,54,111,14,16,4,,False,16,131,0.5458333333333333,16,1.0,0.8416666666666667,116,15,25,0.5047619047619047,15,1.0,0.8238095238095238,20,0.07524536532170115,0.19083969465648856,0.0,0.021216407355021272,0.1724137931034483,25
3869219,2022,Japan,Shogo Taniguchi,50,45,95,13,23,3,,False,16,131,0.5458333333333333,16,1.0,0.8416666666666667,116,15,22,0.5190476190476191,15,1.0,0.8285714285714286,26,0.049073064340239746,0.16793893129770993,0.0,0.015558698727015503,0.22413793103448276,22
3869219,2022,Japan,Shūichi Gonda,16,12,28,11,11,0,,False,16,131,0.5458333333333333,16,1.0,0.8416666666666667,116,15,16,0.5476190476190477,15,1.0,0.8380952380952381,11,-0.003271537622682853,0.12213740458015267,0.0,0.0042432814710042285,0.09482758620689655,16
3869219,2022,Japan,Maya Yoshida,40,37,77,13,10,3,,False,16,131,0.5458333333333333,16,1.0,0.8416666666666667,116,15,20,0.5285714285714286,15,1.0,0.8285714285714286,13,0.03162486368593228,0.15267175572519084,0.0,0.015558698727015503,0.11206896551724138,20
3869219,2022,Japan,Daizen Maeda,3,6,9,7,0,4,,False,16,131,0.5458333333333333,16,1.0,0.8416666666666667,116,15,9,0.580952380952381,15,1.0,0.8571428571428571,4,-0.06434023991275918,0.06870229007633588,0.0,-0.01838755304101832,0.034482758620689655,9
3869219,2022,Japan,Takuma Asano,8,12,20,9,1,9,,False,16,131,0.5458333333333333,16,1.0,0.8416666666666667,116,15,12,0.5666666666666667,15,1.0,0.8476190476190476,10,-0.03816793893129778,0.0916030534351145,0.0,-0.007072135785007047,0.08620689655172414,12
3869219,2022,Japan,Kaoru Mitoma,22,22,44,10,1,11,,False,16,131,0.5458333333333333,16,1.0,0.8416666666666667,116,15,17,0.5428571428571428,15,1.0,0.8428571428571429,12,0.005452562704471082,0.1297709923664122,0.0,-0.0014144271570014095,0.10344827586206896,17
3869219,2022,Japan,Hiroki Sakai,14,10,24,8,4,7,,False,16,131,0.5458333333333333,16,1.0,0.8416666666666667,116,15,11,0.5714285714285714,15,1.0,0.8523809523809524,11,-0.046892039258451514,0.08396946564885496,0.0,-0.012729844413012684,0.09482758620689655,11
3869219,2022,Japan,Takumi Minamino,10,13,23,8,2,4,,False,16,131,0.5458333333333333,16,1.0,0.8416666666666667,116,15,11,0.5714285714285714,15,1.0,0.8523809523809524,6,-0.046892039258451514,0.08396946564885496,0.0,-0.012729844413012684,0.05172413793103448,11
3869219,2022,Japan,Ao Tanaka,7,8,15,5,1,1,,False,16,131,0.5458333333333333,16,1.0,0.8416666666666667,116,15,7,0.5904761904761905,15,1.0,0.8666666666666667,2,-0.08178844056706665,0.05343511450381679,0.0,-0.02970297029702973,0.017241379310344827,7
3869220,2022,Spain,Pablo Martín Páez Gavira,18,27,45,9,4,11,,False,17,142,0.5220588235294118,17,1.0,0.8125,220,16,15,0.5291666666666667,16,1.0,0.8166666666666667,15,-0.013615023474178355,0.1056338028169014,0.0,-0.00512820512820511,0.06818181818181818,15
3869220,2022,Spain,Aymeric Laporte,172,167,339,13,29,9,,False,17,142,0.5220588235294118,17,1.0,0.8125,220,16,23,0.49583333333333335,16,1.0,0.8,38,0.05023474178403759,0.1619718309859155,0.0,0.01538461538461533,0.17272727272727273,23
3869220,2022,Spain,Rodrigo Hernández Cascante,204,190,394,16,42,12,,False,17,142,0.5220588235294118,17,1.0,0.8125,220,16,28,0.475,16,1.0,0.7875,54,0.09014084507042264,0.19718309859154928,0.0,0.030769230769230795,0.24545454545454545,28
3869220,2022,Spain,Daniel Olmo Carvajal,32,40,72,9,4,21,,False,17,142,0.5220588235294118,17,1.0,0.8125,220,16,17,0.5208333333333334,16,1.0,0.8166666666666667,25,0.0023474178403755782,0.11971830985915492,0.0,-0.00512820512820511,0.11363636363636363,17
3869220,2022,Spain,Jordi Alba Ramos,99,96,195,12,19,27,,False,17,142,0.5220588235294118,17,1.0,0.8125,220,16,20,0.5083333333333333,16,1.0,0.8041666666666667,46,0.02629107981220669,0.14084507042253522,0.0,0.01025641025641022,0.20909090909090908,20
3869220,2022,Spain,Pedro González López,135,134,269,14,38,21,,False,17,142,0.5220588235294118,17,1.0,0.8125,220,16,26,0.48333333333333334,16,1.0,0.7958333333333333,59,0.0741784037558686,0.18309859154929578,0.0,0.020512820512820575,0.2681818181818182,26
3869220,2022,Spain,Marcos Llorente Moreno,94,76,170,13,20,11,,False,17,142,0.5220588235294118,17,1.0,0.8125,220,16,23,0.49583333333333335,16,1.0,0.8,31,0.05023474178403759,0.1619718309859155,0.0,0.01538461538461533,0.1409090909090909,23
3869220,2022,Spain,Ferrán Torres García,19,33,52,8,2,23,,False,17,142,0.5220588235294118,17,1.0,0.8125,220,16,15,0.5291666666666667,16,1.0,0.8208333333333333,25,-0.013615023474178355,0.1056338028169014,0.0,-0.01025641025641022,0.11363636363636363,15
3869220,2022,Spain,Sergio Busquets i Burgos,67,64,131,16,22,19,,False,17,142,0.5220588235294118,17,1.0,0.8125,220,16,26,0.48333333333333334,16,1.0,0.7875,41,0.0741784037558686,0.18309859154929578,0.0,0.030769230769230795,0.18636363636363637,26
3869220,2022,Spain,Marco Asensio Willemsen,11,21,32,8,1,13,,False,17,142,0.5220588235294118,17,1.0,0.8125,220,16,13,0.5375,16,1.0,0.8208333333333333,14,-0.02957746478873229,0.09154929577464789,0.0,-0.01025641025641022,0.06363636363636363,13
3869220,2022,Spain,Unai Simón Mendibil,31,15,46,7,24,0,,False,17,142,0.5220588235294118,17,1.0,0.8125,220,16,12,0.5416666666666666,16,1.0,0.825,24,-0.03755868544600925,0.08450704225352113,0.0,-0.01538461538461533,0.10909090909090909,12
3869220,2022,Spain,Carlos Soler Barragán,35,36,71,12,10,8,,False,17,142,0.5220588235294118,17,1.0,0.8125,220,16,19,0.5125,16,1.0,0.8041666666666667,18,0.018309859154929723,0.13380281690140844,0.0,0.01025641025641022,0.08181818181818182,19
3869220,2022,Spain,Álvaro Borja Morata Martín,5,12,17,9,2,7,,False,17,142,0.5220588235294118,17,1.0,0.8125,220,16,12,0.5416666666666666,16,1.0,0.8166666666666667,9,-0.03755868544600925,0.08450704225352113,0.0,-0.00512820512820511,0.04090909090909091,12
3869220,2022,Spain,Nicholas Williams Arthuer,15,23,38,6,1,21,,False,17,142,0.5220588235294118,17,1.0,0.8125,220,16,10,0.55,16,1.0,0.8291666666666667,22,-0.0535211267605634,0.07042253521126761,0.0,-0.020512820512820575,0.1,10
3869220,2022,Spain,Alejandro Balde Martínez,14,14,28,8,1,10,,False,17,142,0.5220588235294118,17,1.0,0.8125,220,16,11,0.5458333333333333,16,1.0,0.8208333333333333,11,-0.04553990610328622,0.07746478873239436,0.0,-0.01025641025641022,0.05,11
3869220,2022,Spain,Anssumane Fati,7,9,16,6,0,5,,False,17,142,0.5220588235294118,17,1.0,0.8125,220,16,9,0.5541666666666667,16,1.0,0.8291666666666667,5,-0.061502347417840365,0.06338028169014084,0.0,-0.020512820512820575,0.022727272727272728,9
3869220,2022,Spain,Pablo Sarabia García,2,3,5,4,1,2,,False,17,142,0.5220588235294118,17,1.0,0.8125,220,16,5,0.5708333333333333,16,1.0,0.8375,3,-0.09342723004694824,0.035211267605633804,0.0,-0.030769230769230795,0.013636363636363636,5
3869220,2022,Morocco,Noussair Mazraoui,20,15,35,10,10,8,,False,16,101,0.42083333333333334,16,1.0,0.7777777777777778,89,15,17,0.4,15,1.0,0.7698412698412698,18,0.04950495049504946,0.16831683168316833,0.0,0.010204081632653168,0.20224719101123595,17
3869220,2022,Morocco,Selim Amallah,8,8,16,8,1,4,,False,16,101,0.42083333333333334,16,1.0,0.7777777777777778,89,15,10,0.43333333333333335,15,1.0,0.7793650793650794,5,-0.02970297029702973,0.09900990099009901,0.0,-0.002040816326530605,0.056179775280898875,10
3869220,2022,Morocco,Azzedine Ounahi,34,38,72,11,1,17,,False,16,101,0.42083333333333334,16,1.0,0.7777777777777778,89,15,17,0.4,15,1.0,0.765079365079365,18,0.04950495049504946,0.16831683168316833,0.0,0.016326530612244983,0.20224719101123595,17
3869220,2022,Morocco,Sofyan Amrabat,28,22,50,13,8,0,,False,16,101,0.42083333333333334,16,1.0,0.7777777777777778,89,15,21,0.38095238095238093,15,1.0,0.7523809523809525,8,0.09476661951909482,0.2079207920792079,0.0,0.03265306122448968,0.0898876404494382,21
3869220,2022,Morocco,Nayef Aguerd,19,16,35,7,5,1,,False,16,101,0.42083333333333334,16,1.0,0.7777777777777778,89,15,13,0.41904761904761906,15,1.0,0.7841269841269841,6,0.0042432814710042285,0.12871287128712872,0.0,-0.00816326530612242,0.06741573033707865,13
3869220,2022,Morocco,Achraf Hakimi Mouh,38,30,68,10,15,8,,False,16,101,0.42083333333333334,16,1.0,0.7777777777777778,89,15,15,0.4095238095238095,15,1.0,0.7698412698412698,23,0.02687411598302691,0.1485148514851485,0.0,0.010204081632653168,0.25842696629213485,15
3869220,2022,Morocco,Hakim Ziyech,26,32,58,12,10,14,,False,16,101,0.42083333333333334,16,1.0,0.7777777777777778,89,15,19,0.3904761904761905,15,1.0,0.7603174603174603,24,0.07213578500707214,0.18811881188118812,0.0,0.022448979591836796,0.2696629213483146,19
3869220,2022,Morocco,Yassine Bounou,19,18,37,9,16,0,,False,16,101,0.42083333333333334,16,1.0,0.7777777777777778,89,15,14,0.4142857142857143,15,1.0,0.7746031746031745,16,0.015558698727015503,0.13861386138613863,0.0,0.004081632653061352,0.1797752808988764,14
3869220,2022,Morocco,Sofiane Boufal,8,16,24,7,4,13,,False,16,101,0.42083333333333334,16,1.0,0.7777777777777778,89,15,12,0.4238095238095238,15,1.0,0.7857142857142857,17,-0.007072135785007047,0.1188118811881188,0.0,-0.010204081632653024,0.19101123595505617,12
3869220,2022,Morocco,Romain Saïss,23,15,38,12,8,0,,False,16,101,0.42083333333333334,16,1.0,0.7777777777777778,89,15,18,0.3952380952380952,15,1.0,0.7555555555555556,8,0.060820367751060866,0.1782178217821782,0.0,0.02857142857142847,0.0898876404494382,18
3869220,2022,Morocco,Youssef En-Nesyri,8,10,18,7,2,8,,False,16,101,0.42083333333333334,16,1.0,0.7777777777777778,89,15,10,0.43333333333333335,15,1.0,0.7841269841269841,10,-0.02970297029702973,0.09900990099009901,0.0,-0.00816326530612242,0.11235955056179775,10
3869220,2022,Morocco,Abdessamad Ezzalzouli,7,10,17,9,3,7,,False,16,101,0.42083333333333334,16,1.0,0.7777777777777778,89,15,11,0.42857142857142855,15,1.0,0.7746031746031745,10,-0.01838755304101832,0.10891089108910891,0.0,0.004081632653061352,0.11235955056179775,11
3869220,2022,Morocco,Yahia Attiyat allah,4,2,6,3,3,1,,False,16,101,0.42083333333333334,16,1.0,0.7777777777777778,89,15,4,0.46190476190476193,15,1.0,0.8047619047619048,4,-0.09759547383309765,0.039603960396039604,0.0,-0.03469387755102043,0.0449438202247191,4
3869220,2022,Morocco,Abdelhamid Sabiri,4,8,12,8,0,4,,False,16,101,0.42083333333333334,16,1.0,0.7777777777777778,89,15,10,0.43333333333333335,15,1.0,0.7761904761904763,4,-0.02970297029702973,0.09900990099009901,0.0,0.0020408163265304624,0.0449438202247191,10
3869220,2022,Morocco,Walid Cheddira,3,7,10,5,2,4,,False,16,101,0.42083333333333334,16,1.0,0.7777777777777778,89,15,7,0.44761904761904764,15,1.0,0.7936507936507936,6,-0.06364922206506368,0.06930693069306931,0.0,-0.020408163265306048,0.06741573033707865,7
3869220,2022,Morocco,Jawad El Yamiq,1,3,4,3,1,0,,False,16,101,0.42083333333333334,16,1.0,0.7777777777777778,89,15,4,0.46190476190476193,15,1.0,0.8031746031746031,1,-0.09759547383309765,0.039603960396039604,0.0,-0.03265306122448968,0.011235955056179775,4
3869253,2022,South Korea,Heung-Min Son,22,29,51,14,1,16,,False,15,142,0.6761904761904762,15,1.0,0.8952380952380953,120,14,22,0.6593406593406593,14,1.0,0.8791208791208791,17,0.024918743228602457,0.15492957746478872,0.0,0.018003273322422318,0.14166666666666666,22
3869253,2022,South Korea,Woo-Young Jung,32,30,62,9,14,2,,False,15,142,0.6761904761904762,15,1.0,0.8952380952380953,120,14,17,0.6868131868131868,14,1.0,0.9065934065934066,16,-0.015709642470205794,0.11971830985915492,0.0,-0.012684124386252,0.13333333333333333,17
3869253,2022,South Korea,In-Beom Hwang,40,47,87,12,12,9,,False,15,142,0.6761904761904762,15,1.0,0.8952380952380953,120,14,23,0.6538461538461539,14,1.0,0.8901098901098901,21,0.03304442036836407,0.1619718309859155,0.0,0.005728314238952641,0.175,23
3869253,2022,South Korea,Young-Gwon Kim,55,52,107,13,15,3,,False,15,142,0.6761904761904762,15,1.0,0.8952380952380953,120,14,25,0.6428571428571429,14,1.0,0.8846153846153846,18,0.04929577464788731,0.176056338028169,0.0,0.01186579378068748,0.15,25
3869253,2022,South Korea,Min Jae Kim,62,60,122,13,23,1,,False,15,142,0.6761904761904762,15,1.0,0.8952380952380953,120,14,22,0.6593406593406593,14,1.0,0.8846153846153846,24,0.024918743228602457,0.15492957746478872,0.0,0.01186579378068748,0.2,22
3869253,2022,South Korea,Jin-Su Kim,21,19,40,9,5,5,,False,15,142,0.6761904761904762,15,1.0,0.8952380952380953,120,14,13,0.7087912087912088,14,1.0,0.9065934065934066,10,-0.04821235102925243,0.09154929577464789,0.0,-0.012684124386252,0.08333333333333333,13
3869253,2022,South Korea,Moon-Hwan Kim,47,42,89,12,6,19,,False,15,142,0.6761904761904762,15,1.0,0.8952380952380953,120,14,22,0.6593406593406593,14,1.0,0.8901098901098901,25,0.024918743228602457,0.15492957746478872,0.0,0.005728314238952641,0.20833333333333334,22
3869253,2022,South Korea,Gue-Sung Cho,10,13,23,9,3,8,,False,15,142,0.6761904761904762,15,1.0,0.8952380952380953,120,14,13,0.7087912087912088,14,1.0,0.9065934065934066,11,-0.04821235102925243,0.09154929577464789,0.0,-0.012684124386252,0.09166666666666666,13
3869253,2022,South Korea,Jae-Sung Lee,40,43,83,13,4,15,,False,15,142,0.6761904761904762,15,1.0,0.8952380952380953,120,14,23,0.6538461538461539,14,1.0,0.8846153846153846,19,0.03304442036836407,0.1619718309859155,0.0,0.01186579378068748,0.15833333333333333,23
3869253,2022,South Korea,Seung-Gyu Kim,22,13,35,10,9,0,,False,15,142,0.6761904761904762,15,1.0,0.8952380952380953,120,14,13,0.7087912087912088,14,1.0,0.9010989010989011,9,-0.04821235102925243,0.09154929577464789,0.0,-0.006546644844517161,0.075,13
3869253,2022,South Korea,Hee-Chan Hwang,43,56,99,14,7,27,,False,15,142,0.6761904761904762,15,1.0,0.8952380952380953,120,14,27,0.6318681318681318,14,1.0,0.8791208791208791,34,0.06554712892741071,0.19014084507042253,0.0,0.018003273322422318,0.2833333333333333,27
3869253,2022,South Korea,Jun-Ho Son,39,31,70,11,12,3,,False,15,142,0.6761904761904762,15,1.0,0.8952380952380953,120,14,20,0.6703296703296703,14,1.0,0.8956043956043956,15,0.008667388949079223,0.14084507042253522,0.0,-0.00040916530278232256,0.125,20
3869253,2022,South Korea,Chul Hong,17,15,32,11,5,5,,False,15,142,0.6761904761904762,15,1.0,0.8952380952380953,120,14,17,0.6868131868131868,14,1.0,0.8956043956043956,10,-0.015709642470205794,0.11971830985915492,0.0,-0.00040916530278232256,0.08333333333333333,17
3869253,2022,South Korea,Seung-Ho Paik,19,19,38,9,3,5,,False,15,142,0.6761904761904762,15,1.0,0.8952380952380953,120,14,15,0.6978021978021978,14,1.0,0.9065934065934066,8,-0.03196099674972903,0.1056338028169014,0.0,-0.012684124386252,0.06666666666666667,15
3869253,2022,South Korea,Kang-In Lee,7,7,14,7,1,2,,False,15,142,0.6761904761904762,15,1.0,0.8952380952380953,120,14,12,0.7142857142857143,14,1.0,0.9175824175824175,3,-0.056338028169014044,0.08450704225352113,0.0,-0.024959083469721678,0.025,12
3869253,2022,Brazil,Marcos Aoás Corrêa,66,63,129,10,13,4,,False,16,129,0.5375,16,1.0,0.825,140,15,19,0.5238095238095238,15,1.0,0.8238095238095238,17,0.02547065337763003,0.14728682170542637,0.0,0.001443001443001438,0.12142857142857143,19
3869253,2022,Brazil,Thiago Emiliano da Silva,82,77,159,14,28,2,,False,16,129,0.5375,16,1.0,0.825,140,15,23,0.5047619047619047,15,1.0,0.8047619047619048,30,0.06090808416389811,0.17829457364341086,0.0,0.024531024531024445,0.21428571428571427,23
3869253,2022,Brazil,Danilo Luiz da Silva,67,66,133,10,15,15,,False,16,129,0.5375,16,1.0,0.825,140,15,17,0.5333333333333333,15,1.0,0.8238095238095238,30,0.007751937984496097,0.13178294573643412,0.0,0.001443001443001438,0.21428571428571427,17
3869253,2022,Brazil,Vinícius José Paixão de Oliveira Júnior,23,32,55,8,2,20,,False,16,129,0.5375,16,1.0,0.825,140,15,13,0.5523809523809524,15,1.0,0.8333333333333334,22,-0.02768549280177198,0.10077519379844961,0.0,-0.0101010101010102,0.15714285714285714,13
3869253,2022,Brazil,Carlos Henrique Casimiro,65,61,126,14,18,11,,False,16,129,0.5375,16,1.0,0.825,140,15,25,0.49523809523809526,15,1.0,0.8047619047619048,29,0.07862679955703204,0.1937984496124031,0.0,0.024531024531024445,0.20714285714285716,25
3869253,2022,Brazil,Éder Gabriel Militão,47,35,82,9,17,2,,False,16,129,0.5375,16,1.0,0.825,140,15,14,0.5476190476190477,15,1.0,0.8285714285714286,19,-0.018826135105205012,0.10852713178294573,0.0,-0.004329004329004449,0.1357142857142857,14
3869253,2022,Brazil,Raphael Dias Belloli,36,46,82,11,3,27,,False,16,129,0.5375,16,1.0,0.825,140,15,20,0.5190476190476191,15,1.0,0.819047619047619,30,0.034330011074197,0.15503875968992248,0.0,0.00721500721500719,0.21428571428571427,20
3869253,2022,Brazil,Alisson Ramsés Becker,20,13,33,7,6,0,,False,16,129,0.5375,16,1.0,0.825,140,15,10,0.5666666666666667,15,1.0,0.8380952380952381,6,-0.05426356589147288,0.07751937984496124,0.0,-0.015873015873015952,0.04285714285714286,10
3869253,2022,Brazil,Richarlison de Andrade,17,23,40,14,2,15,,False,16,129,0.5375,16,1.0,0.825,140,15,21,0.5142857142857142,15,1.0,0.8047619047619048,17,0.043189368770764174,0.16279069767441862,0.0,0.024531024531024445,0.12142857142857143,21
3869253,2022,Brazil,Neymar da Silva Santos Junior,37,45,82,9,8,17,,False,16,129,0.5375,16,1.0,0.825,140,15,17,0.5333333333333333,15,1.0,0.8285714285714286,25,0.007751937984496097,0.13178294573643412,0.0,-0.004329004329004449,0.17857142857142858,17
3869253,2022,Brazil,Lucas Tolentino Coelho de Lima,53,54,107,14,13,17,,False,16,129,0.5375,16,1.0,0.825,140,15,26,0.49047619047619045,15,1.0,0.8047619047619048,30,0.08748615725359912,0.20155038759689922,0.0,0.024531024531024445,0.21428571428571427,26
3869253,2022,Brazil,Daniel Alves da Silva,17,16,33,9,7,3,,False,16,129,0.5375,16,1.0,0.825,140,15,13,0.5523809523809524,15,1.0,0.8285714285714286,10,-0.02768549280177198,0.10077519379844961,0.0,-0.004329004329004449,0.07142857142857142,13
3869253,2022,Brazil,Gabriel Teodoro Martinelli Silva,10,12,22,9,0,6,,False,16,129,0.5375,16,1.0,0.825,140,15,14,0.5476190476190477,15,1.0,0.8285714285714286,6,-0.018826135105205012,0.10852713178294573,0.0,-0.004329004329004449,0.04285714285714286,14
3869253,2022,Brazil,Gleison Bremer Silva Nascimento,17,14,31,7,4,0,,False,16,129,0.5375,16,1.0,0.825,140,15,12,0.5571428571428572,15,1.0,0.8380952380952381,4,-0.03654485049833895,0.09302325581395349,0.0,-0.015873015873015952,0.02857142857142857,12
3869253,2022,Brazil,Weverton Pereira da Silva,4,2,6,6,4,0,,False,16,129,0.5375,16,1.0,0.825,140,15,6,0.5857142857142857,15,1.0,0.8428571428571429,4,-0.08970099667774097,0.046511627906976744,0.0,-0.021645021645021703,0.02857142857142857,6
3869253,2022,Brazil,Rodrygo Silva de Goes,5,7,12,5,0,1,,False,16,129,0.5375,16,1.0,0.825,140,15,8,0.5761904761904761,15,1.0,0.8476190476190476,1,-0.07198228128460682,0.06201550387596899,0.0,-0.027417027417027454,0.007142857142857143,8
3869254,2022,Switzerland,Breel-Donald Embolo,14,18,32,11,1,13,,False,16,134,0.5583333333333333,16,1.0,0.8375,113,15,17,0.5571428571428572,15,1.0,0.8333333333333334,14,0.0021321961620469005,0.12686567164179105,0.0,0.004975124378109435,0.12389380530973451,17
3869254,2022,Switzerland,Manuel Obafemi Akanji,58,49,107,15,18,2,,False,16,134,0.5583333333333333,16,1.0,0.8375,113,15,26,0.5142857142857142,15,1.0,0.8142857142857143,20,0.07889125799573572,0.19402985074626866,0.0,0.02771855010660984,0.17699115044247787,26
3869254,2022,Switzerland,Edimilson Fernandes,42,36,78,12,10,13,,False,16,134,0.5583333333333333,16,1.0,0.8375,113,15,21,0.5380952380952381,15,1.0,0.8285714285714286,23,0.03624733475479751,0.15671641791044777,0.0,0.010660980810234503,0.20353982300884957,21
3869254,2022,Switzerland,Granit Xhaka,62,63,125,15,15,13,,False,16,134,0.5583333333333333,16,1.0,0.8375,113,15,27,0.5095238095238095,15,1.0,0.8142857142857143,28,0.08742004264392332,0.20149253731343283,0.0,0.02771855010660984,0.24778761061946902,27
3869254,2022,Switzerland,Ruben Vargas,27,30,57,9,0,15,,False,16,134,0.5583333333333333,16,1.0,0.8375,113,15,15,0.5666666666666667,15,1.0,0.8428571428571429,15,-0.014925373134328304,0.11194029850746269,0.0,-0.006396588486140702,0.13274336283185842,15
3869254,2022,Switzerland,Xherdan Shaqiri,28,40,68,11,4,19,,False,16,134,0.5583333333333333,16,1.0,0.8375,113,15,21,0.5380952380952381,15,1.0,0.8333333333333334,23,0.03624733475479751,0.15671641791044777,0.0,0.004975124378109435,0.20353982300884957,21
3869254,2022,Switzerland,Ricardo Iván Rodríguez Araya,51,49,100,14,15,12,,False,16,134,0.5583333333333333,16,1.0,0.8375,113,15,24,0.5238095238095238,15,1.0,0.819047619047619,27,0.06183368869936032,0.1791044776119403,0.0,0.022032693674484773,0.23893805309734514,24
3869254,2022,Switzerland,Fabian Lukas Schär,29,27,56,7,9,1,,False,16,134,0.5583333333333333,16,1.0,0.8375,113,15,13,0.5761904761904761,15,1.0,0.8523809523809524,10,-0.03198294243070351,0.09701492537313433,0.0,-0.017768301350390838,0.08849557522123894,13
3869254,2022,Switzerland,Yann Sommer,31,25,56,10,17,0,,False,16,134,0.5583333333333333,16,1.0,0.8375,113,15,17,0.5571428571428572,15,1.0,0.8380952380952381,17,0.0021321961620469005,0.12686567164179105,0.0,-0.0007107320540156336,0.1504424778761062,17
3869254,2022,Switzerland,Remo Freuler,18,20,38,10,2,9,,False,16,134,0.5583333333333333,16,1.0,0.8375,113,15,17,0.5571428571428572,15,1.0,0.8380952380952381,11,0.0021321961620469005,0.12686567164179105,0.0,-0.0007107320540156336,0.09734513274336283,17
3869254,2022,Switzerland,Djibril Sow,15,13,28,10,3,2,,False,16,134,0.5583333333333333,16,1.0,0.8375,113,15,16,0.5619047619047619,15,1.0,0.8380952380952381,5,-0.006396588486140702,0.11940298507462686,0.0,-0.0007107320540156336,0.04424778761061947,16
3869254,2022,Switzerland,Eray Ervin Cömert,35,33,68,9,14,1,,False,16,134,0.5583333333333333,16,1.0,0.8375,113,15,16,0.5619047619047619,15,1.0,0.8428571428571429,15,-0.006396588486140702,0.11940298507462686,0.0,-0.006396588486140702,0.13274336283185842,16
3869254,2022,Switzerland,Haris Seferović,4,5,9,7,1,2,,False,16,134,0.5583333333333333,16,1.0,0.8375,113,15,8,0.6,15,1.0,0.8523809523809524,3,-0.07462686567164173,0.05970149253731343,0.0,-0.017768301350390838,0.02654867256637168,8
3869254,2022,Switzerland,Denis Lemi Zakaria Lako Lado,11,14,25,10,2,4,,False,16,134,0.5583333333333333,16,1.0,0.8375,113,15,13,0.5761904761904761,15,1.0,0.8380952380952381,6,-0.03198294243070351,0.09701492537313433,0.0,-0.0007107320540156336,0.05309734513274336,13
3869254,2022,Switzerland,Noah Okafor,8,11,19,7,1,7,,False,16,134,0.5583333333333333,16,1.0,0.8375,113,15,11,0.5857142857142857,15,1.0,0.8523809523809524,8,-0.04904051172707891,0.08208955223880597,0.0,-0.017768301350390838,0.07079646017699115,11
3869254,2022,Switzerland,Ardon Jashari,5,5,10,5,1,0,,False,16,134,0.5583333333333333,16,1.0,0.8375,113,15,6,0.6095238095238096,15,1.0,0.861904761904762,1,-0.09168443496801713,0.04477611940298507,0.0,-0.02914001421464111,0.008849557522123894,6
3869254,2022,Portugal,William Silva de Carvalho,54,53,107,13,13,8,,False,16,138,0.575,16,1.0,0.8361111111111111,104,15,25,0.5380952380952381,15,1.0,0.8222222222222223,21,0.06418219461697719,0.18115942028985507,0.0,0.01661129568106306,0.20192307692307693,25
3869254,2022,Portugal,José Diogo Dalot Teixeira,30,19,49,13,7,8,,False,16,138,0.575,16,1.0,0.8361111111111111,104,15,21,0.5571428571428572,15,1.0,0.8222222222222223,15,0.031055900621117905,0.15217391304347827,0.0,0.01661129568106306,0.14423076923076922,21
3869254,2022,Portugal,João Félix Sequeira,28,33,61,10,6,17,,False,16,138,0.575,16,1.0,0.8361111111111111,104,15,18,0.5714285714285714,15,1.0,0.8365079365079366,23,0.006211180124223581,0.13043478260869565,0.0,-0.00047460844803050604,0.22115384615384615,18
3869254,2022,Portugal,Bernardo Mota Veiga de Carvalho e Silva,40,39,79,11,4,9,,False,16,138,0.575,16,1.0,0.8361111111111111,104,15,20,0.5619047619047619,15,1.0,0.8317460317460318,13,0.02277432712215313,0.14492753623188406,0.0,0.005220692928334106,0.125,20
3869254,2022,Portugal,Otávio Edmilson da Silva Monteiro,32,33,65,10,4,12,,False,16,138,0.575,16,1.0,0.8361111111111111,104,15,19,0.5666666666666667,15,1.0,0.8365079365079366,16,0.014492753623188356,0.13768115942028986,0.0,-0.00047460844803050604,0.15384615384615385,19
3869254,2022,Portugal,Rúben Santos Gato Alves Dias,38,34,72,11,13,2,,False,16,138,0.575,16,1.0,0.8361111111111111,104,15,19,0.5666666666666667,15,1.0,0.8317460317460318,15,0.014492753623188356,0.13768115942028986,0.0,0.005220692928334106,0.14423076923076922,19
3869254,2022,Portugal,Kléper Laveran Lima Ferreira,40,49,89,13,15,1,,False,16,138,0.575,16,1.0,0.8361111111111111,104,15,25,0.5380952380952381,15,1.0,0.8222222222222223,16,0.06418219461697719,0.18115942028985507,0.0,0.01661129568106306,0.15384615384615385,25
3869254,2022,Portugal,Diogo Meireles Costa,19,24,43,11,14,0,,False,16,138,0.575,16,1.0,0.8361111111111111,104,15,15,0.5857142857142857,15,1.0,0.8317460317460318,14,-0.018633540372670936,0.10869565217391304,0.0,0.005220692928334106,0.1346153846153846,15
3869254,2022,Portugal,Raphaël Adelino José Guerreiro,46,28,74,13,16,7,,False,16,138,0.575,16,1.0,0.8361111111111111,104,15,23,0.5476190476190477,15,1.0,0.8158730158730161,23,0.04761904761904746,0.16666666666666666,0.0,0.024205030849548902,0.22115384615384615,23
3869254,2022,Portugal,Bruno Miguel Borges Fernandes,32,35,67,14,3,12,,False,16,138,0.575,16,1.0,0.8361111111111111,104,15,25,0.5380952380952381,15,1.0,0.8174603174603176,15,0.06418219461697719,0.18115942028985507,0.0,0.022306597057427543,0.14423076923076922,25
3869254,2022,Portugal,Gonçalo Matias Ramos,7,19,26,8,2,12,,False,16,138,0.575,16,1.0,0.8361111111111111,104,15,13,0.5952380952380952,15,1.0,0.8460317460317461,14,-0.035196687370600485,0.09420289855072464,0.0,-0.011865211200759463,0.1346153846153846,13
3869254,2022,Portugal,Cristiano Ronaldo dos Santos Aveiro,4,4,8,5,2,2,,False,16,138,0.575,16,1.0,0.8361111111111111,104,15,7,0.6238095238095238,15,1.0,0.861904761904762,4,-0.08488612836438933,0.050724637681159424,0.0,-0.030849549121974393,0.038461538461538464,7
3869254,2022,Portugal,Vitor Machado Ferreira,10,9,19,9,3,2,,False,16,138,0.575,16,1.0,0.8361111111111111,104,15,15,0.5857142857142857,15,1.0,0.8412698412698414,5,-0.018633540372670936,0.10869565217391304,0.0,-0.006169909824394985,0.04807692307692308,15
3869254,2022,Portugal,Ricardo Jorge Luz Horta,9,10,19,9,0,9,,False,16,138,0.575,16,1.0,0.8361111111111111,104,15,14,0.5904761904761905,15,1.0,0.8412698412698414,9,-0.02691511387163571,0.10144927536231885,0.0,-0.006169909824394985,0.08653846153846154,14
3869254,2022,Portugal,Rúben Diogo Da Silva Neves,13,11,24,9,2,0,,False,16,138,0.575,16,1.0,0.8361111111111111,104,15,13,0.5952380952380952,15,1.0,0.8412698412698414,2,-0.035196687370600485,0.09420289855072464,0.0,-0.006169909824394985,0.019230769230769232,13
3869254,2022,Portugal,Rafael Alexandre Conceição Leão,2,4,6,3,0,3,,False,16,138,0.575,16,1.0,0.8361111111111111,104,15,4,0.638095238095238,15,1.0,0.8714285714285714,3,-0.10973084886128365,0.028985507246376812,0.0,-0.04224015187470335,0.028846153846153848,4
3869321,2022,Netherlands,Memphis Depay,27,44,71,12,2,29,,False,16,144,0.6,16,1.0,0.8555555555555556,197,15,23,0.5761904761904761,15,1.0,0.8492063492063493,31,0.03968253968253973,0.1597222222222222,0.0,0.007421150278293109,0.15736040609137056,23
3869321,2022,Netherlands,Nathan Aké,62,57,119,13,15,18,,False,16,144,0.6,16,1.0,0.8555555555555556,197,15,21,0.5857142857142857,15,1.0,0.8444444444444444,33,0.023809523809523725,0.14583333333333334,0.0,0.01298701298701307,0.16751269035532995,21
3869321,2022,Netherlands,Denzel Dumfries,29,31,60,12,5,19,,False,16,144,0.6,16,1.0,0.8555555555555556,197,15,20,0.5904761904761905,15,1.0,0.8492063492063493,24,0.015873015873015817,0.1388888888888889,0.0,0.007421150278293109,0.1218274111675127,20
3869321,2022,Netherlands,Frenkie de Jong,81,77,158,13,17,20,,False,16,144,0.6,16,1.0,0.8555555555555556,197,15,25,0.5666666666666667,15,1.0,0.8444444444444444,37,0.055555555555555546,0.1736111111111111,0.0,0.01298701298701307,0.18781725888324874,25
3869321,2022,Netherlands,Cody Mathès Gakpo,21,34,55,13,6,19,,False,16,144,0.6,16,1.0,0.8555555555555556,197,15,22,0.580952380952381,15,1.0,0.8444444444444444,25,0.03174603174603163,0.1527777777777778,0.0,0.01298701298701307,0.12690355329949238,22
3869321,2022,Netherlands,Virgil van Dijk,85,76,161,14,39,5,,False,16,144,0.6,16,1.0,0.8555555555555556,197,15,24,0.5714285714285714,15,1.0,0.8396825396825397,44,0.04761904761904764,0.16666666666666666,0.0,0.018552875695732902,0.2233502538071066,24
3869321,2022,Netherlands,Marten de Roon,24,24,48,9,7,7,,False,16,144,0.6,16,1.0,0.8555555555555556,197,15,15,0.6142857142857143,15,1.0,0.8634920634920635,14,-0.023809523809523912,0.10416666666666667,0.0,-0.009276437847866385,0.07106598984771574,15
3869321,2022,Netherlands,Jurriën David Norman Timber,87,77,164,13,27,16,,False,16,144,0.6,16,1.0,0.8555555555555556,197,15,22,0.580952380952381,15,1.0,0.8444444444444444,43,0.03174603174603163,0.1527777777777778,0.0,0.01298701298701307,0.2182741116751269,22
3869321,2022,Netherlands,Daley Blind,24,20,44,9,6,4,,False,16,144,0.6,16,1.0,0.8555555555555556,197,15,15,0.6142857142857143,15,1.0,0.865079365079365,10,-0.023809523809523912,0.10416666666666667,0.0,-0.011131725417439533,0.050761421319796954,15
3869321,2022,Netherlands,Andries Noppert,46,30,76,13,44,0,,False,16,144,0.6,16,1.0,0.8555555555555556,197,15,20,0.5904761904761905,14,0.9333333333333333,0.780952380952381,44,0.015873015873015817,0.1388888888888889,0.06666666666666665,0.08719851576994442,0.2233502538071066,20
3869321,2022,Netherlands,Steven Bergwijn,16,16,32,8,3,12,,False,16,144,0.6,16,1.0,0.8555555555555556,197,15,13,0.6238095238095238,15,1.0,0.8698412698412697,15,-0.03968253968253973,0.09027777777777778,0.0,-0.016697588126159364,0.07614213197969544,13
3869321,2022,Netherlands,Steven Berghuis,24,31,55,12,12,14,,False,16,144,0.6,16,1.0,0.8555555555555556,197,15,21,0.5857142857142857,15,1.0,0.8492063492063493,26,0.023809523809523725,0.14583333333333334,0.0,0.007421150278293109,0.1319796954314721,21
3869321,2022,Netherlands,Teun Koopmeiners,32,30,62,12,8,11,,False,16,144,0.6,16,1.0,0.8555555555555556,197,15,21,0.5857142857142857,15,1.0,0.8492063492063493,19,0.023809523809523725,0.14583333333333334,0.0,0.007421150278293109,0.09644670050761421,21
3869321,2022,Netherlands,Wout Weghorst,6,11,17,8,4,9,,False,16,144,0.6,16,1.0,0.8555555555555556,197,15,11,0.6333333333333333,15,1.0,0.8682539682539683,13,-0.055555555555555546,0.0763888888888889,0.0,-0.014842300556586217,0.06598984771573604,11
3869321,2022,Netherlands,Luuk de Jong,8,13,21,10,2,13,,False,16,144,0.6,16,1.0,0.8555555555555556,197,15,14,0.6190476190476191,15,1.0,0.8587301587301588,15,-0.03174603174603182,0.09722222222222222,0.0,-0.0037105751391465543,0.07614213197969544,14
3869321,2022,Netherlands,Noa Lang,0,1,1,1,0,1,,True,16,144,0.6,16,1.0,0.8555555555555556,197,15,1,0.680952380952381,15,1.0,0.9047619047619048,1,-0.134920634920635,0.006944444444444444,0.0,-0.05751391465677172,0.005076142131979695,1
3869321,2022,Argentina,Enzo Fernandez,60,66,126,15,11,16,,False,17,147,0.5404411764705882,17,1.0,0.8272058823529411,134,16,27,0.5,16,1.0,0.8083333333333333,27,0.07482993197278906,0.1836734693877551,0.0,0.022814814814814736,0.20149253731343283,27
3869321,2022,Argentina,Nicolás Hernán Otamendi,80,65,145,13,25,2,,False,17,147,0.5404411764705882,17,1.0,0.8272058823529411,134,16,24,0.5125,16,1.0,0.8166666666666667,27,0.05170068027210887,0.16326530612244897,0.0,0.012740740740740697,0.20149253731343283,24
3869321,2022,Argentina,Cristian Gabriel Romero,44,39,83,9,15,9,,False,17,147,0.5404411764705882,17,1.0,0.8272058823529411,134,16,15,0.55,16,1.0,0.8333333333333334,24,-0.017687074829932117,0.10204081632653061,0.0,-0.007407407407407516,0.1791044776119403,15
3869321,2022,Argentina,Nahuel Molina Lucero,36,31,67,10,6,17,,False,17,147,0.5404411764705882,17,1.0,0.8272058823529411,134,16,17,0.5416666666666666,16,1.0,0.8291666666666667,23,-0.002267573696145117,0.11564625850340136,0.0,-0.002370370370370496,0.17164179104477612,17
3869321,2022,Argentina,Rodrigo Javier De Paul,41,49,90,9,6,14,,False,17,147,0.5404411764705882,17,1.0,0.8272058823529411,134,16,15,0.55,16,1.0,0.8333333333333334,20,-0.017687074829932117,0.10204081632653061,0.0,-0.007407407407407516,0.14925373134328357,15
3869321,2022,Argentina,Alexis Mac Allister,43,46,89,16,7,16,,False,17,147,0.5404411764705882,17,1.0,0.8272058823529411,134,16,29,0.49166666666666664,16,1.0,0.8041666666666667,23,0.09024943310657596,0.19727891156462585,0.0,0.027851851851851756,0.17164179104477612,29
3869321,2022,Argentina,Marcos Javier Acuña,18,21,39,8,3,7,,False,17,147,0.5404411764705882,17,1.0,0.8272058823529411,134,16,13,0.5583333333333333,16,1.0,0.8375,10,-0.03310657596371891,0.08843537414965986,0.0,-0.012444444444444536,0.07462686567164178,13
3869321,2022,Argentina,Lisandro Martínez,29,27,56,10,8,1,,False,17,147,0.5404411764705882,17,1.0,0.8272058823529411,134,16,18,0.5375,16,1.0,0.8291666666666667,9,0.005442176870748281,0.12244897959183673,0.0,-0.002370370370370496,0.06716417910447761,18
3869321,2022,Argentina,Lionel Andrés Messi Cuccittini,40,49,89,14,9,11,,False,17,147,0.5404411764705882,17,1.0,0.8272058823529411,134,16,26,0.5041666666666667,16,1.0,0.8125,20,0.06712018140589567,0.17687074829931973,0.0,0.017777777777777715,0.14925373134328357,26
3869321,2022,Argentina,Julián Álvarez,12,18,30,10,1,8,,False,17,147,0.5404411764705882,17,1.0,0.8272058823529411,134,16,14,0.5541666666666667,16,1.0,0.8291666666666667,9,-0.025396825396825515,0.09523809523809523,0.0,-0.002370370370370496,0.06716417910447761,14
3869321,2022,Argentina,Damián Emiliano Martínez,19,13,32,11,12,0,,False,17,147,0.5404411764705882,17,1.0,0.8272058823529411,134,16,14,0.5541666666666667,16,1.0,0.825,12,-0.025396825396825515,0.09523809523809523,0.0,0.0026666666666666575,0.08955223880597014,14
3869321,2022,Argentina,Leandro Daniel Paredes,44,39,83,12,18,6,,False,17,147,0.5404411764705882,17,1.0,0.8272058823529411,134,16,20,0.5291666666666667,16,1.0,0.8208333333333333,24,0.020861678004535075,0.1360544217687075,0.0,0.007703703703703677,0.1791044776119403,20
3869321,2022,Argentina,Germán Alejandro Pezzella,28,25,53,10,9,2,,False,17,147,0.5404411764705882,17,1.0,0.8272058823529411,134,16,17,0.5416666666666666,16,1.0,0.8291666666666667,11,-0.002267573696145117,0.11564625850340136,0.0,-0.002370370370370496,0.08208955223880597,17
3869321,2022,Argentina,Lautaro Javier Martínez,8,17,25,10,0,11,,False,17,147,0.5404411764705882,17,1.0,0.8272058823529411,134,16,14,0.5541666666666667,16,1.0,0.8291666666666667,11,-0.025396825396825515,0.09523809523809523,0.0,-0.002370370370370496,0.08208955223880597,14
3869321,2022,Argentina,Nicolás Alejandro Tagliafico,10,6,16,6,0,4,,False,17,147,0.5404411764705882,17,1.0,0.8272058823529411,134,16,7,0.5833333333333334,16,1.0,0.8458333333333333,4,-0.0793650793650795,0.047619047619047616,0.0,-0.022518518518518573,0.029850746268656716,7
3869321,2022,Argentina,Gonzalo Ariel Montiel,10,11,21,9,0,6,,False,17,147,0.5404411764705882,17,1.0,0.8272058823529411,134,16,14,0.5541666666666667,16,1.0,0.8333333333333334,6,-0.025396825396825515,0.09523809523809523,0.0,-0.007407407407407516,0.04477611940298507,14
3869321,2022,Argentina,Ángel Fabián Di María Hernández,9,9,18,6,4,4,,False,17,147,0.5404411764705882,17,1.0,0.8272058823529411,134,16,10,0.5708333333333333,16,1.0,0.8458333333333333,8,-0.0562358276643991,0.06802721088435375,0.0,-0.022518518518518573,0.05970149253731343,10
3869354,2022,France,Antoine Griezmann,39,35,74,9,10,14,,False,12,87,0.6590909090909091,12,1.0,0.8888888888888888,87,11,16,0.6454545454545455,11,1.0,0.8878787878787879,24,0.020689655172413675,0.1839080459770115,0.0,0.0011363636363635188,0.27586206896551724,16
3869354,2022,France,Aurélien Djani Tchouaméni,39,38,77,10,6,2,,False,12,87,0.6590909090909091,12,1.0,0.8888888888888888,87,11,19,0.6181818181818182,11,1.0,0.8757575757575757,8,0.06206896551724136,0.21839080459770116,0.0,0.014772727272727243,0.09195402298850575,19
3869354,2022,France,Ousmane Dembélé,30,39,69,10,5,20,,False,12,87,0.6590909090909091,12,1.0,0.8888888888888888,87,11,18,0.6272727272727273,11,1.0,0.8757575757575757,25,0.04827586206896541,0.20689655172413793,0.0,0.014772727272727243,0.28735632183908044,18
3869354,2022,France,Jules Koundé,39,27,66,10,9,4,,False,12,87,0.6590909090909091,12,1.0,0.8888888888888888,87,11,16,0.6454545454545455,11,1.0,0.8757575757575757,13,0.020689655172413675,0.1839080459770115,0.0,0.014772727272727243,0.14942528735632185,16
3869354,2022,France,Dayotchanculle Upamecano,36,36,72,9,10,0,,False,12,87,0.6590909090909091,12,1.0,0.8888888888888888,87,11,17,0.6363636363636364,11,1.0,0.8848484848484848,10,0.03448275862068963,0.19540229885057472,0.0,0.004545454545454575,0.11494252873563218,17
3869354,2022,France,Theo Bernard François Hernández,34,33,67,10,10,15,,False,12,87,0.6590909090909091,12,1.0,0.8888888888888888,87,11,15,0.6545454545454545,11,1.0,0.8757575757575757,25,0.006896551724137892,0.1724137931034483,0.0,0.014772727272727243,0.28735632183908044,15
3869354,2022,France,Kylian Mbappé Lottin,26,30,56,8,6,14,,False,12,87,0.6590909090909091,12,1.0,0.8888888888888888,87,11,14,0.6636363636363637,11,1.0,0.896969696969697,20,-0.00689655172413806,0.16091954022988506,0.0,-0.00909090909090915,0.22988505747126436,14
3869354,2022,France,Adrien Rabiot,35,35,70,10,9,5,,False,12,87,0.6590909090909091,12,1.0,0.8888888888888888,87,11,18,0.6272727272727273,11,1.0,0.8757575757575757,14,0.04827586206896541,0.20689655172413793,0.0,0.014772727272727243,0.16091954022988506,18
3869354,2022,France,Raphaël Varane,31,29,60,9,12,1,,False,12,87,0.6590909090909091,12,1.0,0.8888888888888888,87,11,16,0.6454545454545455,11,1.0,0.8848484848484848,13,0.020689655172413675,0.1839080459770115,0.0,0.004545454545454575,0.14942528735632185,16
3869354,2022,France,Hugo Lloris,13,9,22,9,9,0,,False,12,87,0.6590909090909091,12,1.0,0.8888888888888888,87,11,12,0.6818181818181818,10,0.9090909090909091,0.8,9,-0.03448275862068963,0.13793103448275862,0.09090909090909094,0.0999999999999999,0.10344827586206896,12
3869354,2022,France,Olivier Giroud,6,16,22,9,1,11,,False,12,87,0.6590909090909091,12,1.0,0.8888888888888888,87,11,12,0.6818181818181818,11,1.0,0.8848484848484848,12,-0.03448275862068963,0.13793103448275862,0.0,0.004545454545454575,0.13793103448275862,12
3869354,2022,France,Kingsley Coman,0,1,1,1,0,1,,True,12,87,0.6590909090909091,12,1.0,0.8888888888888888,87,11,1,0.7818181818181819,11,1.0,0.9636363636363636,1,-0.18620689655172426,0.011494252873563218,0.0,-0.08409090909090913,0.011494252873563218,1
3869354,2022,England,Jude Bellingham,36,39,75,13,8,14,,False,14,102,0.5604395604395604,14,1.0,0.8241758241758241,116,13,23,0.5064102564102564,13,1.0,0.7948717948717948,22,0.09640522875816998,0.22549019607843138,0.0,0.03555555555555556,0.1896551724137931,23
3869354,2022,England,Harry Maguire,79,86,165,12,24,6,,False,14,102,0.5604395604395604,14,1.0,0.8241758241758241,116,13,20,0.5256410256410257,13,1.0,0.8012820512820513,30,0.06209150326797383,0.19607843137254902,0.0,0.02777777777777768,0.25862068965517243,20
3869354,2022,England,Jordan Pickford,20,8,28,6,9,0,,False,14,102,0.5604395604395604,14,1.0,0.8241758241758241,116,13,10,0.5897435897435898,13,1.0,0.8397435897435898,9,-0.052287581699346414,0.09803921568627451,0.0,-0.01888888888888896,0.07758620689655173,10
3869354,2022,England,John Stones,70,65,135,10,28,2,,False,14,102,0.5604395604395604,14,1.0,0.8241758241758241,116,13,18,0.5384615384615384,13,1.0,0.8141025641025641,30,0.03921568627450986,0.17647058823529413,0.0,0.01222222222222218,0.25862068965517243,18
3869354,2022,England,Declan Rice,60,57,117,11,15,11,,False,14,102,0.5604395604395604,14,1.0,0.8241758241758241,116,13,21,0.5192307692307693,13,1.0,0.8076923076923077,26,0.07352941176470582,0.20588235294117646,0.0,0.01999999999999993,0.22413793103448276,21
3869354,2022,England,Luke Shaw,55,52,107,9,4,19,,False,14,102,0.5604395604395604,14,1.0,0.8241758241758241,116,13,15,0.5576923076923077,13,1.0,0.8205128205128205,23,0.004901960784313708,0.14705882352941177,0.0,0.004444444444444429,0.19827586206896552,15
3869354,2022,England,Bukayo Saka,18,29,47,8,3,16,,False,14,102,0.5604395604395604,14,1.0,0.8241758241758241,116,13,15,0.5576923076923077,13,1.0,0.8269230769230769,19,0.004901960784313708,0.14705882352941177,0.0,-0.003333333333333322,0.16379310344827586,15
3869354,2022,England,Harry Kane,14,23,37,11,3,11,,False,14,102,0.5604395604395604,14,1.0,0.8241758241758241,116,13,18,0.5384615384615384,13,1.0,0.8076923076923077,14,0.03921568627450986,0.17647058823529413,0.0,0.01999999999999993,0.1206896551724138,18
3869354,2022,England,Jordan Brian Henderson,41,41,82,9,7,18,,False,14,102,0.5604395604395604,14,1.0,0.8241758241758241,116,13,16,0.5512820512820513,13,1.0,0.8205128205128205,25,0.016339869281045694,0.1568627450980392,0.0,0.004444444444444429,0.21551724137931033,16
3869354,2022,England,Philip Foden,22,26,48,8,2,11,,False,14,102,0.5604395604395604,14,1.0,0.8241758241758241,116,13,15,0.5576923076923077,13,1.0,0.8269230769230769,13,0.004901960784313708,0.14705882352941177,0.0,-0.003333333333333322,0.11206896551724138,15
3869354,2022,England,Kyle Walker,41,29,70,9,11,4,,False,14,102,0.5604395604395604,14,1.0,0.8241758241758241,116,13,17,0.5448717948717948,13,1.0,0.8205128205128205,15,0.027777777777777877,0.16666666666666666,0.0,0.004444444444444429,0.12931034482758622,17
3869354,2022,England,Mason Mount,2,1,3,3,1,0,,False,14,102,0.5604395604395604,14,1.0,0.8241758241758241,116,13,3,0.6346153846153846,13,1.0,0.8589743589743589,1,-0.1323529411764705,0.029411764705882353,0.0,-0.04222222222222221,0.008620689655172414,3
3869354,2022,England,Marcus Rashford,3,3,6,4,1,1,,False,14,102,0.5604395604395604,14,1.0,0.8241758241758241,116,13,5,0.6217948717948718,13,1.0,0.8525641025641025,2,-0.10947712418300654,0.049019607843137254,0.0,-0.03444444444444446,0.017241379310344827,5
3869354,2022,England,Raheem Sterling,4,6,10,5,0,3,,False,14,102,0.5604395604395604,14,1.0,0.8241758241758241,116,13,8,0.6025641025641025,13,1.0,0.8461538461538461,3,-0.07516339869281038,0.0784313725490196,0.0,-0.026666666666666707,0.02586206896551724,8
3869420,2022,Croatia,Luka Modrić,102,105,207,12,38,22,,False,15,121,0.5761904761904761,15,1.0,0.8365079365079368,174,14,23,0.5384615384615384,14,1.0,0.8223443223443224,60,0.06547997457088363,0.19008264462809918,0.0,0.016931834768647114,0.3448275862068966,23
3869420,2022,Croatia,Marcelo Brozović,98,90,188,13,13,9,,False,15,121,0.5761904761904761,15,1.0,0.8365079365079368,174,14,24,0.532967032967033,14,1.0,0.816849816849817,22,0.0750158931977113,0.19834710743801653,0.0,0.023500218946139424,0.12643678160919541,24
3869420,2022,Croatia,Dejan Lovren,82,74,156,12,30,4,,False,15,121,0.5761904761904761,15,1.0,0.8365079365079368,174,14,24,0.532967032967033,14,1.0,0.8223443223443224,34,0.0750158931977113,0.19834710743801653,0.0,0.016931834768647114,0.19540229885057472,24
3869420,2022,Croatia,Josip Juranović,69,61,130,12,20,33,,False,15,121,0.5761904761904761,15,1.0,0.8365079365079368,174,14,21,0.5494505494505495,14,1.0,0.8223443223443224,53,0.046408137317228065,0.17355371900826447,0.0,0.016931834768647114,0.3045977011494253,21
3869420,2022,Croatia,Borna Sosa,30,32,62,10,9,10,,False,15,121,0.5761904761904761,15,1.0,0.8365079365079368,174,14,17,0.5714285714285714,14,1.0,0.8333333333333335,19,0.008264462809917326,0.14049586776859505,0.0,0.003795066413662357,0.10919540229885058,17
3869420,2022,Croatia,Mateo Kovačić,67,68,135,11,15,11,,False,15,121,0.5761904761904761,15,1.0,0.8365079365079368,174,14,19,0.5604395604395604,14,1.0,0.8278388278388279,26,0.027336300063572697,0.15702479338842976,0.0,0.010363450591154802,0.14942528735632185,19
3869420,2022,Croatia,Joško Gvardiol,60,53,113,12,21,6,,False,15,121,0.5761904761904761,15,1.0,0.8365079365079368,174,14,20,0.554945054945055,14,1.0,0.8223443223443224,27,0.03687221869040038,0.1652892561983471,0.0,0.016931834768647114,0.15517241379310345,20
3869420,2022,Croatia,Dominik Livaković,34,20,54,8,15,0,,False,15,121,0.5761904761904761,15,1.0,0.8365079365079368,174,14,11,0.6043956043956044,14,1.0,0.8461538461538463,15,-0.04895104895104897,0.09090909090909091,0.0,-0.011531163333819703,0.08620689655172414,11
3869420,2022,Croatia,Andrej Kramarić,21,29,50,9,0,15,,False,15,121,0.5761904761904761,15,1.0,0.8365079365079368,174,14,16,0.5769230769230769,14,1.0,0.8406593406593408,15,-0.001271455816910358,0.1322314049586777,0.0,-0.004962779156327392,0.08620689655172414,16
3869420,2022,Croatia,Mario Pašalić,28,31,59,10,8,22,,False,15,121,0.5761904761904761,15,1.0,0.8365079365079368,174,14,15,0.5824175824175825,14,1.0,0.8351648351648353,30,-0.010807374443738235,0.12396694214876033,0.0,0.00160560502116492,0.1724137931034483,15
3869420,2022,Croatia,Ivan Perišić,18,33,51,10,1,18,,False,15,121,0.5761904761904761,15,1.0,0.8365079365079368,174,14,17,0.5714285714285714,14,1.0,0.8351648351648353,19,0.008264462809917326,0.14049586776859505,0.0,0.00160560502116492,0.10919540229885058,17
3869420,2022,Croatia,Bruno Petković,6,11,17,9,0,4,,False,15,121,0.5761904761904761,15,1.0,0.8365079365079368,174,14,9,0.6153846153846154,14,1.0,0.8333333333333336,4,-0.06802288620470454,0.0743801652892562,0.0,0.0037950664136622244,0.022988505747126436,9
3869420,2022,Croatia,Nikola Vlašić,8,12,20,7,2,9,,False,15,121,0.5761904761904761,15,1.0,0.8365079365079368,174,14,12,0.5989010989010989,14,1.0,0.8479853479853482,11,-0.03941513032422129,0.09917355371900827,0.0,-0.013720624726317273,0.06321839080459771,12
3869420,2022,Croatia,Lovro Majer,15,19,34,7,2,10,,False,15,121,0.5761904761904761,15,1.0,0.8365079365079368,174,14,12,0.5989010989010989,14,1.0,0.8498168498168499,12,-0.03941513032422129,0.09917355371900827,0.0,-0.015910086118814577,0.06896551724137931,12
3869420,2022,Croatia,Mislav Oršić,1,1,2,2,0,1,,True,15,121,0.5761904761904761,15,1.0,0.8365079365079368,174,14,2,0.6538461538461539,14,1.0,0.8846153846153846,1,-0.13477431659249853,0.01652892561983471,0.0,-0.05750985257626588,0.005747126436781609,2
3869420,2022,Brazil,Danilo Luiz da Silva,93,83,176,13,24,18,,False,16,129,0.5375,16,1.0,0.8166666666666667,173,15,22,0.5095238095238095,15,1.0,0.8,42,0.05204872646733114,0.17054263565891473,0.0,0.02040816326530605,0.24277456647398843,22
3869420,2022,Brazil,Carlos Henrique Casimiro,55,63,118,14,9,14,,False,16,129,0.5375,16,1.0,0.8166666666666667,173,15,26,0.49047619047619045,15,1.0,0.7952380952380952,23,0.08748615725359912,0.20155038759689922,0.0,0.02623906705539363,0.1329479768786127,26
3869420,2022,Brazil,Thiago Emiliano da Silva,92,77,169,13,34,5,,False,16,129,0.5375,16,1.0,0.8166666666666667,173,15,23,0.5047619047619047,15,1.0,0.8,39,0.06090808416389811,0.17829457364341086,0.0,0.02040816326530605,0.2254335260115607,23
3869420,2022,Brazil,Marcos Aoás Corrêa,93,88,181,12,31,3,,False,16,129,0.5375,16,1.0,0.8166666666666667,173,15,21,0.5142857142857142,15,1.0,0.8031746031746031,34,0.043189368770764174,0.16279069767441862,0.0,0.01652089407191456,0.19653179190751446,21
3869420,2022,Brazil,Éder Gabriel Militão,79,69,148,11,23,13,,False,16,129,0.5375,16,1.0,0.8166666666666667,173,15,20,0.5190476190476191,15,1.0,0.8095238095238095,36,0.034330011074197,0.15503875968992248,0.0,0.008746355685131164,0.20809248554913296,20
3869420,2022,Brazil,Neymar da Silva Santos Junior,50,69,119,14,15,25,,False,16,129,0.5375,16,1.0,0.8166666666666667,173,15,25,0.49523809523809526,15,1.0,0.7936507936507937,40,0.07862679955703204,0.1937984496124031,0.0,0.028182701652089307,0.23121387283236994,25
3869420,2022,Brazil,Raphael Dias Belloli,19,24,43,8,3,10,,False,16,129,0.5375,16,1.0,0.8166666666666667,173,15,12,0.5571428571428572,15,1.0,0.8238095238095238,13,-0.03654485049833895,0.09302325581395349,0.0,-0.008746355685131164,0.07514450867052024,12
3869420,2022,Brazil,Lucas Tolentino Coelho de Lima,56,53,109,10,10,21,,False,16,129,0.5375,16,1.0,0.8166666666666667,173,15,20,0.5190476190476191,15,1.0,0.8142857142857143,31,0.034330011074197,0.15503875968992248,0.0,0.0029154518950437213,0.1791907514450867,20
3869420,2022,Brazil,Richarlison de Andrade,7,13,20,8,2,11,,False,16,129,0.5375,16,1.0,0.8166666666666667,173,15,12,0.5571428571428572,15,1.0,0.8238095238095238,13,-0.03654485049833895,0.09302325581395349,0.0,-0.008746355685131164,0.07514450867052024,12
3869420,2022,Brazil,Alisson Ramsés Becker,29,16,45,7,13,0,,False,16,129,0.5375,16,1.0,0.8166666666666667,173,15,12,0.5571428571428572,15,1.0,0.8285714285714286,13,-0.03654485049833895,0.09302325581395349,0.0,-0.014577259475218743,0.07514450867052024,12
3869420,2022,Brazil,Vinícius José Paixão de Oliveira Júnior,8,16,24,6,1,11,,False,16,129,0.5375,16,1.0,0.8166666666666667,173,15,11,0.5619047619047619,15,1.0,0.8333333333333334,12,-0.04540420819490592,0.08527131782945736,0.0,-0.020408163265306187,0.06936416184971098,11
3869420,2022,Brazil,Antony Matheus dos Santos,29,35,64,10,4,17,,False,16,129,0.5375,16,1.0,0.8166666666666667,173,15,17,0.5333333333333333,15,1.0,0.8142857142857143,21,0.007751937984496097,0.13178294573643412,0.0,0.0029154518950437213,0.12138728323699421,17
3869420,2022,Brazil,Rodrygo Silva de Goes,29,32,61,10,1,17,,False,16,129,0.5375,16,1.0,0.8166666666666667,173,15,16,0.5380952380952381,15,1.0,0.8142857142857143,18,-0.001107419712070871,0.12403100775193798,0.0,0.0029154518950437213,0.10404624277456648,16
3869420,2022,Brazil,Pedro Guilherme Abreu dos Santos,7,9,16,9,1,6,,False,16,129,0.5375,16,1.0,0.8166666666666667,173,15,12,0.5571428571428572,15,1.0,0.819047619047619,7,-0.03654485049833895,0.09302325581395349,0.0,-0.0029154518950437213,0.04046242774566474,12
3869420,2022,Brazil,Alex Sandro Lobo Silva,4,3,7,3,2,1,,False,16,129,0.5375,16,1.0,0.8166666666666667,173,15,5,0.5904761904761905,15,1.0,0.8476190476190476,3,-0.09856035437430793,0.03875968992248062,0.0,-0.037900874635568516,0.017341040462427744,5
3869420,2022,Brazil,Frederico Rodrigues Santos,2,2,4,4,0,1,,False,16,129,0.5375,16,1.0,0.8166666666666667,173,15,4,0.5952380952380952,15,1.0,0.8428571428571429,1,-0.1074197120708749,0.031007751937984496,0.0,-0.03206997084548107,0.005780346820809248,4
3869486,2022,Portugal,Otávio Edmilson da Silva Monteiro,40,48,88,11,10,16,,False,16,128,0.5333333333333333,16,1.0,0.8166666666666667,163,15,18,0.5238095238095238,15,1.0,0.8095238095238095,26,0.017857142857142794,0.140625,0.0,0.008746355685131164,0.15950920245398773,18
3869486,2022,Portugal,Rúben Diogo Da Silva Neves,60,62,122,9,12,9,,False,16,128,0.5333333333333333,16,1.0,0.8166666666666667,163,15,18,0.5238095238095238,15,1.0,0.819047619047619,21,0.017857142857142794,0.140625,0.0,-0.0029154518950437213,0.12883435582822086,18
3869486,2022,Portugal,Kléper Laveran Lima Ferreira,94,89,183,14,31,7,,False,16,128,0.5333333333333333,16,1.0,0.8166666666666667,163,15,25,0.49047619047619045,15,1.0,0.7952380952380952,38,0.08035714285714289,0.1953125,0.0,0.02623906705539363,0.2331288343558282,25
3869486,2022,Portugal,Rúben Santos Gato Alves Dias,88,80,168,12,27,8,,False,16,128,0.5333333333333333,16,1.0,0.8166666666666667,163,15,22,0.5047619047619047,15,1.0,0.8047619047619048,35,0.05357142857142859,0.171875,0.0,0.014577259475218608,0.2147239263803681,22
3869486,2022,Portugal,Raphaël Adelino José Guerreiro,24,23,47,9,2,10,,False,16,128,0.5333333333333333,16,1.0,0.8166666666666667,163,15,14,0.5428571428571428,15,1.0,0.819047619047619,12,-0.017857142857142794,0.109375,0.0,-0.0029154518950437213,0.0736196319018405,14
3869486,2022,Portugal,João Félix Sequeira,14,26,40,11,2,14,,False,16,128,0.5333333333333333,16,1.0,0.8166666666666667,163,15,18,0.5238095238095238,15,1.0,0.8095238095238095,16,0.017857142857142794,0.140625,0.0,0.008746355685131164,0.09815950920245399,18
3869486,2022,Portugal,Gonçalo Matias Ramos,6,10,16,6,0,6,,False,16,128,0.5333333333333333,16,1.0,0.8166666666666667,163,15,10,0.5619047619047619,15,1.0,0.8333333333333334,6,-0.05357142857142859,0.078125,0.0,-0.020408163265306187,0.03680981595092025,10
3869486,2022,Portugal,Bruno Miguel Borges Fernandes,57,53,110,13,16,21,,False,16,128,0.5333333333333333,16,1.0,0.8166666666666667,163,15,23,0.5,15,1.0,0.8,37,0.062499999999999986,0.1796875,0.0,0.02040816326530605,0.22699386503067484,23
3869486,2022,Portugal,Bernardo Mota Veiga de Carvalho e Silva,88,84,172,14,20,19,,False,16,128,0.5333333333333333,16,1.0,0.8166666666666667,163,15,25,0.49047619047619045,15,1.0,0.7952380952380952,39,0.08035714285714289,0.1953125,0.0,0.02623906705539363,0.2392638036809816,25
3869486,2022,Portugal,José Diogo Dalot Teixeira,32,31,63,8,7,16,,False,16,128,0.5333333333333333,16,1.0,0.8166666666666667,163,15,15,0.5380952380952381,15,1.0,0.8238095238095238,23,-0.008928571428571397,0.1171875,0.0,-0.008746355685131164,0.1411042944785276,15
3869486,2022,Portugal,Diogo Meireles Costa,22,7,29,8,18,0,,False,16,128,0.5333333333333333,16,1.0,0.8166666666666667,163,15,10,0.5619047619047619,15,1.0,0.8238095238095238,18,-0.05357142857142859,0.078125,0.0,-0.008746355685131164,0.11042944785276074,10
3869486,2022,Portugal,Cristiano Ronaldo dos Santos Aveiro,4,10,14,7,1,6,,False,16,128,0.5333333333333333,16,1.0,0.8166666666666667,163,15,9,0.5666666666666667,15,1.0,0.8285714285714286,7,-0.062499999999999986,0.0703125,0.0,-0.014577259475218743,0.04294478527607362,9
3869486,2022,Portugal,João Pedro Cavaco Cancelo,37,37,74,10,8,13,,False,16,128,0.5333333333333333,16,1.0,0.8166666666666667,163,15,15,0.5380952380952381,15,1.0,0.8142857142857143,21,-0.008928571428571397,0.1171875,0.0,0.0029154518950437213,0.12883435582822086,15
3869486,2022,Portugal,Vitor Machado Ferreira,33,33,66,10,8,0,,False,16,128,0.5333333333333333,16,1.0,0.8166666666666667,163,15,19,0.5190476190476191,15,1.0,0.8142857142857143,8,0.02678571428571419,0.1484375,0.0,0.0029154518950437213,0.049079754601226995,19
3869486,2022,Portugal,Rafael Alexandre Conceição Leão,8,14,22,4,1,11,,False,16,128,0.5333333333333333,16,1.0,0.8166666666666667,163,15,7,0.5761904761904761,15,1.0,0.8428571428571429,12,-0.08035714285714278,0.0546875,0.0,-0.03206997084548107,0.0736196319018405,7
3869486,2022,Portugal,Ricardo Jorge Luz Horta,9,9,18,6,0,7,,False,16,128,0.5333333333333333,16,1.0,0.8166666666666667,163,15,8,0.5714285714285714,15,1.0,0.8333333333333334,7,-0.07142857142857138,0.0625,0.0,-0.020408163265306187,0.04294478527607362,8
3869486,2022,Morocco,Yassine Bounou,24,11,35,11,16,0,,False,14,85,0.46703296703296704,14,1.0,0.8040293040293041,67,13,18,0.42948717948717946,12,0.9230769230769231,0.7115384615384616,16,0.08039215686274517,0.21176470588235294,0.07692307692307687,0.11503416856492027,0.23880597014925373,18
3869486,2022,Morocco,Achraf Hakimi Mouh,28,26,54,10,7,8,,False,14,85,0.46703296703296704,14,1.0,0.8040293040293041,67,13,17,0.4358974358974359,13,1.0,0.7905982905982905,15,0.06666666666666667,0.2,0.0,0.01670463173880052,0.22388059701492538,17
3869486,2022,Morocco,Jawad El Yamiq,18,13,31,9,5,1,,False,14,85,0.46703296703296704,14,1.0,0.8040293040293041,67,13,13,0.46153846153846156,13,1.0,0.7970085470085468,6,0.0117647058823529,0.15294117647058825,0.0,0.008731966590736768,0.08955223880597014,13
3869486,2022,Morocco,Sofyan Amrabat,13,9,22,9,6,1,,False,14,85,0.46703296703296704,14,1.0,0.8040293040293041,67,13,15,0.44871794871794873,13,1.0,0.7970085470085468,7,0.03921568627450978,0.17647058823529413,0.0,0.008731966590736768,0.1044776119402985,15
3869486,2022,Morocco,Hakim Ziyech,17,25,42,8,4,11,,False,14,85,0.46703296703296704,14,1.0,0.8040293040293041,67,13,13,0.46153846153846156,13,1.0,0.8034188034188033,15,0.0117647058823529,0.15294117647058825,0.0,0.0007593014426728764,0.22388059701492538,13
3869486,2022,Morocco,Yahia Attiyat allah,16,14,30,10,8,8,,False,14,85,0.46703296703296704,14,1.0,0.8040293040293041,67,13,14,0.4551282051282051,13,1.0,0.7905982905982905,16,0.0254901960784314,0.16470588235294117,0.0,0.01670463173880052,0.23880597014925373,14
3869486,2022,Morocco,Youssef En-Nesyri,5,14,19,9,0,11,,False,14,85,0.46703296703296704,14,1.0,0.8040293040293041,67,13,11,0.47435897435897434,13,1.0,0.7970085470085468,11,-0.015686274509803866,0.12941176470588237,0.0,0.008731966590736768,0.16417910447761194,11
3869486,2022,Morocco,Selim Amallah,8,10,18,7,1,4,,False,14,85,0.46703296703296704,14,1.0,0.8040293040293041,67,13,11,0.47435897435897434,13,1.0,0.8119658119658119,5,-0.015686274509803866,0.12941176470588237,0.0,-0.00987091875474546,0.07462686567164178,11
3869486,2022,Morocco,Romain Saïss,12,8,20,8,4,0,,False,14,85,0.46703296703296704,14,1.0,0.8040293040293041,67,13,12,0.46794871794871795,13,1.0,0.8034188034188033,4,-0.0019607843137254832,0.1411764705882353,0.0,0.0007593014426728764,0.05970149253731343,12
3869486,2022,Morocco,Azzedine Ounahi,20,24,44,9,3,8,,False,14,85,0.46703296703296704,14,1.0,0.8040293040293041,67,13,15,0.44871794871794873,13,1.0,0.7991452991452991,11,0.03921568627450978,0.17647058823529413,0.0,0.006074411541382045,0.16417910447761194,15
3869486,2022,Morocco,Sofiane Boufal,17,19,36,10,9,9,,False,14,85,0.46703296703296704,14,1.0,0.8040293040293041,67,13,16,0.4423076923076923,13,1.0,0.7905982905982905,18,0.05294117647058828,0.18823529411764706,0.0,0.01670463173880052,0.26865671641791045,16
3869486,2022,Morocco,Achraf Dari,4,3,7,5,3,0,,False,14,85,0.46703296703296704,14,1.0,0.8040293040293041,67,13,7,0.5,13,1.0,0.8226495726495725,3,-0.07058823529411763,0.08235294117647059,0.0,-0.023158694001518383,0.04477611940298507,7
3869486,2022,Morocco,Walid Cheddira,2,6,8,6,1,4,,False,14,85,0.46703296703296704,14,1.0,0.8040293040293041,67,13,7,0.5,13,1.0,0.8162393162393161,5,-0.07058823529411763,0.08235294117647059,0.0,-0.015186028853454629,0.07462686567164178,7
3869486,2022,Morocco,Zakaria Aboukhlal,0,2,2,1,0,2,,True,14,85,0.46703296703296704,14,1.0,0.8040293040293041,67,13,1,0.5384615384615384,13,1.0,0.8525641025641025,2,-0.15294117647058816,0.011764705882352941,0.0,-0.060364464692482835,0.029850746268656716,1
3869519,2022,Croatia,Andrej Kramarić,34,33,67,11,1,15,,False,16,140,0.5833333333333334,16,1.0,0.85,135,15,20,0.5714285714285714,15,1.0,0.8476190476190476,16,0.02040816326530624,0.14285714285714285,0.0,0.0028011204481792618,0.11851851851851852,20
3869519,2022,Croatia,Dejan Lovren,67,67,134,14,18,5,,False,16,140,0.5833333333333334,16,1.0,0.85,135,15,24,0.5523809523809524,15,1.0,0.8333333333333334,23,0.053061224489795916,0.17142857142857143,0.0,0.019607843137254832,0.17037037037037037,24
3869519,2022,Croatia,Marcelo Brozović,47,48,95,11,13,7,,False,16,140,0.5833333333333334,16,1.0,0.85,135,15,21,0.5666666666666667,15,1.0,0.8476190476190476,20,0.028571428571428657,0.15,0.0,0.0028011204481792618,0.14814814814814814,21
3869519,2022,Croatia,Josip Juranović,51,45,96,12,8,20,,False,16,140,0.5833333333333334,16,1.0,0.85,135,15,22,0.5619047619047619,15,1.0,0.8428571428571429,28,0.03673469387755108,0.15714285714285714,0.0,0.008403361344537785,0.2074074074074074,22
3869519,2022,Croatia,Borna Sosa,26,32,58,8,5,14,,False,16,140,0.5833333333333334,16,1.0,0.85,135,15,14,0.6,15,1.0,0.861904761904762,19,-0.028571428571428466,0.1,0.0,-0.01400560224089644,0.14074074074074075,14
3869519,2022,Croatia,Joško Gvardiol,61,54,115,13,24,4,,False,16,140,0.5833333333333334,16,1.0,0.85,135,15,23,0.5571428571428572,15,1.0,0.8380952380952381,28,0.044897959183673494,0.16428571428571428,0.0,0.014005602240896309,0.2074074074074074,23
3869519,2022,Croatia,Dominik Livaković,27,21,48,8,10,0,,False,16,140,0.5833333333333334,16,1.0,0.85,135,15,13,0.6047619047619047,15,1.0,0.861904761904762,10,-0.036734693877550885,0.09285714285714286,0.0,-0.01400560224089644,0.07407407407407407,13
3869519,2022,Croatia,Mateo Kovačić,84,85,169,15,21,11,,False,16,140,0.5833333333333334,16,1.0,0.85,135,15,28,0.5333333333333333,15,1.0,0.8285714285714286,32,0.08571428571428578,0.2,0.0,0.025210084033613356,0.23703703703703705,28
3869519,2022,Croatia,Luka Modrić,66,60,126,13,24,11,,False,16,140,0.5833333333333334,16,1.0,0.85,135,15,21,0.5666666666666667,15,1.0,0.8380952380952381,35,0.028571428571428657,0.15,0.0,0.014005602240896309,0.25925925925925924,21
3869519,2022,Croatia,Ivan Perišić,41,38,79,13,6,18,,False,16,140,0.5833333333333334,16,1.0,0.85,135,15,23,0.5571428571428572,15,1.0,0.8380952380952381,24,0.044897959183673494,0.16428571428571428,0.0,0.014005602240896309,0.17777777777777778,23
3869519,2022,Croatia,Mario Pašalić,9,10,19,6,1,5,,False,16,140,0.5833333333333334,16,1.0,0.85,135,15,8,0.6285714285714286,15,1.0,0.8714285714285714,6,-0.07755102040816318,0.05714285714285714,0.0,-0.025210084033613488,0.044444444444444446,8
3869519,2022,Croatia,Nikola Vlašić,11,16,27,9,0,6,,False,16,140,0.5833333333333334,16,1.0,0.85,135,15,13,0.6047619047619047,15,1.0,0.8571428571428571,6,-0.036734693877550885,0.09285714285714286,0.0,-0.008403361344537785,0.044444444444444446,13
3869519,2022,Croatia,Bruno Petković,8,13,21,11,2,5,,False,16,140,0.5833333333333334,16,1.0,0.85,135,15,13,0.6047619047619047,15,1.0,0.8476190476190476,7,-0.036734693877550885,0.09285714285714286,0.0,0.0028011204481792618,0.05185185185185185,13
3869519,2022,Croatia,Mislav Oršić,12,17,29,9,0,9,,False,16,140,0.5833333333333334,16,1.0,0.85,135,15,15,0.5952380952380952,15,1.0,0.8571428571428571,9,-0.020408163265306048,0.10714285714285714,0.0,-0.008403361344537785,0.06666666666666667,15
3869519,2022,Croatia,Marko Livaja,4,6,10,6,1,3,,False,16,140,0.5833333333333334,16,1.0,0.85,135,15,8,0.6285714285714286,15,1.0,0.8714285714285714,4,-0.07755102040816318,0.05714285714285714,0.0,-0.025210084033613488,0.02962962962962963,8
3869519,2022,Croatia,Lovro Majer,11,14,25,9,1,2,,False,16,140,0.5833333333333334,16,1.0,0.85,135,15,14,0.6,15,1.0,0.8571428571428571,3,-0.028571428571428466,0.1,0.0,-0.008403361344537785,0.022222222222222223,14
3869519,2022,Argentina,Nicolás Hernán Otamendi,39,31,70,10,10,0,,False,16,121,0.5041666666666667,16,1.0,0.7930555555555557,79,15,18,0.49047619047619045,15,1.0,0.7873015873015875,10,0.027154663518299895,0.1487603305785124,0.0,0.007255441581185862,0.12658227848101267,18
3869519,2022,Argentina,Alexis Mac Allister,30,40,70,13,3,14,,False,16,121,0.5041666666666667,16,1.0,0.7930555555555557,79,15,23,0.4666666666666667,15,1.0,0.7730158730158732,17,0.07438016528925616,0.19008264462809918,0.0,0.025268951713785383,0.21518987341772153,23
3869519,2022,Argentina,Enzo Fernandez,41,44,85,12,9,5,,False,16,121,0.5041666666666667,16,1.0,0.7930555555555557,79,15,23,0.4666666666666667,15,1.0,0.777777777777778,14,0.07438016528925616,0.19008264462809918,0.0,0.019264448336252116,0.17721518987341772,23
3869519,2022,Argentina,Nicolás Alejandro Tagliafico,24,19,43,9,6,8,,False,16,121,0.5041666666666667,16,1.0,0.7930555555555557,79,15,16,0.5,15,1.0,0.7920634920634921,14,0.008264462809917326,0.1322314049586777,0.0,0.0012509382036528748,0.17721518987341772,16
3869519,2022,Argentina,Cristian Gabriel Romero,29,25,54,12,11,0,,False,16,121,0.5041666666666667,16,1.0,0.7930555555555557,79,15,20,0.48095238095238096,15,1.0,0.7730158730158732,11,0.04604486422668236,0.1652892561983471,0.0,0.025268951713785383,0.13924050632911392,20
3869519,2022,Argentina,Rodrigo Javier De Paul,34,35,69,10,4,7,,False,16,121,0.5041666666666667,16,1.0,0.7930555555555557,79,15,16,0.5,15,1.0,0.7873015873015875,11,0.008264462809917326,0.1322314049586777,0.0,0.007255441581185862,0.13924050632911392,16
3869519,2022,Argentina,Damián Emiliano Martínez,13,5,18,9,9,0,,False,16,121,0.5041666666666667,16,1.0,0.7930555555555557,79,15,11,0.5238095238095238,15,1.0,0.7920634920634922,9,-0.03896103896103904,0.09090909090909091,0.0,0.001250938203652735,0.11392405063291139,11
3869519,2022,Argentina,Nahuel Molina Lucero,28,28,56,10,8,8,,False,16,121,0.5041666666666667,16,1.0,0.7930555555555557,79,15,17,0.49523809523809526,15,1.0,0.7873015873015875,16,0.017709563164108558,0.14049586776859505,0.0,0.007255441581185862,0.20253164556962025,17
3869519,2022,Argentina,Leandro Daniel Paredes,36,30,66,9,6,2,,False,16,121,0.5041666666666667,16,1.0,0.7930555555555557,79,15,17,0.49523809523809526,15,1.0,0.7920634920634922,8,0.017709563164108558,0.14049586776859505,0.0,0.001250938203652735,0.10126582278481013,17
3869519,2022,Argentina,Lionel Andrés Messi Cuccittini,34,42,76,11,6,14,,False,16,121,0.5041666666666667,16,1.0,0.7930555555555557,79,15,20,0.48095238095238096,15,1.0,0.7809523809523811,20,0.04604486422668236,0.1652892561983471,0.0,0.015261446084563505,0.25316455696202533,20
3869519,2022,Argentina,Julián Álvarez,14,19,33,7,1,10,,False,16,121,0.5041666666666667,16,1.0,0.7930555555555557,79,15,13,0.5142857142857142,15,1.0,0.8031746031746033,11,-0.020070838252656365,0.10743801652892562,0.0,-0.012759569677257896,0.13924050632911392,13
3869519,2022,Argentina,Lisandro Martínez,8,8,16,7,3,1,,False,16,121,0.5041666666666667,16,1.0,0.7930555555555557,79,15,11,0.5238095238095238,15,1.0,0.8015873015873017,4,-0.03896103896103904,0.09090909090909091,0.0,-0.01075806855141352,0.05063291139240506,11
3869519,2022,Argentina,Paulo Bruno Exequiel Dybala,8,11,19,8,0,8,,False,16,121,0.5041666666666667,16,1.0,0.7930555555555557,79,15,12,0.5190476190476191,15,1.0,0.796825396825397,8,-0.029515938606847814,0.09917355371900827,0.0,-0.004753565173880392,0.10126582278481013,12
3869519,2022,Argentina,Exequiel Alejandro Palacios,13,13,26,8,2,0,,False,16,121,0.5041666666666667,16,1.0,0.7930555555555557,79,15,14,0.5095238095238095,15,1.0,0.7952380952380955,2,-0.010625737898465134,0.11570247933884298,0.0,-0.0027520640480361565,0.02531645569620253,14
3869519,2022,Argentina,Ángel Martín Correa,4,5,9,4,0,1,,False,16,121,0.5041666666666667,16,1.0,0.7930555555555557,79,15,6,0.5476190476190477,15,1.0,0.8158730158730161,1,-0.08618654073199541,0.049586776859504134,0.0,-0.02877157868401304,0.012658227848101266,6
3869519,2022,Argentina,Juan Marcos Foyth,3,3,6,3,1,1,,False,16,121,0.5041666666666667,16,1.0,0.7930555555555557,79,15,5,0.5523809523809524,15,1.0,0.8238095238095238,2,-0.09563164108618664,0.04132231404958678,0.0,-0.03877908431323464,0.02531645569620253,5
3869552,2022,Morocco,Sofyan Amrabat,69,70,139,15,26,18,,False,16,117,0.4875,16,1.0,0.8,159,15,25,0.4380952380952381,15,1.0,0.7682539682539683,44,0.10134310134310133,0.21367521367521367,0.0,0.03968253968253968,0.27672955974842767,25
3869552,2022,Morocco,Achraf Dari,63,54,117,11,26,2,,False,16,117,0.4875,16,1.0,0.8,159,15,19,0.4666666666666667,15,1.0,0.7904761904761904,28,0.0427350427350427,0.1623931623931624,0.0,0.011904761904762001,0.1761006289308176,19
3869552,2022,Morocco,Yassine Bounou,30,17,47,8,16,0,,False,16,117,0.4875,16,1.0,0.8,159,15,12,0.5,15,1.0,0.8047619047619048,16,-0.025641025641025664,0.10256410256410256,0.0,-0.005952380952380931,0.10062893081761007,12
3869552,2022,Morocco,Jawad El Yamiq,90,80,170,12,23,9,,False,16,117,0.4875,16,1.0,0.8,159,15,22,0.4523809523809524,15,1.0,0.7857142857142857,32,0.07203907203907202,0.18803418803418803,0.0,0.017857142857142932,0.20125786163522014,22
3869552,2022,Morocco,Romain Saïss,16,17,33,8,6,1,,False,16,117,0.4875,16,1.0,0.8,159,15,14,0.49047619047619045,15,1.0,0.8047619047619048,7,-0.006105006105006083,0.11965811965811966,0.0,-0.005952380952380931,0.0440251572327044,14
3869552,2022,Morocco,Azzedine Ounahi,68,77,145,13,21,25,,False,16,117,0.4875,16,1.0,0.8,159,15,24,0.44285714285714284,15,1.0,0.780952380952381,46,0.0915750915750916,0.20512820512820512,0.0,0.023809523809523864,0.2893081761006289,24
3869552,2022,Morocco,Hakim Ziyech,50,61,111,11,14,26,,False,16,117,0.4875,16,1.0,0.8,159,15,19,0.4666666666666667,15,1.0,0.7904761904761904,40,0.0427350427350427,0.1623931623931624,0.0,0.011904761904762001,0.25157232704402516,19
3869552,2022,Morocco,Sofiane Boufal,14,23,37,9,2,8,,False,16,117,0.4875,16,1.0,0.8,159,15,15,0.4857142857142857,15,1.0,0.8,10,0.00366300366300365,0.1282051282051282,0.0,0.0,0.06289308176100629,15
3869552,2022,Morocco,Noussair Mazraoui,20,18,38,9,3,7,,False,16,117,0.4875,16,1.0,0.8,159,15,13,0.49523809523809526,15,1.0,0.8,10,-0.01587301587301593,0.1111111111111111,0.0,0.0,0.06289308176100629,13
3869552,2022,Morocco,Achraf Hakimi Mouh,63,60,123,12,13,29,,False,16,117,0.4875,16,1.0,0.8,159,15,20,0.46190476190476193,15,1.0,0.7857142857142857,42,0.052503052503052434,0.17094017094017094,0.0,0.017857142857142932,0.2641509433962264,20
3869552,2022,Morocco,Youssef En-Nesyri,3,2,5,4,0,2,,False,16,117,0.4875,16,1.0,0.8,159,15,5,0.5333333333333333,15,1.0,0.8238095238095238,2,-0.09401709401709403,0.042735042735042736,0.0,-0.029761904761904656,0.012578616352201259,5
3869552,2022,Morocco,Selim Amallah,16,20,36,9,5,12,,False,16,117,0.4875,16,1.0,0.8,159,15,14,0.49047619047619045,15,1.0,0.8,17,-0.006105006105006083,0.11965811965811966,0.0,0.0,0.1069182389937107,14
3869552,2022,Morocco,Yahia Attiyat allah,19,19,38,10,3,11,,False,16,117,0.4875,16,1.0,0.8,159,15,16,0.48095238095238096,15,1.0,0.7952380952380952,14,0.013431013431013383,0.13675213675213677,0.0,0.00595238095238107,0.0880503144654088,16
3869552,2022,Morocco,Abderrazak Hamdallah,2,2,4,3,0,2,,False,16,117,0.4875,16,1.0,0.8,159,15,3,0.5428571428571428,15,1.0,0.8285714285714286,2,-0.1135531135531135,0.02564102564102564,0.0,-0.035714285714285726,0.012578616352201259,3
3869552,2022,Morocco,Zakaria Aboukhlal,2,5,7,5,1,3,,False,16,117,0.4875,16,1.0,0.8,159,15,6,0.5285714285714286,15,1.0,0.819047619047619,4,-0.0842490842490843,0.05128205128205128,0.0,-0.023809523809523725,0.025157232704402517,6
3869552,2022,Morocco,Abdessamad Ezzalzouli,4,4,8,5,0,4,,False,16,117,0.4875,16,1.0,0.8,159,15,7,0.5238095238095238,15,1.0,0.819047619047619,4,-0.07448107448107456,0.05982905982905983,0.0,-0.023809523809523725,0.025157232704402517,7
3869552,2022,France,Aurélien Djani Tchouaméni,41,33,74,10,10,2,,False,13,97,0.6217948717948718,13,1.0,0.8717948717948718,87,12,20,0.5833333333333334,12,1.0,0.8636363636363636,12,0.061855670103092744,0.20618556701030927,0.0,0.009358288770053477,0.13793103448275862,20
3869552,2022,France,Antoine Griezmann,23,27,50,12,5,14,,False,13,97,0.6217948717948718,13,1.0,0.8717948717948718,87,12,20,0.5833333333333334,12,1.0,0.8484848484848485,19,0.061855670103092744,0.20618556701030927,0.0,0.026737967914438488,0.21839080459770116,20
3869552,2022,France,Ousmane Dembélé,14,18,32,7,1,8,,False,13,97,0.6217948717948718,13,1.0,0.8717948717948718,87,12,11,0.6515151515151515,12,1.0,0.8863636363636364,9,-0.04779756326148073,0.1134020618556701,0.0,-0.01671122994652404,0.10344827586206896,11
3869552,2022,France,Theo Bernard François Hernández,25,17,42,10,10,5,,False,13,97,0.6217948717948718,13,1.0,0.8717948717948718,87,12,16,0.6136363636363636,12,1.0,0.8636363636363636,15,0.013120899718837864,0.16494845360824742,0.0,0.009358288770053477,0.1724137931034483,16
3869552,2022,France,Ibrahima Konaté,44,41,85,10,11,0,,False,13,97,0.6217948717948718,13,1.0,0.8717948717948718,87,12,17,0.6060606060606061,12,1.0,0.8636363636363636,11,0.025304592314901585,0.17525773195876287,0.0,0.009358288770053477,0.12643678160919541,17
3869552,2022,France,Raphaël Varane,52,52,104,10,10,5,,False,13,97,0.6217948717948718,13,1.0,0.8717948717948718,87,12,17,0.6060606060606061,12,1.0,0.8636363636363636,15,0.025304592314901585,0.17525773195876287,0.0,0.009358288770053477,0.1724137931034483,17
3869552,2022,France,Jules Koundé,43,33,76,11,9,3,,False,13,97,0.6217948717948718,13,1.0,0.8717948717948718,87,12,19,0.5909090909090909,12,1.0,0.8560606060606061,12,0.04967197750702902,0.1958762886597938,0.0,0.01804812834224598,0.13793103448275862,19
3869552,2022,France,Kylian Mbappé Lottin,12,25,37,9,4,15,,False,13,97,0.6217948717948718,13,1.0,0.8717948717948718,87,12,15,0.6212121212121212,12,1.0,0.8712121212121212,19,0.000937207122774146,0.15463917525773196,0.0,0.0006684491978609717,0.21839080459770116,15
3869552,2022,France,Youssouf Fofana,27,24,51,9,10,4,,False,13,97,0.6217948717948718,13,1.0,0.8717948717948718,87,12,17,0.6060606060606061,12,1.0,0.8712121212121212,14,0.025304592314901585,0.17525773195876287,0.0,0.0006684491978609717,0.16091954022988506,17
3869552,2022,France,Hugo Lloris,19,10,29,8,15,0,,False,13,97,0.6217948717948718,13,1.0,0.8717948717948718,87,12,12,0.6439393939393939,12,1.0,0.8787878787878788,15,-0.03561387066541701,0.12371134020618557,0.0,-0.008021390374331534,0.1724137931034483,12
3869552,2022,France,Olivier Giroud,8,19,27,10,2,15,,False,13,97,0.6217948717948718,13,1.0,0.8717948717948718,87,12,14,0.6287878787878788,12,1.0,0.8636363636363636,17,-0.011246485473289573,0.14432989690721648,0.0,0.009358288770053477,0.19540229885057472,14
3869552,2022,France,Marcus Thuram,6,14,20,7,0,13,,False,13,97,0.6217948717948718,13,1.0,0.8717948717948718,87,12,11,0.6515151515151515,12,1.0,0.8863636363636364,13,-0.04779756326148073,0.1134020618556701,0.0,-0.01671122994652404,0.14942528735632185,11
3869552,2022,France,Randal Kolo Muani,2,3,5,3,0,3,,False,13,97,0.6217948717948718,13,1.0,0.8717948717948718,87,12,5,0.696969696969697,12,1.0,0.9166666666666666,3,-0.12089971883786323,0.05154639175257732,0.0,-0.05147058823529406,0.034482758620689655,5
3869684,2022,Croatia,Mateo Kovačić,63,63,126,12,17,18,,False,14,112,0.6153846153846154,14,1.0,0.8681318681318682,133,13,22,0.5769230769230769,13,1.0,0.8525641025641025,35,0.06250000000000014,0.19642857142857142,0.0,0.017932489451476855,0.2631578947368421,22
3869684,2022,Croatia,Joško Gvardiol,61,61,122,12,21,5,,False,14,112,0.6153846153846154,14,1.0,0.8681318681318682,133,13,20,0.5897435897435898,13,1.0,0.8525641025641025,26,0.0416666666666667,0.17857142857142858,0.0,0.017932489451476855,0.19548872180451127,20
3869684,2022,Croatia,Josip Stanišić,36,32,68,10,12,13,,False,14,112,0.6153846153846154,14,1.0,0.8681318681318682,133,13,18,0.6025641025641025,13,1.0,0.8653846153846154,25,0.02083333333333344,0.16071428571428573,0.0,0.003164556962025305,0.18796992481203006,18
3869684,2022,Croatia,Josip Šutalo,62,61,123,11,18,2,,False,14,112,0.6153846153846154,14,1.0,0.8681318681318682,133,13,19,0.5961538461538461,13,1.0,0.8589743589743589,20,0.03125000000000007,0.16964285714285715,0.0,0.010548523206751145,0.15037593984962405,19
3869684,2022,Croatia,Luka Modrić,64,57,121,12,22,6,,False,14,112,0.6153846153846154,14,1.0,0.8681318681318682,133,13,22,0.5769230769230769,13,1.0,0.8525641025641025,28,0.06250000000000014,0.19642857142857142,0.0,0.017932489451476855,0.21052631578947367,22
3869684,2022,Croatia,Mislav Oršić,22,31,53,12,5,21,,False,14,112,0.6153846153846154,14,1.0,0.8681318681318682,133,13,20,0.5897435897435898,13,1.0,0.8525641025641025,26,0.0416666666666667,0.17857142857142858,0.0,0.017932489451476855,0.19548872180451127,20
3869684,2022,Croatia,Andrej Kramarić,12,16,28,9,1,13,,False,14,112,0.6153846153846154,14,1.0,0.8681318681318682,133,13,16,0.6153846153846154,13,1.0,0.8717948717948718,14,0.0,0.14285714285714285,0.0,-0.004219409282700407,0.10526315789473684,16
3869684,2022,Croatia,Ivan Perišić,41,34,75,11,8,14,,False,14,112,0.6153846153846154,14,1.0,0.8681318681318682,133,13,20,0.5897435897435898,13,1.0,0.8589743589743589,22,0.0416666666666667,0.17857142857142858,0.0,0.010548523206751145,0.16541353383458646,20
3869684,2022,Croatia,Lovro Majer,25,29,54,9,4,15,,False,14,112,0.6153846153846154,14,1.0,0.8681318681318682,133,13,17,0.6089743589743589,13,1.0,0.8717948717948718,19,0.01041666666666681,0.15178571428571427,0.0,-0.004219409282700407,0.14285714285714285,17
3869684,2022,Croatia,Marko Livaja,8,13,21,7,2,7,,False,14,112,0.6153846153846154,14,1.0,0.8681318681318682,133,13,12,0.6410256410256411,13,1.0,0.8846153846153846,9,-0.0416666666666667,0.10714285714285714,0.0,-0.01898734177215183,0.06766917293233082,12
3869684,2022,Croatia,Dominik Livaković,29,12,41,8,18,0,,False,14,112,0.6153846153846154,14,1.0,0.8681318681318682,133,13,13,0.6346153846153846,13,1.0,0.8782051282051282,18,-0.03124999999999989,0.11607142857142858,0.0,-0.01160337552742612,0.13533834586466165,13
3869684,2022,Croatia,Nikola Vlašić,5,8,13,7,1,6,,False,14,112,0.6153846153846154,14,1.0,0.8681318681318682,133,13,8,0.6666666666666666,13,1.0,0.8846153846153846,7,-0.08333333333333322,0.07142857142857142,0.0,-0.01898734177215183,0.05263157894736842,8
3869684,2022,Croatia,Bruno Petković,4,15,19,8,2,11,,False,14,112,0.6153846153846154,14,1.0,0.8681318681318682,133,13,10,0.6538461538461539,13,1.0,0.8782051282051282,13,-0.06249999999999996,0.08928571428571429,0.0,-0.01160337552742612,0.09774436090225563,10
3869684,2022,Croatia,Mario Pašalić,7,7,14,6,2,2,,False,14,112,0.6153846153846154,14,1.0,0.8681318681318682,133,13,7,0.6730769230769231,13,1.0,0.8910256410256411,4,-0.09375000000000003,0.0625,0.0,-0.02637130801687767,0.03007518796992481,7
3869684,2022,Morocco,Youssef En-Nesyri,9,12,21,8,0,6,,False,16,144,0.6,16,1.0,0.8541666666666666,117,15,12,0.6285714285714286,15,1.0,0.8666666666666667,6,-0.04761904761904764,0.08333333333333333,0.0,-0.014634146341463494,0.05128205128205128,12
3869684,2022,Morocco,Jawad El Yamiq,31,28,59,12,11,3,,False,16,144,0.6,16,1.0,0.8541666666666666,117,15,19,0.5952380952380952,15,1.0,0.8476190476190476,14,0.007936507936507908,0.13194444444444445,0.0,0.007665505226480809,0.11965811965811966,19
3869684,2022,Morocco,Achraf Hakimi Mouh,63,53,116,14,8,14,,False,16,144,0.6,16,1.0,0.8541666666666666,117,15,26,0.5619047619047619,15,1.0,0.8380952380952381,22,0.06349206349206346,0.18055555555555555,0.0,0.018815331010452897,0.18803418803418803,26
3869684,2022,Morocco,Yassine Bounou,38,23,61,12,22,0,,False,16,144,0.6,16,1.0,0.8541666666666666,117,15,19,0.5952380952380952,15,1.0,0.8476190476190476,22,0.007936507936507908,0.13194444444444445,0.0,0.007665505226480809,0.18803418803418803,19
3869684,2022,Morocco,Achraf Dari,29,26,55,8,15,2,,False,16,144,0.6,16,1.0,0.8541666666666666,117,15,16,0.6095238095238096,15,1.0,0.8666666666666667,17,-0.015873015873016004,0.1111111111111111,0.0,-0.014634146341463494,0.1452991452991453,16
3869684,2022,Morocco,Bilal El Khannous,20,24,44,10,4,8,,False,16,144,0.6,16,1.0,0.8541666666666666,117,15,16,0.6095238095238096,15,1.0,0.8571428571428571,12,-0.015873015873016004,0.1111111111111111,0.0,-0.003484320557491277,0.10256410256410256,16
3869684,2022,Morocco,Yahia Attiyat allah,40,41,81,15,13,18,,False,16,144,0.6,16,1.0,0.8541666666666666,117,15,27,0.5571428571428572,15,1.0,0.8333333333333334,31,0.07142857142857137,0.1875,0.0,0.02439024390243894,0.26495726495726496,27
3869684,2022,Morocco,Sofiane Boufal,18,24,42,12,3,14,,False,16,144,0.6,16,1.0,0.8541666666666666,117,15,21,0.5857142857142857,15,1.0,0.8476190476190476,17,0.023809523809523725,0.14583333333333334,0.0,0.007665505226480809,0.1452991452991453,21
3869684,2022,Morocco,Abdelhamid Sabiri,9,15,24,8,2,2,,False,16,144,0.6,16,1.0,0.8541666666666666,117,15,13,0.6238095238095238,15,1.0,0.8666666666666667,4,-0.03968253968253973,0.09027777777777778,0.0,-0.014634146341463494,0.03418803418803419,13
3869684,2022,Morocco,Hakim Ziyech,50,59,109,12,10,14,,False,16,144,0.6,16,1.0,0.8541666666666666,117,15,23,0.5761904761904761,15,1.0,0.8476190476190476,24,0.03968253968253973,0.1597222222222222,0.0,0.007665505226480809,0.20512820512820512,23
3869684,2022,Morocco,Sofyan Amrabat,45,42,87,14,15,8,,False,16,144,0.6,16,1.0,0.8541666666666666,117,15,25,0.5666666666666667,15,1.0,0.8380952380952381,23,0.055555555555555546,0.1736111111111111,0.0,0.018815331010452897,0.19658119658119658,25
3869684,2022,Morocco,Ilias Chair,13,15,28,11,1,6,,False,16,144,0.6,16,1.0,0.8541666666666666,117,15,16,0.6095238095238096,15,1.0,0.8523809523809524,7,-0.015873015873016004,0.1111111111111111,0.0,0.002090592334494766,0.05982905982905983,16
3869684,2022,Morocco,Azzedine Ounahi,24,26,50,10,6,5,,False,16,144,0.6,16,1.0,0.8541666666666666,117,15,17,0.6047619047619047,15,1.0,0.8571428571428571,11,-0.007936507936507908,0.11805555555555555,0.0,-0.003484320557491277,0.09401709401709402,17
3869684,2022,Morocco,Badr Banoun,21,20,41,8,5,3,,False,16,144,0.6,16,1.0,0.8541666666666666,117,15,14,0.6190476190476191,15,1.0,0.8666666666666667,8,-0.03174603174603182,0.09722222222222222,0.0,-0.014634146341463494,0.06837606837606838,14
3869684,2022,Morocco,Anass Zaroury,10,9,19,8,1,6,,False,16,144,0.6,16,1.0,0.8541666666666666,117,15,10,0.638095238095238,15,1.0,0.8666666666666667,7,-0.06349206349206346,0.06944444444444445,0.0,-0.014634146341463494,0.05982905982905983,10
3869684,2022,Morocco,Selim Amallah,11,14,25,8,1,8,,False,16,144,0.6,16,1.0,0.8541666666666666,117,15,14,0.6190476190476191,15,1.0,0.8666666666666667,9,-0.03174603174603182,0.09722222222222222,0.0,-0.014634146341463494,0.07692307692307693,14
3869685,2022,France,Antoine Griezmann,21,23,44,12,6,13,,False,17,143,0.5257352941176471,17,1.0,0.8223039215686274,126,16,20,0.5125,16,1.0,0.8152777777777778,19,0.025174825174825294,0.13986013986013987,0.0,0.008544461003477367,0.15079365079365079,20
3869685,2022,France,Aurélien Djani Tchouaméni,56,44,100,14,15,7,,False,17,143,0.5257352941176471,17,1.0,0.8223039215686274,126,16,25,0.49166666666666664,16,1.0,0.8069444444444444,22,0.06480186480186488,0.17482517482517482,0.0,0.01867858917039252,0.1746031746031746,25
3869685,2022,France,Theo Bernard François Hernández,38,37,75,11,10,18,,False,17,143,0.5257352941176471,17,1.0,0.8223039215686274,126,16,19,0.5166666666666667,16,1.0,0.8194444444444444,28,0.017249417249417188,0.13286713286713286,0.0,0.0034773969200198587,0.2222222222222222,19
3869685,2022,France,Adrien Rabiot,43,39,82,14,9,7,,False,17,143,0.5257352941176471,17,1.0,0.8223039215686274,126,16,26,0.4875,16,1.0,0.8055555555555556,16,0.07272727272727278,0.18181818181818182,0.0,0.020367610531544886,0.12698412698412698,26
3869685,2022,France,Raphaël Varane,55,51,106,13,14,2,,False,17,143,0.5257352941176471,17,1.0,0.8223039215686274,126,16,23,0.5,16,1.0,0.8111111111111111,16,0.04895104895104899,0.16083916083916083,0.0,0.013611525086934875,0.12698412698412698,23
3869685,2022,France,Jules Koundé,52,47,99,15,17,5,,False,17,143,0.5257352941176471,17,1.0,0.8223039215686274,126,16,26,0.4875,16,1.0,0.7958333333333337,22,0.07272727272727278,0.18181818181818182,0.0,0.032190760059612,0.1746031746031746,26
3869685,2022,France,Ousmane Dembélé,9,12,21,8,0,11,,False,17,143,0.5257352941176471,17,1.0,0.8223039215686274,126,16,11,0.55,16,1.0,0.8319444444444444,11,-0.0461538461538462,0.07692307692307693,0.0,-0.011723795330352666,0.0873015873015873,11
3869685,2022,France,Hugo Lloris,23,15,38,12,20,0,,False,17,143,0.5257352941176471,17,1.0,0.8223039215686274,126,16,16,0.5291666666666667,16,1.0,0.8152777777777778,20,-0.006526806526806503,0.11188811188811189,0.0,0.008544461003477367,0.15873015873015872,16
3869685,2022,France,Olivier Giroud,5,8,13,6,1,5,,False,17,143,0.5257352941176471,17,1.0,0.8223039215686274,126,16,9,0.5583333333333333,16,1.0,0.8416666666666667,6,-0.062004662004661995,0.06293706293706294,0.0,-0.02354694485842032,0.047619047619047616,9
3869685,2022,France,Kylian Mbappé Lottin,19,29,48,11,5,19,,False,17,143,0.5257352941176471,17,1.0,0.8223039215686274,126,16,19,0.5166666666666667,16,1.0,0.8194444444444444,24,0.017249417249417188,0.13286713286713286,0.0,0.0034773969200198587,0.19047619047619047,19
3869685,2022,France,Dayotchanculle Upamecano,51,55,106,13,15,5,,False,17,143,0.5257352941176471,17,1.0,0.8223039215686274,126,16,22,0.5041666666666667,16,1.0,0.8111111111111111,20,0.04102564102564109,0.15384615384615385,0.0,0.013611525086934875,0.15873015873015872,22
3869685,2022,France,Randal Kolo Muani,11,20,31,10,1,11,,False,17,143,0.5257352941176471,17,1.0,0.8223039215686274,126,16,16,0.5291666666666667,16,1.0,0.8236111111111111,12,-0.006526806526806503,0.11188811188811189,0.0,-0.0015896671634376496,0.09523809523809523,16
3869685,2022,France,Marcus Thuram,15,23,38,12,4,12,,False,17,143,0.5257352941176471,17,1.0,0.8223039215686274,126,16,19,0.5166666666666667,16,1.0,0.8152777777777778,16,0.017249417249417188,0.13286713286713286,0.0,0.008544461003477367,0.12698412698412698,19
3869685,2022,France,Kingsley Coman,5,8,13,5,0,5,,False,17,143,0.5257352941176471,17,1.0,0.8223039215686274,126,16,7,0.5666666666666667,16,1.0,0.8444444444444444,5,-0.07785547785547779,0.04895104895104895,0.0,-0.026924987580725326,0.03968253968253968,7
3869685,2022,France,Eduardo Camavinga,21,15,36,10,7,1,,False,17,143,0.5257352941176471,17,1.0,0.8223039215686274,126,16,16,0.5291666666666667,16,1.0,0.8236111111111111,8,-0.006526806526806503,0.11188811188811189,0.0,-0.0015896671634376496,0.06349206349206349,16
3869685,2022,France,Youssouf Fofana,9,7,16,8,1,4,,False,17,143,0.5257352941176471,17,1.0,0.8223039215686274,126,16,10,0.5541666666666667,16,1.0,0.8319444444444444,5,-0.0540792540792541,0.06993006993006994,0.0,-0.011723795330352666,0.03968253968253968,10
3869685,2022,France,Ibrahima Konaté,1,1,2,2,1,1,,True,17,143,0.5257352941176471,17,1.0,0.8223039215686274,126,16,2,0.5875,16,1.0,0.8583333333333333,2,-0.11748251748251748,0.013986013986013986,0.0,-0.04381520119225035,0.015873015873015872,2
3869685,2022,Argentina,Nahuel Molina Lucero,39,33,72,9,13,7,,False,17,129,0.4742647058823529,17,1.0,0.7794117647058826,164,16,16,0.4708333333333333,16,1.0,0.7791666666666668,20,0.0072351421188630236,0.12403100775193798,0.0,0.0003144654088051727,0.12195121951219512,16
3869685,2022,Argentina,Rodrigo Javier De Paul,57,66,123,10,10,21,,False,17,129,0.4742647058823529,17,1.0,0.7794117647058826,164,16,17,0.4666666666666667,16,1.0,0.7750000000000001,31,0.01602067183462527,0.13178294573643412,0.0,0.005660377358490687,0.18902439024390244,17
3869685,2022,Argentina,Cristian Gabriel Romero,60,44,104,12,28,1,,False,17,129,0.4742647058823529,17,1.0,0.7794117647058826,164,16,18,0.4625,16,1.0,0.7666666666666668,29,0.02480620155038751,0.13953488372093023,0.0,0.016352201257861715,0.17682926829268292,18
3869685,2022,Argentina,Nicolás Hernán Otamendi,69,60,129,13,20,4,,False,17,129,0.4742647058823529,17,1.0,0.7794117647058826,164,16,24,0.4375,15,0.9375,0.7041666666666667,24,0.0775193798449612,0.18604651162790697,0.0625,0.09654088050314485,0.14634146341463414,24
3869685,2022,Argentina,Nicolás Alejandro Tagliafico,44,32,76,7,11,10,,False,17,129,0.4742647058823529,17,1.0,0.7794117647058826,164,16,13,0.48333333333333334,16,1.0,0.7875000000000001,21,-0.019121447028423822,0.10077519379844961,0.0,-0.010377358490565855,0.12804878048780488,13
3869685,2022,Argentina,Alexis Mac Allister,45,46,91,12,13,16,,False,17,129,0.4742647058823529,17,1.0,0.7794117647058826,164,16,20,0.45416666666666666,16,1.0,0.7666666666666668,29,0.042377260981912114,0.15503875968992248,0.0,0.016352201257861715,0.17682926829268292,20
3869685,2022,Argentina,Damián Emiliano Martínez,18,15,33,8,9,0,,False,17,129,0.4742647058823529,17,1.0,0.7794117647058826,164,16,12,0.4875,16,1.0,0.7833333333333334,9,-0.027906976744186067,0.09302325581395349,0.0,-0.0050314465408803416,0.054878048780487805,12
3869685,2022,Argentina,Lionel Andrés Messi Cuccittini,49,60,109,12,22,19,,False,17,129,0.4742647058823529,17,1.0,0.7794117647058826,164,16,22,0.44583333333333336,16,1.0,0.7666666666666668,41,0.0599483204134366,0.17054263565891473,0.0,0.016352201257861715,0.25,22
3869685,2022,Argentina,Ángel Fabián Di María Hernández,25,31,56,10,3,22,,False,17,129,0.4742647058823529,17,1.0,0.7794117647058826,164,16,16,0.4708333333333333,16,1.0,0.7750000000000001,25,0.0072351421188630236,0.12403100775193798,0.0,0.005660377358490687,0.1524390243902439,16
3869685,2022,Argentina,Enzo Fernandez,79,84,163,15,22,18,,False,17,129,0.4742647058823529,17,1.0,0.7794117647058826,164,16,28,0.42083333333333334,16,1.0,0.752777777777778,40,0.11266149870801029,0.21705426356589147,0.0,0.034171907756813426,0.24390243902439024,28
3869685,2022,Argentina,Julián Álvarez,26,28,54,9,2,16,,False,17,129,0.4742647058823529,17,1.0,0.7794117647058826,164,16,17,0.4666666666666667,16,1.0,0.7805555555555557,18,0.01602067183462527,0.13178294573643412,0.0,-0.0014675052410899987,0.10975609756097561,17
3869685,2022,Argentina,Marcos Javier Acuña,19,27,46,12,5,15,,False,17,129,0.4742647058823529,17,1.0,0.7794117647058826,164,16,20,0.45416666666666666,16,1.0,0.7666666666666669,20,0.042377260981912114,0.15503875968992248,0.0,0.016352201257861573,0.12195121951219512,20
3869685,2022,Argentina,Gonzalo Ariel Montiel,8,12,20,5,1,8,,False,17,129,0.4742647058823529,17,1.0,0.7794117647058826,164,16,8,0.5041666666666667,16,1.0,0.7972222222222224,9,-0.06304909560723515,0.06201550387596899,0.0,-0.022851153039832196,0.054878048780487805,8
3869685,2022,Argentina,Leandro Daniel Paredes,15,9,24,9,4,0,,False,17,129,0.4742647058823529,17,1.0,0.7794117647058826,164,16,12,0.4875,16,1.0,0.7791666666666669,4,-0.027906976744186067,0.09302325581395349,0.0,0.00031446540880503024,0.024390243902439025,12
3869685,2022,Argentina,Lautaro Javier Martínez,5,9,14,6,0,4,,False,17,129,0.4742647058823529,17,1.0,0.7794117647058826,164,16,9,0.5,16,1.0,0.7930555555555557,4,-0.05426356589147291,0.06976744186046512,0.0,-0.017505241090146683,0.024390243902439025,9
3869685,2022,Argentina,Paulo Bruno Exequiel Dybala,1,3,4,4,0,3,,False,17,129,0.4742647058823529,17,1.0,0.7794117647058826,164,16,4,0.5208333333333334,16,1.0,0.8000000000000003,3,-0.09819121447028437,0.031007751937984496,0.0,-0.02641509433962268,0.018292682926829267,4
3869685,2022,Argentina,Germán Alejandro Pezzella,1,1,2,1,1,0,,True,17,129,0.4742647058823529,17,1.0,0.7794117647058826,164,16,2,0.5291666666666667,16,1.0,0.8166666666666667,1,-0.11576227390180885,0.015503875968992248,0.0,-0.04779874213836446,0.006097560975609756,2
7525,2018,Saudi Arabia,Mohammad Ibrahim Al Sahlawi,7,9,16,9,1,6,,False,14,97,0.532967032967033,14,1.0,0.8131868131868132,103,13,11,0.5512820512820513,13,1.0,0.8076923076923077,7,-0.034364261168384966,0.1134020618556701,0.0,0.006756756756756733,0.06796116504854369,11
7525,2018,Saudi Arabia,Abdullah Ibrahim Otayf,47,46,93,10,12,1,,False,14,97,0.532967032967033,14,1.0,0.8131868131868132,103,13,18,0.5064102564102564,13,1.0,0.8012820512820513,13,0.04982817869415811,0.18556701030927836,0.0,0.014639639639639587,0.1262135922330097,18
7525,2018,Saudi Arabia,Salman Mohammed Al Faraj,71,69,140,13,13,16,,False,14,97,0.532967032967033,14,1.0,0.8131868131868132,103,13,22,0.4807692307692308,13,1.0,0.7735042735042733,29,0.09793814432989688,0.2268041237113402,0.0,0.04879879879879904,0.2815533980582524,22
7525,2018,Saudi Arabia,Salem Mohammed Al Dawsari,40,43,83,10,10,12,,False,14,97,0.532967032967033,14,1.0,0.8131868131868132,103,13,19,0.5,13,1.0,0.8012820512820513,22,0.06185567010309277,0.1958762886597938,0.0,0.014639639639639587,0.21359223300970873,19
7525,2018,Saudi Arabia,Yasir Gharsan Al Shahrani,55,48,103,9,10,22,,False,14,97,0.532967032967033,14,1.0,0.8131868131868132,103,13,16,0.5192307692307693,13,1.0,0.8076923076923077,32,0.025773195876288568,0.16494845360824742,0.0,0.006756756756756733,0.3106796116504854,16
7525,2018,Saudi Arabia,Yehya Sulaiman Ali Al-Shehri,34,34,68,9,4,12,,False,14,97,0.532967032967033,14,1.0,0.8131868131868132,103,13,16,0.5192307692307693,13,1.0,0.8076923076923077,16,0.025773195876288568,0.16494845360824742,0.0,0.006756756756756733,0.1553398058252427,16
7525,2018,Saudi Arabia,Osama Abdulrezag Hawsawi,50,46,96,11,23,1,,False,14,97,0.532967032967033,14,1.0,0.8131868131868132,103,13,18,0.5064102564102564,13,1.0,0.7948717948717948,24,0.04982817869415811,0.18556701030927836,0.0,0.02252252252252258,0.23300970873786409,18
7525,2018,Saudi Arabia,Abdullah Ibrahim Al Maiouf,15,19,34,7,10,0,,False,14,97,0.532967032967033,14,1.0,0.8131868131868132,103,13,10,0.5576923076923077,13,1.0,0.8205128205128205,10,-0.04639175257731963,0.10309278350515463,0.0,-0.009009009009008978,0.0970873786407767,10
7525,2018,Saudi Arabia,Taisir Jabir Al Jassim,30,37,67,10,2,7,,False,14,97,0.532967032967033,14,1.0,0.8131868131868132,103,13,18,0.5064102564102564,13,1.0,0.8012820512820513,9,0.04982817869415811,0.18556701030927836,0.0,0.014639639639639587,0.08737864077669903,18
7525,2018,Saudi Arabia,Mohammed Al Burayk,58,59,117,10,7,23,,False,14,97,0.532967032967033,14,1.0,0.8131868131868132,103,13,18,0.5064102564102564,13,1.0,0.8012820512820513,30,0.04982817869415811,0.18556701030927836,0.0,0.014639639639639587,0.2912621359223301,18
7525,2018,Saudi Arabia,Omar Ibrahim Omar Othman Hawsawi,44,44,88,9,11,2,,False,14,97,0.532967032967033,14,1.0,0.8131868131868132,103,13,18,0.5064102564102564,13,1.0,0.8076923076923077,13,0.04982817869415811,0.18556701030927836,0.0,0.006756756756756733,0.1262135922330097,18
7525,2018,Saudi Arabia,Fahad Mosaed Al Muwallad Al Harbi,1,1,2,2,0,1,,True,14,97,0.532967032967033,14,1.0,0.8131868131868132,103,13,2,0.6089743589743589,13,1.0,0.8525641025641025,1,-0.14261168384879716,0.020618556701030927,0.0,-0.04842342342342339,0.009708737864077669,2
7525,2018,Saudi Arabia,Hattan Babhir,4,3,7,3,0,0,,False,14,97,0.532967032967033,14,1.0,0.8131868131868132,103,13,6,0.5833333333333334,13,1.0,0.8461538461538461,0,-0.0945017182130585,0.061855670103092786,0.0,-0.040540540540540536,0.0,6
7525,2018,Saudi Arabia,Mohanad Aseri Abu Radiah,2,0,2,2,0,0,,True,14,97,0.532967032967033,14,1.0,0.8131868131868132,103,13,2,0.6089743589743589,13,1.0,0.8525641025641025,0,-0.14261168384879716,0.020618556701030927,0.0,-0.04842342342342339,0.0,2
7525,2018,Russia,Aleksandr Samedov,16,17,33,10,6,7,,False,14,114,0.6263736263736264,14,1.0,0.8956043956043956,89,13,14,0.6410256410256411,13,1.0,0.8974358974358975,13,-0.023391812865497172,0.12280701754385964,0.0,-0.0020449897750511176,0.14606741573033707,14
7525,2018,Russia,Fyodor Smolov,13,22,35,11,3,16,,False,14,114,0.6263736263736264,14,1.0,0.8956043956043956,89,13,16,0.6282051282051282,13,1.0,0.8910256410256411,19,-0.002923976608187124,0.14035087719298245,0.0,0.005112474437627794,0.21348314606741572,16
7525,2018,Russia,Ilya Kutepov,26,23,49,9,9,2,,False,14,114,0.6263736263736264,14,1.0,0.8956043956043956,89,13,15,0.6346153846153846,13,1.0,0.9038461538461539,11,-0.01315789473684206,0.13157894736842105,0.0,-0.009202453987730029,0.12359550561797752,15
7525,2018,Russia,Sergei Ignashevich,26,19,45,12,11,1,,False,14,114,0.6263736263736264,14,1.0,0.8956043956043956,89,13,16,0.6282051282051282,13,1.0,0.8846153846153846,12,-0.002923976608187124,0.14035087719298245,0.0,0.012269938650306829,0.1348314606741573,16
7525,2018,Russia,Mário Figueira Fernandes,39,22,61,12,9,13,,False,14,114,0.6263736263736264,14,1.0,0.8956043956043956,89,13,20,0.6025641025641025,13,1.0,0.8846153846153846,22,0.03801169590643279,0.17543859649122806,0.0,0.012269938650306829,0.24719101123595505,20
7525,2018,Russia,Alan Dzagoev,8,12,20,9,2,7,,False,14,114,0.6263736263736264,14,1.0,0.8956043956043956,89,13,14,0.6410256410256411,13,1.0,0.9038461538461539,9,-0.023391812865497172,0.12280701754385964,0.0,-0.009202453987730029,0.10112359550561797,14
7525,2018,Russia,Yuri Zhirkov,30,23,53,13,12,8,,False,14,114,0.6263736263736264,14,1.0,0.8956043956043956,89,13,22,0.5897435897435898,13,1.0,0.8782051282051282,20,0.05847953216374266,0.19298245614035087,0.0,0.01942740286298574,0.2247191011235955,22
7525,2018,Russia,Aleksandr Golovin,24,27,51,11,9,9,,False,14,114,0.6263736263736264,14,1.0,0.8956043956043956,89,13,19,0.6089743589743589,13,1.0,0.8910256410256411,18,0.027777777777777856,0.16666666666666666,0.0,0.005112474437627794,0.20224719101123595,19
7525,2018,Russia,Igor Akinfeev,12,17,29,9,11,0,,False,14,114,0.6263736263736264,14,1.0,0.8956043956043956,89,13,14,0.6410256410256411,13,1.0,0.9038461538461539,11,-0.023391812865497172,0.12280701754385964,0.0,-0.009202453987730029,0.12359550561797752,14
7525,2018,Russia,Yury Gazinskiy,25,22,47,12,8,2,,False,14,114,0.6263736263736264,14,1.0,0.8956043956043956,89,13,19,0.6089743589743589,13,1.0,0.8846153846153846,10,0.027777777777777856,0.16666666666666666,0.0,0.012269938650306829,0.11235955056179775,19
7525,2018,Russia,Roman Zobnin,19,27,46,11,6,6,,False,14,114,0.6263736263736264,14,1.0,0.8956043956043956,89,13,20,0.6025641025641025,13,1.0,0.8910256410256411,12,0.03801169590643279,0.17543859649122806,0.0,0.005112474437627794,0.1348314606741573,20
7525,2018,Russia,Denis Cheryshev,16,19,35,10,2,8,,False,14,114,0.6263736263736264,14,1.0,0.8956043956043956,89,13,18,0.6153846153846154,13,1.0,0.8974358974358975,10,0.017543859649122744,0.15789473684210525,0.0,-0.0020449897750511176,0.11235955056179775,18
7525,2018,Russia,Daler Kuzyaev,11,12,23,7,1,1,,False,14,114,0.6263736263736264,14,1.0,0.8956043956043956,89,13,10,0.6666666666666666,13,1.0,0.9166666666666666,2,-0.06432748538011691,0.08771929824561403,0.0,-0.02351738241308785,0.02247191011235955,10
7525,2018,Russia,Artem Dzyuba,7,10,17,8,0,9,,False,14,114,0.6263736263736264,14,1.0,0.8956043956043956,89,13,11,0.6602564102564102,13,1.0,0.9102564102564102,9,-0.05409356725146197,0.09649122807017543,0.0,-0.01635991820040894,0.10112359550561797,11
7529,2018,Nigeria,John Michael Nchekwube Obinna,32,40,72,10,9,18,,False,13,94,0.6025641025641025,13,1.0,0.8782051282051282,106,12,19,0.5681818181818182,12,1.0,0.8712121212121212,27,0.05705996131528033,0.20212765957446807,0.0,0.007962840079628384,0.25471698113207547,19
7529,2018,Nigeria,William Troost-Ekong,43,37,80,10,14,1,,False,13,94,0.6025641025641025,13,1.0,0.8782051282051282,106,12,16,0.5909090909090909,12,1.0,0.8712121212121212,15,0.01934235976789158,0.1702127659574468,0.0,0.007962840079628384,0.14150943396226415,16
7529,2018,Nigeria,Onyinye Wilfred Ndidi,39,29,68,11,13,14,,False,13,94,0.6025641025641025,13,1.0,0.8782051282051282,106,12,20,0.5606060606060606,12,1.0,0.8636363636363636,27,0.0696324951644101,0.2127659574468085,0.0,0.016589250165892477,0.25471698113207547,20
7529,2018,Nigeria,Abdullahi Shehu,31,18,49,9,6,3,,False,13,94,0.6025641025641025,13,1.0,0.8782051282051282,106,12,14,0.6060606060606061,12,1.0,0.8787878787878788,9,-0.005802707930367585,0.14893617021276595,0.0,-0.0006635700066357092,0.08490566037735849,14
7529,2018,Nigeria,Francis Odinaka Uzoho,14,12,26,9,12,0,,False,13,94,0.6025641025641025,13,1.0,0.8782051282051282,106,12,12,0.6212121212121212,12,1.0,0.8787878787878788,12,-0.03094777562862675,0.1276595744680851,0.0,-0.0006635700066357092,0.11320754716981132,12
7529,2018,Nigeria,Alex Iwobi,14,18,32,10,7,9,,False,13,94,0.6025641025641025,13,1.0,0.8782051282051282,106,12,14,0.6060606060606061,12,1.0,0.8712121212121212,16,-0.005802707930367585,0.14893617021276595,0.0,0.007962840079628384,0.1509433962264151,14
7529,2018,Nigeria,Odion Jude Ighalo,5,14,19,8,0,11,,False,13,94,0.6025641025641025,13,1.0,0.8782051282051282,106,12,10,0.6363636363636364,12,1.0,0.8863636363636364,11,-0.05609284332688592,0.10638297872340426,0.0,-0.009289980092899802,0.10377358490566038,10
7529,2018,Nigeria,Brian Oladapo Idowu,23,19,42,11,13,8,,False,13,94,0.6025641025641025,13,1.0,0.8782051282051282,106,12,17,0.5833333333333334,12,1.0,0.8636363636363636,21,0.03191489361702116,0.18085106382978725,0.0,0.016589250165892477,0.19811320754716982,17
7529,2018,Nigeria,Victor Moses,17,32,49,10,4,19,,False,13,94,0.6025641025641025,13,1.0,0.8782051282051282,106,12,16,0.5909090909090909,12,1.0,0.8712121212121212,23,0.01934235976789158,0.1702127659574468,0.0,0.007962840079628384,0.2169811320754717,16
7529,2018,Nigeria,Oghenekaro Etebo,62,56,118,12,15,10,,False,13,94,0.6025641025641025,13,1.0,0.8782051282051282,106,12,23,0.5378787878787878,12,1.0,0.8560606060606061,25,0.10735009671179885,0.24468085106382978,0.0,0.02521566025215657,0.2358490566037736,23
7529,2018,Nigeria,Leon Aderemi Balogun,34,33,67,8,13,4,,False,13,94,0.6025641025641025,13,1.0,0.8782051282051282,106,12,14,0.6060606060606061,12,1.0,0.8863636363636364,17,-0.005802707930367585,0.14893617021276595,0.0,-0.009289980092899802,0.16037735849056603,14
7529,2018,Nigeria,Ahmed Musa,4,6,10,4,0,6,,False,13,94,0.6025641025641025,13,1.0,0.8782051282051282,106,12,7,0.6590909090909091,12,1.0,0.9166666666666666,6,-0.09381044487427467,0.07446808510638298,0.0,-0.04379562043795618,0.05660377358490566,7
7529,2018,Nigeria,Kelechi Promise Iheanacho,1,5,6,6,0,3,,False,13,94,0.6025641025641025,13,1.0,0.8782051282051282,106,12,6,0.6666666666666666,12,1.0,0.9015151515151515,3,-0.10638297872340426,0.06382978723404255,0.0,-0.02654280026542799,0.02830188679245283,6
7529,2018,Croatia,Luka Modrić,55,48,103,12,16,14,,False,14,113,0.6208791208791209,14,1.0,0.8681318681318682,111,13,23,0.5769230769230769,13,1.0,0.8525641025641025,30,0.07079646017699126,0.20353982300884957,0.0,0.017932489451476855,0.2702702702702703,23
7529,2018,Croatia,Ivan Strinić,36,28,64,9,10,9,,False,14,113,0.6208791208791209,14,1.0,0.8681318681318682,111,13,18,0.6089743589743589,13,1.0,0.8717948717948718,19,0.019174041297935214,0.1592920353982301,0.0,-0.004219409282700407,0.17117117117117117,18
7529,2018,Croatia,Ante Rebić,23,30,53,11,6,17,,False,14,113,0.6208791208791209,14,1.0,0.8681318681318682,111,13,16,0.6217948717948718,13,1.0,0.8589743589743589,23,-0.0014749262536873104,0.1415929203539823,0.0,0.010548523206751145,0.2072072072072072,16
7529,2018,Croatia,Ivan Rakitić,55,54,109,12,17,7,,False,14,113,0.6208791208791209,14,1.0,0.8681318681318682,111,13,22,0.5833333333333334,13,1.0,0.8525641025641025,24,0.060471976401179905,0.19469026548672566,0.0,0.017932489451476855,0.21621621621621623,22
7529,2018,Croatia,Dejan Lovren,48,44,92,9,14,5,,False,14,113,0.6208791208791209,14,1.0,0.8681318681318682,111,13,16,0.6217948717948718,13,1.0,0.8717948717948718,19,-0.0014749262536873104,0.1415929203539823,0.0,-0.004219409282700407,0.17117117117117117,16
7529,2018,Croatia,Domagoj Vida,33,31,64,11,12,1,,False,14,113,0.6208791208791209,14,1.0,0.8681318681318682,111,13,20,0.5961538461538461,13,1.0,0.8589743589743589,13,0.039823008849557556,0.17699115044247787,0.0,0.010548523206751145,0.11711711711711711,20
7529,2018,Croatia,Šime Vrsaljko,35,30,65,11,8,13,,False,14,113,0.6208791208791209,14,1.0,0.8681318681318682,111,13,19,0.6025641025641025,13,1.0,0.8589743589743589,21,0.029498525073746385,0.168141592920354,0.0,0.010548523206751145,0.1891891891891892,19
7529,2018,Croatia,Andrej Kramarić,10,21,31,8,2,8,,False,14,113,0.6208791208791209,14,1.0,0.8681318681318682,111,13,14,0.6346153846153846,13,1.0,0.8782051282051282,10,-0.022123893805309654,0.12389380530973451,0.0,-0.01160337552742612,0.09009009009009009,14
7529,2018,Croatia,Mario Mandžukić,16,23,39,10,0,12,,False,14,113,0.6208791208791209,14,1.0,0.8681318681318682,111,13,15,0.6282051282051282,13,1.0,0.8653846153846154,12,-0.011799410029498483,0.13274336283185842,0.0,0.003164556962025305,0.10810810810810811,15
7529,2018,Croatia,Ivan Perišić,32,36,68,12,7,18,,False,14,113,0.6208791208791209,14,1.0,0.8681318681318682,111,13,21,0.5897435897435898,13,1.0,0.8525641025641025,25,0.05014749262536873,0.18584070796460178,0.0,0.017932489451476855,0.22522522522522523,21
7529,2018,Croatia,Danijel Subašić,18,16,34,10,14,0,,False,14,113,0.6208791208791209,14,1.0,0.8681318681318682,111,13,14,0.6346153846153846,13,1.0,0.8653846153846154,14,-0.022123893805309654,0.12389380530973451,0.0,0.003164556962025305,0.12612612612612611,14
7529,2018,Croatia,Marcelo Brozović,24,19,43,10,5,3,,False,14,113,0.6208791208791209,14,1.0,0.8681318681318682,111,13,17,0.6153846153846154,13,1.0,0.8653846153846154,8,0.008849557522123862,0.1504424778761062,0.0,0.003164556962025305,0.07207207207207207,17
7529,2018,Croatia,Mateo Kovačić,2,4,6,3,0,0,,False,14,113,0.6208791208791209,14,1.0,0.8681318681318682,111,13,5,0.6923076923076923,13,1.0,0.9102564102564102,0,-0.11504424778761056,0.04424778761061947,0.0,-0.04852320675105481,0.0,5
7529,2018,Croatia,Marko Pjaca,2,5,7,6,0,4,,False,14,113,0.6208791208791209,14,1.0,0.8681318681318682,111,13,6,0.6858974358974359,13,1.0,0.8910256410256411,4,-0.10471976401179939,0.05309734513274336,0.0,-0.02637130801687767,0.036036036036036036,6
7530,2018,Australia,Andrew Nabbout,3,5,8,7,1,4,,False,14,86,0.4725274725274725,14,1.0,0.7857142857142857,110,13,8,0.5,13,1.0,0.7884615384615384,5,-0.05813953488372096,0.09302325581395349,0.0,-0.0034965034965034844,0.045454545454545456,8
7530,2018,Australia,Trent Sainsbury,45,42,87,9,23,2,,False,14,86,0.4725274725274725,14,1.0,0.7857142857142857,110,13,15,0.4551282051282051,13,1.0,0.7756410256410257,25,0.03682170542635658,0.1744186046511628,0.0,0.012820512820512775,0.22727272727272727,15
7530,2018,Australia,Mile Jedinak,30,27,57,9,4,8,,False,14,86,0.4725274725274725,14,1.0,0.7857142857142857,110,13,16,0.44871794871794873,13,1.0,0.7756410256410257,12,0.05038759689922474,0.18604651162790697,0.0,0.012820512820512775,0.10909090909090909,16
7530,2018,Australia,Josh Risdon,23,34,57,12,11,18,,False,14,86,0.4725274725274725,14,1.0,0.7857142857142857,110,13,22,0.41025641025641024,13,1.0,0.7542735042735043,29,0.13178294573643412,0.2558139534883721,0.0,0.040015540015540016,0.2636363636363636,22
7530,2018,Australia,Aziz Eraltay Behich,46,45,91,9,6,25,,False,14,86,0.4725274725274725,14,1.0,0.7857142857142857,110,13,16,0.44871794871794873,13,1.0,0.7756410256410257,31,0.05038759689922474,0.18604651162790697,0.0,0.012820512820512775,0.2818181818181818,16
7530,2018,Australia,Aaron Mooy,48,38,86,10,11,8,,False,14,86,0.4725274725274725,14,1.0,0.7857142857142857,110,13,18,0.4358974358974359,13,1.0,0.7670940170940171,19,0.0775193798449612,0.20930232558139536,0.0,0.023698523698523617,0.17272727272727273,18
7530,2018,Australia,Mathew Ryan,38,26,64,8,23,0,,False,14,86,0.4725274725274725,14,1.0,0.7857142857142857,110,13,14,0.46153846153846156,13,1.0,0.782051282051282,23,0.02325581395348829,0.16279069767441862,0.0,0.0046620046620046455,0.20909090909090908,14
7530,2018,Australia,Mark Milligan,67,66,133,9,25,4,,False,14,86,0.4725274725274725,14,1.0,0.7857142857142857,110,13,16,0.44871794871794873,13,1.0,0.7756410256410257,29,0.05038759689922474,0.18604651162790697,0.0,0.012820512820512775,0.2636363636363636,16
7530,2018,Australia,Tom Rogić,13,15,28,7,2,14,,False,14,86,0.4725274725274725,14,1.0,0.7857142857142857,110,13,11,0.4807692307692308,13,1.0,0.7884615384615384,16,-0.017441860465116334,0.12790697674418605,0.0,-0.0034965034965034844,0.14545454545454545,11
7530,2018,Australia,Robbie Kruse,11,14,25,5,1,6,,False,14,86,0.4725274725274725,14,1.0,0.7857142857142857,110,13,9,0.4935897435897436,13,1.0,0.8012820512820513,7,-0.04457364341085279,0.10465116279069768,0.0,-0.019813519813519885,0.06363636363636363,9
7530,2018,Australia,Mathew Leckie,11,22,33,9,1,17,,False,14,86,0.4725274725274725,14,1.0,0.7857142857142857,110,13,14,0.46153846153846156,13,1.0,0.7756410256410257,18,0.02325581395348829,0.16279069767441862,0.0,0.012820512820512775,0.16363636363636364,14
7530,2018,Australia,Tomi Jurić,2,4,6,4,1,2,,False,14,86,0.4725274725274725,14,1.0,0.7857142857142857,110,13,6,0.5128205128205128,13,1.0,0.8076923076923077,3,-0.0852713178294573,0.06976744186046512,0.0,-0.027972027972028014,0.02727272727272727,6
7530,2018,Australia,Jackson Irvine,3,2,5,3,1,1,,False,14,86,0.4725274725274725,14,1.0,0.7857142857142857,110,13,4,0.5256410256410257,13,1.0,0.8141025641025641,2,-0.11240310077519387,0.046511627906976744,0.0,-0.03613053613053614,0.01818181818181818,4
7530,2018,Australia,Daniel Arzani,2,2,4,3,0,1,,False,14,86,0.4725274725274725,14,1.0,0.7857142857142857,110,13,3,0.532051282051282,13,1.0,0.8141025641025641,1,-0.12596899224806204,0.03488372093023256,0.0,-0.03613053613053614,0.00909090909090909,3
7530,2018,France,Benjamin Pavard,54,57,111,9,13,33,,False,14,114,0.6263736263736264,14,1.0,0.8461538461538461,153,13,18,0.6153846153846154,13,1.0,0.8461538461538461,46,0.017543859649122744,0.15789473684210525,0.0,0.0,0.3006535947712418,18
7530,2018,France,Corentin Tolisso,57,56,113,12,18,9,,False,14,114,0.6263736263736264,14,1.0,0.8461538461538461,153,13,22,0.5897435897435898,13,1.0,0.8269230769230769,27,0.05847953216374266,0.19298245614035087,0.0,0.022727272727272776,0.17647058823529413,22
7530,2018,France,Raphaël Varane,60,43,103,10,28,7,,False,14,114,0.6263736263736264,14,1.0,0.8461538461538461,153,13,19,0.6089743589743589,13,1.0,0.8397435897435898,35,0.027777777777777856,0.16666666666666666,0.0,0.007575757575757549,0.22875816993464052,19
7530,2018,France,Hugo Lloris,15,13,28,5,13,0,,False,14,114,0.6263736263736264,14,1.0,0.8461538461538461,153,13,8,0.6794871794871795,13,1.0,0.8717948717948718,13,-0.08479532163742695,0.07017543859649122,0.0,-0.030303030303030328,0.08496732026143791,8
7530,2018,France,Samuel Yves Umtiti,55,43,98,11,24,4,,False,14,114,0.6263736263736264,14,1.0,0.8461538461538461,153,13,19,0.6089743589743589,13,1.0,0.8333333333333334,28,0.027777777777777856,0.16666666666666666,0.0,0.015151515151515098,0.1830065359477124,19
7530,2018,France,Paul Pogba,48,58,106,12,21,15,,False,14,114,0.6263736263736264,14,1.0,0.8461538461538461,153,13,24,0.5769230769230769,13,1.0,0.8269230769230769,36,0.07894736842105271,0.21052631578947367,0.0,0.022727272727272776,0.23529411764705882,24
7530,2018,France,Antoine Griezmann,10,21,31,8,1,12,,False,14,114,0.6263736263736264,14,1.0,0.8461538461538461,153,13,16,0.6282051282051282,13,1.0,0.8525641025641025,13,-0.002923976608187124,0.14035087719298245,0.0,-0.007575757575757549,0.08496732026143791,16
7530,2018,France,N'Golo Kanté,56,43,99,11,17,7,,False,14,114,0.6263736263736264,14,1.0,0.8461538461538461,153,13,20,0.6025641025641025,13,1.0,0.8333333333333334,24,0.03801169590643279,0.17543859649122806,0.0,0.015151515151515098,0.1568627450980392,20
7530,2018,France,Kylian Mbappé Lottin,19,24,43,11,5,10,,False,14,114,0.6263736263736264,14,1.0,0.8461538461538461,153,13,20,0.6025641025641025,13,1.0,0.8333333333333334,15,0.03801169590643279,0.17543859649122806,0.0,0.015151515151515098,0.09803921568627451,20
7530,2018,France,Lucas Hernández Pi,41,42,83,12,8,25,,False,14,114,0.6263736263736264,14,1.0,0.8461538461538461,153,13,21,0.5961538461538461,13,1.0,0.8269230769230769,33,0.048245614035087724,0.18421052631578946,0.0,0.022727272727272776,0.21568627450980393,21
7530,2018,France,Ousmane Dembélé,10,19,29,8,0,15,,False,14,114,0.6263736263736264,14,1.0,0.8461538461538461,153,13,15,0.6346153846153846,13,1.0,0.8525641025641025,15,-0.01315789473684206,0.13157894736842105,0.0,-0.007575757575757549,0.09803921568627451,15
7530,2018,France,Nabil Fekir,10,13,23,7,2,8,,False,14,114,0.6263736263736264,14,1.0,0.8461538461538461,153,13,12,0.6538461538461539,13,1.0,0.8589743589743589,10,-0.043859649122807036,0.10526315789473684,0.0,-0.015151515151515098,0.06535947712418301,12
7530,2018,France,Olivier Giroud,3,3,6,5,1,3,,False,14,114,0.6263736263736264,14,1.0,0.8461538461538461,153,13,6,0.6923076923076923,13,1.0,0.8717948717948718,4,-0.10526315789473682,0.05263157894736842,0.0,-0.030303030303030328,0.026143790849673203,6
7530,2018,France,Blaise Matuidi,7,10,17,5,2,5,,False,14,114,0.6263736263736264,14,1.0,0.8461538461538461,153,13,8,0.6794871794871795,13,1.0,0.8717948717948718,7,-0.08479532163742695,0.07017543859649122,0.0,-0.030303030303030328,0.0457516339869281,8
7531,2018,Iceland,Johann Berg Guðmunds­son,10,11,21,8,3,6,,False,14,87,0.47802197802197804,14,1.0,0.8278388278388279,47,13,12,0.4807692307692308,13,1.0,0.8311965811965811,9,-0.005747126436781588,0.13793103448275862,0.0,-0.00405604719763997,0.19148936170212766,12
7531,2018,Iceland,Birkir Bjarnason,9,12,21,11,3,4,,False,14,87,0.47802197802197804,14,1.0,0.8278388278388279,47,13,14,0.46794871794871795,13,1.0,0.8119658119658119,7,0.02107279693486594,0.16091954022988506,0.0,0.0191740412979353,0.14893617021276595,14
7531,2018,Iceland,Gylfi Þór Sigurðsson,15,23,38,11,4,7,,False,14,87,0.47802197802197804,14,1.0,0.8278388278388279,47,13,19,0.4358974358974359,13,1.0,0.8119658119658119,11,0.08812260536398471,0.21839080459770116,0.0,0.0191740412979353,0.23404255319148937,19
7531,2018,Iceland,Emil Hallfreðsson,23,14,37,12,3,1,,False,14,87,0.47802197802197804,14,1.0,0.8278388278388279,47,13,20,0.42948717948717946,13,1.0,0.799145299145299,4,0.10153256704980852,0.22988505747126436,0.0,0.03466076696165219,0.0851063829787234,20
7531,2018,Iceland,Aron Einar Gunnarsson,11,7,18,7,1,0,,False,14,87,0.47802197802197804,14,1.0,0.8278388278388279,47,13,10,0.4935897435897436,13,1.0,0.8376068376068375,1,-0.032567049808429116,0.11494252873563218,0.0,-0.011799410029498348,0.02127659574468085,10
7531,2018,Iceland,Ragnar Sigurðsson,10,6,16,8,3,0,,False,14,87,0.47802197802197804,14,1.0,0.8278388278388279,47,13,12,0.4807692307692308,13,1.0,0.8311965811965811,3,-0.005747126436781588,0.13793103448275862,0.0,-0.00405604719763997,0.06382978723404255,12
7531,2018,Iceland,Hannes Þór Halldórsson,10,8,18,9,8,0,,False,14,87,0.47802197802197804,14,1.0,0.8278388278388279,47,13,13,0.47435897435897434,13,1.0,0.8247863247863247,8,0.0076628352490422345,0.14942528735632185,0.0,0.00368731563421841,0.1702127659574468,13
7531,2018,Iceland,Kári Árnason,10,10,20,11,7,2,,False,14,87,0.47802197802197804,14,1.0,0.8278388278388279,47,13,15,0.46153846153846156,13,1.0,0.8119658119658119,9,0.03448275862068965,0.1724137931034483,0.0,0.0191740412979353,0.19148936170212766,15
7531,2018,Iceland,Alfreð Finnbogason,10,15,25,11,3,13,,False,14,87,0.47802197802197804,14,1.0,0.8278388278388279,47,13,17,0.44871794871794873,13,1.0,0.8119658119658119,16,0.061302681992337175,0.19540229885057472,0.0,0.0191740412979353,0.3404255319148936,17
7531,2018,Iceland,Hörður Björgvin Magnússon,10,16,26,10,4,9,,False,14,87,0.47802197802197804,14,1.0,0.8278388278388279,47,13,15,0.46153846153846156,13,1.0,0.8183760683760684,13,0.03448275862068965,0.1724137931034483,0.0,0.01143067846607679,0.2765957446808511,15
7531,2018,Iceland,Birkir Már Sævarsson,10,4,14,9,6,1,,False,14,87,0.47802197802197804,14,1.0,0.8278388278388279,47,13,11,0.48717948717948717,13,1.0,0.8247863247863247,7,-0.019157088122605297,0.12643678160919541,0.0,0.00368731563421841,0.14893617021276595,11
7531,2018,Iceland,Rúrik Gíslason,4,7,11,7,2,3,,False,14,87,0.47802197802197804,14,1.0,0.8278388278388279,47,13,9,0.5,13,1.0,0.8376068376068375,5,-0.045977011494252824,0.10344827586206896,0.0,-0.011799410029498348,0.10638297872340426,9
7531,2018,Iceland,Ari Freyr Skúlason,4,2,6,4,0,0,,False,14,87,0.47802197802197804,14,1.0,0.8278388278388279,47,13,5,0.5256410256410257,13,1.0,0.8589743589743589,0,-0.09961685823754789,0.05747126436781609,0.0,-0.03761061946902641,0.0,5
7531,2018,Iceland,Björn Bergmann Sigurðarson,1,2,3,2,0,1,,False,14,87,0.47802197802197804,14,1.0,0.8278388278388279,47,13,2,0.5448717948717948,13,1.0,0.8717948717948718,1,-0.139846743295019,0.022988505747126436,0.0,-0.05309734513274331,0.02127659574468085,2
7531,2018,Argentina,Faustino Marcos Alberto Rojo,70,64,134,13,28,7,,False,14,125,0.6868131868131868,14,1.0,0.8846153846153846,171,13,21,0.6666666666666666,13,1.0,0.8653846153846154,35,0.029333333333333392,0.168,0.0,0.021739130434782532,0.2046783625730994,21
7531,2018,Argentina,Ángel Fabián Di María Hernández,33,32,65,9,1,20,,False,14,125,0.6868131868131868,14,1.0,0.8846153846153846,171,13,15,0.7051282051282052,13,1.0,0.8910256410256411,21,-0.026666666666666734,0.12,0.0,-0.007246376811594303,0.12280701754385964,15
7531,2018,Argentina,Wilfredo Daniel Caballero,16,8,24,6,11,0,,False,14,125,0.6868131868131868,14,1.0,0.8846153846153846,171,13,11,0.7307692307692307,13,1.0,0.9102564102564102,11,-0.06399999999999993,0.088,0.0,-0.028985507246376836,0.06432748538011696,11
7531,2018,Argentina,Nicolás Alejandro Tagliafico,66,57,123,11,10,22,,False,14,125,0.6868131868131868,14,1.0,0.8846153846153846,171,13,20,0.6730769230769231,13,1.0,0.8782051282051282,32,0.019999999999999928,0.16,0.0,0.007246376811594178,0.1871345029239766,20
7531,2018,Argentina,Nicolás Hernán Otamendi,70,64,134,11,18,2,,False,14,125,0.6868131868131868,14,1.0,0.8846153846153846,171,13,20,0.6730769230769231,13,1.0,0.8782051282051282,20,0.019999999999999928,0.16,0.0,0.007246376811594178,0.11695906432748537,20
7531,2018,Argentina,Eduardo Antonio Salvio,66,63,129,11,11,16,,False,14,125,0.6868131868131868,14,1.0,0.8846153846153846,171,13,19,0.6794871794871795,13,1.0,0.8782051282051282,27,0.010666666666666628,0.152,0.0,0.007246376811594178,0.15789473684210525,19
7531,2018,Argentina,Javier Alejandro Mascherano,134,119,253,13,43,10,,False,14,125,0.6868131868131868,14,1.0,0.8846153846153846,171,13,24,0.6474358974358975,13,1.0,0.8653846153846154,53,0.05733333333333329,0.192,0.0,0.021739130434782532,0.30994152046783624,24
7531,2018,Argentina,Lucas Rodrigo Biglia,44,46,90,9,9,10,,False,14,125,0.6868131868131868,14,1.0,0.8846153846153846,171,13,18,0.6858974358974359,13,1.0,0.8910256410256411,19,0.0013333333333333285,0.144,0.0,-0.007246376811594303,0.1111111111111111,18
7531,2018,Argentina,Maximiliano Eduardo Meza,41,41,82,10,2,20,,False,14,125,0.6868131868131868,14,1.0,0.8846153846153846,171,13,17,0.6923076923076923,13,1.0,0.8846153846153846,22,-0.007999999999999972,0.136,0.0,0.0,0.1286549707602339,17
7531,2018,Argentina,Sergio Leonel Agüero del Castillo,35,43,78,11,3,20,,False,14,125,0.6868131868131868,14,1.0,0.8846153846153846,171,13,20,0.6730769230769231,13,1.0,0.8782051282051282,23,0.019999999999999928,0.16,0.0,0.007246376811594178,0.13450292397660818,20
7531,2018,Argentina,Lionel Andrés Messi Cuccittini,59,86,145,12,23,29,,False,14,125,0.6868131868131868,14,1.0,0.8846153846153846,171,13,24,0.6474358974358975,13,1.0,0.8717948717948718,52,0.05733333333333329,0.192,0.0,0.014492753623188356,0.30409356725146197,24
7531,2018,Argentina,Éver Maximiliano David Banega,48,56,104,11,11,7,,False,14,125,0.6868131868131868,14,1.0,0.8846153846153846,171,13,21,0.6666666666666666,13,1.0,0.8782051282051282,18,0.029333333333333392,0.168,0.0,0.007246376811594178,0.10526315789473684,21
7531,2018,Argentina,Cristian David Pavón,7,11,18,7,1,6,,False,14,125,0.6868131868131868,14,1.0,0.8846153846153846,171,13,11,0.7307692307692307,13,1.0,0.9038461538461539,7,-0.06399999999999993,0.088,0.0,-0.021739130434782657,0.04093567251461988,11
7531,2018,Argentina,Gonzalo Gerardo Higuaín,5,4,9,6,0,2,,False,14,125,0.6868131868131868,14,1.0,0.8846153846153846,171,13,9,0.7435897435897436,13,1.0,0.9102564102564102,2,-0.0826666666666667,0.072,0.0,-0.028985507246376836,0.011695906432748537,9
7532,2018,Denmark,Christian Dannemann Eriksen,34,40,74,10,7,13,,False,14,99,0.5439560439560439,14,1.0,0.8351648351648352,98,13,19,0.5128205128205128,13,1.0,0.8269230769230769,20,0.05723905723905724,0.1919191919191919,0.0,0.009868421052631677,0.20408163265306123,19
7532,2018,Denmark,Andreas Christensen,45,37,82,9,12,4,,False,14,99,0.5439560439560439,14,1.0,0.8351648351648352,98,13,17,0.5256410256410257,13,1.0,0.8333333333333334,16,0.03367003367003355,0.1717171717171717,0.0,0.002192982456140343,0.16326530612244897,17
7532,2018,Denmark,Henrik Dalsgaard,31,21,52,9,14,8,,False,14,99,0.5439560439560439,14,1.0,0.8351648351648352,98,13,16,0.532051282051282,13,1.0,0.8333333333333334,22,0.02188552188552181,0.16161616161616163,0.0,0.002192982456140343,0.22448979591836735,16
7532,2018,Denmark,William Vitved Kvist Jørgensen,17,14,31,8,4,3,,False,14,99,0.5439560439560439,14,1.0,0.8351648351648352,98,13,13,0.5512820512820513,13,1.0,0.8397435897435898,7,-0.013468013468013625,0.13131313131313133,0.0,-0.005482456140350858,0.07142857142857142,13
7532,2018,Denmark,Simon Thorup Kjær,32,30,62,9,10,1,,False,14,99,0.5439560439560439,14,1.0,0.8351648351648352,98,13,16,0.532051282051282,13,1.0,0.8333333333333334,11,0.02188552188552181,0.16161616161616163,0.0,0.002192982456140343,0.11224489795918367,16
7532,2018,Denmark,Yussuf Yurary Poulsen,21,30,51,9,3,21,,False,14,99,0.5439560439560439,14,1.0,0.8351648351648352,98,13,14,0.5448717948717948,13,1.0,0.8333333333333334,24,-0.0016835016835016776,0.1414141414141414,0.0,0.002192982456140343,0.24489795918367346,14
7532,2018,Denmark,Thomas Delaney,29,32,61,13,11,8,,False,14,99,0.5439560439560439,14,1.0,0.8351648351648352,98,13,19,0.5128205128205128,13,1.0,0.7884615384615381,19,0.05723905723905724,0.1919191919191919,0.0,0.05592105263157941,0.19387755102040816,19
7532,2018,Denmark,Pione Sisto Ifolo Emirmija,25,32,57,9,7,10,,False,14,99,0.5439560439560439,14,1.0,0.8351648351648352,98,13,16,0.532051282051282,13,1.0,0.8333333333333334,17,0.02188552188552181,0.16161616161616163,0.0,0.002192982456140343,0.17346938775510204,16
7532,2018,Denmark,Jens Stryger Larsen,26,23,49,10,6,12,,False,14,99,0.5439560439560439,14,1.0,0.8351648351648352,98,13,17,0.5256410256410257,13,1.0,0.8269230769230769,18,0.03367003367003355,0.1717171717171717,0.0,0.009868421052631677,0.1836734693877551,17
7532,2018,Denmark,Kasper Schmeichel,17,10,27,9,17,0,,False,14,99,0.5439560439560439,14,1.0,0.8351648351648352,98,13,13,0.5512820512820513,13,1.0,0.8333333333333334,17,-0.013468013468013625,0.13131313131313133,0.0,0.002192982456140343,0.17346938775510204,13
7532,2018,Denmark,Nicolai Jørgensen,8,21,29,11,3,16,,False,14,99,0.5439560439560439,14,1.0,0.8351648351648352,98,13,15,0.5384615384615384,13,1.0,0.8205128205128205,19,0.010101010101010065,0.15151515151515152,0.0,0.017543859649122875,0.19387755102040816,15
7532,2018,Denmark,Lasse Schöne,12,9,21,10,4,1,,False,14,99,0.5439560439560439,14,1.0,0.8351648351648352,98,13,15,0.5384615384615384,13,1.0,0.8269230769230769,5,0.010101010101010065,0.15151515151515152,0.0,0.009868421052631677,0.05102040816326531,15
7532,2018,Denmark,Martin Braithwaite Christensen,3,3,6,4,0,1,,False,14,99,0.5439560439560439,14,1.0,0.8351648351648352,98,13,6,0.5961538461538461,13,1.0,0.8653846153846154,1,-0.09595959595959604,0.06060606060606061,0.0,-0.03618421052631579,0.01020408163265306,6
7532,2018,Denmark,Mathias Jattah-Njie Jørgensen,2,0,2,2,0,0,,True,14,99,0.5439560439560439,14,1.0,0.8351648351648352,98,13,2,0.6217948717948718,13,1.0,0.8782051282051282,0,-0.14309764309764322,0.020202020202020204,0.0,-0.05153508771929819,0.0,2
7532,2018,Peru,Miguel Ángel Trauco Saavedra,48,36,84,10,25,5,,False,14,100,0.5494505494505495,14,1.0,0.8296703296703297,111,13,18,0.5256410256410257,13,1.0,0.8205128205128205,30,0.043333333333333376,0.18,0.0,0.011037527593819079,0.2702702702702703,18
7532,2018,Peru,Víctor Yoshimar Yotún Flores,63,52,115,12,17,12,,False,14,100,0.5494505494505495,14,1.0,0.8296703296703297,111,13,22,0.5,13,1.0,0.8076923076923077,29,0.09000000000000008,0.22,0.0,0.0264900662251656,0.26126126126126126,22
7532,2018,Peru,Édison Michael Flores Peralta,18,22,40,8,4,8,,False,14,100,0.5494505494505495,14,1.0,0.8296703296703297,111,13,14,0.5512820512820513,13,1.0,0.8333333333333334,12,-0.0033333333333333214,0.14,0.0,-0.004415011037527578,0.10810810810810811,14
7532,2018,Peru,Jefferson Agustín Farfán Guadalupe,15,25,40,10,2,20,,False,14,100,0.5494505494505495,14,1.0,0.8296703296703297,111,13,15,0.5448717948717948,13,1.0,0.8183760683760684,22,0.008333333333333505,0.15,0.0,0.013612950699043499,0.1981981981981982,15
7532,2018,Peru,Christian Alberto Cueva Bravo,43,56,99,12,11,27,,False,14,100,0.5494505494505495,14,1.0,0.8296703296703297,111,13,23,0.4935897435897436,13,1.0,0.8076923076923077,38,0.1016666666666667,0.23,0.0,0.0264900662251656,0.34234234234234234,23
7532,2018,Peru,Luis Jan Piers Advíncula Castrillón,37,30,67,9,6,12,,False,14,100,0.5494505494505495,14,1.0,0.8296703296703297,111,13,15,0.5448717948717948,13,1.0,0.8269230769230769,18,0.008333333333333505,0.15,0.0,0.0033112582781458172,0.16216216216216217,15
7532,2018,Peru,Renato Fabrizio Tapia Cortijo,20,20,40,9,7,4,,False,14,100,0.5494505494505495,14,1.0,0.8296703296703297,111,13,14,0.5512820512820513,13,1.0,0.8269230769230769,11,-0.0033333333333333214,0.14,0.0,0.0033112582781458172,0.0990990990990991,14
7532,2018,Peru,Christian Guillermo Martín Ramos Garagay,26,25,51,9,11,4,,False,14,100,0.5494505494505495,14,1.0,0.8296703296703297,111,13,15,0.5448717948717948,13,1.0,0.8269230769230769,15,0.008333333333333505,0.15,0.0,0.0033112582781458172,0.13513513513513514,15
7532,2018,Peru,Alberto Junior Rodríguez Valdelomar,25,18,43,9,10,2,,False,14,100,0.5494505494505495,14,1.0,0.8296703296703297,111,13,14,0.5512820512820513,13,1.0,0.8269230769230769,12,-0.0033333333333333214,0.14,0.0,0.0033112582781458172,0.10810810810810811,14
7532,2018,Peru,André Martín Carrillo Díaz,29,36,65,11,7,11,,False,14,100,0.5494505494505495,14,1.0,0.8296703296703297,111,13,20,0.5128205128205128,13,1.0,0.8141025641025641,18,0.06666666666666683,0.2,0.0,0.01876379690949234,0.16216216216216217,20
7532,2018,Peru,Pedro David Gallese Quiróz,8,6,14,4,7,0,,False,14,100,0.5494505494505495,14,1.0,0.8296703296703297,111,13,7,0.5961538461538461,13,1.0,0.8589743589743589,7,-0.0849999999999999,0.07,0.0,-0.035320088300220626,0.06306306306306306,7
7532,2018,Peru,José Paolo Guerrero Gonzáles,5,11,16,6,1,4,,False,14,100,0.5494505494505495,14,1.0,0.8296703296703297,111,13,8,0.5897435897435898,13,1.0,0.8461538461538461,5,-0.07333333333333326,0.08,0.0,-0.0198675496688741,0.04504504504504504,8
7532,2018,Peru,Pedro Jesús Aquino Sánchez,8,7,15,6,3,1,,False,14,100,0.5494505494505495,14,1.0,0.8296703296703297,111,13,10,0.5769230769230769,13,1.0,0.8461538461538461,4,-0.049999999999999815,0.1,0.0,-0.0198675496688741,0.036036036036036036,10
7532,2018,Peru,Raúl Mario Ruidíaz Misitich,2,3,5,5,0,1,,False,14,100,0.5494505494505495,14,1.0,0.8296703296703297,111,13,5,0.6089743589743589,13,1.0,0.8525641025641025,1,-0.10833333333333314,0.05,0.0,-0.027593818984547363,0.009009009009009009,5
7533,2018,Brazil,Gabriel Fernando de Jesus,11,20,31,9,1,12,,False,14,119,0.6538461538461539,14,1.0,0.8736263736263736,139,13,14,0.6730769230769231,13,1.0,0.8782051282051282,13,-0.02941176470588242,0.11764705882352941,0.0,-0.005241090146750505,0.09352517985611511,14
7533,2018,Brazil,Carlos Henrique Casimiro,33,21,54,9,10,2,,False,14,119,0.6538461538461539,14,1.0,0.8736263736263736,139,13,16,0.6602564102564102,13,1.0,0.8782051282051282,12,-0.009803921568627416,0.13445378151260504,0.0,-0.005241090146750505,0.08633093525179857,16
7533,2018,Brazil,Philippe Coutinho Correia,67,67,134,12,21,21,,False,14,119,0.6538461538461539,14,1.0,0.8736263736263736,139,13,24,0.6089743589743589,13,1.0,0.8589743589743589,42,0.06862745098039225,0.20168067226890757,0.0,0.016771488469601744,0.302158273381295,24
7533,2018,Brazil,Marcelo Vieira da Silva Júnior,67,73,140,12,16,34,,False,14,119,0.6538461538461539,14,1.0,0.8736263736263736,139,13,22,0.6217948717948718,13,1.0,0.8589743589743589,50,0.04901960784313725,0.18487394957983194,0.0,0.016771488469601744,0.3597122302158273,22
7533,2018,Brazil,Alisson Ramsés Becker,12,5,17,7,6,0,,False,14,119,0.6538461538461539,14,1.0,0.8736263736263736,139,13,9,0.7051282051282052,13,1.0,0.8910256410256411,6,-0.07843137254901966,0.07563025210084033,0.0,-0.019916142557652047,0.04316546762589928,9
7533,2018,Brazil,João Miranda de Souza Filho,63,54,117,11,29,2,,False,14,119,0.6538461538461539,14,1.0,0.8736263736263736,139,13,20,0.6346153846153846,13,1.0,0.8653846153846154,31,0.02941176470588242,0.16806722689075632,0.0,0.00943396226415091,0.22302158273381295,20
7533,2018,Brazil,Thiago Emiliano da Silva,49,41,90,10,18,0,,False,14,119,0.6538461538461539,14,1.0,0.8736263736263736,139,13,18,0.6474358974358975,13,1.0,0.8717948717948718,18,0.009803921568627416,0.15126050420168066,0.0,0.0020964360587002024,0.12949640287769784,18
7533,2018,Brazil,Willian Borges da Silva,29,38,67,12,4,19,,False,14,119,0.6538461538461539,14,1.0,0.8736263736263736,139,13,19,0.6410256410256411,13,1.0,0.8589743589743589,23,0.019607843137254832,0.15966386554621848,0.0,0.016771488469601744,0.16546762589928057,19
7533,2018,Brazil,Neymar da Silva Santos Junior,32,52,84,12,4,16,,False,14,119,0.6538461538461539,14,1.0,0.8736263736263736,139,13,20,0.6346153846153846,13,1.0,0.8589743589743589,20,0.02941176470588242,0.16806722689075632,0.0,0.016771488469601744,0.14388489208633093,20
7533,2018,Brazil,Danilo Luiz da Silva,53,41,94,11,19,14,,False,14,119,0.6538461538461539,14,1.0,0.8736263736263736,139,13,19,0.6410256410256411,13,1.0,0.8653846153846154,33,0.019607843137254832,0.15966386554621848,0.0,0.00943396226415091,0.23741007194244604,19
7533,2018,Brazil,José Paulo Bezzera Maciel Júnior,24,27,51,9,3,7,,False,14,119,0.6538461538461539,14,1.0,0.8736263736263736,139,13,18,0.6474358974358975,13,1.0,0.8782051282051282,10,0.009803921568627416,0.15126050420168066,0.0,-0.005241090146750505,0.07194244604316546,18
7533,2018,Brazil,Fernando Luiz Roza,13,7,20,7,4,1,,False,14,119,0.6538461538461539,14,1.0,0.8736263736263736,139,13,12,0.6858974358974359,13,1.0,0.8910256410256411,5,-0.04901960784313725,0.10084033613445378,0.0,-0.019916142557652047,0.03597122302158273,12
7533,2018,Brazil,Renato Soares de Oliveira Augusto,15,17,32,10,3,5,,False,14,119,0.6538461538461539,14,1.0,0.8736263736263736,139,13,18,0.6474358974358975,13,1.0,0.8717948717948718,8,0.009803921568627416,0.15126050420168066,0.0,0.0020964360587002024,0.05755395683453238,18
7533,2018,Brazil,Roberto Firmino Barbosa de Oliveira,5,10,15,5,1,6,,False,14,119,0.6538461538461539,14,1.0,0.8736263736263736,139,13,9,0.7051282051282052,13,1.0,0.9038461538461539,7,-0.07843137254901966,0.07563025210084033,0.0,-0.034591194968553465,0.050359712230215826,9
7533,2018,Switzerland,Valon Behrami,42,34,76,10,5,4,,False,13,89,0.5705128205128205,13,1.0,0.8333333333333335,101,12,17,0.5454545454545454,12,1.0,0.8181818181818181,9,0.043922369765066416,0.19101123595505617,0.0,0.018181818181818427,0.0891089108910891,17
7533,2018,Switzerland,Stephan Lichtsteiner,34,27,61,9,13,12,,False,13,89,0.5705128205128205,13,1.0,0.8333333333333335,101,12,15,0.5606060606060606,11,0.9166666666666666,0.75,25,0.01736465781409606,0.16853932584269662,0.08333333333333337,0.10000000000000016,0.24752475247524752,15
7533,2018,Switzerland,Manuel Obafemi Akanji,60,54,114,10,22,1,,False,13,89,0.5705128205128205,13,1.0,0.8333333333333335,101,12,18,0.5378787878787878,12,1.0,0.8181818181818181,23,0.057201225740551594,0.20224719101123595,0.0,0.018181818181818427,0.22772277227722773,18
7533,2018,Switzerland,Xherdan Shaqiri,35,42,77,11,7,22,,False,13,89,0.5705128205128205,13,1.0,0.8333333333333335,101,12,19,0.5303030303030303,12,1.0,0.8106060606060606,29,0.07048008171603677,0.21348314606741572,0.0,0.02727272727272751,0.2871287128712871,19
7533,2018,Switzerland,Haris Seferović,5,12,17,8,1,7,,False,13,89,0.5705128205128205,13,1.0,0.8333333333333335,101,12,11,0.5909090909090909,12,1.0,0.8358585858585859,8,-0.035750766087844846,0.12359550561797752,0.0,-0.0030303030303028495,0.07920792079207921,11
7533,2018,Switzerland,Fabian Lukas Schär,46,43,89,9,10,1,,False,13,89,0.5705128205128205,13,1.0,0.8333333333333335,101,12,16,0.553030303030303,12,1.0,0.8257575757575757,11,0.030643513789581238,0.1797752808988764,0.0,0.009090909090909347,0.10891089108910891,16
7533,2018,Switzerland,Steven Zuber,21,27,48,7,4,14,,False,13,89,0.5705128205128205,13,1.0,0.8333333333333335,101,12,12,0.5833333333333334,12,1.0,0.8434343434343434,18,-0.022471910112359668,0.1348314606741573,0.0,-0.01212121212121193,0.1782178217821782,12
7533,2018,Switzerland,Ricardo Iván Rodríguez Araya,32,29,61,9,8,17,,False,13,89,0.5705128205128205,13,1.0,0.8333333333333335,101,12,16,0.553030303030303,12,1.0,0.8257575757575757,25,0.030643513789581238,0.1797752808988764,0.0,0.009090909090909347,0.24752475247524752,16
7533,2018,Switzerland,Granit Xhaka,50,51,101,11,19,10,,False,13,89,0.5705128205128205,13,1.0,0.8333333333333335,101,12,19,0.5303030303030303,12,1.0,0.8106060606060606,29,0.07048008171603677,0.21348314606741572,0.0,0.02727272727272751,0.2871287128712871,19
7533,2018,Switzerland,Blerim Džemaili,20,30,50,10,3,12,,False,13,89,0.5705128205128205,13,1.0,0.8333333333333335,101,12,19,0.5303030303030303,12,1.0,0.8181818181818181,15,0.07048008171603677,0.21348314606741572,0.0,0.018181818181818427,0.1485148514851485,19
7533,2018,Switzerland,Yann Sommer,15,11,26,7,9,0,,False,13,89,0.5705128205128205,13,1.0,0.8333333333333335,101,12,10,0.5984848484848485,12,1.0,0.8409090909090908,9,-0.049029622063330024,0.11235955056179775,0.0,-0.009090909090908815,0.0891089108910891,10
7533,2018,Switzerland,Denis Lemi Zakaria Lako Lado,3,2,5,4,0,0,,False,13,89,0.5705128205128205,13,1.0,0.8333333333333335,101,12,5,0.6363636363636364,12,1.0,0.8661616161616161,0,-0.11542390194075591,0.056179775280898875,0.0,-0.039393939393939176,0.0,5
7533,2018,Switzerland,Breel-Donald Embolo,0,1,1,1,0,1,,True,13,89,0.5705128205128205,13,1.0,0.8333333333333335,101,12,1,0.6666666666666666,12,1.0,0.8939393939393939,1,-0.16853932584269662,0.011235955056179775,0.0,-0.07272727272727252,0.009900990099009901,1
7534,2018,Mexico,Carlos Alberto Vela Garrido,19,23,42,8,1,11,,False,14,99,0.5439560439560439,14,1.0,0.8241758241758241,93,13,14,0.5448717948717948,13,1.0,0.8269230769230769,12,-0.0016835016835016776,0.1414141414141414,0.0,-0.003333333333333322,0.12903225806451613,14
7534,2018,Mexico,Héctor Miguel Herrera López,32,38,70,12,11,12,,False,14,99,0.5439560439560439,14,1.0,0.8241758241758241,93,13,24,0.4807692307692308,13,1.0,0.7991452991452991,23,0.11616161616161606,0.24242424242424243,0.0,0.030370370370370398,0.24731182795698925,24
7534,2018,Mexico,Jesús Daniel Gallardo Vasconcelos,38,27,65,10,17,8,,False,14,99,0.5439560439560439,14,1.0,0.8241758241758241,93,13,16,0.532051282051282,13,1.0,0.8141025641025641,25,0.02188552188552181,0.16161616161616163,0.0,0.01222222222222218,0.26881720430107525,16
7534,2018,Mexico,Héctor Alfredo Moreno Herrera,24,21,45,11,10,1,,False,14,99,0.5439560439560439,14,1.0,0.8241758241758241,93,13,17,0.5256410256410257,13,1.0,0.8076923076923077,11,0.03367003367003355,0.1717171717171717,0.0,0.01999999999999993,0.11827956989247312,17
7534,2018,Mexico,Hugo Ayala Castro,14,12,26,7,5,1,,False,14,99,0.5439560439560439,14,1.0,0.8241758241758241,93,13,11,0.5641025641025641,13,1.0,0.8333333333333334,6,-0.03703703703703711,0.1111111111111111,0.0,-0.011111111111111207,0.06451612903225806,11
7534,2018,Mexico,Francisco Guillermo Ochoa Magaña,20,12,32,9,17,0,,False,14,99,0.5439560439560439,14,1.0,0.8241758241758241,93,13,14,0.5448717948717948,13,1.0,0.8183760683760684,17,-0.0016835016835016776,0.1414141414141414,0.0,0.007037037037037013,0.1827956989247312,14
7534,2018,Mexico,Hirving Rodrigo Lozano Bahena,20,25,45,8,1,17,,False,14,99,0.5439560439560439,14,1.0,0.8241758241758241,93,13,15,0.5384615384615384,13,1.0,0.8269230769230769,18,0.010101010101010065,0.15151515151515152,0.0,-0.003333333333333322,0.1935483870967742,15
7534,2018,Mexico,José Andrés Guardado Hernández,23,23,46,10,7,5,,False,14,99,0.5439560439560439,14,1.0,0.8241758241758241,93,13,18,0.5192307692307693,13,1.0,0.8141025641025641,12,0.045454545454545296,0.18181818181818182,0.0,0.01222222222222218,0.12903225806451613,18
7534,2018,Mexico,Javier Hernández Balcázar,10,18,28,9,4,14,,False,14,99,0.5439560439560439,14,1.0,0.8241758241758241,93,13,15,0.5384615384615384,13,1.0,0.8205128205128205,18,0.010101010101010065,0.15151515151515152,0.0,0.004444444444444429,0.1935483870967742,15
7534,2018,Mexico,Carlos Joel Salcedo Hernández,19,15,34,10,9,4,,False,14,99,0.5439560439560439,14,1.0,0.8241758241758241,93,13,16,0.532051282051282,13,1.0,0.8141025641025641,13,0.02188552188552181,0.16161616161616163,0.0,0.01222222222222218,0.13978494623655913,16
7534,2018,Mexico,Miguel Arturo Layún Prado,14,17,31,11,5,11,,False,14,99,0.5439560439560439,14,1.0,0.8241758241758241,93,13,18,0.5192307692307693,13,1.0,0.8055555555555555,16,0.045454545454545296,0.18181818181818182,0.0,0.022592592592592647,0.17204301075268819,18
7534,2018,Mexico,Edson Omar Álvarez Velázquez,4,5,9,4,2,3,,False,14,99,0.5439560439560439,14,1.0,0.8241758241758241,93,13,6,0.5961538461538461,13,1.0,0.8525641025641025,5,-0.09595959595959604,0.06060606060606061,0.0,-0.03444444444444446,0.053763440860215055,6
7534,2018,Mexico,Raúl Alonso Jiménez Rodríguez,5,9,14,5,2,6,,False,14,99,0.5439560439560439,14,1.0,0.8241758241758241,93,13,8,0.5833333333333334,13,1.0,0.8461538461538461,8,-0.07239057239057255,0.08080808080808081,0.0,-0.026666666666666707,0.08602150537634409,8
7534,2018,Mexico,Rafael Márquez Álvarez,5,2,7,4,2,0,,False,14,99,0.5439560439560439,14,1.0,0.8241758241758241,93,13,6,0.5961538461538461,13,1.0,0.8525641025641025,2,-0.09595959595959604,0.06060606060606061,0.0,-0.03444444444444446,0.021505376344086023,6
7534,2018,Germany,Thomas Müller,34,50,84,9,3,34,,False,14,113,0.6208791208791209,14,1.0,0.8516483516483516,177,13,17,0.6153846153846154,13,1.0,0.8525641025641025,37,0.008849557522123862,0.1504424778761062,0.0,-0.0010752688172042974,0.20903954802259886,17
7534,2018,Germany,Mesut Özil,70,71,141,11,24,17,,False,14,113,0.6208791208791209,14,1.0,0.8516483516483516,177,13,21,0.5897435897435898,13,1.0,0.8397435897435898,41,0.05014749262536873,0.18584070796460178,0.0,0.013978494623655864,0.23163841807909605,21
7534,2018,Germany,Sami Khedira,40,46,86,9,14,9,,False,14,113,0.6208791208791209,14,1.0,0.8516483516483516,177,13,18,0.6089743589743589,13,1.0,0.8525641025641025,23,0.019174041297935214,0.1592920353982301,0.0,-0.0010752688172042974,0.12994350282485875,18
7534,2018,Germany,Manuel Neuer,15,8,23,5,8,0,,False,14,113,0.6208791208791209,14,1.0,0.8516483516483516,177,13,9,0.6666666666666666,13,1.0,0.8782051282051282,8,-0.0737463126843657,0.07964601769911504,0.0,-0.03118279569892475,0.04519774011299435,9
7534,2018,Germany,Marvin Plattenhardt,20,23,43,8,5,12,,False,14,113,0.6208791208791209,14,1.0,0.8516483516483516,177,13,13,0.6410256410256411,13,1.0,0.8589743589743589,17,-0.032448377581121006,0.11504424778761062,0.0,-0.008602150537634379,0.096045197740113,13
7534,2018,Germany,Toni Kroos,76,62,138,12,30,8,,False,14,113,0.6208791208791209,14,1.0,0.8516483516483516,177,13,23,0.5769230769230769,13,1.0,0.8333333333333334,38,0.07079646017699126,0.20353982300884957,0.0,0.021505376344085947,0.21468926553672316,23
7534,2018,Germany,Jérôme Boateng,69,67,136,12,45,6,,False,14,113,0.6208791208791209,14,1.0,0.8516483516483516,177,13,21,0.5897435897435898,13,1.0,0.8333333333333334,51,0.05014749262536873,0.18584070796460178,0.0,0.021505376344085947,0.288135593220339,21
7534,2018,Germany,Joshua Kimmich,71,71,142,12,17,46,,False,14,113,0.6208791208791209,14,1.0,0.8516483516483516,177,13,21,0.5897435897435898,13,1.0,0.8311965811965814,63,0.05014749262536873,0.18584070796460178,0.0,0.02401433691756251,0.3559322033898305,21
7534,2018,Germany,Timo Werner,14,17,31,10,0,13,,False,14,113,0.6208791208791209,14,1.0,0.8516483516483516,177,13,18,0.6089743589743589,13,1.0,0.8461538461538461,13,0.019174041297935214,0.1592920353982301,0.0,0.006451612903225784,0.07344632768361582,18
7534,2018,Germany,Julian Draxler,48,49,97,10,9,16,,False,14,113,0.6208791208791209,14,1.0,0.8516483516483516,177,13,20,0.5961538461538461,13,1.0,0.8461538461538461,25,0.039823008849557556,0.17699115044247787,0.0,0.006451612903225784,0.14124293785310735,20
7534,2018,Germany,Mats Hummels,35,22,57,11,17,2,,False,14,113,0.6208791208791209,14,1.0,0.8516483516483516,177,13,18,0.6089743589743589,13,1.0,0.8397435897435898,19,0.019174041297935214,0.1592920353982301,0.0,0.013978494623655864,0.10734463276836158,18
7534,2018,Germany,Marco Reus,22,28,50,10,3,9,,False,14,113,0.6208791208791209,14,1.0,0.8516483516483516,177,13,16,0.6217948717948718,13,1.0,0.8461538461538461,12,-0.0014749262536873104,0.1415929203539823,0.0,0.006451612903225784,0.06779661016949153,16
7534,2018,Germany,Mario Gómez García,1,3,4,4,1,2,,False,14,113,0.6208791208791209,14,1.0,0.8516483516483516,177,13,4,0.6987179487179487,13,1.0,0.8846153846153846,3,-0.12536873156342174,0.035398230088495575,0.0,-0.038709677419354833,0.01694915254237288,4
7534,2018,Germany,Julian Brandt,6,4,10,5,1,3,,False,14,113,0.6208791208791209,14,1.0,0.8516483516483516,177,13,7,0.6794871794871795,13,1.0,0.8782051282051282,4,-0.09439528023598823,0.061946902654867256,0.0,-0.03118279569892475,0.022598870056497175,7
7535,2018,Serbia,Aleksandar Mitrović,11,26,37,9,0,16,,False,14,88,0.4835164835164835,14,1.0,0.8168498168498168,103,13,13,0.4807692307692308,13,1.0,0.811965811965812,16,0.005681818181818162,0.14772727272727273,0.0,0.005979073243647213,0.1553398058252427,13
7535,2018,Serbia,Nikola Milenković,41,35,76,10,12,0,,False,14,88,0.4835164835164835,14,1.0,0.8168498168498168,103,13,16,0.46153846153846156,13,1.0,0.8055555555555556,12,0.04545454545454541,0.18181818181818182,0.0,0.013826606875934181,0.11650485436893204,16
7535,2018,Serbia,Sergej Milinković-Savić,25,42,67,12,9,23,,False,14,88,0.4835164835164835,14,1.0,0.8168498168498168,103,13,19,0.4423076923076923,13,1.0,0.7927350427350428,32,0.08522727272727276,0.2159090909090909,0.0,0.029521674140508117,0.3106796116504854,19
7535,2018,Serbia,Adem Ljajić,14,13,27,7,3,6,,False,14,88,0.4835164835164835,14,1.0,0.8168498168498168,103,13,11,0.4935897435897436,13,1.0,0.8247863247863249,9,-0.020833333333333374,0.125,0.0,-0.009715994020926858,0.08737864077669903,11
7535,2018,Serbia,Aleksandar Kolarov,35,28,63,10,9,11,,False,14,88,0.4835164835164835,14,1.0,0.8168498168498168,103,13,15,0.46794871794871795,13,1.0,0.8034188034188033,20,0.032196969696969696,0.17045454545454544,0.0,0.016442451420029973,0.1941747572815534,15
7535,2018,Serbia,Nemanja Matić,41,32,73,10,5,4,,False,14,88,0.4835164835164835,14,1.0,0.8168498168498168,103,13,16,0.46153846153846156,13,1.0,0.8055555555555556,9,0.04545454545454541,0.18181818181818182,0.0,0.013826606875934181,0.08737864077669903,16
7535,2018,Serbia,Branislav Ivanović,44,37,81,8,16,15,,False,14,88,0.4835164835164835,14,1.0,0.8168498168498168,103,13,14,0.47435897435897434,13,1.0,0.8205128205128205,31,0.01893939393939399,0.1590909090909091,0.0,-0.00448430493273541,0.30097087378640774,14
7535,2018,Serbia,Vladimir Stojković,13,3,16,6,10,0,,False,14,88,0.4835164835164835,14,1.0,0.8168498168498168,103,13,8,0.5128205128205128,13,1.0,0.8290598290598291,10,-0.060606060606060504,0.09090909090909091,0.0,-0.01494768310911817,0.0970873786407767,8
7535,2018,Serbia,Duško Tošić,39,35,74,9,16,1,,False,14,88,0.4835164835164835,14,1.0,0.8168498168498168,103,13,16,0.46153846153846156,13,1.0,0.8119658119658119,17,0.04545454545454541,0.18181818181818182,0.0,0.005979073243647349,0.1650485436893204,16
7535,2018,Serbia,Dušan Tadić,20,31,51,10,3,19,,False,14,88,0.4835164835164835,14,1.0,0.8168498168498168,103,13,15,0.46794871794871795,13,1.0,0.8055555555555555,22,0.032196969696969696,0.17045454545454544,0.0,0.013826606875934318,0.21359223300970873,15
7535,2018,Serbia,Luka Milivojević,44,40,84,10,18,2,,False,14,88,0.4835164835164835,14,1.0,0.8168498168498168,103,13,17,0.4551282051282051,13,1.0,0.8055555555555555,20,0.05871212121212123,0.19318181818181818,0.0,0.013826606875934318,0.1941747572815534,17
7535,2018,Serbia,Filip Kostić,1,8,9,7,0,3,,False,14,88,0.4835164835164835,14,1.0,0.8168498168498168,103,13,7,0.5192307692307693,13,1.0,0.8226495726495725,3,-0.07386363636363645,0.07954545454545454,0.0,-0.00710014947683093,0.02912621359223301,7
7535,2018,Serbia,Antonio Rukavina,5,3,8,5,1,1,,False,14,88,0.4835164835164835,14,1.0,0.8168498168498168,103,13,6,0.5256410256410257,13,1.0,0.8376068376068375,2,-0.08712121212121215,0.06818181818181818,0.0,-0.025411061285500657,0.019417475728155338,6
7535,2018,Serbia,Aleksandar Prijović,2,2,4,3,1,2,,False,14,88,0.4835164835164835,14,1.0,0.8168498168498168,103,13,3,0.5448717948717948,13,1.0,0.8525641025641025,3,-0.12689393939393928,0.03409090909090909,0.0,-0.043721973094170384,0.02912621359223301,3
7535,2018,Costa Rica,Johan Alberto Venegas Ulloa,13,23,36,9,4,17,,False,14,117,0.6428571428571429,14,1.0,0.8846153846153846,105,13,13,0.6666666666666666,13,1.0,0.8910256410256411,21,-0.0370370370370369,0.1111111111111111,0.0,-0.007246376811594303,0.2,13
7535,2018,Costa Rica,Francisco Javier Calvo Quesada,42,30,72,11,14,10,,False,14,117,0.6428571428571429,14,1.0,0.8846153846153846,105,13,21,0.6153846153846154,13,1.0,0.8782051282051282,24,0.04273504273504275,0.1794871794871795,0.0,0.007246376811594178,0.22857142857142856,21
7535,2018,Costa Rica,Óscar Esau Duarte Gaitán,45,44,89,13,16,9,,False,14,117,0.6428571428571429,14,1.0,0.8846153846153846,105,13,23,0.6025641025641025,13,1.0,0.8653846153846154,25,0.0626780626780628,0.19658119658119658,0.0,0.021739130434782532,0.23809523809523808,23
7535,2018,Costa Rica,David Alberto Guzmán Pérez,39,39,78,11,12,7,,False,14,117,0.6428571428571429,14,1.0,0.8846153846153846,105,13,20,0.6217948717948718,13,1.0,0.8782051282051282,19,0.03276353276353282,0.17094017094017094,0.0,0.007246376811594178,0.18095238095238095,20
7535,2018,Costa Rica,Giancarlo González Castro,35,24,59,10,10,1,,False,14,117,0.6428571428571429,14,1.0,0.8846153846153846,105,13,17,0.6410256410256411,13,1.0,0.8846153846153846,11,0.0028490028490028387,0.1452991452991453,0.0,0.0,0.10476190476190476,17
7535,2018,Costa Rica,Bryan Ruiz González,42,52,94,13,6,14,,False,14,117,0.6428571428571429,14,1.0,0.8846153846153846,105,13,24,0.5961538461538461,13,1.0,0.8653846153846154,20,0.07264957264957274,0.20512820512820512,0.0,0.021739130434782532,0.19047619047619047,24
7535,2018,Costa Rica,Marcos Danilo Ureña Porras,6,7,13,7,1,6,,False,14,117,0.6428571428571429,14,1.0,0.8846153846153846,105,13,10,0.6858974358974359,13,1.0,0.9038461538461539,7,-0.06695156695156688,0.08547008547008547,0.0,-0.021739130434782657,0.06666666666666667,10
7535,2018,Costa Rica,Cristian Gamboa Luna,35,36,71,10,9,8,,False,14,117,0.6428571428571429,14,1.0,0.8846153846153846,105,13,18,0.6346153846153846,13,1.0,0.8846153846153846,17,0.012820512820512947,0.15384615384615385,0.0,0.0,0.1619047619047619,18
7535,2018,Costa Rica,Celso Borges Mora,43,44,87,13,6,8,,False,14,117,0.6428571428571429,14,1.0,0.8846153846153846,105,13,22,0.6089743589743589,13,1.0,0.8653846153846154,14,0.05270655270655286,0.18803418803418803,0.0,0.021739130434782532,0.13333333333333333,22
7535,2018,Costa Rica,Johnny Acosta Zamora,26,22,48,9,7,1,,False,14,117,0.6428571428571429,14,1.0,0.8846153846153846,105,13,16,0.6474358974358975,13,1.0,0.8910256410256411,8,-0.007122507122507097,0.13675213675213677,0.0,-0.007246376811594303,0.0761904761904762,16
7535,2018,Costa Rica,Keylor Navas Gamboa,17,13,30,9,15,0,,False,14,117,0.6428571428571429,14,1.0,0.8846153846153846,105,13,13,0.6666666666666666,13,1.0,0.8910256410256411,15,-0.0370370370370369,0.1111111111111111,0.0,-0.007246376811594303,0.14285714285714285,13
7535,2018,Costa Rica,Christian Bolaños Navarro,19,24,43,10,3,14,,False,14,117,0.6428571428571429,14,1.0,0.8846153846153846,105,13,15,0.6538461538461539,13,1.0,0.8846153846153846,17,-0.017094017094017033,0.1282051282051282,0.0,0.0,0.1619047619047619,15
7535,2018,Costa Rica,Joel Nathaniel Campbell Samuels,9,13,22,9,2,8,,False,14,117,0.6428571428571429,14,1.0,0.8846153846153846,105,13,13,0.6666666666666666,13,1.0,0.8910256410256411,10,-0.0370370370370369,0.1111111111111111,0.0,-0.007246376811594303,0.09523809523809523,13
7535,2018,Costa Rica,Daniel Colindres Solera,5,5,10,6,0,2,,False,14,117,0.6428571428571429,14,1.0,0.8846153846153846,105,13,9,0.6923076923076923,13,1.0,0.9102564102564102,2,-0.07692307692307682,0.07692307692307693,0.0,-0.028985507246376836,0.01904761904761905,9
7536,2018,Panama,Armando Enrique Cooper Whitaker,28,27,55,13,7,8,,False,14,98,0.5384615384615384,14,1.0,0.8626373626373627,89,13,19,0.5064102564102564,13,1.0,0.8397435897435898,15,0.05952380952380952,0.19387755102040816,0.0,0.026539278131634852,0.16853932584269662,19
7536,2018,Panama,Fidel Escobar Mendieta,22,17,39,11,14,0,,False,14,98,0.5384615384615384,14,1.0,0.8626373626373627,89,13,17,0.5192307692307693,13,1.0,0.8525641025641025,14,0.03571428571428559,0.17346938775510204,0.0,0.011677282377919406,0.15730337078651685,17
7536,2018,Panama,Blas Antonio Miguel Pérez Ortega,10,17,27,11,0,11,,False,14,98,0.5384615384615384,14,1.0,0.8626373626373627,89,13,16,0.5256410256410257,13,1.0,0.8525641025641025,11,0.023809523809523725,0.16326530612244897,0.0,0.011677282377919406,0.12359550561797752,16
7536,2018,Panama,Aníbal Cesis Godoy,40,40,80,12,10,10,,False,14,98,0.5384615384615384,14,1.0,0.8626373626373627,89,13,21,0.4935897435897436,13,1.0,0.8461538461538461,20,0.08333333333333325,0.21428571428571427,0.0,0.01910828025477713,0.2247191011235955,21
7536,2018,Panama,Michael Amir Murillo Bermudez,37,36,73,9,14,10,,False,14,98,0.5384615384615384,14,1.0,0.8626373626373627,89,13,16,0.5256410256410257,13,1.0,0.8653846153846154,24,0.023809523809523725,0.16326530612244897,0.0,-0.003184713375796167,0.2696629213483146,16
7536,2018,Panama,Edgar Yoel Bárcenas Herrera,16,20,36,7,3,15,,False,14,98,0.5384615384615384,14,1.0,0.8626373626373627,89,13,9,0.5705128205128205,13,1.0,0.8782051282051282,18,-0.05952380952380952,0.09183673469387756,0.0,-0.01804670912951161,0.20224719101123595,9
7536,2018,Panama,Gabriel Enrique Gómez Girón,44,32,76,13,10,6,,False,14,98,0.5384615384615384,14,1.0,0.8626373626373627,89,13,22,0.48717948717948717,13,1.0,0.8397435897435898,16,0.09523809523809522,0.22448979591836735,0.0,0.026539278131634852,0.1797752808988764,22
7536,2018,Panama,José Luis Rodríguez Francis,7,15,22,6,0,7,,False,14,98,0.5384615384615384,14,1.0,0.8626373626373627,89,13,9,0.5705128205128205,13,1.0,0.8846153846153846,7,-0.05952380952380952,0.09183673469387756,0.0,-0.025477707006369334,0.07865168539325842,9
7536,2018,Panama,Erick Javier Davis Grajales,36,31,67,10,6,7,,False,14,98,0.5384615384615384,14,1.0,0.8626373626373627,89,13,15,0.532051282051282,13,1.0,0.8589743589743589,13,0.011904761904761862,0.15306122448979592,0.0,0.004246284501061685,0.14606741573033707,15
7536,2018,Panama,Román Aureliano Torres Morcillo,17,18,35,10,13,1,,False,14,98,0.5384615384615384,14,1.0,0.8626373626373627,89,13,15,0.532051282051282,13,1.0,0.8589743589743589,14,0.011904761904761862,0.15306122448979592,0.0,0.004246284501061685,0.15730337078651685,15
7536,2018,Panama,Jaime Manuel Penedo Cano,8,2,10,6,8,0,,False,14,98,0.5384615384615384,14,1.0,0.8626373626373627,89,13,6,0.5897435897435898,13,1.0,0.8846153846153846,8,-0.09523809523809532,0.061224489795918366,0.0,-0.025477707006369334,0.0898876404494382,6
7536,2018,Panama,Ismael Díaz De León,5,8,13,8,1,4,,False,14,98,0.5384615384615384,14,1.0,0.8626373626373627,89,13,9,0.5705128205128205,13,1.0,0.8717948717948718,5,-0.05952380952380952,0.09183673469387756,0.0,-0.010615711252653889,0.056179775280898875,9
7536,2018,Panama,Gabriel Arturo Torres Tejada,6,8,14,7,0,6,,False,14,98,0.5384615384615384,14,1.0,0.8626373626373627,89,13,9,0.5705128205128205,13,1.0,0.8782051282051282,6,-0.05952380952380952,0.09183673469387756,0.0,-0.01804670912951161,0.06741573033707865,9
7536,2018,Panama,Luis Carlos Tejada Hansell,8,13,21,9,3,4,,False,14,98,0.5384615384615384,14,1.0,0.8626373626373627,89,13,13,0.5448717948717948,13,1.0,0.8653846153846154,7,-0.011904761904761862,0.1326530612244898,0.0,-0.003184713375796167,0.07865168539325842,13
7536,2018,Belgium,Thibaut Courtois,18,14,32,8,8,0,,False,14,109,0.5989010989010989,14,1.0,0.8516483516483516,141,13,12,0.6217948717948718,13,1.0,0.8589743589743589,8,-0.038226299694189655,0.11009174311926606,0.0,-0.008602150537634379,0.05673758865248227,12
7536,2018,Belgium,Yannick Ferreira Carrasco,23,26,49,8,6,17,,False,14,109,0.5989010989010989,14,1.0,0.8516483516483516,141,13,13,0.6153846153846154,13,1.0,0.8589743589743589,23,-0.027522935779816602,0.11926605504587157,0.0,-0.008602150537634379,0.16312056737588654,13
7536,2018,Belgium,Jan Vertonghen,66,55,121,11,23,1,,False,14,109,0.5989010989010989,14,1.0,0.8516483516483516,141,13,20,0.5705128205128205,13,1.0,0.8397435897435898,24,0.047400611620795126,0.1834862385321101,0.0,0.013978494623655864,0.1702127659574468,20
7536,2018,Belgium,Anga Dedryck Boyata,81,67,148,10,22,3,,False,14,109,0.5989010989010989,14,1.0,0.8516483516483516,141,13,17,0.5897435897435898,13,1.0,0.8461538461538461,25,0.015290519877675787,0.1559633027522936,0.0,0.006451612903225784,0.1773049645390071,17
7536,2018,Belgium,Kevin De Bruyne,55,58,113,13,21,23,,False,14,109,0.5989010989010989,14,1.0,0.8516483516483516,141,13,23,0.5512820512820513,13,1.0,0.8269230769230769,44,0.07951070336391428,0.21100917431192662,0.0,0.029032258064516158,0.3120567375886525,23
7536,2018,Belgium,Thomas Meunier,42,36,78,10,7,18,,False,14,109,0.5989010989010989,14,1.0,0.8516483516483516,141,13,17,0.5897435897435898,13,1.0,0.8461538461538461,25,0.015290519877675787,0.1559633027522936,0.0,0.006451612903225784,0.1773049645390071,17
7536,2018,Belgium,Axel Witsel,52,48,100,11,10,11,,False,14,109,0.5989010989010989,14,1.0,0.8516483516483516,141,13,21,0.5641025641025641,13,1.0,0.8397435897435898,21,0.058103975535168176,0.1926605504587156,0.0,0.013978494623655864,0.14893617021276595,21
7536,2018,Belgium,Dries Mertens,23,33,56,9,7,15,,False,14,109,0.5989010989010989,14,1.0,0.8516483516483516,141,13,17,0.5897435897435898,13,1.0,0.8525641025641025,22,0.015290519877675787,0.1559633027522936,0.0,-0.0010752688172042974,0.15602836879432624,17
7536,2018,Belgium,Romelu Lukaku Menama,13,23,36,9,1,13,,False,14,109,0.5989010989010989,14,1.0,0.8516483516483516,141,13,15,0.6025641025641025,13,1.0,0.8525641025641025,14,-0.006116207951070315,0.13761467889908258,0.0,-0.0010752688172042974,0.09929078014184398,15
7536,2018,Belgium,Toby Alderweireld,93,93,186,10,27,7,,False,14,109,0.5989010989010989,14,1.0,0.8516483516483516,141,13,19,0.5769230769230769,13,1.0,0.8461538461538461,34,0.036697247706422076,0.1743119266055046,0.0,0.006451612903225784,0.24113475177304963,19
7536,2018,Belgium,Eden Hazard,32,48,80,13,5,30,,False,14,109,0.5989010989010989,14,1.0,0.8516483516483516,141,13,22,0.5576923076923077,13,1.0,0.8269230769230769,35,0.06880733944954123,0.2018348623853211,0.0,0.029032258064516158,0.24822695035460993,22
7536,2018,Belgium,Mousa Sidi Yaya Dembélé,8,5,13,7,3,1,,False,14,109,0.5989010989010989,14,1.0,0.8516483516483516,141,13,10,0.6346153846153846,13,1.0,0.8653846153846154,4,-0.059633027522935755,0.09174311926605505,0.0,-0.01612903225806459,0.028368794326241134,10
7536,2018,Belgium,Thorgan Hazard,4,4,8,5,1,2,,False,14,109,0.5989010989010989,14,1.0,0.8516483516483516,141,13,7,0.6538461538461539,13,1.0,0.8782051282051282,3,-0.09174311926605509,0.06422018348623854,0.0,-0.03118279569892475,0.02127659574468085,7
7536,2018,Belgium,Nacer Chadli,3,3,6,4,0,0,,False,14,109,0.5989010989010989,14,1.0,0.8516483516483516,141,13,5,0.6666666666666666,13,1.0,0.8846153846153846,0,-0.11314984709480119,0.045871559633027525,0.0,-0.038709677419354833,0.0,5
7537,2018,England,Bamidele Alli,23,32,55,10,4,17,,False,13,114,0.7307692307692307,13,1.0,0.9230769230769231,141,12,17,0.7348484848484849,12,1.0,0.9242424242424242,21,-0.005582137161084607,0.14912280701754385,0.0,-0.0012626262626261597,0.14893617021276595,17
7537,2018,England,John Stones,69,64,133,11,26,4,,False,13,114,0.7307692307692307,13,1.0,0.9230769230769231,141,12,19,0.7196969696969697,12,1.0,0.9166666666666666,30,0.015151515151515057,0.16666666666666666,0.0,0.0069444444444445395,0.2127659574468085,19
7537,2018,England,Kyle Walker,70,66,136,12,26,6,,False,13,114,0.7307692307692307,13,1.0,0.9230769230769231,141,12,22,0.696969696969697,12,1.0,0.9090909090909091,32,0.04625199362041455,0.19298245614035087,0.0,0.015151515151515239,0.22695035460992907,22
7537,2018,England,Jordan Brian Henderson,57,62,119,11,17,16,,False,13,114,0.7307692307692307,13,1.0,0.9230769230769231,141,12,21,0.7045454545454546,12,1.0,0.9166666666666666,33,0.03588516746411472,0.18421052631578946,0.0,0.0069444444444445395,0.23404255319148937,21
7537,2018,England,Harry Maguire,70,64,134,12,22,11,,False,13,114,0.7307692307692307,13,1.0,0.9230769230769231,141,12,22,0.696969696969697,12,1.0,0.9090909090909091,33,0.04625199362041455,0.19298245614035087,0.0,0.015151515151515239,0.23404255319148937,22
7537,2018,England,Ashley Young,54,40,94,11,9,18,,False,13,114,0.7307692307692307,13,1.0,0.9230769230769231,141,12,21,0.7045454545454546,12,1.0,0.9166666666666666,27,0.03588516746411472,0.18421052631578946,0.0,0.0069444444444445395,0.19148936170212766,21
7537,2018,England,Kieran Trippier,58,46,104,12,9,21,,False,13,114,0.7307692307692307,13,1.0,0.9230769230769231,141,12,21,0.7045454545454546,12,1.0,0.9090909090909091,30,0.03588516746411472,0.18421052631578946,0.0,0.015151515151515239,0.2127659574468085,21
7537,2018,England,Jesse Lingard,26,32,58,11,4,10,,False,13,114,0.7307692307692307,13,1.0,0.9230769230769231,141,12,19,0.7196969696969697,12,1.0,0.9166666666666666,14,0.015151515151515057,0.16666666666666666,0.0,0.0069444444444445395,0.09929078014184398,19
7537,2018,England,Harry Kane,13,25,38,11,5,15,,False,13,114,0.7307692307692307,13,1.0,0.9230769230769231,141,12,17,0.7348484848484849,12,1.0,0.9166666666666666,20,-0.005582137161084607,0.14912280701754385,0.0,0.0069444444444445395,0.14184397163120568,17
7537,2018,England,Raheem Sterling,12,20,32,9,3,15,,False,13,114,0.7307692307692307,13,1.0,0.9230769230769231,141,12,14,0.7575757575757576,12,1.0,0.9318181818181818,18,-0.0366826156299841,0.12280701754385964,0.0,-0.009469696969696859,0.1276595744680851,14
7537,2018,England,Jordan Pickford,21,17,38,9,13,0,,False,13,114,0.7307692307692307,13,1.0,0.9230769230769231,141,12,14,0.7575757575757576,12,1.0,0.9318181818181818,13,-0.0366826156299841,0.12280701754385964,0.0,-0.009469696969696859,0.09219858156028368,14
7537,2018,England,Marcus Rashford,7,9,16,7,3,4,,False,13,114,0.7307692307692307,13,1.0,0.9230769230769231,141,12,13,0.7651515151515151,12,1.0,0.946969696969697,7,-0.04704944178628393,0.11403508771929824,0.0,-0.025883838383838377,0.04964539007092199,13
7537,2018,England,Ruben Loftus-Cheek,4,7,11,6,0,4,,False,13,114,0.7307692307692307,13,1.0,0.9230769230769231,141,12,8,0.803030303030303,12,1.0,0.9545454545454546,4,-0.09888357256778309,0.07017543859649122,0.0,-0.034090909090909075,0.028368794326241134,8
7537,2018,Tunisia,Mouez Hassen,3,3,6,4,2,0,,False,14,91,0.5,14,1.0,0.8241758241758241,67,13,4,0.5576923076923077,13,1.0,0.8525641025641025,2,-0.11538461538461542,0.04395604395604396,0.0,-0.03444444444444446,0.029850746268656716,4
7537,2018,Tunisia,Yassine Meriah,36,29,65,12,17,3,,False,14,91,0.5,14,1.0,0.8241758241758241,67,13,18,0.46794871794871795,13,1.0,0.8012820512820513,20,0.0641025641025641,0.1978021978021978,0.0,0.02777777777777768,0.29850746268656714,18
7537,2018,Tunisia,Ali Maâloul,36,34,70,9,9,9,,False,14,91,0.5,14,1.0,0.8241758241758241,67,13,16,0.4807692307692308,13,1.0,0.8205128205128205,18,0.038461538461538436,0.17582417582417584,0.0,0.004444444444444429,0.26865671641791045,16
7537,2018,Tunisia,Syam Ben Youssef,20,14,34,9,6,0,,False,14,91,0.5,14,1.0,0.8241758241758241,67,13,11,0.5128205128205128,13,1.0,0.8205128205128205,6,-0.02564102564102555,0.12087912087912088,0.0,0.004444444444444429,0.08955223880597014,11
7537,2018,Tunisia,Dylan Daniel Mahmoud Bronn,35,30,65,11,13,7,,False,14,91,0.5,14,1.0,0.8241758241758241,67,13,19,0.46153846153846156,13,1.0,0.8055555555555555,20,0.07692307692307687,0.2087912087912088,0.0,0.022592592592592647,0.29850746268656714,19
7537,2018,Tunisia,Ellyes Joris Skhiri,30,33,63,10,3,2,,False,14,91,0.5,14,1.0,0.8241758241758241,67,13,17,0.47435897435897434,13,1.0,0.8141025641025641,5,0.05128205128205132,0.18681318681318682,0.0,0.01222222222222218,0.07462686567164178,17
7537,2018,Tunisia,Ferjani Sassi,31,30,61,9,4,6,,False,14,91,0.5,14,1.0,0.8241758241758241,67,13,15,0.48717948717948717,13,1.0,0.8205128205128205,10,0.02564102564102566,0.16483516483516483,0.0,0.004444444444444429,0.14925373134328357,15
7537,2018,Tunisia,Fakhreddine Ben Youssef,24,29,53,11,4,13,,False,14,91,0.5,14,1.0,0.8241758241758241,67,13,16,0.4807692307692308,13,1.0,0.8076923076923077,17,0.038461538461538436,0.17582417582417584,0.0,0.01999999999999993,0.2537313432835821,16
7537,2018,Tunisia,Wahbi Khazri,14,21,35,10,0,10,,False,14,91,0.5,14,1.0,0.8241758241758241,67,13,16,0.4807692307692308,13,1.0,0.8141025641025641,10,0.038461538461538436,0.17582417582417584,0.0,0.01222222222222218,0.14925373134328357,16
7537,2018,Tunisia,Naïm Sliti,13,17,30,8,2,9,,False,14,91,0.5,14,1.0,0.8241758241758241,67,13,13,0.5,13,1.0,0.8269230769230769,11,0.0,0.14285714285714285,0.0,-0.003333333333333322,0.16417910447761194,13
7537,2018,Tunisia,Anice Badri,31,29,60,12,3,5,,False,14,91,0.5,14,1.0,0.8241758241758241,67,13,20,0.4551282051282051,13,1.0,0.7991452991452991,8,0.08974358974358976,0.21978021978021978,0.0,0.030370370370370398,0.11940298507462686,20
7537,2018,Tunisia,Farouk Ben Mustapha,7,8,15,6,4,0,,False,14,91,0.5,14,1.0,0.8241758241758241,67,13,8,0.532051282051282,13,1.0,0.8397435897435898,4,-0.0641025641025641,0.08791208791208792,0.0,-0.01888888888888896,0.05970149253731343,8
7537,2018,Tunisia,Mohamed Amine Ben Amor,5,5,10,4,0,0,,False,14,91,0.5,14,1.0,0.8241758241758241,67,13,6,0.5448717948717948,13,1.0,0.8525641025641025,0,-0.08974358974358965,0.06593406593406594,0.0,-0.03444444444444446,0.0,6
7537,2018,Tunisia,Saber Khalifa,0,3,3,3,0,3,,False,14,91,0.5,14,1.0,0.8241758241758241,67,13,3,0.5641025641025641,13,1.0,0.8589743589743589,3,-0.1282051282051282,0.03296703296703297,0.0,-0.04222222222222221,0.04477611940298507,3
7538,2018,South Korea,Jae-Sung Lee,29,25,54,12,3,4,,False,14,111,0.6098901098901099,14,1.0,0.8736263736263736,79,13,19,0.5897435897435898,13,1.0,0.8589743589743589,7,0.03303303303303309,0.17117117117117117,0.0,0.016771488469601744,0.08860759493670886,19
7538,2018,South Korea,Young-Gwon Kim,31,29,60,13,15,2,,False,14,111,0.6098901098901099,14,1.0,0.8736263736263736,79,13,23,0.5641025641025641,13,1.0,0.8525641025641025,17,0.07507507507507516,0.2072072072072072,0.0,0.024109014675052453,0.21518987341772153,23
7538,2018,South Korea,Shin-Wook Kim,6,10,16,8,1,7,,False,14,111,0.6098901098901099,14,1.0,0.8736263736263736,79,13,9,0.6538461538461539,13,1.0,0.8846153846153846,8,-0.07207207207207199,0.08108108108108109,0.0,-0.012578616352201213,0.10126582278481013,9
7538,2018,South Korea,Sung-Yeung Ki,43,30,73,11,13,5,,False,14,111,0.6098901098901099,14,1.0,0.8736263736263736,79,13,20,0.5833333333333334,13,1.0,0.8653846153846154,18,0.04354354354354357,0.18018018018018017,0.0,0.00943396226415091,0.22784810126582278,20
7538,2018,South Korea,Yong Lee,33,33,66,11,4,16,,False,14,111,0.6098901098901099,14,1.0,0.8736263736263736,79,13,19,0.5897435897435898,13,1.0,0.8653846153846154,20,0.03303303303303309,0.17117117117117117,0.0,0.00943396226415091,0.25316455696202533,19
7538,2018,South Korea,Hyun-Soo Jang,37,29,66,11,10,1,,False,14,111,0.6098901098901099,14,1.0,0.8736263736263736,79,13,18,0.5961538461538461,13,1.0,0.8653846153846154,11,0.022522522522522622,0.16216216216216217,0.0,0.00943396226415091,0.13924050632911392,18
7538,2018,South Korea,Hyeon-Woo Jo,16,9,25,5,9,0,,False,14,111,0.6098901098901099,14,1.0,0.8736263736263736,79,13,7,0.6666666666666666,13,1.0,0.9038461538461539,9,-0.09309309309309294,0.06306306306306306,0.0,-0.034591194968553465,0.11392405063291139,7
7538,2018,South Korea,Hee-Chan Hwang,8,19,27,10,0,5,,False,14,111,0.6098901098901099,14,1.0,0.8736263736263736,79,13,16,0.6089743589743589,13,1.0,0.8717948717948718,5,0.001501501501501678,0.14414414414414414,0.0,0.0020964360587002024,0.06329113924050633,16
7538,2018,South Korea,Heung-Min Son,17,28,45,12,5,12,,False,14,111,0.6098901098901099,14,1.0,0.8736263736263736,79,13,22,0.5705128205128205,13,1.0,0.8589743589743589,17,0.06456456456456469,0.1981981981981982,0.0,0.016771488469601744,0.21518987341772153,22
7538,2018,South Korea,Ja-Cheol Koo,15,19,34,11,3,8,,False,14,111,0.6098901098901099,14,1.0,0.8736263736263736,79,13,18,0.5961538461538461,13,1.0,0.8653846153846154,11,0.022522522522522622,0.16216216216216217,0.0,0.00943396226415091,0.13924050632911392,18
7538,2018,South Korea,Joo-Ho Park,7,5,12,6,3,1,,False,14,111,0.6098901098901099,14,1.0,0.8736263736263736,79,13,10,0.6474358974358975,13,1.0,0.8974358974358975,4,-0.06156156156156152,0.09009009009009009,0.0,-0.027253668763102756,0.05063291139240506,10
7538,2018,South Korea,Min-Woo Kim,18,22,40,8,2,12,,False,14,111,0.6098901098901099,14,1.0,0.8736263736263736,79,13,13,0.6282051282051282,13,1.0,0.8846153846153846,14,-0.030030030030029922,0.11711711711711711,0.0,-0.012578616352201213,0.17721518987341772,13
7538,2018,South Korea,Woo-Young Jung,20,19,39,9,9,1,,False,14,111,0.6098901098901099,14,1.0,0.8736263736263736,79,13,16,0.6089743589743589,13,1.0,0.8782051282051282,10,0.001501501501501678,0.14414414414414414,0.0,-0.005241090146750505,0.12658227848101267,16
7538,2018,South Korea,Seung-Woo Lee,9,12,21,9,2,5,,False,14,111,0.6098901098901099,14,1.0,0.8736263736263736,79,13,12,0.6346153846153846,13,1.0,0.8782051282051282,7,-0.04054054054054039,0.10810810810810811,0.0,-0.005241090146750505,0.08860759493670886,12
7538,2018,Sweden,Ludwig Augustinsson,29,30,59,9,6,16,,False,14,93,0.510989010989011,14,1.0,0.8186813186813187,100,13,15,0.5,13,1.0,0.8141025641025641,22,0.021505376344085947,0.16129032258064516,0.0,0.005592841163310942,0.22,15
7538,2018,Sweden,Albin Ekdal,57,51,108,9,11,13,,False,14,93,0.510989010989011,14,1.0,0.8186813186813187,100,13,16,0.4935897435897436,13,1.0,0.8141025641025641,24,0.03405017921146942,0.17204301075268819,0.0,0.005592841163310942,0.24,16
7538,2018,Sweden,Sebastian Larsson,57,58,115,11,13,14,,False,14,93,0.510989010989011,14,1.0,0.8186813186813187,100,13,20,0.46794871794871795,13,1.0,0.8012820512820513,27,0.0842293906810035,0.21505376344086022,0.0,0.02125279642058158,0.27,20
7538,2018,Sweden,Pontus Jansson,50,40,90,8,14,2,,False,14,93,0.510989010989011,14,1.0,0.8186813186813187,100,13,14,0.5064102564102564,13,1.0,0.8205128205128205,16,0.008960573476702477,0.15053763440860216,0.0,-0.002237136465324377,0.16,14
7538,2018,Sweden,Mikael Lustig,30,26,56,11,8,5,,False,14,93,0.510989010989011,14,1.0,0.8186813186813187,100,13,18,0.4807692307692308,13,1.0,0.8012820512820513,13,0.059139784946236465,0.1935483870967742,0.0,0.02125279642058158,0.13,18
7538,2018,Sweden,Robin Olsen,12,8,20,7,8,0,,False,14,93,0.510989010989011,14,1.0,0.8186813186813187,100,13,11,0.5256410256410257,13,1.0,0.8269230769230769,8,-0.028673835125448147,0.11827956989247312,0.0,-0.010067114093959696,0.08,11
7538,2018,Sweden,Ola Toivonen,10,16,26,9,1,15,,False,14,93,0.510989010989011,14,1.0,0.8186813186813187,100,13,14,0.5064102564102564,13,1.0,0.8141025641025641,16,0.008960573476702477,0.15053763440860216,0.0,0.005592841163310942,0.16,14
7538,2018,Sweden,Andreas Granqvist,58,56,114,11,29,1,,False,14,93,0.510989010989011,14,1.0,0.8186813186813187,100,13,19,0.47435897435897434,13,1.0,0.8012820512820513,30,0.07168458781362004,0.20430107526881722,0.0,0.02125279642058158,0.3,19
7538,2018,Sweden,Viktor Claesson,24,25,49,10,6,9,,False,14,93,0.510989010989011,14,1.0,0.8186813186813187,100,13,17,0.48717948717948717,13,1.0,0.8076923076923077,15,0.046594982078852994,0.1827956989247312,0.0,0.013422818791946262,0.15,17
7538,2018,Sweden,Marcus Berg,7,15,22,10,0,9,,False,14,93,0.510989010989011,14,1.0,0.8186813186813187,100,13,14,0.5064102564102564,13,1.0,0.8055555555555555,9,0.008960573476702477,0.15053763440860216,0.0,0.016032811334824836,0.09,14
7538,2018,Sweden,Emil Peter Forsberg,27,37,64,7,3,12,,False,14,93,0.510989010989011,14,1.0,0.8186813186813187,100,13,13,0.5128205128205128,13,1.0,0.8269230769230769,15,-0.003584229390680991,0.13978494623655913,0.0,-0.010067114093959696,0.15,13
7538,2018,Sweden,Oscar Hiljemark,5,4,9,6,0,2,,False,14,93,0.510989010989011,14,1.0,0.8186813186813187,100,13,7,0.5512820512820513,13,1.0,0.8333333333333334,2,-0.07885304659498224,0.07526881720430108,0.0,-0.01789709172259515,0.02,7
7538,2018,Sweden,Gustav Svensson,2,2,4,3,1,0,,False,14,93,0.510989010989011,14,1.0,0.8186813186813187,100,13,3,0.5769230769230769,13,1.0,0.8525641025641025,1,-0.12903225806451613,0.03225806451612903,0.0,-0.041387024608501105,0.01,3
7538,2018,Sweden,Isaac Kiese Thelin,3,3,6,5,0,2,,False,14,93,0.510989010989011,14,1.0,0.8186813186813187,100,13,5,0.5641025641025641,13,1.0,0.8397435897435898,2,-0.10394265232974918,0.053763440860215055,0.0,-0.02572706935123047,0.02,5
7539,2018,Senegal,M'Baye Babacar Niang,26,32,58,10,6,17,,False,14,97,0.532967032967033,14,1.0,0.8516483516483516,81,13,17,0.5128205128205128,13,1.0,0.8461538461538461,23,0.03780068728522344,0.17525773195876287,0.0,0.006451612903225784,0.2839506172839506,17
7539,2018,Senegal,Kalidou Koulibaly,25,20,45,8,11,0,,False,14,97,0.532967032967033,14,1.0,0.8516483516483516,81,13,14,0.532051282051282,13,1.0,0.8589743589743589,11,0.0017182130584192379,0.14432989690721648,0.0,-0.008602150537634379,0.13580246913580246,14
7539,2018,Senegal,Youssouf Sabaly,40,31,71,10,7,7,,False,14,97,0.532967032967033,14,1.0,0.8516483516483516,81,13,15,0.5256410256410257,13,1.0,0.8461538461538461,14,0.013745704467353903,0.15463917525773196,0.0,0.006451612903225784,0.1728395061728395,15
7539,2018,Senegal,Sadio Mané,32,36,68,11,1,12,,False,14,97,0.532967032967033,14,1.0,0.8516483516483516,81,13,18,0.5064102564102564,13,1.0,0.8397435897435898,13,0.04982817869415811,0.18556701030927836,0.0,0.013978494623655864,0.16049382716049382,18
7539,2018,Senegal,Idrissa Gana Gueye,45,42,87,12,10,6,,False,14,97,0.532967032967033,14,1.0,0.8516483516483516,81,13,22,0.4807692307692308,13,1.0,0.8311965811965811,16,0.09793814432989688,0.2268041237113402,0.0,0.02401433691756277,0.19753086419753085,22
7539,2018,Senegal,Salif Sané,29,27,56,11,10,0,,False,14,97,0.532967032967033,14,1.0,0.8516483516483516,81,13,17,0.5128205128205128,13,1.0,0.8397435897435898,10,0.03780068728522344,0.17525773195876287,0.0,0.013978494623655864,0.12345679012345678,17
7539,2018,Senegal,Moussa Wagué,23,21,44,9,10,6,,False,14,97,0.532967032967033,14,1.0,0.8516483516483516,81,13,12,0.5448717948717948,13,1.0,0.8525641025641025,16,-0.022336769759450092,0.12371134020618557,0.0,-0.0010752688172042974,0.19753086419753085,12
7539,2018,Senegal,Ismaïla Sarr,18,25,43,10,2,17,,False,14,97,0.532967032967033,14,1.0,0.8516483516483516,81,13,18,0.5064102564102564,13,1.0,0.8461538461538461,19,0.04982817869415811,0.18556701030927836,0.0,0.006451612903225784,0.2345679012345679,18
7539,2018,Senegal,Alfred John Momar N'Diaye,21,22,43,11,7,5,,False,14,97,0.532967032967033,14,1.0,0.8516483516483516,81,13,18,0.5064102564102564,13,1.0,0.8397435897435898,12,0.04982817869415811,0.18556701030927836,0.0,0.013978494623655864,0.14814814814814814,18
7539,2018,Senegal,Khadim N'Diaye,9,8,17,11,9,0,,False,14,97,0.532967032967033,14,1.0,0.8516483516483516,81,13,11,0.5512820512820513,13,1.0,0.8397435897435898,9,-0.034364261168384966,0.1134020618556701,0.0,0.013978494623655864,0.1111111111111111,11
7539,2018,Senegal,Mame Biram Diouf,6,9,15,8,2,4,,False,14,97,0.532967032967033,14,1.0,0.8516483516483516,81,13,10,0.5576923076923077,13,1.0,0.8589743589743589,6,-0.04639175257731963,0.10309278350515463,0.0,-0.008602150537634379,0.07407407407407407,10
7539,2018,Senegal,Cheikh N'Doye,5,9,14,9,2,5,,False,14,97,0.532967032967033,14,1.0,0.8516483516483516,81,13,11,0.5512820512820513,13,1.0,0.8525641025641025,7,-0.034364261168384966,0.1134020618556701,0.0,-0.0010752688172042974,0.08641975308641975,11
7539,2018,Senegal,Pape Moussa Konaté,4,3,7,5,3,2,,False,14,97,0.532967032967033,14,1.0,0.8516483516483516,81,13,7,0.5769230769230769,13,1.0,0.8782051282051282,5,-0.08247422680412363,0.07216494845360824,0.0,-0.03118279569892475,0.06172839506172839,7
7539,2018,Senegal,Cheikhou Kouyaté,3,1,4,3,1,0,,False,14,97,0.532967032967033,14,1.0,0.8516483516483516,81,13,4,0.5961538461538461,13,1.0,0.8910256410256411,1,-0.11855670103092783,0.041237113402061855,0.0,-0.04623655913978504,0.012345679012345678,4
7539,2018,Poland,Thiago Rangel Cionek,72,62,134,11,21,4,,False,14,102,0.5604395604395604,14,1.0,0.8516483516483516,143,13,21,0.5192307692307693,13,1.0,0.8397435897435898,25,0.07352941176470582,0.20588235294117646,0.0,0.013978494623655864,0.17482517482517482,21
7539,2018,Poland,Piotr Zieliński,65,74,139,12,23,20,,False,14,102,0.5604395604395604,14,1.0,0.8516483516483516,143,13,22,0.5128205128205128,13,1.0,0.8333333333333334,43,0.084967320261438,0.21568627450980393,0.0,0.021505376344085947,0.3006993006993007,22
7539,2018,Poland,Michał Pazdan,89,83,172,11,32,20,,False,14,102,0.5604395604395604,14,1.0,0.8516483516483516,143,13,20,0.5256410256410257,13,1.0,0.8397435897435898,52,0.06209150326797383,0.19607843137254902,0.0,0.013978494623655864,0.36363636363636365,20
7539,2018,Poland,Grzegorz Krychowiak,69,67,136,13,19,13,,False,14,102,0.5604395604395604,14,1.0,0.8516483516483516,143,13,22,0.5128205128205128,13,1.0,0.8247863247863247,32,0.084967320261438,0.21568627450980393,0.0,0.03154121863799285,0.22377622377622378,22
7539,2018,Poland,Maciej Rybus,34,30,64,9,4,15,,False,14,102,0.5604395604395604,14,1.0,0.8516483516483516,143,13,14,0.5641025641025641,13,1.0,0.8525641025641025,19,-0.006535947712418277,0.13725490196078433,0.0,-0.0010752688172042974,0.13286713286713286,14
7539,2018,Poland,Jakub Błaszczykowski,6,12,18,6,1,7,,False,14,102,0.5604395604395604,14,1.0,0.8516483516483516,143,13,8,0.6025641025641025,13,1.0,0.8717948717948718,8,-0.07516339869281038,0.0784313725490196,0.0,-0.02365591397849467,0.055944055944055944,8
7539,2018,Poland,Łukasz Piszczek,34,36,70,11,4,12,,False,14,102,0.5604395604395604,14,1.0,0.8516483516483516,143,13,17,0.5448717948717948,13,1.0,0.8397435897435898,16,0.027777777777777877,0.16666666666666666,0.0,0.013978494623655864,0.11188811188811189,17
7539,2018,Poland,Robert Lewandowski,15,21,36,10,2,15,,False,14,102,0.5604395604395604,14,1.0,0.8516483516483516,143,13,15,0.5576923076923077,13,1.0,0.8461538461538461,17,0.004901960784313708,0.14705882352941177,0.0,0.006451612903225784,0.11888111888111888,15
7539,2018,Poland,Arkadiusz Milik,15,18,33,9,1,10,,False,14,102,0.5604395604395604,14,1.0,0.8516483516483516,143,13,13,0.5705128205128205,13,1.0,0.8525641025641025,11,-0.017973856209150263,0.12745098039215685,0.0,-0.0010752688172042974,0.07692307692307693,13
7539,2018,Poland,Wojciech Szczęsny,18,14,32,8,14,0,,False,14,102,0.5604395604395604,14,1.0,0.8516483516483516,143,13,10,0.5897435897435898,13,1.0,0.8589743589743589,14,-0.052287581699346414,0.09803921568627451,0.0,-0.008602150537634379,0.0979020979020979,10
7539,2018,Poland,Kamil Grosicki,20,27,47,8,2,21,,False,14,102,0.5604395604395604,14,1.0,0.8516483516483516,143,13,13,0.5705128205128205,13,1.0,0.8589743589743589,23,-0.017973856209150263,0.12745098039215685,0.0,-0.008602150537634379,0.16083916083916083,13
7539,2018,Poland,Jan Bednarek,36,28,64,10,19,1,,False,14,102,0.5604395604395604,14,1.0,0.8516483516483516,143,13,15,0.5576923076923077,13,1.0,0.8461538461538461,20,0.004901960784313708,0.14705882352941177,0.0,0.006451612903225784,0.13986013986013987,15
7539,2018,Poland,Dawid Kownacki,6,8,14,7,1,4,,False,14,102,0.5604395604395604,14,1.0,0.8516483516483516,143,13,10,0.5897435897435898,13,1.0,0.8653846153846154,5,-0.052287581699346414,0.09803921568627451,0.0,-0.01612903225806459,0.03496503496503497,10
7539,2018,Poland,Bartosz Bereszyński,3,2,5,3,0,1,,False,14,102,0.5604395604395604,14,1.0,0.8516483516483516,143,13,4,0.6282051282051282,13,1.0,0.8910256410256411,1,-0.12091503267973852,0.0392156862745098,0.0,-0.04623655913978504,0.006993006993006993,4
7540,2018,Egypt,Abdalla Mahmoud El Said Bekhit,59,49,108,12,18,13,,False,14,109,0.5989010989010989,14,1.0,0.8571428571428571,106,13,23,0.5512820512820513,13,1.0,0.8397435897435898,31,0.07951070336391428,0.21100917431192662,0.0,0.020299145299145227,0.29245283018867924,23
7540,2018,Egypt,Ahmed Elsayed Ali Elsayed Hegazy,34,30,64,10,11,1,,False,14,109,0.5989010989010989,14,1.0,0.8571428571428571,106,13,18,0.5833333333333334,13,1.0,0.8525641025641025,12,0.02599388379204884,0.1651376146788991,0.0,0.005341880341880323,0.11320754716981132,18
7540,2018,Egypt,Ahmed Fathy Abdel Meneim Ibrahim,53,49,102,12,16,12,,False,14,109,0.5989010989010989,14,1.0,0.8571428571428571,106,13,20,0.5705128205128205,13,1.0,0.8397435897435898,28,0.047400611620795126,0.1834862385321101,0.0,0.020299145299145227,0.2641509433962264,20
7540,2018,Egypt,Mohamed Naser Elsayed Elneny,18,19,37,9,9,4,,False,14,109,0.5989010989010989,14,1.0,0.8571428571428571,106,13,18,0.5833333333333334,13,1.0,0.8589743589743589,13,0.02599388379204884,0.1651376146788991,0.0,-0.002136752136752129,0.12264150943396226,18
7540,2018,Egypt,Mohamed Salah,16,25,41,12,3,15,,False,14,109,0.5989010989010989,14,1.0,0.8571428571428571,106,13,19,0.5769230769230769,13,1.0,0.8397435897435898,18,0.036697247706422076,0.1743119266055046,0.0,0.020299145299145227,0.16981132075471697,19
7540,2018,Egypt,Ali Gabr,22,22,44,10,5,2,,False,14,109,0.5989010989010989,14,1.0,0.8571428571428571,106,13,14,0.6089743589743589,13,1.0,0.8525641025641025,7,-0.016819571865443365,0.12844036697247707,0.0,0.005341880341880323,0.0660377358490566,14
7540,2018,Egypt,Mohamed Abdul Shafy Sayed Abouezeid,51,44,95,13,18,8,,False,14,109,0.5989010989010989,14,1.0,0.8571428571428571,106,13,20,0.5705128205128205,13,1.0,0.8333333333333334,26,0.047400611620795126,0.1834862385321101,0.0,0.02777777777777768,0.24528301886792453,20
7540,2018,Egypt,Mahmoud Ibrahim Hassan,21,31,52,9,1,12,,False,14,109,0.5989010989010989,14,1.0,0.8571428571428571,106,13,16,0.5961538461538461,13,1.0,0.8589743589743589,13,0.004587155963302736,0.14678899082568808,0.0,-0.002136752136752129,0.12264150943396226,16
7540,2018,Egypt,Marwan Mohsen,13,25,38,10,2,14,,False,14,109,0.5989010989010989,14,1.0,0.8571428571428571,106,13,14,0.6089743589743589,13,1.0,0.8525641025641025,16,-0.016819571865443365,0.12844036697247707,0.0,0.005341880341880323,0.1509433962264151,14
7540,2018,Egypt,Tarek Hamed,46,30,76,11,15,1,,False,14,109,0.5989010989010989,14,1.0,0.8571428571428571,106,13,20,0.5705128205128205,13,1.0,0.8461538461538461,16,0.047400611620795126,0.1834862385321101,0.0,0.012820512820512775,0.1509433962264151,20
7540,2018,Egypt,Mohamed El Sayed Mohamed El Shenawy Gomaa,6,4,10,7,6,0,,False,14,109,0.5989010989010989,14,1.0,0.8571428571428571,106,13,9,0.6410256410256411,13,1.0,0.8717948717948718,6,-0.07033639143730899,0.08256880733944955,0.0,-0.017094017094017165,0.05660377358490566,9
7540,2018,Egypt,Amr Medhat Warda,10,18,28,6,0,14,,False,14,109,0.5989010989010989,14,1.0,0.8571428571428571,106,13,11,0.6282051282051282,13,1.0,0.8782051282051282,14,-0.048929663608562705,0.10091743119266056,0.0,-0.024572649572649617,0.1320754716981132,11
7540,2018,Egypt,Ramadan Sobhi Ramadan Ahmed,9,12,21,6,2,8,,False,14,109,0.5989010989010989,14,1.0,0.8571428571428571,106,13,12,0.6217948717948718,13,1.0,0.8782051282051282,10,-0.038226299694189655,0.11009174311926606,0.0,-0.024572649572649617,0.09433962264150944,12
7540,2018,Egypt,Mahmoud Abdul Monem Abdelhamid Soliman,2,2,4,3,0,2,,False,14,109,0.5989010989010989,14,1.0,0.8571428571428571,106,13,4,0.6730769230769231,13,1.0,0.8974358974358975,2,-0.12385321100917443,0.03669724770642202,0.0,-0.047008547008547105,0.018867924528301886,4
7540,2018,Russia,Denis Cheryshev,21,30,51,9,2,13,,False,14,102,0.5604395604395604,14,1.0,0.8461538461538461,83,13,15,0.5576923076923077,13,1.0,0.8461538461538461,15,0.004901960784313708,0.14705882352941177,0.0,0.0,0.18072289156626506,15
7540,2018,Russia,Yuri Zhirkov,28,29,57,11,15,5,,False,14,102,0.5604395604395604,14,1.0,0.8461538461538461,83,13,16,0.5512820512820513,13,1.0,0.8333333333333334,20,0.016339869281045694,0.1568627450980392,0.0,0.015151515151515098,0.24096385542168675,16
7540,2018,Russia,Mário Figueira Fernandes,36,28,64,11,11,8,,False,14,102,0.5604395604395604,14,1.0,0.8461538461538461,83,13,19,0.532051282051282,13,1.0,0.8333333333333334,19,0.050653594771241844,0.18627450980392157,0.0,0.015151515151515098,0.2289156626506024,19
7540,2018,Russia,Artem Dzyuba,25,34,59,11,2,23,,False,14,102,0.5604395604395604,14,1.0,0.8461538461538461,83,13,17,0.5448717948717948,13,1.0,0.8333333333333334,25,0.027777777777777877,0.16666666666666666,0.0,0.015151515151515098,0.30120481927710846,17
7540,2018,Russia,Aleksandr Samedov,44,47,91,11,8,9,,False,14,102,0.5604395604395604,14,1.0,0.8461538461538461,83,13,19,0.532051282051282,13,1.0,0.8333333333333334,17,0.050653594771241844,0.18627450980392157,0.0,0.015151515151515098,0.20481927710843373,19
7540,2018,Russia,Roman Zobnin,40,26,66,13,9,5,,False,14,102,0.5604395604395604,14,1.0,0.8461538461538461,83,13,23,0.5064102564102564,13,1.0,0.8183760683760684,14,0.09640522875816998,0.22549019607843138,0.0,0.032828282828282845,0.1686746987951807,23
7540,2018,Russia,Sergei Ignashevich,16,15,31,9,7,1,,False,14,102,0.5604395604395604,14,1.0,0.8461538461538461,83,13,13,0.5705128205128205,13,1.0,0.8461538461538461,8,-0.017973856209150263,0.12745098039215685,0.0,0.0,0.0963855421686747,13
7540,2018,Russia,Igor Akinfeev,4,6,10,5,4,0,,False,14,102,0.5604395604395604,14,1.0,0.8461538461538461,83,13,5,0.6217948717948718,13,1.0,0.8717948717948718,4,-0.10947712418300654,0.049019607843137254,0.0,-0.030303030303030328,0.04819277108433735,5
7540,2018,Russia,Aleksandr Golovin,27,39,66,10,5,15,,False,14,102,0.5604395604395604,14,1.0,0.8461538461538461,83,13,18,0.5384615384615384,13,1.0,0.8397435897435898,20,0.03921568627450986,0.17647058823529413,0.0,0.007575757575757549,0.24096385542168675,18
7540,2018,Russia,Yury Gazinskiy,44,37,81,11,11,2,,False,14,102,0.5604395604395604,14,1.0,0.8461538461538461,83,13,21,0.5192307692307693,13,1.0,0.8333333333333334,13,0.07352941176470582,0.20588235294117646,0.0,0.015151515151515098,0.1566265060240964,21
7540,2018,Russia,Ilya Kutepov,12,14,26,8,6,0,,False,14,102,0.5604395604395604,14,1.0,0.8461538461538461,83,13,12,0.5769230769230769,13,1.0,0.8525641025641025,6,-0.02941176470588225,0.11764705882352941,0.0,-0.007575757575757549,0.07228915662650602,12
7540,2018,Russia,Daler Kuzyaev,13,8,21,7,3,0,,False,14,102,0.5604395604395604,14,1.0,0.8461538461538461,83,13,12,0.5769230769230769,13,1.0,0.8589743589743589,3,-0.02941176470588225,0.11764705882352941,0.0,-0.015151515151515098,0.03614457831325301,12
7540,2018,Russia,Fyodor Smolov,7,6,13,6,0,2,,False,14,102,0.5604395604395604,14,1.0,0.8461538461538461,83,13,9,0.5961538461538461,13,1.0,0.8653846153846154,2,-0.0637254901960784,0.08823529411764706,0.0,-0.022727272727272776,0.024096385542168676,9
7540,2018,Russia,Fedor Kudryashov,4,2,6,4,0,0,,False,14,102,0.5604395604395604,14,1.0,0.8461538461538461,83,13,5,0.6217948717948718,13,1.0,0.8782051282051282,0,-0.10947712418300654,0.049019607843137254,0.0,-0.03787878787878787,0.0,5
7541,2018,Japan,Shinji Kagawa,37,36,73,9,6,11,,False,14,112,0.6153846153846154,14,1.0,0.8479853479853481,134,13,18,0.6025641025641025,13,1.0,0.8482905982905984,17,0.02083333333333344,0.16071428571428573,0.0,-0.0003599712023038144,0.12686567164179105,18
7541,2018,Japan,Makoto Hasebe,71,60,131,12,8,15,,False,14,112,0.6153846153846154,14,1.0,0.8479853479853481,134,13,24,0.5641025641025641,13,1.0,0.8290598290598291,23,0.0833333333333334,0.21428571428571427,0.0,0.022318214542836622,0.17164179104477612,24
7541,2018,Japan,Maya Yoshida,82,80,162,12,34,3,,False,14,112,0.6153846153846154,14,1.0,0.8479853479853481,134,13,20,0.5897435897435898,13,1.0,0.8290598290598291,37,0.0416666666666667,0.17857142857142858,0.0,0.022318214542836622,0.27611940298507465,20
7541,2018,Japan,Hiroki Sakai,44,43,87,11,7,15,,False,14,112,0.6153846153846154,14,1.0,0.8479853479853481,134,13,20,0.5897435897435898,13,1.0,0.8311965811965814,22,0.0416666666666667,0.17857142857142858,0.0,0.01979841612670979,0.16417910447761194,20
7541,2018,Japan,Gen Shōji,71,62,133,10,27,3,,False,14,112,0.6153846153846154,14,1.0,0.8479853479853481,134,13,18,0.6025641025641025,13,1.0,0.8418803418803419,30,0.02083333333333344,0.16071428571428573,0.0,0.007199424046076418,0.22388059701492538,18
7541,2018,Japan,Gaku Shibasaki,58,61,119,11,14,21,,False,14,112,0.6153846153846154,14,1.0,0.8479853479853481,134,13,21,0.5833333333333334,13,1.0,0.8354700854700855,35,0.05208333333333333,0.1875,0.0,0.014758819294456521,0.26119402985074625,21
7541,2018,Japan,Eiji Kawashima,14,11,25,9,11,0,,False,14,112,0.6153846153846154,14,1.0,0.8479853479853481,134,13,12,0.6410256410256411,13,1.0,0.8482905982905984,11,-0.0416666666666667,0.10714285714285714,0.0,-0.0003599712023038144,0.08208955223880597,12
7541,2018,Japan,Yūya Ōsako,15,23,38,11,2,16,,False,14,112,0.6153846153846154,14,1.0,0.8479853479853481,134,13,18,0.6025641025641025,13,1.0,0.8354700854700855,18,0.02083333333333344,0.16071428571428573,0.0,0.014758819294456521,0.13432835820895522,18
7541,2018,Japan,Yuto Nagatomo,44,37,81,8,12,12,,False,14,112,0.6153846153846154,14,1.0,0.8479853479853481,134,13,14,0.6282051282051282,13,1.0,0.8568376068376068,24,-0.02083333333333326,0.125,0.0,-0.010439164866810485,0.1791044776119403,14
7541,2018,Japan,Takashi Inui,27,39,66,8,3,15,,False,14,112,0.6153846153846154,14,1.0,0.8479853479853481,134,13,14,0.6282051282051282,13,1.0,0.8568376068376068,18,-0.02083333333333326,0.125,0.0,-0.010439164866810485,0.13432835820895522,14
7541,2018,Japan,Genki Haraguchi,34,42,76,9,4,10,,False,14,112,0.6153846153846154,14,1.0,0.8479853479853481,134,13,16,0.6153846153846154,13,1.0,0.8482905982905984,14,0.0,0.14285714285714285,0.0,-0.0003599712023038144,0.1044776119402985,16
7541,2018,Japan,Keisuke Honda,21,24,45,9,2,8,,False,14,112,0.6153846153846154,14,1.0,0.8479853479853481,134,13,15,0.6217948717948718,13,1.0,0.8482905982905984,10,-0.01041666666666663,0.13392857142857142,0.0,-0.0003599712023038144,0.07462686567164178,15
7541,2018,Japan,Hotaru Yamaguchi,11,11,22,7,4,4,,False,14,112,0.6153846153846154,14,1.0,0.8479853479853481,134,13,12,0.6410256410256411,13,1.0,0.8611111111111112,8,-0.0416666666666667,0.10714285714285714,0.0,-0.015478761699064017,0.05970149253731343,12
7541,2018,Japan,Shinji Okazaki,1,1,2,2,0,1,,True,14,112,0.6153846153846154,14,1.0,0.8479853479853481,134,13,2,0.7051282051282052,13,1.0,0.8974358974358975,1,-0.14583333333333334,0.017857142857142856,0.0,-0.05831533477321806,0.007462686567164179,2
7541,2018,Colombia,Johan Andrés Mojica Palacio,53,41,94,12,27,10,,False,14,108,0.5934065934065934,14,1.0,0.8626373626373627,109,13,19,0.5705128205128205,13,1.0,0.8461538461538461,37,0.0385802469135803,0.17592592592592593,0.0,0.01910828025477713,0.3394495412844037,19
7541,2018,Colombia,José Heriberto Izquierdo Mena,19,26,45,9,1,18,,False,14,108,0.5934065934065934,14,1.0,0.8626373626373627,109,13,14,0.6025641025641025,13,1.0,0.8653846153846154,19,-0.015432098765432044,0.12962962962962962,0.0,-0.003184713375796167,0.1743119266055046,14
7541,2018,Colombia,Radamel Falcao García Zárate,21,35,56,12,3,29,,False,14,108,0.5934065934065934,14,1.0,0.8626373626373627,109,13,18,0.5769230769230769,13,1.0,0.8461538461538461,32,0.027777777777777866,0.16666666666666666,0.0,0.01910828025477713,0.29357798165137616,18
7541,2018,Colombia,Jefferson Andrés Lerma Solís,40,39,79,12,6,6,,False,14,108,0.5934065934065934,14,1.0,0.8626373626373627,109,13,21,0.5576923076923077,13,1.0,0.8461538461538461,12,0.06018518518518516,0.19444444444444445,0.0,0.01910828025477713,0.11009174311926606,21
7541,2018,Colombia,Carlos Alberto Sánchez Moreno,3,3,6,4,1,0,,False,14,108,0.5934065934065934,14,1.0,0.8626373626373627,109,13,5,0.6602564102564102,13,1.0,0.8974358974358975,1,-0.1126543209876543,0.046296296296296294,0.0,-0.04033970276008491,0.009174311926605505,5
7541,2018,Colombia,Santiago Arias Naranjo,33,22,55,13,9,15,,False,14,108,0.5934065934065934,14,1.0,0.8626373626373627,109,13,22,0.5512820512820513,13,1.0,0.8376068376068377,24,0.0709876543209876,0.2037037037037037,0.0,0.02901627742392063,0.22018348623853212,22
7541,2018,Colombia,Juan Guillermo Cuadrado Bello,8,17,25,7,2,7,,False,14,108,0.5934065934065934,14,1.0,0.8626373626373627,109,13,11,0.6217948717948718,13,1.0,0.8782051282051282,9,-0.047839506172839524,0.10185185185185185,0.0,-0.01804670912951161,0.08256880733944955,11
7541,2018,Colombia,Juan Fernando Quintero Paniagua,22,21,43,10,10,8,,False,14,108,0.5934065934065934,14,1.0,0.8626373626373627,109,13,19,0.5705128205128205,13,1.0,0.8589743589743589,18,0.0385802469135803,0.17592592592592593,0.0,0.004246284501061685,0.1651376146788991,19
7541,2018,Colombia,Davinson Sánchez Mina,26,24,50,10,11,0,,False,14,108,0.5934065934065934,14,1.0,0.8626373626373627,109,13,16,0.5897435897435898,13,1.0,0.8589743589743589,11,0.0061728395061728175,0.14814814814814814,0.0,0.004246284501061685,0.10091743119266056,16
7541,2018,Colombia,Oscar Fabián Murillo Murillo,33,26,59,11,13,2,,False,14,108,0.5934065934065934,14,1.0,0.8626373626373627,109,13,19,0.5705128205128205,13,1.0,0.8525641025641025,15,0.0385802469135803,0.17592592592592593,0.0,0.011677282377919406,0.13761467889908258,19
7541,2018,Colombia,David Ospina Ramírez,13,11,24,9,10,0,,False,14,108,0.5934065934065934,14,1.0,0.8626373626373627,109,13,13,0.6089743589743589,13,1.0,0.8653846153846154,10,-0.026234567901234476,0.12037037037037036,0.0,-0.003184713375796167,0.09174311926605505,13
7541,2018,Colombia,Wílmar Enrique Barrios Terán,21,21,42,10,10,4,,False,14,108,0.5934065934065934,14,1.0,0.8626373626373627,109,13,18,0.5769230769230769,13,1.0,0.8589743589743589,14,0.027777777777777866,0.16666666666666666,0.0,0.004246284501061685,0.12844036697247707,18
7541,2018,Colombia,James David Rodríguez Rubio,14,20,34,7,4,5,,False,14,108,0.5934065934065934,14,1.0,0.8626373626373627,109,13,12,0.6153846153846154,13,1.0,0.8782051282051282,9,-0.03703703703703709,0.1111111111111111,0.0,-0.01804670912951161,0.08256880733944955,12
7541,2018,Colombia,Carlos Arturo Bacca Ahumada,8,8,16,6,2,5,,False,14,108,0.5934065934065934,14,1.0,0.8626373626373627,109,13,9,0.6346153846153846,13,1.0,0.8846153846153846,7,-0.06944444444444438,0.08333333333333333,0.0,-0.025477707006369334,0.06422018348623854,9
7542,2018,Morocco,Khalid Boutaïb,11,17,28,9,1,11,,False,14,114,0.6263736263736264,14,1.0,0.8626373626373627,105,13,15,0.6346153846153846,13,1.0,0.8653846153846154,12,-0.01315789473684206,0.13157894736842105,0.0,-0.003184713375796167,0.11428571428571428,15
7542,2018,Morocco,Mbark Boussoufa,47,49,96,13,9,13,,False,14,114,0.6263736263736264,14,1.0,0.8626373626373627,105,13,23,0.5833333333333334,13,1.0,0.8397435897435898,22,0.06871345029239759,0.20175438596491227,0.0,0.026539278131634852,0.20952380952380953,23
7542,2018,Morocco,Manuel Marouan da Costa Trinidade,33,32,65,13,21,1,,False,14,114,0.6263736263736264,14,1.0,0.8626373626373627,105,13,21,0.5961538461538461,13,1.0,0.8397435897435898,22,0.048245614035087724,0.18421052631578946,0.0,0.026539278131634852,0.20952380952380953,21
7542,2018,Morocco,Hakim Ziyech,40,51,91,12,6,18,,False,14,114,0.6263736263736264,14,1.0,0.8626373626373627,105,13,22,0.5897435897435898,13,1.0,0.8461538461538461,24,0.05847953216374266,0.19298245614035087,0.0,0.01910828025477713,0.22857142857142856,22
7542,2018,Morocco,Achraf Hakimi Mouh,44,37,81,10,11,8,,False,14,114,0.6263736263736264,14,1.0,0.8626373626373627,105,13,18,0.6153846153846154,13,1.0,0.8589743589743589,19,0.017543859649122744,0.15789473684210525,0.0,0.004246284501061685,0.18095238095238095,18
7542,2018,Morocco,Younès Belhanda,33,42,75,10,4,13,,False,14,114,0.6263736263736264,14,1.0,0.8626373626373627,105,13,20,0.6025641025641025,13,1.0,0.8589743589743589,17,0.03801169590643279,0.17543859649122806,0.0,0.004246284501061685,0.1619047619047619,20
7542,2018,Morocco,Medhi Amine El Mouttaqi Benatia,27,22,49,8,14,2,,False,14,114,0.6263736263736264,14,1.0,0.8626373626373627,105,13,15,0.6346153846153846,13,1.0,0.8717948717948718,16,-0.01315789473684206,0.13157894736842105,0.0,-0.010615711252653889,0.1523809523809524,15
7542,2018,Morocco,Nordin Amrabat,27,41,68,11,6,22,,False,14,114,0.6263736263736264,14,1.0,0.8626373626373627,105,13,19,0.6089743589743589,13,1.0,0.8525641025641025,28,0.027777777777777856,0.16666666666666666,0.0,0.011677282377919406,0.26666666666666666,19
7542,2018,Morocco,Nabil Dirar,54,35,89,10,13,7,,False,14,114,0.6263736263736264,14,1.0,0.8626373626373627,105,13,18,0.6153846153846154,13,1.0,0.8589743589743589,20,0.017543859649122744,0.15789473684210525,0.0,0.004246284501061685,0.19047619047619047,18
7542,2018,Morocco,Munir Mohand Mohamedi,7,11,18,6,5,0,,False,14,114,0.6263736263736264,14,1.0,0.8626373626373627,105,13,9,0.6730769230769231,13,1.0,0.8846153846153846,5,-0.07456140350877202,0.07894736842105263,0.0,-0.025477707006369334,0.047619047619047616,9
7542,2018,Morocco,Karim El Ahmadi Al Aroos,41,22,63,10,12,0,,False,14,114,0.6263736263736264,14,1.0,0.8626373626373627,105,13,19,0.6089743589743589,13,1.0,0.8589743589743589,12,0.027777777777777856,0.16666666666666666,0.0,0.004246284501061685,0.11428571428571428,19
7542,2018,Morocco,Mehdi Carcela-González,5,10,15,7,1,7,,False,14,114,0.6263736263736264,14,1.0,0.8626373626373627,105,13,12,0.6538461538461539,13,1.0,0.8782051282051282,8,-0.043859649122807036,0.10526315789473684,0.0,-0.01804670912951161,0.0761904761904762,12
7542,2018,Morocco,Ayoub El Kaabi,3,4,7,6,0,2,,False,14,114,0.6263736263736264,14,1.0,0.8626373626373627,105,13,7,0.6858974358974359,13,1.0,0.8846153846153846,2,-0.0950292397660819,0.06140350877192982,0.0,-0.025477707006369334,0.01904761904761905,7
7542,2018,Morocco,Fayçal Fajr,10,9,19,7,2,1,,False,14,114,0.6263736263736264,14,1.0,0.8626373626373627,105,13,10,0.6666666666666666,13,1.0,0.8782051282051282,3,-0.06432748538011691,0.08771929824561403,0.0,-0.01804670912951161,0.02857142857142857,10
7542,2018,Portugal,Kléper Laveran Lima Ferreira,28,20,48,11,18,1,,False,14,109,0.5989010989010989,14,1.0,0.8608058608058609,98,13,16,0.5961538461538461,13,1.0,0.8504273504273505,19,0.004587155963302736,0.14678899082568808,0.0,0.012056737588652439,0.19387755102040816,16
7542,2018,Portugal,Cristiano Ronaldo dos Santos Aveiro,16,28,44,11,1,17,,False,14,109,0.5989010989010989,14,1.0,0.8608058608058609,98,13,19,0.5769230769230769,13,1.0,0.8504273504273505,18,0.036697247706422076,0.1743119266055046,0.0,0.012056737588652439,0.1836734693877551,19
7542,2018,Portugal,João Mário Naval da Costa Eduardo,20,30,50,10,2,14,,False,14,109,0.5989010989010989,14,1.0,0.8608058608058609,98,13,17,0.5897435897435898,13,1.0,0.856837606837607,16,0.015290519877675787,0.1559633027522936,0.0,0.004609929078014038,0.16326530612244897,17
7542,2018,Portugal,Gonçalo Manuel Ganchinho Guedes,13,21,34,11,4,13,,False,14,109,0.5989010989010989,14,1.0,0.8608058608058609,98,13,15,0.6025641025641025,13,1.0,0.8504273504273505,17,-0.006116207951070315,0.13761467889908258,0.0,0.012056737588652439,0.17346938775510204,15
7542,2018,Portugal,Bernardo Mota Veiga de Carvalho e Silva,15,21,36,7,1,12,,False,14,109,0.5989010989010989,14,1.0,0.8608058608058609,98,13,14,0.6089743589743589,13,1.0,0.8782051282051282,13,-0.016819571865443365,0.12844036697247707,0.0,-0.020212765957446737,0.1326530612244898,14
7542,2018,Portugal,João Filipe Iria Santos Moutinho,33,24,57,12,11,6,,False,14,109,0.5989010989010989,14,1.0,0.8608058608058609,98,13,22,0.5576923076923077,13,1.0,0.8440170940170941,17,0.06880733944954123,0.2018348623853211,0.0,0.01950354609929071,0.17346938775510204,22
7542,2018,Portugal,Cédric Ricardo Alves Soares,33,27,60,12,13,9,,False,14,109,0.5989010989010989,14,1.0,0.8608058608058609,98,13,19,0.5769230769230769,13,1.0,0.8440170940170941,22,0.036697247706422076,0.1743119266055046,0.0,0.01950354609929071,0.22448979591836735,19
7542,2018,Portugal,Raphaël Adelino José Guerreiro,29,21,50,11,12,9,,False,14,109,0.5989010989010989,14,1.0,0.8608058608058609,98,13,18,0.5833333333333334,13,1.0,0.8461538461538464,21,0.02599388379204884,0.1651376146788991,0.0,0.01702127659574449,0.21428571428571427,18
7542,2018,Portugal,William Silva de Carvalho,38,29,67,11,12,7,,False,14,109,0.5989010989010989,14,1.0,0.8608058608058609,98,13,21,0.5641025641025641,13,1.0,0.8504273504273505,19,0.058103975535168176,0.1926605504587156,0.0,0.012056737588652439,0.19387755102040816,21
7542,2018,Portugal,José Miguel da Rocha Fonte,22,22,44,10,11,2,,False,14,109,0.5989010989010989,14,1.0,0.8608058608058609,98,13,17,0.5897435897435898,13,1.0,0.856837606837607,13,0.015290519877675787,0.1559633027522936,0.0,0.004609929078014038,0.1326530612244898,17
7542,2018,Portugal,Rui Pedro dos Santos Patrício,13,8,21,6,10,0,,False,14,109,0.5989010989010989,14,1.0,0.8608058608058609,98,13,9,0.6410256410256411,13,1.0,0.8824786324786326,10,-0.07033639143730899,0.08256880733944955,0.0,-0.025177304964539043,0.10204081632653061,9
7542,2018,Portugal,Gelson Dany Batalha Martins,8,12,20,8,0,6,,False,14,109,0.5989010989010989,14,1.0,0.8608058608058609,98,13,12,0.6217948717948718,13,1.0,0.8696581196581198,6,-0.038226299694189655,0.11009174311926606,0.0,-0.010283687943262503,0.061224489795918366,12
7542,2018,Portugal,Bruno Miguel Borges Fernandes,11,15,26,9,1,2,,False,14,109,0.5989010989010989,14,1.0,0.8608058608058609,98,13,15,0.6025641025641025,13,1.0,0.8632478632478634,3,-0.006116207951070315,0.13761467889908258,0.0,-0.002836879432624232,0.030612244897959183,15
7542,2018,Portugal,Adrien Sebastian Perruchet Silva,2,3,5,3,2,0,,False,14,109,0.5989010989010989,14,1.0,0.8608058608058609,98,13,4,0.6730769230769231,13,1.0,0.9038461538461539,2,-0.12385321100917443,0.03669724770642202,0.0,-0.04999999999999995,0.02040816326530612,4
7543,2018,Spain,Diego da Silva Costa,11,18,29,8,0,8,,False,14,118,0.6483516483516484,14,1.0,0.8626373626373627,177,13,14,0.6666666666666666,13,1.0,0.8717948717948718,8,-0.028248587570621368,0.11864406779661017,0.0,-0.010615711252653889,0.04519774011299435,14
7543,2018,Spain,Andrés Iniesta Luján,69,75,144,10,17,17,,False,14,118,0.6483516483516484,14,1.0,0.8626373626373627,177,13,18,0.6410256410256411,13,1.0,0.8589743589743589,34,0.011299435028248548,0.15254237288135594,0.0,0.004246284501061685,0.192090395480226,18
7543,2018,Spain,Sergio Busquets i Burgos,92,88,180,12,22,13,,False,14,118,0.6483516483516484,14,1.0,0.8626373626373627,177,13,24,0.6025641025641025,13,1.0,0.8461538461538461,35,0.07062146892655376,0.2033898305084746,0.0,0.01910828025477713,0.1977401129943503,24
7543,2018,Spain,David Josué Jiménez Silva,70,76,146,12,19,21,,False,14,118,0.6483516483516484,14,1.0,0.8626373626373627,177,13,21,0.6217948717948718,13,1.0,0.8440170940170941,40,0.040960451977401155,0.17796610169491525,0.0,0.021585279547062908,0.22598870056497175,21
7543,2018,Spain,Sergio Ramos García,93,80,173,12,42,5,,False,14,118,0.6483516483516484,14,1.0,0.8626373626373627,177,13,22,0.6153846153846154,13,1.0,0.8461538461538461,47,0.050847457627118633,0.1864406779661017,0.0,0.01910828025477713,0.2655367231638418,22
7543,2018,Spain,Jordi Alba Ramos,77,75,152,11,9,28,,False,14,118,0.6483516483516484,14,1.0,0.8626373626373627,177,13,19,0.6346153846153846,13,1.0,0.8525641025641025,37,0.021186440677966198,0.16101694915254236,0.0,0.011677282377919406,0.20903954802259886,19
7543,2018,Spain,Gerard Piqué Bernabéu,65,50,115,12,23,4,,False,14,118,0.6483516483516484,14,1.0,0.8626373626373627,177,13,21,0.6217948717948718,13,1.0,0.8440170940170939,27,0.040960451977401155,0.17796610169491525,0.0,0.021585279547063164,0.15254237288135594,21
7543,2018,Spain,Daniel Carvajal Ramos,64,55,119,11,12,16,,False,14,118,0.6483516483516484,14,1.0,0.8626373626373627,177,13,22,0.6153846153846154,13,1.0,0.8525641025641025,28,0.050847457627118633,0.1864406779661017,0.0,0.011677282377919406,0.15819209039548024,22
7543,2018,Spain,Francisco Román Alarcón Suárez,100,112,212,10,19,30,,False,14,118,0.6483516483516484,14,1.0,0.8626373626373627,177,13,20,0.6282051282051282,13,1.0,0.8589743589743589,49,0.031073446327683676,0.1694915254237288,0.0,0.004246284501061685,0.2768361581920904,20
7543,2018,Spain,Lucas Vázquez Iglesias,24,41,65,9,2,24,,False,14,118,0.6483516483516484,14,1.0,0.8626373626373627,177,13,14,0.6666666666666666,13,1.0,0.8653846153846154,26,-0.028248587570621368,0.11864406779661017,0.0,-0.003184713375796167,0.14689265536723164,14
7543,2018,Spain,David de Gea Quintana,18,8,26,6,8,0,,False,14,118,0.6483516483516484,14,1.0,0.8626373626373627,177,13,11,0.6858974358974359,13,1.0,0.8846153846153846,8,-0.05790960451977398,0.09322033898305085,0.0,-0.025477707006369334,0.04519774011299435,11
7543,2018,Spain,Jorge Resurrección Merodio,29,27,56,9,4,2,,False,14,118,0.6483516483516484,14,1.0,0.8626373626373627,177,13,17,0.6474358974358975,13,1.0,0.8653846153846154,6,0.0014124293785310685,0.1440677966101695,0.0,-0.003184713375796167,0.03389830508474576,17
7543,2018,Spain,Marco Asensio Willemsen,6,12,18,7,0,8,,False,14,118,0.6483516483516484,14,1.0,0.8626373626373627,177,13,10,0.6923076923076923,13,1.0,0.8782051282051282,8,-0.06779661016949146,0.0847457627118644,0.0,-0.01804670912951161,0.04519774011299435,10
7543,2018,Spain,Rodrigo Moreno Machado,1,2,3,3,0,1,,False,14,118,0.6483516483516484,14,1.0,0.8626373626373627,177,13,3,0.7371794871794872,13,1.0,0.9038461538461539,1,-0.13700564971751414,0.025423728813559324,0.0,-0.04777070063694263,0.005649717514124294,3
7543,2018,Iran,Vahid Amiri,18,14,32,10,3,7,,False,14,84,0.46153846153846156,14,1.0,0.8003663003663006,54,13,17,0.42948717948717946,13,1.0,0.786324786324786,10,0.06944444444444456,0.20238095238095238,0.0,0.017543859649123573,0.18518518518518517,17
7543,2018,Iran,Sardar Azmoun,6,19,25,11,1,15,,False,14,84,0.46153846153846156,14,1.0,0.8003663003663006,54,13,13,0.4551282051282051,13,1.0,0.7820512820512818,16,0.01388888888888896,0.15476190476190477,0.0,0.022883295194508615,0.2962962962962963,13
7543,2018,Iran,Omid Ebrahimi,19,12,31,11,6,4,,False,14,84,0.46153846153846156,14,1.0,0.8003663003663006,54,13,15,0.4423076923076923,13,1.0,0.7799145299145296,10,0.041666666666666755,0.17857142857142858,0.0,0.025553012967201343,0.18518518518518517,15
7543,2018,Iran,Saeid Ezatolahi Afagh,17,18,35,11,8,1,,False,14,84,0.46153846153846156,14,1.0,0.8003663003663006,54,13,19,0.4166666666666667,13,1.0,0.7799145299145296,9,0.09722222222222224,0.2261904761904762,0.0,0.025553012967201343,0.16666666666666666,19
7543,2018,Iran,Morteza Pouraliganji,14,8,22,9,2,1,,False,14,84,0.46153846153846156,14,1.0,0.8003663003663006,54,13,13,0.4551282051282051,13,1.0,0.7948717948717945,3,0.01388888888888896,0.15476190476190477,0.0,0.006864988558353208,0.05555555555555555,13
7543,2018,Iran,Ramin Rezaeian,18,15,33,11,12,9,,False,14,84,0.46153846153846156,14,1.0,0.8003663003663006,54,13,16,0.4358974358974359,13,1.0,0.7799145299145296,21,0.055555555555555594,0.19047619047619047,0.0,0.025553012967201343,0.3888888888888889,16
7543,2018,Iran,Mehdi Taremi,10,17,27,8,1,9,,False,14,84,0.46153846153846156,14,1.0,0.8003663003663006,54,13,12,0.46153846153846156,13,1.0,0.8012820512820509,10,0.0,0.14285714285714285,0.0,-0.0011441647597245637,0.18518518518518517,12
7543,2018,Iran,Seyed Majid Hosseini,11,14,25,9,4,0,,False,14,84,0.46153846153846156,14,1.0,0.8003663003663006,54,13,14,0.44871794871794873,13,1.0,0.7948717948717945,4,0.027777777777777797,0.16666666666666666,0.0,0.006864988558353208,0.07407407407407407,14
7543,2018,Iran,Alireza Safar Beiranvand,5,4,9,4,3,0,,False,14,84,0.46153846153846156,14,1.0,0.8003663003663006,54,13,6,0.5,13,1.0,0.8269230769230768,3,-0.08333333333333327,0.07142857142857142,0.0,-0.03318077803203607,0.05555555555555555,6
7543,2018,Iran,Karim Ansarifard,9,12,21,8,3,3,,False,14,84,0.46153846153846156,14,1.0,0.8003663003663006,54,13,12,0.46153846153846156,13,1.0,0.8012820512820509,6,0.0,0.14285714285714285,0.0,-0.0011441647597245637,0.1111111111111111,12
7543,2018,Iran,Ehsan Hajsafi,16,12,28,7,6,0,,False,14,84,0.46153846153846156,14,1.0,0.8003663003663006,54,13,11,0.46794871794871795,13,1.0,0.8076923076923074,6,-0.01388888888888884,0.13095238095238096,0.0,-0.009153318077802475,0.1111111111111111,11
7543,2018,Iran,Milad Mohammadi,8,5,13,8,4,0,,False,14,84,0.46153846153846156,14,1.0,0.8003663003663006,54,13,11,0.46794871794871795,13,1.0,0.7991452991452987,4,-0.01388888888888884,0.13095238095238096,0.0,0.001525553012968027,0.07407407407407407,11
7543,2018,Iran,Alireza Jahanbakhsh,7,7,14,6,1,5,,False,14,84,0.46153846153846156,14,1.0,0.8003663003663006,54,13,8,0.48717948717948717,12,0.9230769230769231,0.75,6,-0.055555555555555476,0.09523809523809523,0.07692307692307687,0.06292906178489734,0.1111111111111111,8
7543,2018,Iran,Saman Ghoddos,0,1,1,1,0,0,,True,14,84,0.46153846153846156,14,1.0,0.8003663003663006,54,13,1,0.532051282051282,13,1.0,0.8589743589743589,0,-0.1527777777777777,0.011904761904761904,0.0,-0.0732265446224252,0.0,1
7544,2018,Saudi Arabia,Fahad Mosaed Al Muwallad Al Harbi,5,9,14,9,0,5,,False,14,115,0.6318681318681318,14,1.0,0.8791208791208791,106,13,11,0.6666666666666666,13,1.0,0.8846153846153846,5,-0.05507246376811593,0.09565217391304348,0.0,-0.006249999999999978,0.04716981132075472,11
7544,2018,Saudi Arabia,Abdullah Ibrahim Otayf,79,74,153,12,16,4,,False,14,115,0.6318681318681318,14,1.0,0.8791208791208791,106,13,21,0.6025641025641025,13,1.0,0.8653846153846154,20,0.04637681159420291,0.1826086956521739,0.0,0.015624999999999944,0.18867924528301888,21
7544,2018,Saudi Arabia,Yasir Gharsan Al Shahrani,51,47,98,12,8,14,,False,14,115,0.6318681318681318,14,1.0,0.8791208791208791,106,13,20,0.6089743589743589,13,1.0,0.8653846153846154,22,0.036231884057971064,0.17391304347826086,0.0,0.015624999999999944,0.20754716981132076,20
7544,2018,Saudi Arabia,Salman Mohammed Al Faraj,67,72,139,12,18,7,,False,14,115,0.6318681318681318,14,1.0,0.8791208791208791,106,13,22,0.5961538461538461,13,1.0,0.8653846153846154,25,0.05652173913043476,0.19130434782608696,0.0,0.015624999999999944,0.2358490566037736,22
7544,2018,Saudi Arabia,Taisir Jabir Al Jassim,28,30,58,9,3,5,,False,14,115,0.6318681318681318,14,1.0,0.8791208791208791,106,13,17,0.6282051282051282,13,1.0,0.8846153846153846,8,0.005797101449275342,0.14782608695652175,0.0,-0.006249999999999978,0.07547169811320754,17
7544,2018,Saudi Arabia,Mohammed Al Burayk,65,65,130,11,11,24,,False,14,115,0.6318681318681318,14,1.0,0.8791208791208791,106,13,21,0.6025641025641025,13,1.0,0.8717948717948718,35,0.04637681159420291,0.1826086956521739,0.0,0.008333333333333304,0.330188679245283,21
7544,2018,Saudi Arabia,Osama Abdulrezag Hawsawi,31,26,57,10,9,1,,False,14,115,0.6318681318681318,14,1.0,0.8791208791208791,106,13,16,0.6346153846153846,13,1.0,0.8782051282051282,10,-0.004347826086956506,0.1391304347826087,0.0,0.001041666666666663,0.09433962264150944,16
7544,2018,Saudi Arabia,Salem Mohammed Al Dawsari,51,55,106,12,8,20,,False,14,115,0.6318681318681318,14,1.0,0.8791208791208791,106,13,20,0.6089743589743589,13,1.0,0.8653846153846154,28,0.036231884057971064,0.17391304347826086,0.0,0.015624999999999944,0.2641509433962264,20
7544,2018,Saudi Arabia,Ali Albulayhi,36,35,71,11,14,1,,False,14,115,0.6318681318681318,14,1.0,0.8791208791208791,106,13,19,0.6153846153846154,13,1.0,0.8717948717948718,15,0.02608695652173904,0.16521739130434782,0.0,0.008333333333333304,0.14150943396226415,19
7544,2018,Saudi Arabia,Mohammed Khalil Al Owais,15,9,24,9,12,0,,False,14,115,0.6318681318681318,14,1.0,0.8791208791208791,106,13,12,0.6602564102564102,13,1.0,0.8846153846153846,12,-0.04492753623188408,0.10434782608695652,0.0,-0.006249999999999978,0.11320754716981132,12
7544,2018,Saudi Arabia,Hattan Babhir,27,31,58,9,3,14,,False,14,115,0.6318681318681318,14,1.0,0.8791208791208791,106,13,16,0.6346153846153846,13,1.0,0.8846153846153846,17,-0.004347826086956506,0.1391304347826087,0.0,-0.006249999999999978,0.16037735849056603,16
7544,2018,Saudi Arabia,Hussain Al Mogahwi,32,28,60,9,3,3,,False,14,115,0.6318681318681318,14,1.0,0.8791208791208791,106,13,17,0.6282051282051282,13,1.0,0.8846153846153846,6,0.005797101449275342,0.14782608695652175,0.0,-0.006249999999999978,0.05660377358490566,17
7544,2018,Saudi Arabia,Mohammad Ibrahim Al Sahlawi,4,9,13,6,1,7,,False,14,115,0.6318681318681318,14,1.0,0.8791208791208791,106,13,8,0.6858974358974359,13,1.0,0.9038461538461539,8,-0.08550724637681165,0.06956521739130435,0.0,-0.02812500000000003,0.07547169811320754,8
7544,2018,Saudi Arabia,Mohammed Kanoo,8,9,17,7,0,1,,False,14,115,0.6318681318681318,14,1.0,0.8791208791208791,106,13,10,0.6730769230769231,13,1.0,0.8974358974358975,1,-0.06521739130434795,0.08695652173913043,0.0,-0.020833333333333388,0.009433962264150943,10
7544,2018,Uruguay,Néstor Fernando Muslera Micol,16,8,24,5,10,0,,False,14,116,0.6373626373626373,14,1.0,0.8736263736263736,109,13,8,0.6923076923076923,13,1.0,0.9038461538461539,10,-0.08620689655172419,0.06896551724137931,0.0,-0.034591194968553465,0.09174311926605505,8
7544,2018,Uruguay,José María Giménez de Vargas,58,46,104,11,18,5,,False,14,116,0.6373626373626373,14,1.0,0.8736263736263736,109,13,19,0.6217948717948718,13,1.0,0.8653846153846154,23,0.024425287356321754,0.16379310344827586,0.0,0.00943396226415091,0.21100917431192662,19
7544,2018,Uruguay,Rodrigo Bentancur Colmán,68,64,132,12,13,14,,False,14,116,0.6373626373626373,14,1.0,0.8736263736263736,109,13,22,0.6025641025641025,13,1.0,0.8589743589743589,27,0.05459770114942527,0.1896551724137931,0.0,0.016771488469601744,0.24770642201834864,22
7544,2018,Uruguay,Matías Vecino Falero,52,53,105,9,14,9,,False,14,116,0.6373626373626373,14,1.0,0.8736263736263736,109,13,18,0.6282051282051282,13,1.0,0.8782051282051282,23,0.014367816091953972,0.15517241379310345,0.0,-0.005241090146750505,0.21100917431192662,18
7544,2018,Uruguay,José Martín Cáceres Silva,43,40,83,12,12,10,,False,14,116,0.6373626373626373,14,1.0,0.8736263736263736,109,13,21,0.6089743589743589,13,1.0,0.8589743589743589,22,0.04454022988505749,0.1810344827586207,0.0,0.016771488469601744,0.2018348623853211,21
7544,2018,Uruguay,Diego Roberto Godín Leal,41,39,80,12,18,2,,False,14,116,0.6373626373626373,14,1.0,0.8736263736263736,109,13,21,0.6089743589743589,13,1.0,0.8589743589743589,20,0.04454022988505749,0.1810344827586207,0.0,0.016771488469601744,0.1834862385321101,21
7544,2018,Uruguay,Guillermo Varela Olivera,40,35,75,9,5,4,,False,14,116,0.6373626373626373,14,1.0,0.8736263736263736,109,13,15,0.6474358974358975,13,1.0,0.8782051282051282,9,-0.015804597701149545,0.12931034482758622,0.0,-0.005241090146750505,0.08256880733944955,15
7544,2018,Uruguay,Cristian Gabriel Rodríguez Barrotti,11,18,29,7,3,11,,False,14,116,0.6373626373626373,14,1.0,0.8736263736263736,109,13,12,0.6666666666666666,13,1.0,0.8910256410256411,14,-0.04597701149425289,0.10344827586206896,0.0,-0.019916142557652047,0.12844036697247707,12
7544,2018,Uruguay,Luis Alberto Suárez Díaz,20,33,53,11,3,14,,False,14,116,0.6373626373626373,14,1.0,0.8736263736263736,109,13,20,0.6153846153846154,13,1.0,0.8653846153846154,17,0.03448275862068954,0.1724137931034483,0.0,0.00943396226415091,0.1559633027522936,20
7544,2018,Uruguay,Carlos Andrés Sánchez Arcosa,20,26,46,10,3,12,,False,14,116,0.6373626373626373,14,1.0,0.8736263736263736,109,13,17,0.6346153846153846,13,1.0,0.8717948717948718,15,0.004310344827586192,0.14655172413793102,0.0,0.0020964360587002024,0.13761467889908258,17
7544,2018,Uruguay,Edinson Roberto Cavani Gómez,19,27,46,13,2,13,,False,14,116,0.6373626373626373,14,1.0,0.8736263736263736,109,13,22,0.6025641025641025,13,1.0,0.8525641025641025,15,0.05459770114942527,0.1896551724137931,0.0,0.024109014675052453,0.13761467889908258,22
7544,2018,Uruguay,Lucas Torreira Di Pascua,18,16,34,10,3,3,,False,14,116,0.6373626373626373,14,1.0,0.8736263736263736,109,13,14,0.6538461538461539,13,1.0,0.8717948717948718,6,-0.025862068965517324,0.1206896551724138,0.0,0.0020964360587002024,0.05504587155963303,14
7544,2018,Uruguay,Diego Sebastián Laxalt Suárez,13,14,27,7,2,10,,False,14,116,0.6373626373626373,14,1.0,0.8736263736263736,109,13,11,0.6730769230769231,13,1.0,0.8910256410256411,12,-0.05603448275862084,0.09482758620689655,0.0,-0.019916142557652047,0.11009174311926606,11
7544,2018,Uruguay,Nahitan Michel Nández Acosta,10,10,20,8,3,2,,False,14,116,0.6373626373626373,14,1.0,0.8736263736263736,109,13,12,0.6666666666666666,13,1.0,0.8846153846153846,5,-0.04597701149425289,0.10344827586206896,0.0,-0.012578616352201213,0.045871559633027525,12
7545,2018,Croatia,Mario Mandžukić,13,23,36,11,3,14,,False,14,88,0.4835164835164835,14,1.0,0.8113553113553118,89,13,15,0.46794871794871795,13,1.0,0.7948717948717947,17,0.032196969696969696,0.17045454545454544,0.0,0.020316027088036856,0.19101123595505617,15
7545,2018,Croatia,Marcelo Brozović,48,42,90,12,12,5,,False,14,88,0.4835164835164835,14,1.0,0.8113553113553118,89,13,22,0.4230769230769231,13,1.0,0.7863247863247862,17,0.12500000000000003,0.25,0.0,0.03085026335590739,0.19101123595505617,22
7545,2018,Croatia,Ivan Strinić,28,22,50,11,15,8,,False,14,88,0.4835164835164835,14,1.0,0.8113553113553118,89,13,15,0.46794871794871795,13,1.0,0.7927350427350426,23,0.032196969696969696,0.17045454545454544,0.0,0.02294958615500449,0.25842696629213485,15
7545,2018,Croatia,Domagoj Vida,21,21,42,6,7,3,,False,14,88,0.4835164835164835,14,1.0,0.8113553113553118,89,13,10,0.5,13,1.0,0.8247863247863247,10,-0.03409090909090908,0.11363636363636363,0.0,-0.016553799849510296,0.11235955056179775,10
7545,2018,Croatia,Dejan Lovren,35,25,60,10,10,2,,False,14,88,0.4835164835164835,14,1.0,0.8113553113553118,89,13,17,0.4551282051282051,13,1.0,0.799145299145299,12,0.05871212121212123,0.19318181818181818,0.0,0.015048908954101587,0.1348314606741573,17
7545,2018,Croatia,Šime Vrsaljko,33,24,57,8,10,9,,False,14,88,0.4835164835164835,14,1.0,0.8113553113553118,89,13,14,0.47435897435897434,13,1.0,0.8119658119658119,19,0.01893939393939399,0.1590909090909091,0.0,-0.0007524454477043541,0.21348314606741572,14
7545,2018,Croatia,Ante Rebić,3,16,19,9,1,14,,False,14,88,0.4835164835164835,14,1.0,0.8113553113553118,89,13,11,0.4935897435897436,13,1.0,0.8055555555555554,15,-0.020833333333333374,0.125,0.0,0.0071482317531986845,0.16853932584269662,11
7545,2018,Croatia,Ivan Rakitić,25,32,57,12,8,6,,False,14,88,0.4835164835164835,14,1.0,0.8113553113553118,89,13,20,0.4358974358974359,13,1.0,0.7863247863247862,14,0.09848484848484848,0.22727272727272727,0.0,0.03085026335590739,0.15730337078651685,20
7545,2018,Croatia,Danijel Subašić,17,17,34,9,11,0,,False,14,88,0.4835164835164835,14,1.0,0.8113553113553118,89,13,12,0.48717948717948717,12,0.9230769230769231,0.7371794871794872,11,-0.007575757575757549,0.13636363636363635,0.07692307692307687,0.09142212189616297,0.12359550561797752,12
7545,2018,Croatia,Ivan Perišić,4,13,17,8,1,8,,False,14,88,0.4835164835164835,14,1.0,0.8113553113553118,89,13,9,0.5064102564102564,13,1.0,0.814102564102564,9,-0.04734848484848479,0.10227272727272728,0.0,-0.003386004514671988,0.10112359550561797,9
7545,2018,Croatia,Luka Modrić,35,26,61,10,9,10,,False,14,88,0.4835164835164835,14,1.0,0.8113553113553118,89,13,17,0.4551282051282051,13,1.0,0.799145299145299,19,0.05871212121212123,0.19318181818181818,0.0,0.015048908954101587,0.21348314606741572,17
7545,2018,Croatia,Andrej Kramarić,6,8,14,5,2,7,,False,14,88,0.4835164835164835,14,1.0,0.8113553113553118,89,13,8,0.5128205128205128,13,1.0,0.8333333333333335,9,-0.060606060606060504,0.09090909090909091,0.0,-0.027088036117381104,0.10112359550561797,8
7545,2018,Croatia,Mateo Kovačić,5,5,10,4,0,3,,False,14,88,0.4835164835164835,14,1.0,0.8113553113553118,89,13,5,0.532051282051282,13,1.0,0.83974358974359,3,-0.10037878787878786,0.056818181818181816,0.0,-0.03498871331828415,0.033707865168539325,5
7545,2018,Croatia,Vedran Ćorluka,1,0,1,1,0,0,,True,14,88,0.4835164835164835,14,1.0,0.8113553113553118,89,13,1,0.5576923076923077,13,1.0,0.8653846153846154,0,-0.15340909090909094,0.011363636363636364,0.0,-0.06659142212189562,0.0,1
7545,2018,Argentina,Sergio Leonel Agüero del Castillo,8,9,17,9,0,8,,False,14,115,0.6318681318681318,14,1.0,0.8736263736263736,79,13,12,0.6602564102564102,13,1.0,0.8782051282051282,8,-0.04492753623188408,0.10434782608695652,0.0,-0.005241090146750505,0.10126582278481013,12
7545,2018,Argentina,Lionel Andrés Messi Cuccittini,23,30,53,12,5,10,,False,14,115,0.6318681318681318,14,1.0,0.8736263736263736,79,13,21,0.6025641025641025,13,1.0,0.8589743589743589,15,0.04637681159420291,0.1826086956521739,0.0,0.016771488469601744,0.189873417721519,21
7545,2018,Argentina,Maximiliano Eduardo Meza,34,35,69,11,5,6,,False,14,115,0.6318681318681318,14,1.0,0.8736263736263736,79,13,19,0.6153846153846154,13,1.0,0.8653846153846154,11,0.02608695652173904,0.16521739130434782,0.0,0.00943396226415091,0.13924050632911392,19
7545,2018,Argentina,Javier Alejandro Mascherano,54,40,94,13,17,1,,False,14,115,0.6318681318681318,14,1.0,0.8736263736263736,79,13,23,0.5897435897435898,13,1.0,0.8525641025641025,18,0.06666666666666661,0.2,0.0,0.024109014675052453,0.22784810126582278,23
7545,2018,Argentina,Nicolás Hernán Otamendi,62,57,119,11,14,2,,False,14,115,0.6318681318681318,14,1.0,0.8736263736263736,79,13,20,0.6089743589743589,13,1.0,0.8653846153846154,16,0.036231884057971064,0.17391304347826086,0.0,0.00943396226415091,0.20253164556962025,20
7545,2018,Argentina,Eduardo Antonio Salvio,19,17,36,9,2,9,,False,14,115,0.6318681318681318,14,1.0,0.8736263736263736,79,13,15,0.6410256410256411,13,1.0,0.8782051282051282,11,-0.014492753623188531,0.13043478260869565,0.0,-0.005241090146750505,0.13924050632911392,15
7545,2018,Argentina,Gabriel Iván Mercado,40,35,75,10,4,1,,False,14,115,0.6318681318681318,14,1.0,0.8736263736263736,79,13,19,0.6153846153846154,13,1.0,0.8717948717948718,5,0.02608695652173904,0.16521739130434782,0.0,0.0020964360587002024,0.06329113924050633,19
7545,2018,Argentina,Nicolás Alejandro Tagliafico,67,67,134,13,13,6,,False,14,115,0.6318681318681318,14,1.0,0.8736263736263736,79,13,20,0.6089743589743589,13,1.0,0.8525641025641025,19,0.036231884057971064,0.17391304347826086,0.0,0.024109014675052453,0.24050632911392406,20
7545,2018,Argentina,Marcos Javier Acuña,30,32,62,11,3,13,,False,14,115,0.6318681318681318,14,1.0,0.8736263736263736,79,13,20,0.6089743589743589,13,1.0,0.8653846153846154,16,0.036231884057971064,0.17391304347826086,0.0,0.00943396226415091,0.20253164556962025,20
7545,2018,Argentina,Enzo Nicolás Pérez,38,39,77,10,8,5,,False,14,115,0.6318681318681318,14,1.0,0.8736263736263736,79,13,18,0.6217948717948718,13,1.0,0.8717948717948718,13,0.01594202898550719,0.1565217391304348,0.0,0.0020964360587002024,0.16455696202531644,18
7545,2018,Argentina,Wilfredo Daniel Caballero,15,24,39,7,6,0,,False,14,115,0.6318681318681318,14,1.0,0.8736263736263736,79,13,12,0.6602564102564102,13,1.0,0.8910256410256411,6,-0.04492753623188408,0.10434782608695652,0.0,-0.019916142557652047,0.0759493670886076,12
7545,2018,Argentina,Gonzalo Gerardo Higuaín,8,8,16,8,1,4,,False,14,115,0.6318681318681318,14,1.0,0.8736263736263736,79,13,13,0.6538461538461539,13,1.0,0.8846153846153846,5,-0.03478260869565223,0.11304347826086956,0.0,-0.012578616352201213,0.06329113924050633,13
7545,2018,Argentina,Cristian David Pavón,6,10,16,5,1,7,,False,14,115,0.6318681318681318,14,1.0,0.8736263736263736,79,13,8,0.6858974358974359,13,1.0,0.9038461538461539,8,-0.08550724637681165,0.06956521739130435,0.0,-0.034591194968553465,0.10126582278481013,8
7545,2018,Argentina,Paulo Bruno Exequiel Dybala,9,10,19,7,0,7,,False,14,115,0.6318681318681318,14,1.0,0.8736263736263736,79,13,10,0.6730769230769231,13,1.0,0.8910256410256411,7,-0.06521739130434795,0.08695652173913043,0.0,-0.019916142557652047,0.08860759493670886,10
7546,2018,France,Antoine Griezmann,24,27,51,9,1,9,,False,13,91,0.5833333333333334,13,1.0,0.8461538461538461,101,12,17,0.5606060606060606,12,1.0,0.8409090909090909,10,0.03896103896103911,0.18681318681318682,0.0,0.006198347107437971,0.09900990099009901,17
7546,2018,France,Raphaël Varane,34,26,60,11,18,0,,False,13,91,0.5833333333333334,13,1.0,0.8461538461538461,101,12,18,0.553030303030303,12,1.0,0.8257575757575758,18,0.05194805194805209,0.1978021978021978,0.0,0.024104683195592225,0.1782178217821782,18
7546,2018,France,Olivier Giroud,14,29,43,12,1,21,,False,13,91,0.5833333333333334,13,1.0,0.8461538461538461,101,12,17,0.5606060606060606,12,1.0,0.8181818181818182,22,0.03896103896103911,0.18681318681318682,0.0,0.03305785123966935,0.21782178217821782,17
7546,2018,France,Benjamin Pavard,48,37,85,9,18,8,,False,13,91,0.5833333333333334,13,1.0,0.8461538461538461,101,12,14,0.5833333333333334,12,1.0,0.8409090909090909,26,0.0,0.15384615384615385,0.0,0.006198347107437971,0.25742574257425743,14
7546,2018,France,Samuel Yves Umtiti,25,17,42,9,11,3,,False,13,91,0.5833333333333334,13,1.0,0.8461538461538461,101,12,16,0.5681818181818182,12,1.0,0.8409090909090909,14,0.025974025974025948,0.17582417582417584,0.0,0.006198347107437971,0.13861386138613863,16
7546,2018,France,N'Golo Kanté,45,37,82,9,10,6,,False,13,91,0.5833333333333334,13,1.0,0.8461538461538461,101,12,17,0.5606060606060606,12,1.0,0.8409090909090909,16,0.03896103896103911,0.18681318681318682,0.0,0.006198347107437971,0.15841584158415842,17
7546,2018,France,Blaise Matuidi,24,32,56,10,4,11,,False,13,91,0.5833333333333334,13,1.0,0.8461538461538461,101,12,17,0.5606060606060606,12,1.0,0.8333333333333334,15,0.03896103896103911,0.18681318681318682,0.0,0.015151515151515098,0.1485148514851485,17
7546,2018,France,Kylian Mbappé Lottin,21,31,52,7,1,20,,False,13,91,0.5833333333333334,13,1.0,0.8461538461538461,101,12,14,0.5833333333333334,12,1.0,0.8560606060606061,21,0.0,0.15384615384615385,0.0,-0.011707988980716283,0.2079207920792079,14
7546,2018,France,Lucas Hernández Pi,28,24,52,8,9,8,,False,13,91,0.5833333333333334,13,1.0,0.8461538461538461,101,12,13,0.5909090909090909,12,1.0,0.8484848484848485,17,-0.012987012987012974,0.14285714285714285,0.0,-0.0027548209366391563,0.16831683168316833,13
7546,2018,France,Paul Pogba,45,50,95,10,14,9,,False,13,91,0.5833333333333334,13,1.0,0.8461538461538461,101,12,19,0.5454545454545454,12,1.0,0.8333333333333334,23,0.06493506493506507,0.2087912087912088,0.0,0.015151515151515098,0.22772277227722773,19
7546,2018,France,Hugo Lloris,15,8,23,7,13,0,,False,13,91,0.5833333333333334,13,1.0,0.8461538461538461,101,12,9,0.6212121212121212,12,1.0,0.8560606060606061,13,-0.06493506493506487,0.0989010989010989,0.0,-0.011707988980716283,0.12871287128712872,9
7546,2018,France,Ousmane Dembélé,6,8,14,4,0,5,,False,13,91,0.5833333333333334,13,1.0,0.8461538461538461,101,12,6,0.6439393939393939,12,1.0,0.8787878787878788,5,-0.10389610389610379,0.06593406593406594,0.0,-0.038567493112947666,0.04950495049504951,6
7546,2018,France,Nabil Fekir,3,6,9,3,1,1,,False,13,91,0.5833333333333334,13,1.0,0.8461538461538461,101,12,5,0.6515151515151515,12,1.0,0.8863636363636364,2,-0.11688311688311677,0.054945054945054944,0.0,-0.047520661157024795,0.019801980198019802,5
7546,2018,Peru,Alberto Junior Rodríguez Valdelomar,24,19,43,9,7,0,,False,14,110,0.6043956043956044,14,1.0,0.8681318681318682,114,13,14,0.6153846153846154,13,1.0,0.8717948717948718,7,-0.018181818181818302,0.12727272727272726,0.0,-0.004219409282700407,0.06140350877192982,14
7546,2018,Peru,Víctor Yoshimar Yotún Flores,24,27,51,9,5,3,,False,14,110,0.6043956043956044,14,1.0,0.8681318681318682,114,13,15,0.6089743589743589,13,1.0,0.8717948717948718,8,-0.007575757575757549,0.13636363636363635,0.0,-0.004219409282700407,0.07017543859649122,15
7546,2018,Peru,Pedro Jesús Aquino Sánchez,56,43,99,12,11,6,,False,14,110,0.6043956043956044,14,1.0,0.8681318681318682,114,13,21,0.5705128205128205,13,1.0,0.8525641025641025,17,0.05606060606060605,0.19090909090909092,0.0,0.017932489451476855,0.14912280701754385,21
7546,2018,Peru,Luis Jan Piers Advíncula Castrillón,51,46,97,10,17,9,,False,14,110,0.6043956043956044,14,1.0,0.8681318681318682,114,13,16,0.6025641025641025,13,1.0,0.8653846153846154,26,0.00303030303030302,0.14545454545454545,0.0,0.003164556962025305,0.22807017543859648,16
7546,2018,Peru,José Paolo Guerrero Gonzáles,15,36,51,11,3,24,,False,14,110,0.6043956043956044,14,1.0,0.8681318681318682,114,13,16,0.6025641025641025,13,1.0,0.8589743589743589,27,0.00303030303030302,0.14545454545454545,0.0,0.010548523206751145,0.23684210526315788,16
7546,2018,Peru,Christian Alberto Cueva Bravo,42,46,88,11,6,24,,False,14,110,0.6043956043956044,14,1.0,0.8681318681318682,114,13,21,0.5705128205128205,13,1.0,0.8589743589743589,30,0.05606060606060605,0.19090909090909092,0.0,0.010548523206751145,0.2631578947368421,21
7546,2018,Peru,Miguel Ángel Trauco Saavedra,53,51,104,10,16,11,,False,14,110,0.6043956043956044,14,1.0,0.8681318681318682,114,13,19,0.5833333333333334,13,1.0,0.8653846153846154,27,0.034848484848484726,0.17272727272727273,0.0,0.003164556962025305,0.23684210526315788,19
7546,2018,Peru,André Martín Carrillo Díaz,30,45,75,12,3,19,,False,14,110,0.6043956043956044,14,1.0,0.8681318681318682,114,13,21,0.5705128205128205,13,1.0,0.8525641025641025,22,0.05606060606060605,0.19090909090909092,0.0,0.017932489451476855,0.19298245614035087,21
7546,2018,Peru,Édison Michael Flores Peralta,44,45,89,13,9,9,,False,14,110,0.6043956043956044,14,1.0,0.8681318681318682,114,13,21,0.5705128205128205,13,1.0,0.8440170940170939,18,0.05606060606060605,0.19090909090909092,0.0,0.027777777777777932,0.15789473684210525,21
7546,2018,Peru,Christian Guillermo Martín Ramos Garagay,40,32,72,12,14,2,,False,14,110,0.6043956043956044,14,1.0,0.8681318681318682,114,13,21,0.5705128205128205,13,1.0,0.8525641025641025,16,0.05606060606060605,0.19090909090909092,0.0,0.017932489451476855,0.14035087719298245,21
7546,2018,Peru,Pedro David Gallese Quiróz,11,2,13,5,8,0,,False,14,110,0.6043956043956044,14,1.0,0.8681318681318682,114,13,6,0.6666666666666666,13,1.0,0.8974358974358975,8,-0.10303030303030304,0.05454545454545454,0.0,-0.03375527426160338,0.07017543859649122,6
7546,2018,Peru,Jefferson Agustín Farfán Guadalupe,13,15,28,9,1,5,,False,14,110,0.6043956043956044,14,1.0,0.8681318681318682,114,13,13,0.6217948717948718,13,1.0,0.8717948717948718,6,-0.028787878787878873,0.11818181818181818,0.0,-0.004219409282700407,0.05263157894736842,13
7546,2018,Peru,Anderson Santamaría Bardales,32,28,60,9,14,1,,False,14,110,0.6043956043956044,14,1.0,0.8681318681318682,114,13,14,0.6153846153846154,13,1.0,0.8717948717948718,15,-0.018181818181818302,0.12727272727272726,0.0,-0.004219409282700407,0.13157894736842105,14
7546,2018,Peru,Raúl Mario Ruidíaz Misitich,1,1,2,2,0,1,,True,14,110,0.6043956043956044,14,1.0,0.8681318681318682,114,13,2,0.6923076923076923,13,1.0,0.9166666666666666,1,-0.1454545454545455,0.01818181818181818,0.0,-0.05590717299578052,0.008771929824561403,2
7547,2018,Denmark,Christian Dannemann Eriksen,35,34,69,11,7,8,,False,13,96,0.6153846153846154,13,1.0,0.8653846153846154,116,12,20,0.5757575757575758,12,1.0,0.8484848484848485,15,0.06439393939393938,0.20833333333333334,0.0,0.01952861952861954,0.12931034482758622,20
7547,2018,Denmark,Andreas Christensen,67,56,123,9,19,4,,False,13,96,0.6153846153846154,13,1.0,0.8653846153846154,116,12,16,0.6060606060606061,12,1.0,0.8636363636363636,23,0.01515151515151518,0.16666666666666666,0.0,0.002020202020202048,0.19827586206896552,16
7547,2018,Denmark,Yussuf Yurary Poulsen,11,13,24,7,3,9,,False,13,96,0.6153846153846154,13,1.0,0.8653846153846154,116,12,11,0.6439393939393939,12,1.0,0.8787878787878788,12,-0.04640151515151507,0.11458333333333333,0.0,-0.015488215488215443,0.10344827586206896,11
7547,2018,Denmark,Henrik Dalsgaard,38,33,71,10,9,20,,False,13,96,0.6153846153846154,13,1.0,0.8653846153846154,116,12,17,0.5984848484848485,12,1.0,0.8560606060606061,29,0.02746212121212123,0.17708333333333334,0.0,0.010774410774410794,0.25,17
7547,2018,Denmark,Pione Sisto Ifolo Emirmija,35,44,79,11,5,16,,False,13,96,0.6153846153846154,13,1.0,0.8653846153846154,116,12,20,0.5757575757575758,12,1.0,0.8484848484848485,21,0.06439393939393938,0.20833333333333334,0.0,0.01952861952861954,0.1810344827586207,20
7547,2018,Denmark,Thomas Delaney,36,40,76,10,10,8,,False,13,96,0.6153846153846154,13,1.0,0.8653846153846154,116,12,18,0.5909090909090909,12,1.0,0.8560606060606061,18,0.03977272727272728,0.1875,0.0,0.010774410774410794,0.15517241379310345,18
7547,2018,Denmark,Simon Thorup Kjær,60,54,114,10,31,1,,False,13,96,0.6153846153846154,13,1.0,0.8653846153846154,116,12,18,0.5909090909090909,12,1.0,0.8560606060606061,32,0.03977272727272728,0.1875,0.0,0.010774410774410794,0.27586206896551724,18
7547,2018,Denmark,Lasse Schöne,51,49,100,11,17,12,,False,13,96,0.6153846153846154,13,1.0,0.8653846153846154,116,12,19,0.5833333333333334,12,1.0,0.8484848484848485,29,0.05208333333333333,0.19791666666666666,0.0,0.01952861952861954,0.25,19
7547,2018,Denmark,Nicolai Jørgensen,13,16,29,8,1,10,,False,13,96,0.6153846153846154,13,1.0,0.8653846153846154,116,12,14,0.6212121212121212,12,1.0,0.8712121212121212,11,-0.00946969696969692,0.14583333333333334,0.0,-0.006734006734006698,0.09482758620689655,14
7547,2018,Denmark,Jens Stryger Larsen,31,32,63,8,5,15,,False,13,96,0.6153846153846154,13,1.0,0.8653846153846154,116,12,13,0.6287878787878788,12,1.0,0.8712121212121212,20,-0.02178030303030297,0.13541666666666666,0.0,-0.006734006734006698,0.1724137931034483,13
7547,2018,Denmark,Kasper Schmeichel,11,5,16,5,8,0,,False,13,96,0.6153846153846154,13,1.0,0.8653846153846154,116,12,7,0.6742424242424242,12,1.0,0.8939393939393939,8,-0.09564393939393927,0.07291666666666667,0.0,-0.032996632996632934,0.06896551724137931,7
7547,2018,Denmark,Martin Braithwaite Christensen,4,13,17,7,1,6,,False,13,96,0.6153846153846154,13,1.0,0.8653846153846154,116,12,10,0.6515151515151515,12,1.0,0.8787878787878788,7,-0.05871212121212112,0.10416666666666667,0.0,-0.015488215488215443,0.0603448275862069,10
7547,2018,Denmark,Andreas Evald Cornelius,4,7,11,7,0,7,,False,13,96,0.6153846153846154,13,1.0,0.8653846153846154,116,12,9,0.6590909090909091,12,1.0,0.8787878787878788,7,-0.07102272727272717,0.09375,0.0,-0.015488215488215443,0.0603448275862069,9
7547,2018,Australia,Tom Rogić,19,27,46,11,6,11,,False,14,110,0.6043956043956044,14,1.0,0.8626373626373627,143,13,18,0.5897435897435898,13,1.0,0.8525641025641025,17,0.02424242424242416,0.16363636363636364,0.0,0.011677282377919406,0.11888111888111888,18
7547,2018,Australia,Aaron Mooy,49,41,90,11,8,9,,False,14,110,0.6043956043956044,14,1.0,0.8626373626373627,143,13,20,0.5769230769230769,13,1.0,0.8525641025641025,17,0.04545454545454548,0.18181818181818182,0.0,0.011677282377919406,0.11888111888111888,20
7547,2018,Australia,Mark Milligan,83,77,160,11,34,5,,False,14,110,0.6043956043956044,14,1.0,0.8626373626373627,143,13,18,0.5897435897435898,13,1.0,0.8525641025641025,39,0.02424242424242416,0.16363636363636364,0.0,0.011677282377919406,0.2727272727272727,18
7547,2018,Australia,Trent Sainsbury,53,39,92,12,19,2,,False,14,110,0.6043956043956044,14,1.0,0.8626373626373627,143,13,21,0.5705128205128205,13,1.0,0.8461538461538461,21,0.05606060606060605,0.19090909090909092,0.0,0.01910828025477713,0.14685314685314685,21
7547,2018,Australia,Josh Risdon,37,33,70,12,15,12,,False,14,110,0.6043956043956044,14,1.0,0.8626373626373627,143,13,22,0.5641025641025641,13,1.0,0.8461538461538461,27,0.06666666666666662,0.2,0.0,0.01910828025477713,0.1888111888111888,22
7547,2018,Australia,Aziz Eraltay Behich,54,53,107,10,11,22,,False,14,110,0.6043956043956044,14,1.0,0.8626373626373627,143,13,19,0.5833333333333334,13,1.0,0.8589743589743589,33,0.034848484848484726,0.17272727272727273,0.0,0.004246284501061685,0.23076923076923078,19
7547,2018,Australia,Mathew Ryan,30,25,55,8,19,0,,False,14,110,0.6043956043956044,14,1.0,0.8626373626373627,143,13,13,0.6217948717948718,13,1.0,0.8717948717948718,19,-0.028787878787878873,0.11818181818181818,0.0,-0.010615711252653889,0.13286713286713286,13
7547,2018,Australia,Mile Jedinak,53,46,99,12,20,14,,False,14,110,0.6043956043956044,14,1.0,0.8626373626373627,143,13,20,0.5769230769230769,13,1.0,0.8461538461538461,34,0.04545454545454548,0.18181818181818182,0.0,0.01910828025477713,0.23776223776223776,20
7547,2018,Australia,Mathew Leckie,23,39,62,13,3,28,,False,14,110,0.6043956043956044,14,1.0,0.8626373626373627,143,13,23,0.5576923076923077,13,1.0,0.8397435897435898,31,0.07727272727272719,0.20909090909090908,0.0,0.026539278131634852,0.21678321678321677,23
7547,2018,Australia,Andrew Nabbout,11,19,30,7,2,13,,False,14,110,0.6043956043956044,14,1.0,0.8626373626373627,143,13,11,0.6346153846153846,13,1.0,0.8782051282051282,15,-0.05000000000000001,0.1,0.0,-0.01804670912951161,0.1048951048951049,11
7547,2018,Australia,Robbie Kruse,20,25,45,9,3,15,,False,14,110,0.6043956043956044,14,1.0,0.8626373626373627,143,13,15,0.6089743589743589,13,1.0,0.8653846153846154,18,-0.007575757575757549,0.13636363636363635,0.0,-0.003184713375796167,0.1258741258741259,15
7547,2018,Australia,Daniel Arzani,6,10,16,7,1,6,,False,14,110,0.6043956043956044,14,1.0,0.8626373626373627,143,13,10,0.6410256410256411,13,1.0,0.8782051282051282,7,-0.06060606060606076,0.09090909090909091,0.0,-0.01804670912951161,0.04895104895104895,10
7547,2018,Australia,Tomi Jurić,2,5,7,6,1,4,,False,14,110,0.6043956043956044,14,1.0,0.8626373626373627,143,13,7,0.6602564102564102,13,1.0,0.8846153846153846,5,-0.09242424242424246,0.06363636363636363,0.0,-0.025477707006369334,0.03496503496503497,7
7547,2018,Australia,Jackson Irvine,2,3,5,3,1,2,,False,14,110,0.6043956043956044,14,1.0,0.8626373626373627,143,13,3,0.6858974358974359,13,1.0,0.9038461538461539,3,-0.13484848484848494,0.02727272727272727,0.0,-0.04777070063694263,0.02097902097902098,3
7548,2018,Costa Rica,Marcos Danilo Ureña Porras,8,12,20,6,0,10,,False,14,88,0.4835164835164835,14,1.0,0.7985347985347987,72,13,11,0.4935897435897436,13,1.0,0.8119658119658119,10,-0.020833333333333374,0.125,0.0,-0.016819571865443084,0.1388888888888889,11
7548,2018,Costa Rica,Keylor Navas Gamboa,17,11,28,9,17,0,,False,14,88,0.4835164835164835,14,1.0,0.7985347985347987,72,13,13,0.4807692307692308,13,1.0,0.7905982905982906,17,0.005681818181818162,0.14772727272727273,0.0,0.009938837920489538,0.2361111111111111,13
7548,2018,Costa Rica,David Alberto Guzmán Pérez,22,19,41,9,5,2,,False,14,88,0.4835164835164835,14,1.0,0.7985347985347987,72,13,16,0.46153846153846156,13,1.0,0.7905982905982906,7,0.04545454545454541,0.18181818181818182,0.0,0.009938837920489538,0.09722222222222222,16
7548,2018,Costa Rica,Bryan Oviedo,22,19,41,9,3,9,,False,14,88,0.4835164835164835,14,1.0,0.7985347985347987,72,13,15,0.46794871794871795,13,1.0,0.7905982905982906,12,0.032196969696969696,0.17045454545454544,0.0,0.009938837920489538,0.16666666666666666,15
7548,2018,Costa Rica,Bryan Ruiz González,24,32,56,11,4,10,,False,14,88,0.4835164835164835,14,1.0,0.7985347985347987,72,13,18,0.44871794871794873,13,1.0,0.7735042735042733,14,0.07196969696969695,0.20454545454545456,0.0,0.031345565749235915,0.19444444444444445,18
7548,2018,Costa Rica,Giancarlo González Castro,12,8,20,8,6,0,,False,14,88,0.4835164835164835,14,1.0,0.7985347985347987,72,13,13,0.4807692307692308,13,1.0,0.797008547008547,6,0.005681818181818162,0.14772727272727273,0.0,0.001911314984709751,0.08333333333333333,13
7548,2018,Costa Rica,Johnny Acosta Zamora,16,14,30,10,5,2,,False,14,88,0.4835164835164835,14,1.0,0.7985347985347987,72,13,15,0.46794871794871795,13,1.0,0.7799145299145298,7,0.032196969696969696,0.17045454545454544,0.0,0.023318042813455987,0.09722222222222222,15
7548,2018,Costa Rica,Cristian Gamboa Luna,18,19,37,8,6,10,,False,14,88,0.4835164835164835,14,1.0,0.7985347985347987,72,13,12,0.48717948717948717,13,1.0,0.797008547008547,16,-0.007575757575757549,0.13636363636363635,0.0,0.001911314984709751,0.2222222222222222,12
7548,2018,Costa Rica,Óscar Esau Duarte Gaitán,18,14,32,10,8,2,,False,14,88,0.4835164835164835,14,1.0,0.7985347985347987,72,13,17,0.4551282051282051,13,1.0,0.7841880341880342,10,0.05871212121212123,0.19318181818181818,0.0,0.017966360856269323,0.1388888888888889,17
7548,2018,Costa Rica,Johan Alberto Venegas Ulloa,16,21,37,8,5,15,,False,14,88,0.4835164835164835,14,1.0,0.7985347985347987,72,13,13,0.4807692307692308,13,1.0,0.797008547008547,20,0.005681818181818162,0.14772727272727273,0.0,0.001911314984709751,0.2777777777777778,13
7548,2018,Costa Rica,Celso Borges Mora,24,23,47,11,12,5,,False,14,88,0.4835164835164835,14,1.0,0.7985347985347987,72,13,17,0.4551282051282051,13,1.0,0.7777777777777778,17,0.05871212121212123,0.19318181818181818,0.0,0.02599388379204911,0.2361111111111111,17
7548,2018,Costa Rica,Christian Bolaños Navarro,3,6,9,5,0,5,,False,14,88,0.4835164835164835,14,1.0,0.7985347985347987,72,13,6,0.5256410256410257,13,1.0,0.8183760683760684,5,-0.08712121212121215,0.06818181818181818,0.0,-0.024847094801223008,0.06944444444444445,6
7548,2018,Costa Rica,Yeltsin Ignacio Tejeda Valverde,3,5,8,3,0,2,,False,14,88,0.4835164835164835,14,1.0,0.7985347985347987,72,13,6,0.5256410256410257,13,1.0,0.8311965811965814,2,-0.08712121212121215,0.06818181818181818,0.0,-0.04090214067278286,0.027777777777777776,6
7548,2018,Costa Rica,Francisco Javier Calvo Quesada,2,2,4,3,1,0,,False,14,88,0.4835164835164835,14,1.0,0.7985347985347987,72,13,4,0.5384615384615384,13,1.0,0.8311965811965811,1,-0.11363636363636358,0.045454545454545456,0.0,-0.04090214067278258,0.013888888888888888,4
7548,2018,Brazil,José Paulo Bezzera Maciel Júnior,35,28,63,9,5,6,,False,14,128,0.7032967032967034,14,1.0,0.8791208791208791,207,13,17,0.7115384615384616,13,1.0,0.8846153846153846,11,-0.011718749999999957,0.1328125,0.0,-0.006249999999999978,0.05314009661835749,17
7548,2018,Brazil,Willian Borges da Silva,20,27,47,9,3,11,,False,14,128,0.7032967032967034,14,1.0,0.8791208791208791,207,13,17,0.7115384615384616,13,1.0,0.8846153846153846,14,-0.011718749999999957,0.1328125,0.0,-0.006249999999999978,0.06763285024154589,17
7548,2018,Brazil,Thiago Emiliano da Silva,80,70,150,12,27,3,,False,14,128,0.7032967032967034,14,1.0,0.8791208791208791,207,13,22,0.6794871794871795,13,1.0,0.8653846153846154,30,0.0338541666666667,0.171875,0.0,0.015624999999999944,0.14492753623188406,22
7548,2018,Brazil,Fágner Conserva Lemos,86,71,157,12,20,23,,False,14,128,0.7032967032967034,14,1.0,0.8791208791208791,207,13,23,0.6730769230769231,13,1.0,0.8653846153846154,43,0.04296875,0.1796875,0.0,0.015624999999999944,0.20772946859903382,23
7548,2018,Brazil,Carlos Henrique Casimiro,81,82,163,13,30,17,,False,14,128,0.7032967032967034,14,1.0,0.8791208791208791,207,13,24,0.6666666666666666,13,1.0,0.8589743589743589,47,0.05208333333333346,0.1875,0.0,0.022916666666666714,0.22705314009661837,24
7548,2018,Brazil,Marcelo Vieira da Silva Júnior,100,98,198,12,38,37,,False,14,128,0.7032967032967034,14,1.0,0.8791208791208791,207,13,23,0.6730769230769231,13,1.0,0.8653846153846154,75,0.04296875,0.1796875,0.0,0.015624999999999944,0.36231884057971014,23
7548,2018,Brazil,João Miranda de Souza Filho,56,47,103,8,27,3,,False,14,128,0.7032967032967034,14,1.0,0.8791208791208791,207,13,15,0.7243589743589743,13,1.0,0.8910256410256411,30,-0.029947916666666557,0.1171875,0.0,-0.013541666666666745,0.14492753623188406,15
7548,2018,Brazil,Neymar da Silva Santos Junior,48,74,122,12,14,40,,False,14,128,0.7032967032967034,14,1.0,0.8791208791208791,207,13,23,0.6730769230769231,13,1.0,0.8653846153846154,54,0.04296875,0.1796875,0.0,0.015624999999999944,0.2608695652173913,23
7548,2018,Brazil,Philippe Coutinho Correia,79,81,160,12,24,24,,False,14,128,0.7032967032967034,14,1.0,0.8791208791208791,207,13,24,0.6666666666666666,13,1.0,0.8653846153846154,48,0.05208333333333346,0.1875,0.0,0.015624999999999944,0.2318840579710145,24
7548,2018,Brazil,Gabriel Fernando de Jesus,13,23,36,9,1,16,,False,14,128,0.7032967032967034,14,1.0,0.8791208791208791,207,13,16,0.717948717948718,13,1.0,0.8846153846153846,17,-0.02083333333333326,0.125,0.0,-0.006249999999999978,0.0821256038647343,16
7548,2018,Brazil,Alisson Ramsés Becker,15,7,22,6,10,0,,False,14,128,0.7032967032967034,14,1.0,0.8791208791208791,207,13,11,0.75,13,1.0,0.9038461538461539,10,-0.06640624999999992,0.0859375,0.0,-0.02812500000000003,0.04830917874396135,11
7548,2018,Brazil,Douglas Costa de Souza,27,34,61,11,6,18,,False,14,128,0.7032967032967034,14,1.0,0.8791208791208791,207,13,20,0.6923076923076923,13,1.0,0.8717948717948718,24,0.0156250000000001,0.15625,0.0,0.008333333333333304,0.11594202898550725,20
7548,2018,Brazil,Roberto Firmino Barbosa de Oliveira,11,10,21,8,0,8,,False,14,128,0.7032967032967034,14,1.0,0.8791208791208791,207,13,14,0.7307692307692307,13,1.0,0.8910256410256411,8,-0.03906249999999986,0.109375,0.0,-0.013541666666666745,0.03864734299516908,14
7548,2018,Brazil,Fernando Luiz Roza,10,9,19,5,2,1,,False,14,128,0.7032967032967034,14,1.0,0.8791208791208791,207,13,7,0.7756410256410257,13,1.0,0.9102564102564102,3,-0.10286458333333327,0.0546875,0.0,-0.035416666666666666,0.014492753623188406,7
7549,2018,Nigeria,John Michael Nchekwube Obinna,59,50,109,11,22,14,,False,14,107,0.5879120879120879,14,1.0,0.8443223443223444,123,13,20,0.5576923076923077,13,1.0,0.8311965811965811,36,0.05140186915887851,0.18691588785046728,0.0,0.015545914678235925,0.2926829268292683,20
7549,2018,Nigeria,William Troost-Ekong,35,34,69,11,20,0,,False,14,107,0.5879120879120879,14,1.0,0.8443223443223444,123,13,19,0.5641025641025641,13,1.0,0.8311965811965811,20,0.04049844236760129,0.17757009345794392,0.0,0.015545914678235925,0.16260162601626016,19
7549,2018,Nigeria,Brian Oladapo Idowu,14,11,25,6,2,5,,False,14,107,0.5879120879120879,14,1.0,0.8443223443223444,123,13,10,0.6217948717948718,13,1.0,0.8653846153846154,7,-0.05763239875389406,0.09345794392523364,0.0,-0.02494577006507583,0.056910569105691054,10
7549,2018,Nigeria,Kelechi Promise Iheanacho,20,36,56,8,2,18,,False,14,107,0.5879120879120879,14,1.0,0.8443223443223444,123,13,14,0.5961538461538461,13,1.0,0.8504273504273504,20,-0.014018691588784996,0.1308411214953271,0.0,-0.007230657989876921,0.16260162601626016,14
7549,2018,Nigeria,Onyinye Wilfred Ndidi,65,59,124,12,22,9,,False,14,107,0.5879120879120879,14,1.0,0.8443223443223444,123,13,21,0.5512820512820513,13,1.0,0.8226495726495725,31,0.06230529595015573,0.19626168224299065,0.0,0.02566883586406393,0.25203252032520324,21
7549,2018,Nigeria,Oghenekaro Etebo,41,48,89,11,9,20,,False,14,107,0.5879120879120879,14,1.0,0.8443223443223444,123,13,21,0.5512820512820513,13,1.0,0.8311965811965811,29,0.06230529595015573,0.19626168224299065,0.0,0.015545914678235925,0.23577235772357724,21
7549,2018,Nigeria,Francis Odinaka Uzoho,7,7,14,8,6,0,,False,14,107,0.5879120879120879,14,1.0,0.8443223443223444,123,13,9,0.6282051282051282,13,1.0,0.8504273504273504,6,-0.06853582554517128,0.08411214953271028,0.0,-0.007230657989876921,0.04878048780487805,9
7549,2018,Nigeria,Kenneth Josiah Omeruo,29,27,56,10,11,3,,False,14,107,0.5879120879120879,14,1.0,0.8443223443223444,123,13,18,0.5705128205128205,13,1.0,0.8376068376068375,14,0.02959501557632407,0.16822429906542055,0.0,0.00795372378886502,0.11382113821138211,18
7549,2018,Nigeria,Leon Aderemi Balogun,44,43,87,10,15,2,,False,14,107,0.5879120879120879,14,1.0,0.8443223443223444,123,13,19,0.5641025641025641,13,1.0,0.8376068376068375,17,0.04049844236760129,0.17757009345794392,0.0,0.00795372378886502,0.13821138211382114,19
7549,2018,Nigeria,Ahmed Musa,24,33,57,11,1,19,,False,14,107,0.5879120879120879,14,1.0,0.8443223443223444,123,13,19,0.5641025641025641,13,1.0,0.8311965811965811,20,0.04049844236760129,0.17757009345794392,0.0,0.015545914678235925,0.16260162601626016,19
7549,2018,Nigeria,Victor Moses,47,40,87,11,11,23,,False,14,107,0.5879120879120879,14,1.0,0.8443223443223444,123,13,18,0.5705128205128205,13,1.0,0.8311965811965811,34,0.02959501557632407,0.16822429906542055,0.0,0.015545914678235925,0.2764227642276423,18
7549,2018,Nigeria,Tyronne Ebuehi,23,19,42,8,1,6,,False,14,107,0.5879120879120879,14,1.0,0.8443223443223444,123,13,15,0.5897435897435898,13,1.0,0.8504273504273504,7,-0.003115264797507777,0.14018691588785046,0.0,-0.007230657989876921,0.056910569105691054,15
7549,2018,Nigeria,Odion Jude Ighalo,3,2,5,5,1,2,,False,14,107,0.5879120879120879,14,1.0,0.8443223443223444,123,13,5,0.6538461538461539,13,1.0,0.8717948717948718,3,-0.11214953271028034,0.04672897196261682,0.0,-0.032537960954446735,0.024390243902439025,5
7549,2018,Nigeria,Alex Iwobi,2,4,6,4,0,2,,False,14,107,0.5879120879120879,14,1.0,0.8443223443223444,123,13,6,0.6474358974358975,13,1.0,0.876068376068376,2,-0.10124610591900313,0.056074766355140186,0.0,-0.03759942154736054,0.016260162601626018,6
7549,2018,Iceland,Birkir Bjarnason,17,18,35,9,5,6,,False,14,92,0.5054945054945055,14,1.0,0.8296703296703297,82,13,14,0.5,13,1.0,0.8269230769230769,11,0.010869565217391266,0.15217391304347827,0.0,0.0033112582781458172,0.13414634146341464,14
7549,2018,Iceland,Gylfi Þór Sigurðsson,34,38,72,12,9,11,,False,14,92,0.5054945054945055,14,1.0,0.8296703296703297,82,13,22,0.44871794871794873,13,1.0,0.8055555555555556,20,0.11231884057971007,0.2391304347826087,0.0,0.02906548933039002,0.24390243902439024,22
7549,2018,Iceland,Hörður Björgvin Magnússon,18,22,40,7,6,7,,False,14,92,0.5054945054945055,14,1.0,0.8296703296703297,82,13,12,0.5128205128205128,13,1.0,0.8397435897435898,13,-0.014492753623188356,0.13043478260869565,0.0,-0.01214128035320084,0.15853658536585366,12
7549,2018,Iceland,Kári Árnason,18,18,36,10,10,2,,False,14,92,0.5054945054945055,14,1.0,0.8296703296703297,82,13,17,0.4807692307692308,13,1.0,0.8205128205128205,12,0.04891304347826081,0.18478260869565216,0.0,0.011037527593819079,0.14634146341463414,17
7549,2018,Iceland,Ragnar Sigurðsson,6,1,7,6,2,0,,False,14,92,0.5054945054945055,14,1.0,0.8296703296703297,82,13,7,0.5448717948717948,13,1.0,0.8461538461538461,2,-0.07789855072463762,0.07608695652173914,0.0,-0.0198675496688741,0.024390243902439025,7
7549,2018,Iceland,Hannes Þór Halldórsson,16,6,22,9,15,0,,False,14,92,0.5054945054945055,14,1.0,0.8296703296703297,82,13,10,0.5256410256410257,13,1.0,0.8269230769230769,15,-0.039855072463768196,0.10869565217391304,0.0,0.0033112582781458172,0.18292682926829268,10
7549,2018,Iceland,Aron Einar Gunnarsson,21,19,40,11,10,1,,False,14,92,0.5054945054945055,14,1.0,0.8296703296703297,82,13,19,0.46794871794871795,13,1.0,0.8141025641025641,11,0.07427536231884053,0.20652173913043478,0.0,0.01876379690949234,0.13414634146341464,19
7549,2018,Iceland,Alfreð Finnbogason,16,20,36,9,1,12,,False,14,92,0.5054945054945055,14,1.0,0.8296703296703297,82,13,16,0.48717948717948717,13,1.0,0.8269230769230769,13,0.036231884057970995,0.17391304347826086,0.0,0.0033112582781458172,0.15853658536585366,16
7549,2018,Iceland,Jón Daði Böðvarsson,14,16,30,8,4,11,,False,14,92,0.5054945054945055,14,1.0,0.8296703296703297,82,13,13,0.5064102564102564,13,1.0,0.8333333333333334,15,-0.0018115942028985445,0.14130434782608695,0.0,-0.004415011037527578,0.18292682926829268,13
7549,2018,Iceland,Rúrik Gíslason,21,27,48,11,4,14,,False,14,92,0.5054945054945055,14,1.0,0.8296703296703297,82,13,17,0.4807692307692308,13,1.0,0.8141025641025641,18,0.04891304347826081,0.18478260869565216,0.0,0.01876379690949234,0.21951219512195122,17
7549,2018,Iceland,Birkir Már Sævarsson,28,24,52,8,9,9,,False,14,92,0.5054945054945055,14,1.0,0.8296703296703297,82,13,14,0.5,13,1.0,0.8333333333333334,18,0.010869565217391266,0.15217391304347827,0.0,-0.004415011037527578,0.21951219512195122,14
7549,2018,Iceland,Sverrir Ingi Ingason,8,4,12,7,6,2,,False,14,92,0.5054945054945055,14,1.0,0.8296703296703297,82,13,7,0.5448717948717948,13,1.0,0.8397435897435898,8,-0.07789855072463762,0.07608695652173914,0.0,-0.01214128035320084,0.0975609756097561,7
7549,2018,Iceland,Björn Bergmann Sigurðarson,4,7,11,8,0,6,,False,14,92,0.5054945054945055,14,1.0,0.8296703296703297,82,13,9,0.532051282051282,13,1.0,0.8333333333333334,6,-0.052536231884058,0.09782608695652174,0.0,-0.004415011037527578,0.07317073170731707,9
7549,2018,Iceland,Ari Freyr Skúlason,3,4,7,5,1,1,,False,14,92,0.5054945054945055,14,1.0,0.8296703296703297,82,13,7,0.5448717948717948,13,1.0,0.8525641025641025,2,-0.07789855072463762,0.07608695652173914,0.0,-0.027593818984547363,0.024390243902439025,7
7550,2018,Switzerland,Xherdan Shaqiri,43,56,99,10,9,30,,False,13,102,0.6538461538461539,13,1.0,0.8782051282051282,129,12,20,0.6212121212121212,12,1.0,0.8712121212121212,39,0.04991087344028521,0.19607843137254902,0.0,0.007962840079628384,0.3023255813953488,20
7550,2018,Switzerland,Fabian Lukas Schär,60,54,114,11,23,2,,False,13,102,0.6538461538461539,13,1.0,0.8782051282051282,129,12,19,0.6287878787878788,12,1.0,0.8636363636363636,25,0.03832442067736187,0.18627450980392157,0.0,0.016589250165892477,0.1937984496124031,19
7550,2018,Switzerland,Manuel Obafemi Akanji,63,57,120,11,18,3,,False,13,102,0.6538461538461539,13,1.0,0.8782051282051282,129,12,18,0.6363636363636364,12,1.0,0.8636363636363636,21,0.02673796791443853,0.17647058823529413,0.0,0.016589250165892477,0.16279069767441862,18
7550,2018,Switzerland,Haris Seferović,1,4,5,5,0,3,,False,13,102,0.6538461538461539,13,1.0,0.8782051282051282,129,12,5,0.7348484848484849,12,1.0,0.9090909090909091,3,-0.12388591800356506,0.049019607843137254,0.0,-0.035169210351692085,0.023255813953488372,5
7550,2018,Switzerland,Steven Zuber,29,34,63,10,3,19,,False,13,102,0.6538461538461539,13,1.0,0.8782051282051282,129,12,18,0.6363636363636364,12,1.0,0.8712121212121212,22,0.02673796791443853,0.17647058823529413,0.0,0.007962840079628384,0.17054263565891473,18
7550,2018,Switzerland,Blerim Džemaili,16,23,39,9,3,13,,False,13,102,0.6538461538461539,13,1.0,0.8782051282051282,129,12,16,0.6515151515151515,12,1.0,0.8787878787878788,16,0.0035650623885918496,0.1568627450980392,0.0,-0.0006635700066357092,0.12403100775193798,16
7550,2018,Switzerland,Ricardo Iván Rodríguez Araya,38,34,72,11,10,18,,False,13,102,0.6538461538461539,13,1.0,0.8782051282051282,129,12,19,0.6287878787878788,12,1.0,0.8636363636363636,28,0.03832442067736187,0.18627450980392157,0.0,0.016589250165892477,0.21705426356589147,19
7550,2018,Switzerland,Valon Behrami,60,53,113,10,11,3,,False,13,102,0.6538461538461539,13,1.0,0.8782051282051282,129,12,20,0.6212121212121212,12,1.0,0.8712121212121212,14,0.04991087344028521,0.19607843137254902,0.0,0.007962840079628384,0.10852713178294573,20
7550,2018,Switzerland,Granit Xhaka,78,71,149,12,22,14,,False,13,102,0.6538461538461539,13,1.0,0.8782051282051282,129,12,21,0.6136363636363636,12,1.0,0.8560606060606061,36,0.06149732620320855,0.20588235294117646,0.0,0.02521566025215657,0.27906976744186046,21
7550,2018,Switzerland,Stephan Lichtsteiner,42,39,81,8,15,14,,False,13,102,0.6538461538461539,13,1.0,0.8782051282051282,129,12,14,0.6666666666666666,12,1.0,0.8863636363636364,29,-0.019607843137254832,0.13725490196078433,0.0,-0.009289980092899802,0.2248062015503876,14
7550,2018,Switzerland,Yann Sommer,24,22,46,7,12,0,,False,13,102,0.6538461538461539,13,1.0,0.8782051282051282,129,12,12,0.6818181818181818,12,1.0,0.8939393939393939,12,-0.04278074866310151,0.11764705882352941,0.0,-0.017916390179163896,0.09302325581395349,12
7550,2018,Switzerland,Mario Gavranović,6,8,14,6,2,4,,False,13,102,0.6538461538461539,13,1.0,0.8782051282051282,129,12,10,0.696969696969697,12,1.0,0.9015151515151515,6,-0.06595365418894837,0.09803921568627451,0.0,-0.02654280026542799,0.046511627906976744,10
7550,2018,Switzerland,Breel-Donald Embolo,7,12,19,8,1,6,,False,13,102,0.6538461538461539,13,1.0,0.8782051282051282,129,12,12,0.6818181818181818,12,1.0,0.8863636363636364,7,-0.04278074866310151,0.11764705882352941,0.0,-0.009289980092899802,0.05426356589147287,12
7550,2018,Serbia,Aleksandar Kolarov,33,19,52,10,10,7,,False,13,94,0.6025641025641025,13,1.0,0.8846153846153846,95,12,16,0.5909090909090909,12,1.0,0.8787878787878788,17,0.01934235976789158,0.1702127659574468,0.0,0.006587615283267422,0.17894736842105263,16
7550,2018,Serbia,Aleksandar Mitrović,14,31,45,11,1,18,,False,13,94,0.6025641025641025,13,1.0,0.8846153846153846,95,12,17,0.5833333333333334,12,1.0,0.8712121212121212,19,0.03191489361702116,0.18085106382978725,0.0,0.01515151515151511,0.2,17
7550,2018,Serbia,Filip Kostić,10,20,30,8,1,9,,False,13,94,0.6025641025641025,13,1.0,0.8846153846153846,95,12,11,0.6287878787878788,12,1.0,0.8939393939393939,10,-0.043520309477756335,0.11702127659574468,0.0,-0.010540184453227951,0.10526315789473684,11
7550,2018,Serbia,Nemanja Matić,27,26,53,12,11,7,,False,13,94,0.6025641025641025,13,1.0,0.8846153846153846,95,12,20,0.5606060606060606,12,1.0,0.856060606060606,18,0.0696324951644101,0.2127659574468085,0.0,0.032279314888010606,0.18947368421052632,20
7550,2018,Serbia,Branislav Ivanović,32,22,54,11,16,11,,False,13,94,0.6025641025641025,13,1.0,0.8846153846153846,95,12,19,0.5681818181818182,12,1.0,0.8712121212121212,27,0.05705996131528033,0.20212765957446807,0.0,0.01515151515151511,0.28421052631578947,19
7550,2018,Serbia,Dušan Tadić,14,21,35,9,3,13,,False,13,94,0.6025641025641025,13,1.0,0.8846153846153846,95,12,13,0.6136363636363636,12,1.0,0.8863636363636364,16,-0.01837524177949717,0.13829787234042554,0.0,-0.0019762845849802643,0.16842105263157894,13
7550,2018,Serbia,Duško Tošić,31,30,61,9,15,2,,False,13,94,0.6025641025641025,13,1.0,0.8846153846153846,95,12,16,0.5909090909090909,12,1.0,0.8863636363636364,17,0.01934235976789158,0.1702127659574468,0.0,-0.0019762845849802643,0.17894736842105263,16
7550,2018,Serbia,Sergej Milinković-Savić,21,36,57,11,5,21,,False,13,94,0.6025641025641025,13,1.0,0.8846153846153846,95,12,18,0.5757575757575758,12,1.0,0.8712121212121212,26,0.044487427466150746,0.19148936170212766,0.0,0.01515151515151511,0.2736842105263158,18
7550,2018,Serbia,Luka Milivojević,19,17,36,11,8,2,,False,13,94,0.6025641025641025,13,1.0,0.8846153846153846,95,12,18,0.5757575757575758,12,1.0,0.8712121212121212,10,0.044487427466150746,0.19148936170212766,0.0,0.01515151515151511,0.10526315789473684,18
7550,2018,Serbia,Vladimir Stojković,26,11,37,8,16,0,,False,13,94,0.6025641025641025,13,1.0,0.8846153846153846,95,12,11,0.6287878787878788,12,1.0,0.8939393939393939,16,-0.043520309477756335,0.11702127659574468,0.0,-0.010540184453227951,0.16842105263157894,11
7550,2018,Serbia,Nikola Milenković,25,17,42,10,7,1,,False,13,94,0.6025641025641025,13,1.0,0.8846153846153846,95,12,15,0.5984848484848485,12,1.0,0.8787878787878788,8,0.006769825918761998,0.1595744680851064,0.0,0.006587615283267422,0.08421052631578947,15
7550,2018,Serbia,Adem Ljajić,10,12,22,8,2,3,,False,13,94,0.6025641025641025,13,1.0,0.8846153846153846,95,12,12,0.6212121212121212,12,1.0,0.8939393939393939,5,-0.03094777562862675,0.1276595744680851,0.0,-0.010540184453227951,0.05263157894736842,12
7550,2018,Serbia,Nemanja Radonjić,1,1,2,2,0,1,,True,13,94,0.6025641025641025,13,1.0,0.8846153846153846,95,12,2,0.696969696969697,12,1.0,0.9393939393939394,1,-0.15667311411992277,0.02127659574468085,0.0,-0.0619235836627142,0.010526315789473684,2
7551,2018,Sweden,Emil Peter Forsberg,10,15,25,8,2,4,,False,14,80,0.43956043956043955,14,1.0,0.7912087912087912,67,13,13,0.42948717948717946,13,1.0,0.7884615384615384,6,0.022916666666666714,0.1625,0.0,0.00347222222222221,0.08955223880597014,13
7551,2018,Sweden,Andreas Granqvist,12,9,21,8,7,2,,False,14,80,0.43956043956043955,14,1.0,0.7912087912087912,67,13,14,0.4230769230769231,13,1.0,0.7884615384615384,9,0.03749999999999999,0.175,0.0,0.00347222222222221,0.13432835820895522,14
7551,2018,Sweden,Mikael Lustig,22,12,34,12,11,5,,False,14,80,0.43956043956043955,14,1.0,0.7912087912087912,67,13,18,0.3974358974358974,13,1.0,0.7585470085470085,16,0.09583333333333337,0.225,0.0,0.04128086419753086,0.23880597014925373,18
7551,2018,Sweden,Viktor Claesson,13,14,27,8,5,8,,False,14,80,0.43956043956043955,14,1.0,0.7912087912087912,67,13,14,0.4230769230769231,13,1.0,0.7884615384615384,13,0.03749999999999999,0.175,0.0,0.00347222222222221,0.19402985074626866,14
7551,2018,Sweden,Marcus Berg,15,20,35,10,2,16,,False,14,80,0.43956043956043955,14,1.0,0.7912087912087912,67,13,15,0.4166666666666667,13,1.0,0.7735042735042734,18,0.05208333333333327,0.1875,0.0,0.022376543209876604,0.26865671641791045,15
7551,2018,Sweden,Victor Nilsson Lindelöf,15,13,28,8,8,0,,False,14,80,0.43956043956043955,14,1.0,0.7912087912087912,67,13,12,0.4358974358974359,13,1.0,0.7884615384615384,8,0.008333333333333304,0.15,0.0,0.00347222222222221,0.11940298507462686,12
7551,2018,Sweden,Ola Toivonen,9,15,24,9,4,11,,False,14,80,0.43956043956043955,14,1.0,0.7912087912087912,67,13,13,0.42948717948717946,13,1.0,0.782051282051282,15,0.022916666666666714,0.1625,0.0,0.011574074074074034,0.22388059701492538,13
7551,2018,Sweden,Albin Ekdal,12,17,29,9,5,4,,False,14,80,0.43956043956043955,14,1.0,0.7912087912087912,67,13,13,0.42948717948717946,13,1.0,0.782051282051282,9,0.022916666666666714,0.1625,0.0,0.011574074074074034,0.13432835820895522,13
7551,2018,Sweden,Robin Olsen,7,6,13,6,6,0,,False,14,80,0.43956043956043955,14,1.0,0.7912087912087912,67,13,9,0.4551282051282051,13,1.0,0.8012820512820513,6,-0.035416666666666666,0.1125,0.0,-0.012731481481481578,0.08955223880597014,9
7551,2018,Sweden,Ludwig Augustinsson,18,17,35,7,6,8,,False,14,80,0.43956043956043955,14,1.0,0.7912087912087912,67,13,12,0.4358974358974359,13,1.0,0.7948717948717948,14,0.008333333333333304,0.15,0.0,-0.004629629629629614,0.208955223880597,12
7551,2018,Sweden,Sebastian Larsson,26,20,46,12,9,3,,False,14,80,0.43956043956043955,14,1.0,0.7912087912087912,67,13,17,0.40384615384615385,13,1.0,0.7606837606837606,12,0.08124999999999996,0.2125,0.0,0.03858024691358025,0.1791044776119403,17
7551,2018,Sweden,John Guidetti,1,3,4,3,1,3,,False,14,80,0.43956043956043955,14,1.0,0.7912087912087912,67,13,3,0.4935897435897436,13,1.0,0.8205128205128205,4,-0.12291666666666674,0.0375,0.0,-0.03703703703703705,0.05970149253731343,3
7551,2018,Sweden,Isaac Kiese Thelin,1,2,3,3,0,2,,False,14,80,0.43956043956043955,14,1.0,0.7912087912087912,67,13,3,0.4935897435897436,13,1.0,0.8205128205128205,2,-0.12291666666666674,0.0375,0.0,-0.03703703703703705,0.029850746268656716,3
7551,2018,Sweden,Jimmy Durmaz,3,1,4,3,1,1,,False,14,80,0.43956043956043955,14,1.0,0.7912087912087912,67,13,4,0.48717948717948717,13,1.0,0.8205128205128205,2,-0.10833333333333332,0.05,0.0,-0.03703703703703705,0.029850746268656716,4
7551,2018,Germany,Antonio Rüdiger,80,70,150,12,19,4,,False,14,121,0.6648351648351648,14,1.0,0.8846153846153846,200,13,22,0.6346153846153846,13,1.0,0.8717948717948718,23,0.04545454545454546,0.18181818181818182,0.0,0.014492753623188356,0.115,22
7551,2018,Germany,Julian Draxler,24,27,51,8,3,11,,False,14,121,0.6648351648351648,14,1.0,0.8846153846153846,200,13,15,0.6794871794871795,13,1.0,0.8974358974358975,14,-0.02203856749311304,0.12396694214876033,0.0,-0.01449275362318848,0.07,15
7551,2018,Germany,Toni Kroos,111,109,220,13,53,19,,False,14,121,0.6648351648351648,14,1.0,0.8846153846153846,200,13,25,0.6153846153846154,13,1.0,0.8653846153846154,72,0.0743801652892561,0.2066115702479339,0.0,0.021739130434782532,0.36,25
7551,2018,Germany,Jonas Hector,45,36,81,11,5,17,,False,14,121,0.6648351648351648,14,1.0,0.8846153846153846,200,13,19,0.6538461538461539,13,1.0,0.8782051282051282,22,0.016528925619834652,0.15702479338842976,0.0,0.007246376811594178,0.11,19
7551,2018,Germany,Jérôme Boateng,93,92,185,11,53,12,,False,14,121,0.6648351648351648,14,1.0,0.8846153846153846,200,13,20,0.6474358974358975,13,1.0,0.8782051282051282,65,0.026170798898071532,0.1652892561983471,0.0,0.007246376811594178,0.325,20
7551,2018,Germany,Joshua Kimmich,69,72,141,13,16,40,,False,14,121,0.6648351648351648,14,1.0,0.8846153846153846,200,13,24,0.6217948717948718,13,1.0,0.8653846153846154,56,0.06473829201101923,0.19834710743801653,0.0,0.021739130434782532,0.28,24
7551,2018,Germany,Sebastian Rudy,17,13,30,9,3,5,,False,14,121,0.6648351648351648,14,1.0,0.8846153846153846,200,13,13,0.6923076923076923,13,1.0,0.8910256410256411,8,-0.0413223140495868,0.10743801652892562,0.0,-0.007246376811594303,0.04,13
7551,2018,Germany,Marco Reus,44,48,92,12,6,25,,False,14,121,0.6648351648351648,14,1.0,0.8846153846153846,200,13,20,0.6474358974358975,13,1.0,0.8717948717948718,31,0.026170798898071532,0.1652892561983471,0.0,0.014492753623188356,0.155,20
7551,2018,Germany,Thomas Müller,35,46,81,10,7,29,,False,14,121,0.6648351648351648,14,1.0,0.8846153846153846,200,13,17,0.6666666666666666,13,1.0,0.8846153846153846,36,-0.002754820936639109,0.14049586776859505,0.0,0.0,0.18,17
7551,2018,Germany,Timo Werner,22,30,52,11,2,22,,False,14,121,0.6648351648351648,14,1.0,0.8846153846153846,200,13,18,0.6602564102564102,13,1.0,0.8782051282051282,24,0.006887052341597772,0.1487603305785124,0.0,0.007246376811594178,0.12,18
7551,2018,Germany,Manuel Neuer,25,15,40,9,22,0,,False,14,121,0.6648351648351648,14,1.0,0.8846153846153846,200,13,13,0.6923076923076923,13,1.0,0.8910256410256411,22,-0.0413223140495868,0.10743801652892562,0.0,-0.007246376811594303,0.11,13
7551,2018,Germany,İlkay Gündoğan,47,50,97,12,10,10,,False,14,121,0.6648351648351648,14,1.0,0.8846153846153846,200,13,22,0.6346153846153846,13,1.0,0.8717948717948718,20,0.04545454545454546,0.18181818181818182,0.0,0.014492753623188356,0.1,22
7551,2018,Germany,Mario Gómez García,3,4,7,5,1,1,,False,14,121,0.6648351648351648,14,1.0,0.8846153846153846,200,13,6,0.7371794871794872,13,1.0,0.9166666666666666,2,-0.1088154269972453,0.049586776859504134,0.0,-0.036231884057971016,0.01,6
7551,2018,Germany,Julian Brandt,4,7,11,4,0,5,,False,14,121,0.6648351648351648,14,1.0,0.8846153846153846,200,13,8,0.7243589743589743,13,1.0,0.9230769230769231,5,-0.08953168044077137,0.06611570247933884,0.0,-0.04347826086956531,0.025,8
7552,2018,Belgium,Romelu Lukaku Menama,14,22,36,9,1,16,,False,14,111,0.6098901098901099,14,1.0,0.8681318681318682,139,13,13,0.6282051282051282,13,1.0,0.8717948717948718,17,-0.030030030030029922,0.11711711711711711,0.0,-0.004219409282700407,0.1223021582733813,13
7552,2018,Belgium,Axel Witsel,54,53,107,11,10,13,,False,14,111,0.6098901098901099,14,1.0,0.8681318681318682,139,13,21,0.5769230769230769,13,1.0,0.8589743589743589,23,0.054054054054054224,0.1891891891891892,0.0,0.010548523206751145,0.16546762589928057,21
7552,2018,Belgium,Kevin De Bruyne,39,37,76,11,14,11,,False,14,111,0.6098901098901099,14,1.0,0.8681318681318682,139,13,21,0.5769230769230769,13,1.0,0.8589743589743589,25,0.054054054054054224,0.1891891891891892,0.0,0.010548523206751145,0.17985611510791366,21
7552,2018,Belgium,Anga Dedryck Boyata,31,25,56,9,10,3,,False,14,111,0.6098901098901099,14,1.0,0.8681318681318682,139,13,14,0.6217948717948718,13,1.0,0.8717948717948718,13,-0.019519519519519447,0.12612612612612611,0.0,-0.004219409282700407,0.09352517985611511,14
7552,2018,Belgium,Toby Alderweireld,52,45,97,12,26,2,,False,14,111,0.6098901098901099,14,1.0,0.8681318681318682,139,13,20,0.5833333333333334,13,1.0,0.8525641025641025,28,0.04354354354354357,0.18018018018018017,0.0,0.017932489451476855,0.2014388489208633,20
7552,2018,Belgium,Thomas Meunier,39,39,78,12,16,22,,False,14,111,0.6098901098901099,14,1.0,0.8681318681318682,139,13,22,0.5705128205128205,13,1.0,0.8482905982905985,38,0.06456456456456469,0.1981981981981982,0.0,0.022855133614627075,0.2733812949640288,22
7552,2018,Belgium,Dries Mertens,24,29,53,11,6,19,,False,14,111,0.6098901098901099,14,1.0,0.8681318681318682,139,13,19,0.5897435897435898,13,1.0,0.8589743589743589,25,0.03303303303303309,0.17117117117117117,0.0,0.010548523206751145,0.17985611510791366,19
7552,2018,Belgium,Eden Hazard,21,31,52,9,7,12,,False,14,111,0.6098901098901099,14,1.0,0.8681318681318682,139,13,15,0.6153846153846154,13,1.0,0.8717948717948718,19,-0.009009009009008976,0.13513513513513514,0.0,-0.004219409282700407,0.1366906474820144,15
7552,2018,Belgium,Jan Vertonghen,39,32,71,11,20,5,,False,14,111,0.6098901098901099,14,1.0,0.8681318681318682,139,13,17,0.6025641025641025,13,1.0,0.8589743589743589,25,0.01201201201201215,0.15315315315315314,0.0,0.010548523206751145,0.17985611510791366,17
7552,2018,Belgium,Thibaut Courtois,28,16,44,8,15,0,,False,14,111,0.6098901098901099,14,1.0,0.8681318681318682,139,13,13,0.6282051282051282,13,1.0,0.8782051282051282,15,-0.030030030030029922,0.11711711711711711,0.0,-0.01160337552742612,0.1079136690647482,13
7552,2018,Belgium,Yannick Ferreira Carrasco,23,28,51,11,7,18,,False,14,111,0.6098901098901099,14,1.0,0.8681318681318682,139,13,19,0.5897435897435898,13,1.0,0.8589743589743589,25,0.03303303303303309,0.17117117117117117,0.0,0.010548523206751145,0.17985611510791366,19
7552,2018,Belgium,Marouane Fellaini-Bakkioui,21,22,43,10,6,9,,False,14,111,0.6098901098901099,14,1.0,0.8681318681318682,139,13,14,0.6217948717948718,13,1.0,0.8653846153846154,15,-0.019519519519519447,0.12612612612612611,0.0,0.003164556962025305,0.1079136690647482,14
7552,2018,Belgium,Michy Batshuayi Tunga,5,11,16,7,0,8,,False,14,111,0.6098901098901099,14,1.0,0.8681318681318682,139,13,10,0.6474358974358975,13,1.0,0.8846153846153846,8,-0.06156156156156152,0.09009009009009009,0.0,-0.01898734177215183,0.05755395683453238,10
7552,2018,Belgium,Youri Tielemans,2,2,4,3,1,1,,False,14,111,0.6098901098901099,14,1.0,0.8681318681318682,139,13,4,0.6858974358974359,13,1.0,0.9102564102564102,2,-0.12462462462462454,0.036036036036036036,0.0,-0.04852320675105481,0.014388489208633094,4
7552,2018,Tunisia,Farouk Ben Mustapha,15,6,21,8,10,0,,False,14,117,0.6428571428571429,14,1.0,0.8791208791208791,125,13,12,0.6730769230769231,13,1.0,0.8910256410256411,10,-0.04700854700854701,0.10256410256410256,0.0,-0.013541666666666745,0.08,12
7552,2018,Tunisia,Syam Ben Youssef,15,13,28,9,6,1,,False,14,117,0.6428571428571429,14,1.0,0.8791208791208791,125,13,14,0.6602564102564102,13,1.0,0.8846153846153846,7,-0.027065527065526968,0.11965811965811966,0.0,-0.006249999999999978,0.056,14
7552,2018,Tunisia,Dylan Daniel Mahmoud Bronn,6,7,13,6,1,2,,False,14,117,0.6428571428571429,14,1.0,0.8791208791208791,125,13,9,0.6923076923076923,13,1.0,0.9038461538461539,3,-0.07692307692307682,0.07692307692307693,0.0,-0.02812500000000003,0.024,9
7552,2018,Tunisia,Yassine Meriah,36,28,64,9,25,1,,False,14,117,0.6428571428571429,14,1.0,0.8791208791208791,125,13,16,0.6474358974358975,13,1.0,0.8846153846153846,26,-0.007122507122507097,0.13675213675213677,0.0,-0.006249999999999978,0.208,16
7552,2018,Tunisia,Ali Maâloul,60,51,111,12,17,26,,False,14,117,0.6428571428571429,14,1.0,0.8791208791208791,125,13,21,0.6153846153846154,13,1.0,0.8653846153846154,43,0.04273504273504275,0.1794871794871795,0.0,0.015624999999999944,0.344,21
7552,2018,Tunisia,Ferjani Sassi,47,46,93,12,8,10,,False,14,117,0.6428571428571429,14,1.0,0.8791208791208791,125,13,21,0.6153846153846154,13,1.0,0.8653846153846154,18,0.04273504273504275,0.1794871794871795,0.0,0.015624999999999944,0.144,21
7552,2018,Tunisia,Anice Badri,28,36,64,13,9,19,,False,14,117,0.6428571428571429,14,1.0,0.8791208791208791,125,13,19,0.6282051282051282,13,1.0,0.8589743589743589,28,0.022792022792022883,0.1623931623931624,0.0,0.022916666666666714,0.224,19
7552,2018,Tunisia,Fakhreddine Ben Youssef,18,26,44,11,3,16,,False,14,117,0.6428571428571429,14,1.0,0.8791208791208791,125,13,18,0.6346153846153846,13,1.0,0.8717948717948718,19,0.012820512820512947,0.15384615384615385,0.0,0.008333333333333304,0.152,18
7552,2018,Tunisia,Ellyes Joris Skhiri,47,42,89,12,19,5,,False,14,117,0.6428571428571429,14,1.0,0.8791208791208791,125,13,24,0.5961538461538461,13,1.0,0.8653846153846154,24,0.07264957264957274,0.20512820512820512,0.0,0.015624999999999944,0.192,24
7552,2018,Tunisia,Saîf-Eddine Khaoui,32,35,67,11,12,11,,False,14,117,0.6428571428571429,14,1.0,0.8791208791208791,125,13,19,0.6282051282051282,13,1.0,0.8717948717948718,23,0.022792022792022883,0.1623931623931624,0.0,0.008333333333333304,0.184,19
7552,2018,Tunisia,Wahbi Khazri,18,25,43,9,1,10,,False,14,117,0.6428571428571429,14,1.0,0.8791208791208791,125,13,15,0.6538461538461539,13,1.0,0.8846153846153846,11,-0.017094017094017033,0.1282051282051282,0.0,-0.006249999999999978,0.088,15
7552,2018,Tunisia,Hamdi Nagguez,34,34,68,11,9,17,,False,14,117,0.6428571428571429,14,1.0,0.8791208791208791,125,13,21,0.6153846153846154,13,1.0,0.8717948717948718,26,0.04273504273504275,0.1794871794871795,0.0,0.008333333333333304,0.208,21
7552,2018,Tunisia,Yohan Benalouane,9,10,19,8,5,1,,False,14,117,0.6428571428571429,14,1.0,0.8791208791208791,125,13,14,0.6602564102564102,13,1.0,0.8910256410256411,6,-0.027065527065526968,0.11965811965811966,0.0,-0.013541666666666745,0.048,14
7552,2018,Tunisia,Naïm Sliti,9,15,24,7,0,6,,False,14,117,0.6428571428571429,14,1.0,0.8791208791208791,125,13,11,0.6794871794871795,13,1.0,0.8974358974358975,6,-0.056980056980056946,0.09401709401709402,0.0,-0.020833333333333388,0.048,11
7553,2018,South Korea,Heung-Min Son,32,36,68,12,5,16,,False,14,111,0.6098901098901099,14,1.0,0.8498168498168498,88,13,22,0.5705128205128205,13,1.0,0.8311965811965814,21,0.06456456456456469,0.1981981981981982,0.0,0.021910919540229678,0.23863636363636365,22
7553,2018,South Korea,Sung-Yeung Ki,33,24,57,11,14,4,,False,14,111,0.6098901098901099,14,1.0,0.8498168498168498,88,13,21,0.5769230769230769,13,1.0,0.8376068376068377,18,0.054054054054054224,0.1891891891891892,0.0,0.014367816091953842,0.20454545454545456,21
7553,2018,South Korea,Young-Gwon Kim,26,24,50,12,19,0,,False,14,111,0.6098901098901099,14,1.0,0.8498168498168498,88,13,21,0.5769230769230769,13,1.0,0.8247863247863247,19,0.054054054054054224,0.1891891891891892,0.0,0.029454022988505774,0.2159090909090909,21
7553,2018,South Korea,Hyun-Soo Jang,28,24,52,12,12,2,,False,14,111,0.6098901098901099,14,1.0,0.8498168498168498,88,13,20,0.5833333333333334,13,1.0,0.8311965811965814,14,0.04354354354354357,0.18018018018018017,0.0,0.021910919540229678,0.1590909090909091,20
7553,2018,South Korea,Yong Lee,26,17,43,9,7,7,,False,14,111,0.6098901098901099,14,1.0,0.8498168498168498,88,13,15,0.6153846153846154,13,1.0,0.8504273504273505,14,-0.009009009009008976,0.13513513513513514,0.0,-0.0007183908045978293,0.1590909090909091,15
7553,2018,South Korea,Seon-Min Moon,16,19,35,9,2,10,,False,14,111,0.6098901098901099,14,1.0,0.8498168498168498,88,13,17,0.6025641025641025,13,1.0,0.8525641025641025,12,0.01201201201201215,0.15315315315315314,0.0,-0.003232758620689644,0.13636363636363635,17
7553,2018,South Korea,Se-Jong Ju,24,27,51,9,7,4,,False,14,111,0.6098901098901099,14,1.0,0.8498168498168498,88,13,16,0.6089743589743589,13,1.0,0.8504273504273504,11,0.001501501501501678,0.14414414414414414,0.0,-0.0007183908045976986,0.125,16
7553,2018,South Korea,Jae-Sung Lee,36,39,75,10,5,14,,False,14,111,0.6098901098901099,14,1.0,0.8498168498168498,88,13,19,0.5897435897435898,13,1.0,0.8440170940170939,19,0.03303303303303309,0.17117117117117117,0.0,0.006824712643678267,0.2159090909090909,19
7553,2018,South Korea,Hyeon-Woo Jo,6,4,10,6,4,0,,False,14,111,0.6098901098901099,14,1.0,0.8498168498168498,88,13,8,0.6602564102564102,13,1.0,0.8696581196581196,4,-0.08258258258258247,0.07207207207207207,0.0,-0.023347701149425203,0.045454545454545456,8
7553,2018,South Korea,Min-Woo Kim,24,23,47,10,6,10,,False,14,111,0.6098901098901099,14,1.0,0.8498168498168498,88,13,18,0.5961538461538461,13,1.0,0.8440170940170939,16,0.022522522522522622,0.16216216216216217,0.0,0.006824712643678267,0.18181818181818182,18
7553,2018,South Korea,Hee-Chan Hwang,5,16,21,9,2,9,,False,14,111,0.6098901098901099,14,1.0,0.8498168498168498,88,13,12,0.6346153846153846,13,1.0,0.8504273504273504,11,-0.04054054054054039,0.10810810810810811,0.0,-0.0007183908045976986,0.125,12
7553,2018,South Korea,Seung-Woo Lee,9,14,23,7,2,9,,False,14,111,0.6098901098901099,14,1.0,0.8498168498168498,88,13,13,0.6282051282051282,13,1.0,0.8632478632478632,11,-0.030030030030029922,0.11711711711711711,0.0,-0.015804597701149368,0.125,13
7553,2018,South Korea,Woo-Young Jung,9,9,18,9,2,0,,False,14,111,0.6098901098901099,14,1.0,0.8498168498168498,88,13,14,0.6217948717948718,13,1.0,0.8504273504273504,2,-0.019519519519519447,0.12612612612612611,0.0,-0.0007183908045976986,0.022727272727272728,14
7553,2018,South Korea,Chul Hong,5,3,8,3,1,3,,False,14,111,0.6098901098901099,14,1.0,0.8498168498168498,88,13,6,0.6730769230769231,13,1.0,0.8910256410256411,4,-0.10360360360360359,0.05405405405405406,0.0,-0.04849137931034492,0.045454545454545456,6
7553,2018,Mexico,Jesús Daniel Gallardo Vasconcelos,40,30,70,11,13,8,,False,14,110,0.6043956043956044,14,1.0,0.8461538461538461,119,13,20,0.5769230769230769,13,1.0,0.8333333333333334,21,0.04545454545454548,0.18181818181818182,0.0,0.015151515151515098,0.17647058823529413,20
7553,2018,Mexico,Héctor Alfredo Moreno Herrera,51,45,96,12,18,8,,False,14,110,0.6043956043956044,14,1.0,0.8461538461538461,119,13,21,0.5705128205128205,13,1.0,0.8269230769230769,26,0.05606060606060605,0.19090909090909092,0.0,0.022727272727272776,0.2184873949579832,21
7553,2018,Mexico,Carlos Alberto Vela Garrido,28,31,59,9,9,14,,False,14,110,0.6043956043956044,14,1.0,0.8461538461538461,119,13,16,0.6025641025641025,13,1.0,0.8461538461538461,23,0.00303030303030302,0.14545454545454545,0.0,0.0,0.19327731092436976,16
7553,2018,Mexico,Miguel Arturo Layún Prado,24,30,54,9,6,18,,False,14,110,0.6043956043956044,14,1.0,0.8461538461538461,119,13,16,0.6025641025641025,13,1.0,0.8461538461538461,24,0.00303030303030302,0.14545454545454545,0.0,0.0,0.20168067226890757,16
7553,2018,Mexico,Edson Omar Álvarez Velázquez,63,52,115,10,22,3,,False,14,110,0.6043956043956044,14,1.0,0.8461538461538461,119,13,17,0.5961538461538461,13,1.0,0.8397435897435898,25,0.013636363636363589,0.15454545454545454,0.0,0.007575757575757549,0.21008403361344538,17
7553,2018,Mexico,José Andrés Guardado Hernández,27,24,51,8,5,1,,False,14,110,0.6043956043956044,14,1.0,0.8461538461538461,119,13,16,0.6025641025641025,13,1.0,0.8525641025641025,6,0.00303030303030302,0.14545454545454545,0.0,-0.007575757575757549,0.05042016806722689,16
7553,2018,Mexico,Carlos Joel Salcedo Hernández,60,58,118,12,15,1,,False,14,110,0.6043956043956044,14,1.0,0.8461538461538461,119,13,22,0.5641025641025641,13,1.0,0.8247863247863247,16,0.06666666666666662,0.2,0.0,0.025252525252525294,0.13445378151260504,22
7553,2018,Mexico,Héctor Miguel Herrera López,48,56,104,12,12,17,,False,14,110,0.6043956043956044,14,1.0,0.8461538461538461,119,13,23,0.5576923076923077,13,1.0,0.8269230769230769,29,0.07727272727272719,0.20909090909090908,0.0,0.022727272727272776,0.24369747899159663,23
7553,2018,Mexico,Javier Hernández Balcázar,21,33,54,11,2,21,,False,14,110,0.6043956043956044,14,1.0,0.8461538461538461,119,13,16,0.6025641025641025,13,1.0,0.8333333333333334,23,0.00303030303030302,0.14545454545454545,0.0,0.015151515151515098,0.19327731092436976,16
7553,2018,Mexico,Hirving Rodrigo Lozano Bahena,13,19,32,8,3,14,,False,14,110,0.6043956043956044,14,1.0,0.8461538461538461,119,13,14,0.6153846153846154,13,1.0,0.8525641025641025,17,-0.018181818181818302,0.12727272727272726,0.0,-0.007575757575757549,0.14285714285714285,14
7553,2018,Mexico,Francisco Guillermo Ochoa Magaña,15,12,27,7,10,0,,False,14,110,0.6043956043956044,14,1.0,0.8461538461538461,119,13,11,0.6346153846153846,13,1.0,0.8589743589743589,10,-0.05000000000000001,0.1,0.0,-0.015151515151515098,0.08403361344537816,11
7553,2018,Mexico,Rafael Márquez Álvarez,19,16,35,8,3,2,,False,14,110,0.6043956043956044,14,1.0,0.8461538461538461,119,13,14,0.6153846153846154,13,1.0,0.8525641025641025,5,-0.018181818181818302,0.12727272727272726,0.0,-0.007575757575757549,0.04201680672268908,14
7553,2018,Mexico,Jesús Manuel Corona Ruíz,10,13,23,5,1,11,,False,14,110,0.6043956043956044,14,1.0,0.8461538461538461,119,13,9,0.6474358974358975,13,1.0,0.8717948717948718,12,-0.07121212121212134,0.08181818181818182,0.0,-0.030303030303030328,0.10084033613445378,9
7553,2018,Mexico,Giovani dos Santos Ramírez,3,3,6,4,0,1,,False,14,110,0.6043956043956044,14,1.0,0.8461538461538461,119,13,5,0.6730769230769231,13,1.0,0.8782051282051282,1,-0.11363636363636379,0.045454545454545456,0.0,-0.03787878787878787,0.008403361344537815,5
7554,2018,England,Jesse Lingard,30,38,68,9,1,11,,False,14,116,0.6373626373626373,14,1.0,0.8461538461538461,113,13,17,0.6346153846153846,13,1.0,0.8461538461538461,12,0.004310344827586192,0.14655172413793102,0.0,0.0,0.10619469026548672,17
7554,2018,England,John Stones,93,93,186,11,25,4,,False,14,116,0.6373626373626373,14,1.0,0.8461538461538461,113,13,20,0.6153846153846154,13,1.0,0.8333333333333334,29,0.03448275862068954,0.1724137931034483,0.0,0.015151515151515098,0.25663716814159293,20
7554,2018,England,Harry Maguire,70,74,144,12,12,9,,False,14,116,0.6373626373626373,14,1.0,0.8461538461538461,113,13,22,0.6025641025641025,13,1.0,0.8269230769230769,21,0.05459770114942527,0.1896551724137931,0.0,0.022727272727272776,0.18584070796460178,22
7554,2018,England,Ashley Young,43,35,78,9,5,8,,False,14,116,0.6373626373626373,14,1.0,0.8461538461538461,113,13,17,0.6346153846153846,13,1.0,0.8461538461538461,13,0.004310344827586192,0.14655172413793102,0.0,0.0,0.11504424778761062,17
7554,2018,England,Kyle Walker,104,97,201,11,24,14,,False,14,116,0.6373626373626373,14,1.0,0.8461538461538461,113,13,22,0.6025641025641025,13,1.0,0.8333333333333334,38,0.05459770114942527,0.1896551724137931,0.0,0.015151515151515098,0.336283185840708,22
7554,2018,England,Raheem Sterling,32,38,70,11,1,14,,False,14,116,0.6373626373626373,14,1.0,0.8461538461538461,113,13,21,0.6089743589743589,13,1.0,0.8333333333333334,15,0.04454022988505749,0.1810344827586207,0.0,0.015151515151515098,0.13274336283185842,21
7554,2018,England,Ruben Loftus-Cheek,29,33,62,11,2,23,,False,14,116,0.6373626373626373,14,1.0,0.8461538461538461,113,13,19,0.6217948717948718,13,1.0,0.8333333333333334,25,0.024425287356321754,0.16379310344827586,0.0,0.015151515151515098,0.22123893805309736,19
7554,2018,England,Jordan Brian Henderson,63,63,126,12,17,4,,False,14,116,0.6373626373626373,14,1.0,0.8461538461538461,113,13,24,0.5897435897435898,13,1.0,0.8269230769230769,21,0.07471264367816083,0.20689655172413793,0.0,0.022727272727272776,0.18584070796460178,24
7554,2018,England,Kieran Trippier,24,19,43,8,5,5,,False,14,116,0.6373626373626373,14,1.0,0.8461538461538461,113,13,15,0.6474358974358975,13,1.0,0.8525641025641025,10,-0.015804597701149545,0.12931034482758622,0.0,-0.007575757575757549,0.08849557522123894,15
7554,2018,England,Jordan Pickford,18,11,29,7,15,0,,False,14,116,0.6373626373626373,14,1.0,0.8461538461538461,113,13,12,0.6666666666666666,13,1.0,0.8589743589743589,15,-0.04597701149425289,0.10344827586206896,0.0,-0.015151515151515098,0.13274336283185842,12
7554,2018,England,Harry Kane,9,12,21,7,1,8,,False,14,116,0.6373626373626373,14,1.0,0.8461538461538461,113,13,11,0.6730769230769231,13,1.0,0.8589743589743589,9,-0.05603448275862084,0.09482758620689655,0.0,-0.015151515151515098,0.07964601769911504,11
7554,2018,England,Fabian Delph,22,25,47,9,4,7,,False,14,116,0.6373626373626373,14,1.0,0.8461538461538461,113,13,17,0.6346153846153846,13,1.0,0.8461538461538461,11,0.004310344827586192,0.14655172413793102,0.0,0.0,0.09734513274336283,17
7554,2018,England,Danny Rose,11,10,21,5,1,5,,False,14,116,0.6373626373626373,14,1.0,0.8461538461538461,113,13,9,0.6858974358974359,13,1.0,0.8717948717948718,6,-0.07614942528735641,0.07758620689655173,0.0,-0.030303030303030328,0.05309734513274336,9
7554,2018,England,Jamie Vardy,4,4,8,4,0,1,,False,14,116,0.6373626373626373,14,1.0,0.8461538461538461,113,13,6,0.7051282051282052,13,1.0,0.8782051282051282,1,-0.10632183908045992,0.05172413793103448,0.0,-0.03787878787878787,0.008849557522123894,6
7554,2018,Panama,Aníbal Cesis Godoy,33,32,65,10,8,5,,False,14,108,0.5934065934065934,14,1.0,0.8553113553113554,103,13,18,0.5769230769230769,13,1.0,0.8504273504273504,13,0.027777777777777866,0.16666666666666666,0.0,0.005710206995003678,0.1262135922330097,18
7554,2018,Panama,Armando Enrique Cooper Whitaker,36,44,80,12,10,17,,False,14,108,0.5934065934065934,14,1.0,0.8553113553113554,103,13,23,0.5448717948717948,13,1.0,0.8376068376068375,27,0.08179012345679021,0.21296296296296297,0.0,0.020699500356888122,0.2621359223300971,23
7554,2018,Panama,Jaime Manuel Penedo Cano,8,1,9,5,8,0,,False,14,108,0.5934065934065934,14,1.0,0.8553113553113554,103,13,5,0.6602564102564102,13,1.0,0.8846153846153846,8,-0.1126543209876543,0.046296296296296294,0.0,-0.03426124197002129,0.07766990291262135,5
7554,2018,Panama,Blas Antonio Miguel Pérez Ortega,11,18,29,9,0,13,,False,14,108,0.5934065934065934,14,1.0,0.8553113553113554,103,13,15,0.5961538461538461,13,1.0,0.8568376068376068,13,-0.004629629629629613,0.1388888888888889,0.0,-0.001784439685938479,0.1262135922330097,15
7554,2018,Panama,Edgar Yoel Bárcenas Herrera,14,12,26,9,3,4,,False,14,108,0.5934065934065934,14,1.0,0.8553113553113554,103,13,14,0.6025641025641025,13,1.0,0.8568376068376068,7,-0.015432098765432044,0.12962962962962962,0.0,-0.001784439685938479,0.06796116504854369,14
7554,2018,Panama,José Luis Rodríguez Francis,33,39,72,10,2,24,,False,14,108,0.5934065934065934,14,1.0,0.8553113553113554,103,13,18,0.5769230769230769,13,1.0,0.8504273504273504,26,0.027777777777777866,0.16666666666666666,0.0,0.005710206995003678,0.2524271844660194,18
7554,2018,Panama,Fidel Escobar Mendieta,35,31,66,10,14,3,,False,14,108,0.5934065934065934,14,1.0,0.8553113553113554,103,13,18,0.5769230769230769,13,1.0,0.8504273504273504,17,0.027777777777777866,0.16666666666666666,0.0,0.005710206995003678,0.1650485436893204,18
7554,2018,Panama,Erick Javier Davis Grajales,53,53,106,11,16,17,,False,14,108,0.5934065934065934,14,1.0,0.8553113553113554,103,13,20,0.5641025641025641,13,1.0,0.8440170940170939,33,0.04938271604938273,0.18518518518518517,0.0,0.013204853675945965,0.32038834951456313,20
7554,2018,Panama,Michael Amir Murillo Bermudez,32,32,64,11,10,14,,False,14,108,0.5934065934065934,14,1.0,0.8553113553113554,103,13,18,0.5769230769230769,13,1.0,0.8440170940170939,24,0.027777777777777866,0.16666666666666666,0.0,0.013204853675945965,0.23300970873786409,18
7554,2018,Panama,Román Aureliano Torres Morcillo,28,27,55,11,11,2,,False,14,108,0.5934065934065934,14,1.0,0.8553113553113554,103,13,16,0.5897435897435898,13,1.0,0.8440170940170939,13,0.0061728395061728175,0.14814814814814814,0.0,0.013204853675945965,0.1262135922330097,16
7554,2018,Panama,Gabriel Enrique Gómez Girón,30,27,57,11,8,0,,False,14,108,0.5934065934065934,14,1.0,0.8553113553113554,103,13,20,0.5641025641025641,13,1.0,0.8440170940170939,8,0.04938271604938273,0.18518518518518517,0.0,0.013204853675945965,0.07766990291262135,20
7554,2018,Panama,Ricardo Guardia Avila,17,15,32,10,4,3,,False,14,108,0.5934065934065934,14,1.0,0.8553113553113554,103,13,16,0.5897435897435898,13,1.0,0.8504273504273504,7,0.0061728395061728175,0.14814814814814814,0.0,0.005710206995003678,0.06796116504854369,16
7554,2018,Panama,Felipe Abdiel Baloy Ramírez,16,16,32,7,9,1,,False,14,108,0.5934065934065934,14,1.0,0.8553113553113554,103,13,11,0.6217948717948718,13,1.0,0.8696581196581196,10,-0.047839506172839524,0.10185185185185185,0.0,-0.016773733047822793,0.0970873786407767,11
7554,2018,Panama,Abdiel Arroyo Molinar,3,2,5,4,0,0,,False,14,108,0.5934065934065934,14,1.0,0.8553113553113554,103,13,4,0.6666666666666666,13,1.0,0.8910256410256411,0,-0.12345679012345673,0.037037037037037035,0.0,-0.04175588865096357,0.0,4
7555,2018,Poland,Robert Lewandowski,25,43,68,13,3,28,,False,14,107,0.5879120879120879,14,1.0,0.8571428571428571,103,13,23,0.5384615384615384,13,1.0,0.8333333333333334,31,0.08411214953271036,0.21495327102803738,0.0,0.02777777777777768,0.30097087378640774,23
7555,2018,Poland,Jan Bednarek,46,38,84,11,18,1,,False,14,107,0.5879120879120879,14,1.0,0.8571428571428571,103,13,19,0.5641025641025641,13,1.0,0.8461538461538461,19,0.04049844236760129,0.17757009345794392,0.0,0.012820512820512775,0.18446601941747573,19
7555,2018,Poland,Łukasz Piszczek,42,37,79,9,14,13,,False,14,107,0.5879120879120879,14,1.0,0.8571428571428571,103,13,15,0.5897435897435898,13,1.0,0.8589743589743589,27,-0.003115264797507777,0.14018691588785046,0.0,-0.002136752136752129,0.2621359223300971,15
7555,2018,Poland,Wojciech Szczęsny,14,16,30,8,12,0,,False,14,107,0.5879120879120879,14,1.0,0.8571428571428571,103,13,11,0.6153846153846154,13,1.0,0.8653846153846154,12,-0.04672897196261684,0.102803738317757,0.0,-0.009615384615384711,0.11650485436893204,11
7555,2018,Poland,Jacek Góralski,30,28,58,12,5,3,,False,14,107,0.5879120879120879,14,1.0,0.8571428571428571,103,13,19,0.5641025641025641,13,1.0,0.8397435897435898,8,0.04049844236760129,0.17757009345794392,0.0,0.020299145299145227,0.07766990291262135,19
7555,2018,Poland,Maciej Rybus,25,17,42,12,6,6,,False,14,107,0.5879120879120879,14,1.0,0.8571428571428571,103,13,17,0.5769230769230769,13,1.0,0.8397435897435898,12,0.018691588785046852,0.1588785046728972,0.0,0.020299145299145227,0.11650485436893204,17
7555,2018,Poland,Dawid Kownacki,14,16,30,7,1,9,,False,14,107,0.5879120879120879,14,1.0,0.8571428571428571,103,13,12,0.6089743589743589,13,1.0,0.8717948717948718,10,-0.035825545171339436,0.11214953271028037,0.0,-0.017094017094017165,0.0970873786407767,12
7555,2018,Poland,Piotr Zieliński,33,35,68,10,8,17,,False,14,107,0.5879120879120879,14,1.0,0.8571428571428571,103,13,19,0.5641025641025641,13,1.0,0.8525641025641025,25,0.04049844236760129,0.17757009345794392,0.0,0.005341880341880323,0.24271844660194175,19
7555,2018,Poland,Michał Pazdan,44,45,89,10,18,4,,False,14,107,0.5879120879120879,14,1.0,0.8571428571428571,103,13,19,0.5641025641025641,13,1.0,0.8525641025641025,22,0.04049844236760129,0.17757009345794392,0.0,0.005341880341880323,0.21359223300970873,19
7555,2018,Poland,Bartosz Bereszyński,13,13,26,8,2,9,,False,14,107,0.5879120879120879,14,1.0,0.8571428571428571,103,13,12,0.6089743589743589,13,1.0,0.8653846153846154,11,-0.035825545171339436,0.11214953271028037,0.0,-0.009615384615384711,0.10679611650485436,12
7555,2018,Poland,Grzegorz Krychowiak,38,35,73,12,10,7,,False,14,107,0.5879120879120879,14,1.0,0.8571428571428571,103,13,23,0.5384615384615384,13,1.0,0.8397435897435898,17,0.08411214953271036,0.21495327102803738,0.0,0.020299145299145227,0.1650485436893204,23
7555,2018,Poland,Kamil Grosicki,7,5,12,5,1,2,,False,14,107,0.5879120879120879,14,1.0,0.8571428571428571,103,13,9,0.6282051282051282,13,1.0,0.8846153846153846,3,-0.06853582554517128,0.08411214953271028,0.0,-0.03205128205128207,0.02912621359223301,9
7555,2018,Poland,Łukasz Teodorczyk,2,6,8,6,1,3,,False,14,107,0.5879120879120879,14,1.0,0.8571428571428571,103,13,7,0.6410256410256411,13,1.0,0.8782051282051282,4,-0.09034267912772591,0.06542056074766354,0.0,-0.024572649572649617,0.038834951456310676,7
7555,2018,Poland,Kamil Glik,7,6,13,7,4,1,,False,14,107,0.5879120879120879,14,1.0,0.8571428571428571,103,13,9,0.6282051282051282,13,1.0,0.8717948717948718,5,-0.06853582554517128,0.08411214953271028,0.0,-0.017094017094017165,0.04854368932038835,9
7555,2018,Colombia,Wílmar Enrique Barrios Terán,41,39,80,11,9,6,,False,14,117,0.6428571428571429,14,1.0,0.8791208791208791,120,13,20,0.6217948717948718,13,1.0,0.8717948717948718,15,0.03276353276353282,0.17094017094017094,0.0,0.008333333333333304,0.125,20
7555,2018,Colombia,James David Rodríguez Rubio,62,60,122,13,13,23,,False,14,117,0.6428571428571429,14,1.0,0.8791208791208791,120,13,25,0.5897435897435898,13,1.0,0.8589743589743589,36,0.08262108262108267,0.21367521367521367,0.0,0.022916666666666714,0.3,25
7555,2018,Colombia,Juan Fernando Quintero Paniagua,47,57,104,10,20,11,,False,14,117,0.6428571428571429,14,1.0,0.8791208791208791,120,13,17,0.6410256410256411,13,1.0,0.8782051282051282,31,0.0028490028490028387,0.1452991452991453,0.0,0.001041666666666663,0.25833333333333336,17
7555,2018,Colombia,Juan Guillermo Cuadrado Bello,52,56,108,13,10,31,,False,14,117,0.6428571428571429,14,1.0,0.8791208791208791,120,13,23,0.6025641025641025,13,1.0,0.8589743589743589,41,0.0626780626780628,0.19658119658119658,0.0,0.022916666666666714,0.3416666666666667,23
7555,2018,Colombia,Radamel Falcao García Zárate,20,31,51,10,2,23,,False,14,117,0.6428571428571429,14,1.0,0.8791208791208791,120,13,15,0.6538461538461539,13,1.0,0.8782051282051282,25,-0.017094017094017033,0.1282051282051282,0.0,0.001041666666666663,0.20833333333333334,15
7555,2018,Colombia,Yerry Fernando Mina González,34,28,62,11,15,1,,False,14,117,0.6428571428571429,14,1.0,0.8791208791208791,120,13,19,0.6282051282051282,13,1.0,0.8717948717948718,16,0.022792022792022883,0.1623931623931624,0.0,0.008333333333333304,0.13333333333333333,19
7555,2018,Colombia,Abel Enrique Aguilar Tapia,9,10,19,6,3,1,,False,14,117,0.6428571428571429,14,1.0,0.8791208791208791,120,13,11,0.6794871794871795,13,1.0,0.9038461538461539,4,-0.056980056980056946,0.09401709401709402,0.0,-0.02812500000000003,0.03333333333333333,11
7555,2018,Colombia,Davinson Sánchez Mina,29,29,58,11,12,0,,False,14,117,0.6428571428571429,14,1.0,0.8791208791208791,120,13,19,0.6282051282051282,13,1.0,0.8717948717948718,12,0.022792022792022883,0.1623931623931624,0.0,0.008333333333333304,0.1,19
7555,2018,Colombia,David Ospina Ramírez,14,8,22,8,8,0,,False,14,117,0.6428571428571429,14,1.0,0.8791208791208791,120,13,11,0.6794871794871795,13,1.0,0.8910256410256411,8,-0.056980056980056946,0.09401709401709402,0.0,-0.013541666666666745,0.06666666666666667,11
7555,2018,Colombia,Santiago Arias Naranjo,47,33,80,10,16,8,,False,14,117,0.6428571428571429,14,1.0,0.8791208791208791,120,13,18,0.6346153846153846,13,1.0,0.8782051282051282,24,0.012820512820512947,0.15384615384615385,0.0,0.001041666666666663,0.2,18
7555,2018,Colombia,Johan Andrés Mojica Palacio,26,29,55,10,3,6,,False,14,117,0.6428571428571429,14,1.0,0.8791208791208791,120,13,16,0.6474358974358975,13,1.0,0.8782051282051282,9,-0.007122507122507097,0.13675213675213677,0.0,0.001041666666666663,0.075,16
7555,2018,Colombia,Andrés Mateus Uribe Villa,30,31,61,12,4,5,,False,14,117,0.6428571428571429,14,1.0,0.8791208791208791,120,13,22,0.6089743589743589,13,1.0,0.8653846153846154,9,0.05270655270655286,0.18803418803418803,0.0,0.015624999999999944,0.075,22
7555,2018,Colombia,Jefferson Andrés Lerma Solís,10,12,22,6,5,3,,False,14,117,0.6428571428571429,14,1.0,0.8791208791208791,120,13,10,0.6858974358974359,13,1.0,0.9038461538461539,8,-0.06695156695156688,0.08547008547008547,0.0,-0.02812500000000003,0.06666666666666667,10
7555,2018,Colombia,Carlos Arturo Bacca Ahumada,6,4,10,7,0,2,,False,14,117,0.6428571428571429,14,1.0,0.8791208791208791,120,13,8,0.6987179487179487,13,1.0,0.8974358974358975,2,-0.08689458689458675,0.06837606837606838,0.0,-0.020833333333333388,0.016666666666666666,8
7556,2018,Japan,Shinji Kagawa,32,32,64,9,8,14,,False,14,99,0.5439560439560439,14,1.0,0.8333333333333335,120,13,17,0.5256410256410257,13,1.0,0.8311965811965811,22,0.03367003367003355,0.1717171717171717,0.0,0.002564102564102821,0.18333333333333332,17
7556,2018,Japan,Makoto Hasebe,56,51,107,11,16,7,,False,14,99,0.5439560439560439,14,1.0,0.8333333333333335,120,13,20,0.5064102564102564,13,1.0,0.8183760683760684,23,0.06902356902356899,0.20202020202020202,0.0,0.01794871794871815,0.19166666666666668,20
7556,2018,Japan,Maya Yoshida,50,47,97,9,18,1,,False,14,99,0.5439560439560439,14,1.0,0.8333333333333335,120,13,17,0.5256410256410257,13,1.0,0.8333333333333334,19,0.03367003367003355,0.1717171717171717,0.0,1.3322676295501876e-16,0.15833333333333333,17
7556,2018,Japan,Gen Shōji,55,49,104,9,23,6,,False,14,99,0.5439560439560439,14,1.0,0.8333333333333335,120,13,16,0.532051282051282,13,1.0,0.8311965811965811,29,0.02188552188552181,0.16161616161616163,0.0,0.002564102564102821,0.24166666666666667,16
7556,2018,Japan,Eiji Kawashima,14,10,24,9,10,0,,False,14,99,0.5439560439560439,14,1.0,0.8333333333333335,120,13,12,0.5576923076923077,13,1.0,0.8311965811965811,10,-0.02525252525252537,0.12121212121212122,0.0,0.002564102564102821,0.08333333333333333,12
7556,2018,Japan,Hiroki Sakai,31,26,57,8,14,15,,False,14,99,0.5439560439560439,14,1.0,0.8333333333333335,120,13,14,0.5448717948717948,13,1.0,0.8376068376068375,29,-0.0016835016835016776,0.1414141414141414,0.0,-0.005128205128204843,0.24166666666666667,14
7556,2018,Japan,Gaku Shibasaki,35,36,71,12,11,10,,False,14,99,0.5439560439560439,14,1.0,0.8333333333333335,120,13,20,0.5064102564102564,13,1.0,0.8119658119658119,21,0.06902356902356899,0.20202020202020202,0.0,0.025641025641025945,0.175,20
7556,2018,Japan,Yuto Nagatomo,29,22,51,9,7,9,,False,14,99,0.5439560439560439,14,1.0,0.8333333333333335,120,13,15,0.5384615384615384,13,1.0,0.8247863247863247,16,0.010101010101010065,0.15151515151515152,0.0,0.010256410256410485,0.13333333333333333,15
7556,2018,Japan,Yūya Ōsako,15,26,41,12,3,18,,False,14,99,0.5439560439560439,14,1.0,0.8333333333333335,120,13,17,0.5256410256410257,13,1.0,0.8119658119658119,21,0.03367003367003355,0.1717171717171717,0.0,0.025641025641025945,0.175,17
7556,2018,Japan,Genki Haraguchi,18,28,46,9,2,13,,False,14,99,0.5439560439560439,14,1.0,0.8333333333333335,120,13,16,0.532051282051282,13,1.0,0.8311965811965811,15,0.02188552188552181,0.16161616161616163,0.0,0.002564102564102821,0.125,16
7556,2018,Japan,Takashi Inui,23,25,48,10,4,16,,False,14,99,0.5439560439560439,14,1.0,0.8333333333333335,120,13,16,0.532051282051282,13,1.0,0.8247863247863247,20,0.02188552188552181,0.16161616161616163,0.0,0.010256410256410485,0.16666666666666666,16
7556,2018,Japan,Keisuke Honda,6,10,16,8,3,6,,False,14,99,0.5439560439560439,14,1.0,0.8333333333333335,120,13,10,0.5705128205128205,13,1.0,0.8333333333333335,9,-0.048821548821548856,0.10101010101010101,0.0,0.0,0.075,10
7556,2018,Japan,Shinji Okazaki,3,5,8,5,0,4,,False,14,99,0.5439560439560439,14,1.0,0.8333333333333335,120,13,6,0.5961538461538461,13,1.0,0.856837606837607,4,-0.09595959595959604,0.06060606060606061,0.0,-0.028205128205128233,0.03333333333333333,6
7556,2018,Japan,Takashi Usami,1,1,2,2,1,1,,True,14,99,0.5439560439560439,14,1.0,0.8333333333333335,120,13,2,0.6217948717948718,13,1.0,0.8782051282051282,2,-0.14309764309764322,0.020202020202020204,0.0,-0.05384615384615365,0.016666666666666666,2
7556,2018,Senegal,Kalidou Koulibaly,34,25,59,12,12,3,,False,14,100,0.5494505494505495,14,1.0,0.8498168498168498,88,13,19,0.5192307692307693,13,1.0,0.8311965811965811,15,0.055,0.19,0.0,0.021910919540229938,0.17045454545454544,19
7556,2018,Senegal,Ismaïla Sarr,19,33,52,11,2,22,,False,14,100,0.5494505494505495,14,1.0,0.8498168498168498,88,13,16,0.5384615384615384,13,1.0,0.8376068376068375,24,0.02000000000000013,0.16,0.0,0.014367816091954103,0.2727272727272727,16
7556,2018,Senegal,Moussa Wagué,42,34,76,12,17,3,,False,14,100,0.5494505494505495,14,1.0,0.8498168498168498,88,13,18,0.5256410256410257,13,1.0,0.8290598290598291,20,0.043333333333333376,0.18,0.0,0.024425287356321754,0.22727272727272727,18
7556,2018,Senegal,Papa Alioune N'Diaye,16,14,30,9,3,5,,False,14,100,0.5494505494505495,14,1.0,0.8498168498168498,88,13,15,0.5448717948717948,13,1.0,0.8504273504273504,8,0.008333333333333505,0.15,0.0,-0.0007183908045976986,0.09090909090909091,15
7556,2018,Senegal,Sadio Mané,20,31,51,10,5,14,,False,14,100,0.5494505494505495,14,1.0,0.8498168498168498,88,13,17,0.532051282051282,13,1.0,0.8440170940170939,19,0.03166666666666675,0.17,0.0,0.006824712643678267,0.2159090909090909,17
7556,2018,Senegal,Alfred John Momar N'Diaye,17,16,33,9,7,2,,False,14,100,0.5494505494505495,14,1.0,0.8498168498168498,88,13,16,0.5384615384615384,13,1.0,0.8504273504273504,9,0.02000000000000013,0.16,0.0,-0.0007183908045976986,0.10227272727272728,16
7556,2018,Senegal,M'Baye Babacar Niang,15,27,42,10,1,17,,False,14,100,0.5494505494505495,14,1.0,0.8498168498168498,88,13,18,0.5256410256410257,13,1.0,0.8440170940170939,18,0.043333333333333376,0.18,0.0,0.006824712643678267,0.20454545454545456,18
7556,2018,Senegal,Idrissa Gana Gueye,38,30,68,12,14,3,,False,14,100,0.5494505494505495,14,1.0,0.8498168498168498,88,13,21,0.5064102564102564,13,1.0,0.8311965811965811,17,0.07833333333333345,0.21,0.0,0.021910919540229938,0.19318181818181818,21
7556,2018,Senegal,Youssouf Sabaly,26,23,49,9,4,9,,False,14,100,0.5494505494505495,14,1.0,0.8498168498168498,88,13,16,0.5384615384615384,13,1.0,0.8525641025641025,13,0.02000000000000013,0.16,0.0,-0.003232758620689644,0.14772727272727273,16
7556,2018,Senegal,Khadim N'Diaye,13,16,29,9,12,0,,False,14,100,0.5494505494505495,14,1.0,0.8498168498168498,88,13,11,0.5705128205128205,13,1.0,0.8504273504273504,12,-0.03833333333333319,0.11,0.0,-0.0007183908045976986,0.13636363636363635,11
7556,2018,Senegal,Salif Sané,32,23,55,11,8,3,,False,14,100,0.5494505494505495,14,1.0,0.8498168498168498,88,13,16,0.5384615384615384,13,1.0,0.8376068376068375,11,0.02000000000000013,0.16,0.0,0.014367816091954103,0.125,16
7556,2018,Senegal,Cheikhou Kouyaté,9,6,15,7,2,1,,False,14,100,0.5494505494505495,14,1.0,0.8498168498168498,88,13,9,0.5833333333333334,13,1.0,0.8632478632478632,3,-0.06166666666666665,0.09,0.0,-0.015804597701149368,0.03409090909090909,9
7556,2018,Senegal,Cheikh N'Doye,3,6,9,5,0,5,,False,14,100,0.5494505494505495,14,1.0,0.8498168498168498,88,13,6,0.6025641025641025,13,1.0,0.876068376068376,5,-0.09666666666666651,0.06,0.0,-0.03089080459770104,0.056818181818181816,6
7556,2018,Senegal,Mame Biram Diouf,1,1,2,2,1,1,,True,14,100,0.5494505494505495,14,1.0,0.8498168498168498,88,13,2,0.6282051282051282,13,1.0,0.8974358974358975,2,-0.14333333333333323,0.02,0.0,-0.05603448275862075,0.022727272727272728,2
7557,2018,Portugal,André Miguel Valente Silva,20,26,46,10,1,19,,False,14,102,0.5604395604395604,14,1.0,0.8205128205128207,142,13,17,0.5448717948717948,13,1.0,0.8098290598290597,20,0.027777777777777877,0.16666666666666666,0.0,0.01302083333333369,0.14084507042253522,17
7557,2018,Portugal,William Silva de Carvalho,74,73,147,12,28,8,,False,14,102,0.5604395604395604,14,1.0,0.8205128205128207,142,13,22,0.5128205128205128,13,1.0,0.7970085470085468,36,0.084967320261438,0.21568627450980393,0.0,0.028645833333333766,0.2535211267605634,22
7557,2018,Portugal,Cédric Ricardo Alves Soares,54,45,99,11,13,12,,False,14,102,0.5604395604395604,14,1.0,0.8205128205128207,142,13,20,0.5256410256410257,13,1.0,0.8034188034188033,25,0.06209150326797383,0.19607843137254902,0.0,0.020833333333333662,0.176056338028169,20
7557,2018,Portugal,Kléper Laveran Lima Ferreira,48,45,93,11,16,4,,False,14,102,0.5604395604395604,14,1.0,0.8205128205128207,142,13,18,0.5384615384615384,13,1.0,0.8034188034188033,20,0.03921568627450986,0.17647058823529413,0.0,0.020833333333333662,0.14084507042253522,18
7557,2018,Portugal,José Miguel da Rocha Fonte,64,59,123,11,19,2,,False,14,102,0.5604395604395604,14,1.0,0.8205128205128207,142,13,18,0.5384615384615384,12,0.9230769230769231,0.7307692307692307,21,0.03921568627450986,0.17647058823529413,0.07692307692307687,0.10937500000000026,0.14788732394366197,18
7557,2018,Portugal,João Mário Naval da Costa Eduardo,57,58,115,9,6,25,,False,14,102,0.5604395604395604,14,1.0,0.8205128205128207,142,13,17,0.5448717948717948,13,1.0,0.8162393162393161,31,0.027777777777777877,0.16666666666666666,0.0,0.00520833333333372,0.21830985915492956,17
7557,2018,Portugal,Raphaël Adelino José Guerreiro,58,52,110,10,12,22,,False,14,102,0.5604395604395604,14,1.0,0.8205128205128207,142,13,19,0.532051282051282,13,1.0,0.8098290598290597,34,0.050653594771241844,0.18627450980392157,0.0,0.01302083333333369,0.23943661971830985,19
7557,2018,Portugal,Cristiano Ronaldo dos Santos Aveiro,22,35,57,10,5,19,,False,14,102,0.5604395604395604,14,1.0,0.8205128205128207,142,13,17,0.5448717948717948,13,1.0,0.8098290598290597,24,0.027777777777777877,0.16666666666666666,0.0,0.01302083333333369,0.16901408450704225,17
7557,2018,Portugal,Rui Pedro dos Santos Patrício,12,12,24,5,10,0,,False,14,102,0.5604395604395604,14,1.0,0.8205128205128207,142,13,8,0.6025641025641025,13,1.0,0.8418803418803419,10,-0.07516339869281038,0.0784313725490196,0.0,-0.026041666666666432,0.07042253521126761,8
7557,2018,Portugal,Adrien Sebastian Perruchet Silva,93,87,180,10,29,6,,False,14,102,0.5604395604395604,14,1.0,0.8205128205128207,142,13,20,0.5256410256410257,13,1.0,0.8098290598290597,35,0.06209150326797383,0.19607843137254902,0.0,0.01302083333333369,0.24647887323943662,20
7557,2018,Portugal,Ricardo Andrade Quaresma Bernardo,23,32,55,8,1,20,,False,14,102,0.5604395604395604,14,1.0,0.8205128205128207,142,13,13,0.5705128205128205,13,1.0,0.8226495726495725,21,-0.017973856209150263,0.12745098039215685,0.0,-0.002604166666666251,0.14788732394366197,13
7557,2018,Portugal,Bernardo Mota Veiga de Carvalho e Silva,5,4,9,5,2,3,,False,14,102,0.5604395604395604,14,1.0,0.8205128205128207,142,13,7,0.6089743589743589,13,1.0,0.8440170940170939,5,-0.08660130718954237,0.06862745098039216,0.0,-0.028645833333332954,0.035211267605633804,7
7557,2018,Portugal,João Filipe Iria Santos Moutinho,4,5,9,5,0,1,,False,14,102,0.5604395604395604,14,1.0,0.8205128205128207,142,13,7,0.6089743589743589,13,1.0,0.8440170940170939,1,-0.08660130718954237,0.06862745098039216,0.0,-0.028645833333332954,0.007042253521126761,7
7557,2018,Portugal,Gonçalo Manuel Ganchinho Guedes,0,1,1,1,0,1,,True,14,102,0.5604395604395604,14,1.0,0.8205128205128207,142,13,1,0.6474358974358975,13,1.0,0.8717948717948718,1,-0.15522875816993467,0.00980392156862745,0.0,-0.062499999999999764,0.007042253521126761,1
7557,2018,Iran,Ramin Rezaeian,17,14,31,9,10,5,,False,14,83,0.45604395604395603,14,1.0,0.7857142857142859,62,13,16,0.42948717948717946,13,1.0,0.7649572649572648,15,0.05823293172690767,0.1927710843373494,0.0,0.02641802641802688,0.24193548387096775,16
7557,2018,Iran,Alireza Jahanbakhsh,12,15,27,8,6,8,,False,14,83,0.45604395604395603,14,1.0,0.7857142857142859,62,13,13,0.44871794871794873,13,1.0,0.7820512820512819,14,0.016064257028112393,0.1566265060240964,0.0,0.004662004662005068,0.22580645161290322,13
7557,2018,Iran,Morteza Pouraliganji,15,11,26,7,4,2,,False,14,83,0.45604395604395603,14,1.0,0.7857142857142859,62,13,12,0.4551282051282051,13,1.0,0.7884615384615383,6,0.002008032128514049,0.14457831325301204,0.0,-0.0034965034965030594,0.0967741935483871,12
7557,2018,Iran,Omid Ebrahimi,19,18,37,10,6,5,,False,14,83,0.45604395604395603,14,1.0,0.7857142857142859,62,13,16,0.42948717948717946,13,1.0,0.7692307692307692,11,0.05823293172690767,0.1927710843373494,0.0,0.020979020979021323,0.1774193548387097,16
7557,2018,Iran,Saeid Ezatolahi Afagh,13,13,26,10,5,2,,False,14,83,0.45604395604395603,14,1.0,0.7857142857142859,62,13,17,0.4230769230769231,13,1.0,0.7692307692307692,7,0.07228915662650601,0.20481927710843373,0.0,0.020979020979021323,0.11290322580645161,17
7557,2018,Iran,Seyed Majid Hosseini,15,11,26,9,7,1,,False,14,83,0.45604395604395603,14,1.0,0.7857142857142859,62,13,14,0.4423076923076923,13,1.0,0.7756410256410255,8,0.030120481927710857,0.1686746987951807,0.0,0.012820512820513195,0.12903225806451613,14
7557,2018,Iran,Mehdi Taremi,10,15,25,7,1,13,,False,14,83,0.45604395604395603,14,1.0,0.7857142857142859,62,13,11,0.46153846153846156,13,1.0,0.7905982905982905,14,-0.012048192771084416,0.13253012048192772,0.0,-0.0062160062160057684,0.22580645161290322,11
7557,2018,Iran,Vahid Amiri,14,16,30,10,7,7,,False,14,83,0.45604395604395603,14,1.0,0.7857142857142859,62,13,17,0.4230769230769231,13,1.0,0.7670940170940169,14,0.07228915662650601,0.20481927710843373,0.0,0.02369852369852417,0.22580645161290322,17
7557,2018,Iran,Sardar Azmoun,12,18,30,11,2,14,,False,14,83,0.45604395604395603,14,1.0,0.7857142857142859,62,13,16,0.42948717948717946,13,1.0,0.7585470085470083,16,0.05823293172690767,0.1927710843373494,0.0,0.03457653457653515,0.25806451612903225,16
7557,2018,Iran,Alireza Safar Beiranvand,12,7,19,10,10,0,,False,14,83,0.45604395604395603,14,1.0,0.7857142857142859,62,13,13,0.44871794871794873,13,1.0,0.769230769230769,10,0.016064257028112393,0.1566265060240964,0.0,0.020979020979021466,0.16129032258064516,13
7557,2018,Iran,Ehsan Hajsafi,10,10,20,7,3,2,,False,14,83,0.45604395604395603,14,1.0,0.7857142857142859,62,13,11,0.46153846153846156,13,1.0,0.7905982905982905,5,-0.012048192771084416,0.13253012048192772,0.0,-0.0062160062160057684,0.08064516129032258,11
7557,2018,Iran,Saman Ghoddos,1,3,4,2,1,2,,False,14,83,0.45604395604395603,14,1.0,0.7857142857142859,62,13,3,0.5128205128205128,13,1.0,0.8226495726495725,3,-0.12449799196787141,0.03614457831325301,0.0,-0.04700854700854654,0.04838709677419355,3
7557,2018,Iran,Karim Ansarifard,1,2,3,2,0,1,,False,14,83,0.45604395604395603,14,1.0,0.7857142857142859,62,13,3,0.5128205128205128,13,1.0,0.8269230769230769,1,-0.12449799196787141,0.03614457831325301,0.0,-0.05244755244755211,0.016129032258064516,3
7557,2018,Iran,Milad Mohammadi,3,1,4,4,0,0,,False,14,83,0.45604395604395603,14,1.0,0.7857142857142859,62,13,4,0.5064102564102564,13,1.0,0.8076923076923075,0,-0.11044176706827306,0.04819277108433735,0.0,-0.02797202797202744,0.0,4
7558,2018,Russia,Aleksey Miranchuk,15,15,30,11,0,6,,False,14,106,0.5824175824175825,14,1.0,0.8681318681318682,98,13,18,0.5641025641025641,13,1.0,0.8589743589743589,6,0.03144654088050322,0.16981132075471697,0.0,0.010548523206751145,0.061224489795918366,18
7558,2018,Russia,Sergei Ignashevich,19,18,37,11,10,0,,False,14,106,0.5824175824175825,14,1.0,0.8681318681318682,98,13,14,0.5897435897435898,13,1.0,0.8589743589743589,10,-0.012578616352201212,0.1320754716981132,0.0,0.010548523206751145,0.10204081632653061,14
7558,2018,Russia,Artem Dzyuba,18,35,53,13,3,27,,False,14,106,0.5824175824175825,14,1.0,0.8681318681318682,98,13,20,0.5512820512820513,13,1.0,0.8461538461538461,30,0.05345911949685534,0.18867924528301888,0.0,0.02531645569620257,0.30612244897959184,20
7558,2018,Russia,Fedor Kudryashov,38,30,68,10,12,14,,False,14,106,0.5824175824175825,14,1.0,0.8681318681318682,98,13,18,0.5641025641025641,13,1.0,0.8653846153846154,26,0.03144654088050322,0.16981132075471697,0.0,0.003164556962025305,0.2653061224489796,18
7558,2018,Russia,Igor Akinfeev,18,10,28,8,17,0,,False,14,106,0.5824175824175825,14,1.0,0.8681318681318682,98,13,10,0.6153846153846154,13,1.0,0.8782051282051282,17,-0.05660377358490565,0.09433962264150944,0.0,-0.01160337552742612,0.17346938775510204,10
7558,2018,Russia,Yury Gazinskiy,17,13,30,9,2,1,,False,14,106,0.5824175824175825,14,1.0,0.8681318681318682,98,13,14,0.5897435897435898,13,1.0,0.8717948717948718,3,-0.012578616352201212,0.1320754716981132,0.0,-0.004219409282700407,0.030612244897959183,14
7558,2018,Russia,Aleksandr Samedov,31,34,65,10,5,14,,False,14,106,0.5824175824175825,14,1.0,0.8681318681318682,98,13,19,0.5576923076923077,13,1.0,0.8653846153846154,19,0.042452830188679284,0.1792452830188679,0.0,0.003164556962025305,0.19387755102040816,19
7558,2018,Russia,Roman Zobnin,37,34,71,11,11,2,,False,14,106,0.5824175824175825,14,1.0,0.8681318681318682,98,13,20,0.5512820512820513,13,1.0,0.8589743589743589,13,0.05345911949685534,0.18867924528301888,0.0,0.010548523206751145,0.1326530612244898,20
7558,2018,Russia,Ilya Kutepov,27,26,53,13,17,2,,False,14,106,0.5824175824175825,14,1.0,0.8681318681318682,98,13,21,0.5448717948717948,13,1.0,0.8461538461538461,19,0.0644654088050316,0.19811320754716982,0.0,0.02531645569620257,0.19387755102040816,21
7558,2018,Russia,Denis Cheryshev,5,10,15,5,2,5,,False,14,106,0.5824175824175825,14,1.0,0.8681318681318682,98,13,7,0.6346153846153846,13,1.0,0.8974358974358975,7,-0.08962264150943383,0.0660377358490566,0.0,-0.03375527426160338,0.07142857142857142,7
7558,2018,Russia,Igor Smolnikov,9,10,19,7,4,1,,False,14,106,0.5824175824175825,14,1.0,0.8681318681318682,98,13,10,0.6153846153846154,13,1.0,0.8846153846153846,5,-0.05660377358490565,0.09433962264150944,0.0,-0.01898734177215183,0.05102040816326531,10
7558,2018,Russia,Mário Figueira Fernandes,32,27,59,9,11,13,,False,14,106,0.5824175824175825,14,1.0,0.8681318681318682,98,13,15,0.5833333333333334,13,1.0,0.8717948717948718,24,-0.0015723270440251515,0.14150943396226415,0.0,-0.004219409282700407,0.24489795918367346,15
7558,2018,Russia,Daler Kuzyaev,13,14,27,9,3,3,,False,14,106,0.5824175824175825,14,1.0,0.8681318681318682,98,13,14,0.5897435897435898,13,1.0,0.8717948717948718,6,-0.012578616352201212,0.1320754716981132,0.0,-0.004219409282700407,0.061224489795918366,14
7558,2018,Russia,Fyodor Smolov,11,14,25,8,1,10,,False,14,106,0.5824175824175825,14,1.0,0.8681318681318682,98,13,12,0.6025641025641025,13,1.0,0.8782051282051282,11,-0.034591194968553333,0.11320754716981132,0.0,-0.01160337552742612,0.11224489795918367,12
7558,2018,Uruguay,Néstor Fernando Muslera Micol,14,6,20,6,13,0,,False,14,102,0.5604395604395604,14,1.0,0.8186813186813189,148,13,10,0.5897435897435898,13,1.0,0.8354700854700857,13,-0.052287581699346414,0.09803921568627451,0.0,-0.020507084265473586,0.08783783783783784,10
7558,2018,Uruguay,Sebastián Coates Nión,60,50,110,9,25,3,,False,14,102,0.5604395604395604,14,1.0,0.8186813186813189,148,13,17,0.5448717948717948,13,1.0,0.8162393162393162,28,0.027777777777777877,0.16666666666666666,0.0,0.002982848620432773,0.1891891891891892,17
7558,2018,Uruguay,José Martín Cáceres Silva,54,52,106,10,16,26,,False,14,102,0.5604395604395604,14,1.0,0.8186813186813189,148,13,19,0.532051282051282,13,1.0,0.8076923076923076,42,0.050653594771241844,0.18627450980392157,0.0,0.013422818791946664,0.28378378378378377,19
7558,2018,Uruguay,Diego Roberto Godín Leal,44,42,86,8,24,2,,False,14,102,0.5604395604395604,14,1.0,0.8186813186813189,148,13,14,0.5641025641025641,13,1.0,0.8205128205128204,26,-0.006535947712418277,0.13725490196078433,0.0,-0.0022371364653239693,0.17567567567567569,14
7558,2018,Uruguay,Diego Sebastián Laxalt Suárez,47,40,87,10,10,23,,False,14,102,0.5604395604395604,14,1.0,0.8186813186813189,148,13,18,0.5384615384615384,13,1.0,0.8076923076923076,33,0.03921568627450986,0.17647058823529413,0.0,0.013422818791946664,0.22297297297297297,18
7558,2018,Uruguay,Matías Vecino Falero,61,59,120,11,22,15,,False,14,102,0.5604395604395604,14,1.0,0.8186813186813189,148,13,21,0.5192307692307693,13,1.0,0.8012820512820512,37,0.07352941176470582,0.20588235294117646,0.0,0.021252796420581983,0.25,21
7558,2018,Uruguay,Nahitan Michel Nández Acosta,30,34,64,7,7,12,,False,14,102,0.5604395604395604,14,1.0,0.8186813186813189,148,13,13,0.5705128205128205,13,1.0,0.8269230769230771,19,-0.017973856209150263,0.12745098039215685,0.0,-0.010067114093959693,0.12837837837837837,13
7558,2018,Uruguay,Edinson Roberto Cavani Gómez,13,18,31,9,2,13,,False,14,102,0.5604395604395604,14,1.0,0.8186813186813189,148,13,15,0.5576923076923077,13,1.0,0.814102564102564,15,0.004901960784313708,0.14705882352941177,0.0,0.005592841163311347,0.10135135135135136,15
7558,2018,Uruguay,Lucas Torreira Di Pascua,53,48,101,12,15,12,,False,14,102,0.5604395604395604,14,1.0,0.8186813186813189,148,13,21,0.5192307692307693,13,1.0,0.7948717948717948,27,0.07352941176470582,0.20588235294117646,0.0,0.0290827740492173,0.18243243243243243,21
7558,2018,Uruguay,Luis Alberto Suárez Díaz,17,27,44,9,3,21,,False,14,102,0.5604395604395604,14,1.0,0.8186813186813189,148,13,16,0.5512820512820513,13,1.0,0.814102564102564,24,0.016339869281045694,0.1568627450980392,0.0,0.005592841163311347,0.16216216216216217,16
7558,2018,Uruguay,Rodrigo Bentancur Colmán,23,33,56,9,3,10,,False,14,102,0.5604395604395604,14,1.0,0.8186813186813189,148,13,16,0.5512820512820513,13,1.0,0.8162393162393162,13,0.016339869281045694,0.1568627450980392,0.0,0.002982848620432773,0.08783783783783784,16
7558,2018,Uruguay,Giorgian Daniel De Arrascaeta Benedetti,15,18,33,10,5,6,,False,14,102,0.5604395604395604,14,1.0,0.8186813186813189,148,13,14,0.5641025641025641,13,1.0,0.7991452991452989,11,-0.006535947712418277,0.13725490196078433,0.0,0.023862788963460693,0.07432432432432433,14
7558,2018,Uruguay,Cristian Gabriel Rodríguez Barrotti,4,8,12,6,3,4,,False,14,102,0.5604395604395604,14,1.0,0.8186813186813189,148,13,8,0.6025641025641025,13,1.0,0.8333333333333335,7,-0.07516339869281038,0.0784313725490196,0.0,-0.017897091722595012,0.0472972972972973,8
7558,2018,Uruguay,Maximiliano Gómez González,1,1,2,2,0,1,,True,14,102,0.5604395604395604,14,1.0,0.8186813186813189,148,13,2,0.6410256410256411,13,1.0,0.8653846153846154,1,-0.1437908496732027,0.0196078431372549,0.0,-0.0570469798657716,0.006756756756756757,2
7559,2018,Egypt,Marwan Mohsen,7,15,22,9,3,13,,False,14,99,0.5439560439560439,14,1.0,0.8406593406593407,108,13,11,0.5641025641025641,13,1.0,0.8397435897435898,16,-0.03703703703703711,0.1111111111111111,0.0,0.0010893246187363796,0.14814814814814814,11
7559,2018,Egypt,Mohamed Naser Elsayed Elneny,38,37,75,13,7,5,,False,14,99,0.5439560439560439,14,1.0,0.8406593406593407,108,13,22,0.4935897435897436,13,1.0,0.8119658119658119,12,0.09259259259259248,0.2222222222222222,0.0,0.03413217138707349,0.1111111111111111,22
7559,2018,Egypt,Ahmed Fathy Abdel Meneim Ibrahim,32,31,63,9,12,9,,False,14,99,0.5439560439560439,14,1.0,0.8406593406593407,108,13,16,0.532051282051282,13,1.0,0.8397435897435898,21,0.02188552188552181,0.16161616161616163,0.0,0.0010893246187363796,0.19444444444444445,16
7559,2018,Egypt,Ali Gabr,26,22,48,6,11,2,,False,14,99,0.5439560439560439,14,1.0,0.8406593406593407,108,13,12,0.5576923076923077,13,1.0,0.8589743589743589,13,-0.02525252525252537,0.12121212121212122,0.0,-0.02178649237472759,0.12037037037037036,12
7559,2018,Egypt,Ahmed Elsayed Ali Elsayed Hegazy,29,29,58,12,17,2,,False,14,99,0.5439560439560439,14,1.0,0.8406593406593407,108,13,17,0.5256410256410257,13,1.0,0.8205128205128205,19,0.03367003367003355,0.1717171717171717,0.0,0.023965141612200484,0.17592592592592593,17
7559,2018,Egypt,Mohamed Abdul Shafy Sayed Abouezeid,38,29,67,10,15,10,,False,14,99,0.5439560439560439,14,1.0,0.8406593406593407,108,13,16,0.532051282051282,13,1.0,0.8333333333333334,25,0.02188552188552181,0.16161616161616163,0.0,0.008714596949891037,0.23148148148148148,16
7559,2018,Egypt,Abdalla Mahmoud El Said Bekhit,12,19,31,9,3,11,,False,14,99,0.5439560439560439,14,1.0,0.8406593406593407,108,13,14,0.5448717948717948,13,1.0,0.8397435897435898,14,-0.0016835016835016776,0.1414141414141414,0.0,0.0010893246187363796,0.12962962962962962,14
7559,2018,Egypt,Mohamed Salah,15,20,35,10,3,14,,False,14,99,0.5439560439560439,14,1.0,0.8406593406593407,108,13,17,0.5256410256410257,13,1.0,0.8333333333333334,17,0.03367003367003355,0.1717171717171717,0.0,0.008714596949891037,0.1574074074074074,17
7559,2018,Egypt,Essam Kamal Tawfik El Hadary,14,2,16,6,11,0,,False,14,99,0.5439560439560439,14,1.0,0.8406593406593407,108,13,8,0.5833333333333334,13,1.0,0.8589743589743589,11,-0.07239057239057255,0.08080808080808081,0.0,-0.02178649237472759,0.10185185185185185,8
7559,2018,Egypt,Mahmoud Ibrahim Hassan,15,23,38,9,3,17,,False,14,99,0.5439560439560439,14,1.0,0.8406593406593407,108,13,15,0.5384615384615384,13,1.0,0.8397435897435898,20,0.010101010101010065,0.15151515151515152,0.0,0.0010893246187363796,0.18518518518518517,15
7559,2018,Egypt,Tarek Hamed,45,40,85,11,16,10,,False,14,99,0.5439560439560439,14,1.0,0.8406593406593407,108,13,21,0.5,13,1.0,0.8269230769230769,26,0.08080808080808073,0.21212121212121213,0.0,0.016339869281045825,0.24074074074074073,21
7559,2018,Egypt,Amr Medhat Warda,11,13,24,10,3,7,,False,14,99,0.5439560439560439,14,1.0,0.8406593406593407,108,13,15,0.5384615384615384,13,1.0,0.8333333333333334,10,0.010101010101010065,0.15151515151515152,0.0,0.008714596949891037,0.09259259259259259,15
7559,2018,Egypt,Ramadan Sobhi Ramadan Ahmed,7,9,16,6,3,7,,False,14,99,0.5439560439560439,14,1.0,0.8406593406593407,108,13,9,0.5769230769230769,13,1.0,0.8589743589743589,10,-0.0606060606060606,0.09090909090909091,0.0,-0.02178649237472759,0.09259259259259259,9
7559,2018,Egypt,Mahmoud Abdul Monem Abdelhamid Soliman,3,3,6,4,1,1,,False,14,99,0.5439560439560439,14,1.0,0.8406593406593407,108,13,5,0.6025641025641025,13,1.0,0.8717948717948718,2,-0.10774410774410778,0.050505050505050504,0.0,-0.037037037037037035,0.018518518518518517,5
7559,2018,Saudi Arabia,Abdullah Ibrahim Otayf,107,99,206,11,21,8,,False,13,102,0.6538461538461539,13,1.0,0.8589743589743589,139,12,21,0.6136363636363636,12,1.0,0.8409090909090909,29,0.06149732620320855,0.20588235294117646,0.0,0.021031207598371682,0.20863309352517986,21
7559,2018,Saudi Arabia,Salman Mohammed Al Faraj,89,92,181,12,25,24,,False,13,102,0.6538461538461539,13,1.0,0.8589743589743589,139,12,22,0.6060606060606061,12,1.0,0.8207070707070705,49,0.0730837789661319,0.21568627450980393,0.0,0.04454997738579847,0.35251798561151076,22
7559,2018,Saudi Arabia,Yasir Gharsan Al Shahrani,63,61,124,11,16,17,,False,13,102,0.6538461538461539,13,1.0,0.8589743589743589,139,12,21,0.6136363636363636,12,1.0,0.8409090909090909,33,0.06149732620320855,0.20588235294117646,0.0,0.021031207598371682,0.23741007194244604,21
7559,2018,Saudi Arabia,Hussain Al Mogahwi,68,74,142,10,9,20,,False,13,102,0.6538461538461539,13,1.0,0.8589743589743589,139,12,20,0.6212121212121212,12,1.0,0.8484848484848485,29,0.04991087344028521,0.19607843137254902,0.0,0.012211668928086748,0.20863309352517986,20
7559,2018,Saudi Arabia,Hattan Babhir,25,30,55,8,4,10,,False,13,102,0.6538461538461539,13,1.0,0.8589743589743589,139,12,15,0.6590909090909091,12,1.0,0.8636363636363636,14,-0.008021390374331491,0.14705882352941177,0.0,-0.005427408412483114,0.10071942446043165,15
7559,2018,Saudi Arabia,Salem Mohammed Al Dawsari,59,69,128,9,14,25,,False,13,102,0.6538461538461539,13,1.0,0.8589743589743589,139,12,18,0.6363636363636364,12,1.0,0.8560606060606061,39,0.02673796791443853,0.17647058823529413,0.0,0.0033921302578018174,0.2805755395683453,18
7559,2018,Saudi Arabia,Mohammed Al Burayk,78,73,151,10,8,15,,False,13,102,0.6538461538461539,13,1.0,0.8589743589743589,139,12,19,0.6287878787878788,12,1.0,0.8484848484848485,23,0.03832442067736187,0.18627450980392157,0.0,0.012211668928086748,0.16546762589928057,19
7559,2018,Saudi Arabia,Osama Abdulrezag Hawsawi,30,23,53,10,15,1,,False,13,102,0.6538461538461539,13,1.0,0.8589743589743589,139,12,16,0.6515151515151515,12,1.0,0.8484848484848485,16,0.0035650623885918496,0.1568627450980392,0.0,0.012211668928086748,0.11510791366906475,16
7559,2018,Saudi Arabia,Motaz Ali Hassan Hawsawi,27,18,45,8,11,0,,False,13,102,0.6538461538461539,13,1.0,0.8589743589743589,139,12,14,0.6666666666666666,12,1.0,0.8636363636363636,11,-0.019607843137254832,0.13725490196078433,0.0,-0.005427408412483114,0.07913669064748201,14
7559,2018,Saudi Arabia,Yasser Abdullah Al Mosailem,12,8,20,7,10,0,,False,13,102,0.6538461538461539,13,1.0,0.8589743589743589,139,12,10,0.696969696969697,12,1.0,0.8712121212121212,10,-0.06595365418894837,0.09803921568627451,0.0,-0.014246947082768045,0.07194244604316546,10
7559,2018,Saudi Arabia,Fahad Mosaed Al Muwallad Al Harbi,11,20,31,7,1,13,,False,13,102,0.6538461538461539,13,1.0,0.8589743589743589,139,12,13,0.6742424242424242,12,1.0,0.8712121212121212,14,-0.031194295900178172,0.12745098039215685,0.0,-0.014246947082768045,0.10071942446043165,13
7559,2018,Saudi Arabia,Mohanad Aseri Abu Radiah,0,4,4,2,0,3,,False,13,102,0.6538461538461539,13,1.0,0.8589743589743589,139,12,2,0.7575757575757576,12,1.0,0.9090909090909091,3,-0.1586452762923351,0.0196078431372549,0.0,-0.058344640434192706,0.02158273381294964,2
7559,2018,Saudi Arabia,Yehya Sulaiman Ali Al-Shehri,20,18,38,7,5,3,,False,13,102,0.6538461538461539,13,1.0,0.8589743589743589,139,12,13,0.6742424242424242,12,1.0,0.8712121212121212,8,-0.031194295900178172,0.12745098039215685,0.0,-0.014246947082768045,0.05755395683453238,13
7560,2018,Spain,Diego da Silva Costa,17,25,42,9,2,17,,False,14,113,0.6208791208791209,14,1.0,0.8626373626373627,171,13,16,0.6217948717948718,13,1.0,0.8653846153846154,19,-0.0014749262536873104,0.1415929203539823,0.0,-0.003184713375796167,0.1111111111111111,16
7560,2018,Spain,Sergio Busquets i Burgos,56,48,104,13,13,4,,False,14,113,0.6208791208791209,14,1.0,0.8626373626373627,171,13,21,0.5897435897435898,13,1.0,0.8397435897435898,17,0.05014749262536873,0.18584070796460178,0.0,0.026539278131634852,0.09941520467836257,21
7560,2018,Spain,Thiago Alcântara do Nascimento,87,83,170,10,16,10,,False,14,113,0.6208791208791209,14,1.0,0.8626373626373627,171,13,19,0.6025641025641025,13,1.0,0.8589743589743589,26,0.029498525073746385,0.168141592920354,0.0,0.004246284501061685,0.15204678362573099,19
7560,2018,Spain,David Josué Jiménez Silva,36,40,76,11,7,15,,False,14,113,0.6208791208791209,14,1.0,0.8626373626373627,171,13,19,0.6025641025641025,13,1.0,0.8525641025641025,22,0.029498525073746385,0.168141592920354,0.0,0.011677282377919406,0.1286549707602339,19
7560,2018,Spain,Sergio Ramos García,96,91,187,11,45,3,,False,14,113,0.6208791208791209,14,1.0,0.8626373626373627,171,13,21,0.5897435897435898,13,1.0,0.8525641025641025,48,0.05014749262536873,0.18584070796460178,0.0,0.011677282377919406,0.2807017543859649,21
7560,2018,Spain,Jordi Alba Ramos,66,61,127,9,5,25,,False,14,113,0.6208791208791209,14,1.0,0.8626373626373627,171,13,16,0.6217948717948718,13,1.0,0.8653846153846154,30,-0.0014749262536873104,0.1415929203539823,0.0,-0.003184713375796167,0.17543859649122806,16
7560,2018,Spain,Francisco Román Alarcón Suárez,90,99,189,11,19,29,,False,14,113,0.6208791208791209,14,1.0,0.8626373626373627,171,13,20,0.5961538461538461,13,1.0,0.8525641025641025,48,0.039823008849557556,0.17699115044247787,0.0,0.011677282377919406,0.2807017543859649,20
7560,2018,Spain,Andrés Iniesta Luján,77,87,164,10,19,23,,False,14,113,0.6208791208791209,14,1.0,0.8626373626373627,171,13,17,0.6153846153846154,13,1.0,0.8589743589743589,42,0.008849557522123862,0.1504424778761062,0.0,0.004246284501061685,0.24561403508771928,17
7560,2018,Spain,Gerard Piqué Bernabéu,71,64,135,11,30,1,,False,14,113,0.6208791208791209,14,1.0,0.8626373626373627,171,13,20,0.5961538461538461,13,1.0,0.8525641025641025,31,0.039823008849557556,0.17699115044247787,0.0,0.011677282377919406,0.18128654970760233,20
7560,2018,Spain,David de Gea Quintana,9,6,15,7,5,0,,False,14,113,0.6208791208791209,14,1.0,0.8626373626373627,171,13,10,0.6602564102564102,13,1.0,0.8782051282051282,5,-0.06342182890855452,0.08849557522123894,0.0,-0.01804670912951161,0.029239766081871343,10
7560,2018,Spain,Daniel Carvajal Ramos,56,51,107,12,7,33,,False,14,113,0.6208791208791209,14,1.0,0.8626373626373627,171,13,21,0.5897435897435898,13,1.0,0.8461538461538461,40,0.05014749262536873,0.18584070796460178,0.0,0.01910828025477713,0.23391812865497075,21
7560,2018,Spain,Marco Asensio Willemsen,7,8,15,7,2,2,,False,14,113,0.6208791208791209,14,1.0,0.8626373626373627,171,13,11,0.6538461538461539,13,1.0,0.8782051282051282,4,-0.053097345132743355,0.09734513274336283,0.0,-0.01804670912951161,0.023391812865497075,11
7560,2018,Spain,Rodrigo Moreno Machado,2,6,8,5,0,5,,False,14,113,0.6208791208791209,14,1.0,0.8626373626373627,171,13,7,0.6794871794871795,13,1.0,0.8910256410256411,5,-0.09439528023598823,0.061946902654867256,0.0,-0.03290870488322719,0.029239766081871343,7
7560,2018,Spain,Iago Aspas Juncal,5,6,11,6,1,4,,False,14,113,0.6208791208791209,14,1.0,0.8626373626373627,171,13,8,0.6730769230769231,13,1.0,0.8846153846153846,5,-0.08407079646017705,0.07079646017699115,0.0,-0.025477707006369334,0.029239766081871343,8
7560,2018,Morocco,Karim El Ahmadi Al Aroos,14,6,20,9,4,0,,False,14,92,0.5054945054945055,14,1.0,0.8260073260073262,52,13,13,0.5064102564102564,13,1.0,0.8247863247863247,4,-0.0018115942028985445,0.14130434782608695,0.0,0.001478196600148083,0.07692307692307693,13
7560,2018,Morocco,Nordin Amrabat,12,13,25,11,0,7,,False,14,92,0.5054945054945055,14,1.0,0.8260073260073262,52,13,14,0.5,13,1.0,0.8098290598290596,7,0.010869565217391266,0.15217391304347827,0.0,0.019586104951959074,0.1346153846153846,14
7560,2018,Morocco,Hakim Ziyech,14,18,32,11,2,5,,False,14,92,0.5054945054945055,14,1.0,0.8260073260073262,52,13,18,0.47435897435897434,13,1.0,0.8098290598290596,7,0.06159420289855073,0.1956521739130435,0.0,0.019586104951959074,0.1346153846153846,18
7560,2018,Morocco,Achraf Hakimi Mouh,21,21,42,11,6,8,,False,14,92,0.5054945054945055,14,1.0,0.8260073260073262,52,13,19,0.46794871794871795,13,1.0,0.8098290598290596,14,0.07427536231884053,0.20652173913043478,0.0,0.019586104951959074,0.2692307692307692,19
7560,2018,Morocco,Younès Belhanda,15,14,29,8,2,3,,False,14,92,0.5054945054945055,14,1.0,0.8260073260073262,52,13,13,0.5064102564102564,13,1.0,0.8311965811965814,5,-0.0018115942028985445,0.14130434782608695,0.0,-0.00628233555062821,0.09615384615384616,13
7560,2018,Morocco,Khalid Boutaïb,8,12,20,8,2,8,,False,14,92,0.5054945054945055,14,1.0,0.8260073260073262,52,13,13,0.5064102564102564,13,1.0,0.8311965811965814,10,-0.0018115942028985445,0.14130434782608695,0.0,-0.00628233555062821,0.19230769230769232,13
7560,2018,Morocco,Nabil Dirar,23,23,46,10,8,5,,False,14,92,0.5054945054945055,14,1.0,0.8260073260073262,52,13,17,0.4807692307692308,13,1.0,0.816239316239316,13,0.04891304347826081,0.18478260869565216,0.0,0.01182557280118305,0.25,17
7560,2018,Morocco,Mbark Boussoufa,21,24,45,11,4,7,,False,14,92,0.5054945054945055,14,1.0,0.8260073260073262,52,13,17,0.4807692307692308,13,1.0,0.8098290598290596,11,0.04891304347826081,0.18478260869565216,0.0,0.019586104951959074,0.21153846153846154,17
7560,2018,Morocco,Manuel Marouan da Costa Trinidade,17,15,32,10,5,2,,False,14,92,0.5054945054945055,14,1.0,0.8260073260073262,52,13,15,0.4935897435897436,13,1.0,0.816239316239316,7,0.023550724637681077,0.16304347826086957,0.0,0.01182557280118305,0.1346153846153846,15
7560,2018,Morocco,Romain Saïss,19,17,36,11,8,2,,False,14,92,0.5054945054945055,14,1.0,0.8260073260073262,52,13,17,0.4807692307692308,13,1.0,0.8119658119658119,10,0.04891304347826081,0.18478260869565216,0.0,0.016999260901700265,0.19230769230769232,17
7560,2018,Morocco,Munir Mohand Mohamedi,13,12,25,9,11,0,,False,14,92,0.5054945054945055,14,1.0,0.8260073260073262,52,13,12,0.5128205128205128,13,1.0,0.8247863247863247,11,-0.014492753623188356,0.13043478260869565,0.0,0.001478196600148083,0.21153846153846154,12
7560,2018,Morocco,Fayçal Fajr,7,8,15,8,0,2,,False,14,92,0.5054945054945055,14,1.0,0.8260073260073262,52,13,11,0.5192307692307693,12,0.9230769230769231,0.7628205128205128,2,-0.027173913043478385,0.11956521739130435,0.07692307692307687,0.07649667405764991,0.038461538461538464,11
7560,2018,Morocco,Youssef En-Nesyri,2,4,6,4,0,3,,False,14,92,0.5054945054945055,14,1.0,0.8260073260073262,52,13,4,0.5641025641025641,13,1.0,0.854700854700855,3,-0.11594202898550728,0.043478260869565216,0.0,-0.0347376201034739,0.057692307692307696,4
7560,2018,Morocco,Aziz Bouhaddouz,1,0,1,1,0,0,,True,14,92,0.5054945054945055,14,1.0,0.8260073260073262,52,13,1,0.5833333333333334,13,1.0,0.8846153846153846,0,-0.15398550724637694,0.010869565217391304,0.0,-0.07095343680709508,0.0,1
7561,2018,Iceland,Johann Berg Guðmunds­son,27,26,53,11,8,19,,False,14,88,0.4835164835164835,14,1.0,0.7967032967032969,85,13,20,0.4358974358974359,13,1.0,0.7735042735042733,27,0.09848484848484848,0.22727272727272727,0.0,0.0291187739463606,0.3176470588235294,20
7561,2018,Iceland,Ragnar Sigurðsson,18,14,32,8,8,2,,False,14,88,0.4835164835164835,14,1.0,0.7967032967032969,85,13,14,0.47435897435897434,13,1.0,0.7948717948717948,10,0.01893939393939399,0.1590909090909091,0.0,0.002298850574712914,0.11764705882352941,14
7561,2018,Iceland,Aron Einar Gunnarsson,29,21,50,10,13,0,,False,14,88,0.4835164835164835,14,1.0,0.7967032967032969,85,13,17,0.4551282051282051,13,1.0,0.7820512820512819,13,0.05871212121212123,0.19318181818181818,0.0,0.0183908045977015,0.15294117647058825,17
7561,2018,Iceland,Sverrir Ingi Ingason,25,19,44,10,10,1,,False,14,88,0.4835164835164835,14,1.0,0.7967032967032969,85,13,14,0.47435897435897434,13,1.0,0.7820512820512819,11,0.01893939393939399,0.1590909090909091,0.0,0.0183908045977015,0.12941176470588237,14
7561,2018,Iceland,Hannes Þór Halldórsson,8,10,18,6,8,0,,False,14,88,0.4835164835164835,14,1.0,0.7967032967032969,85,13,8,0.5128205128205128,13,1.0,0.8119658119658119,8,-0.060606060606060504,0.09090909090909091,0.0,-0.019157088122605012,0.09411764705882353,8
7561,2018,Iceland,Emil Hallfreðsson,29,24,53,11,13,7,,False,14,88,0.4835164835164835,14,1.0,0.7967032967032969,85,13,19,0.4423076923076923,13,1.0,0.7756410256410255,20,0.08522727272727276,0.2159090909090909,0.0,0.02643678160919572,0.23529411764705882,19
7561,2018,Iceland,Gylfi Þór Sigurðsson,25,23,48,11,7,13,,False,14,88,0.4835164835164835,14,1.0,0.7967032967032969,85,13,17,0.4551282051282051,12,0.9230769230769231,0.702991452991453,20,0.05871212121212123,0.19318181818181818,0.07692307692307687,0.11762452107279706,0.23529411764705882,17
7561,2018,Iceland,Birkir Már Sævarsson,18,18,36,9,9,6,,False,14,88,0.4835164835164835,14,1.0,0.7967032967032969,85,13,14,0.47435897435897434,13,1.0,0.7884615384615383,15,0.01893939393939399,0.1590909090909091,0.0,0.010344827586207276,0.17647058823529413,14
7561,2018,Iceland,Alfreð Finnbogason,11,15,26,7,1,9,,False,14,88,0.4835164835164835,14,1.0,0.7967032967032969,85,13,11,0.4935897435897436,13,1.0,0.8012820512820512,10,-0.020833333333333374,0.125,0.0,-0.005747126436781309,0.11764705882352941,11
7561,2018,Iceland,Hörður Björgvin Magnússon,13,20,33,9,3,10,,False,14,88,0.4835164835164835,14,1.0,0.7967032967032969,85,13,14,0.47435897435897434,13,1.0,0.7905982905982906,13,0.01893939393939399,0.1590909090909091,0.0,0.007662835249042396,0.15294117647058825,14
7561,2018,Iceland,Birkir Bjarnason,17,27,44,10,4,14,,False,14,88,0.4835164835164835,14,1.0,0.7967032967032969,85,13,18,0.44871794871794873,13,1.0,0.7820512820512819,18,0.07196969696969695,0.20454545454545456,0.0,0.0183908045977015,0.21176470588235294,18
7561,2018,Iceland,Björn Bergmann Sigurðarson,4,4,8,5,1,4,,False,14,88,0.4835164835164835,14,1.0,0.7967032967032969,85,13,7,0.5192307692307693,13,1.0,0.814102564102564,5,-0.07386363636363645,0.07954545454545454,0.0,-0.021839080459769754,0.058823529411764705,7
7561,2018,Iceland,Albert Gudmundsson,0,2,2,2,0,0,,True,14,88,0.4835164835164835,14,1.0,0.7967032967032969,85,13,2,0.5512820512820513,13,1.0,0.8354700854700857,0,-0.14015151515151522,0.022727272727272728,0.0,-0.04865900383141772,0.0,2
7561,2018,Iceland,Arnór Ingvi Traustason,0,1,1,1,0,0,,True,14,88,0.4835164835164835,14,1.0,0.7967032967032969,85,13,1,0.5576923076923077,13,1.0,0.8440170940170941,0,-0.15340909090909094,0.011363636363636364,0.0,-0.05938697318007655,0.0,1
7561,2018,Croatia,Tin Jedvaj,37,32,69,10,4,13,,False,14,98,0.5384615384615384,14,1.0,0.8296703296703297,121,13,16,0.5256410256410257,13,1.0,0.8205128205128205,17,0.023809523809523725,0.16326530612244897,0.0,0.011037527593819079,0.14049586776859505,16
7561,2018,Croatia,Marko Pjaca,12,25,37,8,2,14,,False,14,98,0.5384615384615384,14,1.0,0.8296703296703297,121,13,13,0.5448717948717948,13,1.0,0.8333333333333334,16,-0.011904761904761862,0.1326530612244898,0.0,-0.004415011037527578,0.1322314049586777,13
7561,2018,Croatia,Luka Modrić,51,47,98,9,20,9,,False,14,98,0.5384615384615384,14,1.0,0.8296703296703297,121,13,15,0.532051282051282,13,1.0,0.8269230769230769,29,0.011904761904761862,0.15306122448979592,0.0,0.0033112582781458172,0.2396694214876033,15
7561,2018,Croatia,Lovre Kalinić,5,7,12,4,3,0,,False,14,98,0.5384615384615384,14,1.0,0.8296703296703297,121,13,6,0.5897435897435898,13,1.0,0.8589743589743589,3,-0.09523809523809532,0.061224489795918366,0.0,-0.035320088300220626,0.024793388429752067,6
7561,2018,Croatia,Andrej Kramarić,41,49,90,10,3,29,,False,14,98,0.5384615384615384,14,1.0,0.8296703296703297,121,13,16,0.5256410256410257,13,1.0,0.8205128205128205,32,0.023809523809523725,0.16326530612244897,0.0,0.011037527593819079,0.2644628099173554,16
7561,2018,Croatia,Mateo Kovačić,79,75,154,10,14,13,,False,14,98,0.5384615384615384,14,1.0,0.8296703296703297,121,13,19,0.5064102564102564,13,1.0,0.8205128205128205,27,0.05952380952380952,0.19387755102040816,0.0,0.011037527593819079,0.2231404958677686,19
7561,2018,Croatia,Josip Pivarić,52,49,101,10,11,17,,False,14,98,0.5384615384615384,14,1.0,0.8296703296703297,121,13,18,0.5128205128205128,13,1.0,0.8205128205128205,28,0.04761904761904766,0.1836734693877551,0.0,0.011037527593819079,0.23140495867768596,18
7561,2018,Croatia,Ivan Perišić,23,33,56,10,1,13,,False,14,98,0.5384615384615384,14,1.0,0.8296703296703297,121,13,17,0.5192307692307693,13,1.0,0.8205128205128205,14,0.03571428571428559,0.17346938775510204,0.0,0.011037527593819079,0.11570247933884298,17
7561,2018,Croatia,Milan Badelj,61,59,120,12,25,4,,False,14,98,0.5384615384615384,14,1.0,0.8296703296703297,121,13,22,0.48717948717948717,13,1.0,0.8055555555555555,29,0.09523809523809522,0.22448979591836735,0.0,0.029065489330390156,0.2396694214876033,22
7561,2018,Croatia,Vedran Ćorluka,44,30,74,12,18,1,,False,14,98,0.5384615384615384,14,1.0,0.8296703296703297,121,13,17,0.5192307692307693,13,1.0,0.8055555555555556,19,0.03571428571428559,0.17346938775510204,0.0,0.02906548933039002,0.15702479338842976,17
7561,2018,Croatia,Duje Ćaleta-Car,31,28,59,9,13,1,,False,14,98,0.5384615384615384,14,1.0,0.8296703296703297,121,13,14,0.5384615384615384,13,1.0,0.8269230769230769,14,0.0,0.14285714285714285,0.0,0.0033112582781458172,0.11570247933884298,14
7561,2018,Croatia,Filip Bradarić,10,9,19,8,5,3,,False,14,98,0.5384615384615384,14,1.0,0.8296703296703297,121,13,13,0.5448717948717948,13,1.0,0.8333333333333334,8,-0.011904761904761862,0.1326530612244898,0.0,-0.004415011037527578,0.06611570247933884,13
7561,2018,Croatia,Dejan Lovren,1,1,2,2,0,0,,True,14,98,0.5384615384615384,14,1.0,0.8296703296703297,121,13,2,0.6153846153846154,13,1.0,0.8717948717948718,0,-0.142857142857143,0.02040816326530612,0.0,-0.050772626931567276,0.0,2
7561,2018,Croatia,Ivan Rakitić,4,7,11,6,2,4,,False,14,98,0.5384615384615384,14,1.0,0.8296703296703297,121,13,8,0.5769230769230769,13,1.0,0.8461538461538461,6,-0.07142857142857138,0.08163265306122448,0.0,-0.0198675496688741,0.049586776859504134,8
7562,2018,Peru,José Paolo Guerrero Gonzáles,10,18,28,11,2,14,,False,14,117,0.6428571428571429,14,1.0,0.8901098901098901,101,13,14,0.6602564102564102,13,1.0,0.8846153846153846,16,-0.027065527065526968,0.11965811965811966,0.0,0.006172839506172818,0.15841584158415842,14
7562,2018,Peru,Renato Fabrizio Tapia Cortijo,17,12,29,8,2,4,,False,14,117,0.6428571428571429,14,1.0,0.8901098901098901,101,13,14,0.6602564102564102,13,1.0,0.9038461538461539,6,-0.027065527065526968,0.11965811965811966,0.0,-0.015432098765432169,0.0594059405940594,14
7562,2018,Peru,Víctor Yoshimar Yotún Flores,31,36,67,9,9,9,,False,14,117,0.6428571428571429,14,1.0,0.8901098901098901,101,13,16,0.6474358974358975,13,1.0,0.8974358974358975,18,-0.007122507122507097,0.13675213675213677,0.0,-0.008230452674897215,0.1782178217821782,16
7562,2018,Peru,Luis Jan Piers Advíncula Castrillón,36,34,70,12,10,8,,False,14,117,0.6428571428571429,14,1.0,0.8901098901098901,101,13,21,0.6153846153846154,13,1.0,0.8782051282051282,18,0.04273504273504275,0.1794871794871795,0.0,0.013374485596707772,0.1782178217821782,21
7562,2018,Peru,Anderson Santamaría Bardales,37,30,67,10,14,3,,False,14,117,0.6428571428571429,14,1.0,0.8901098901098901,101,13,17,0.6410256410256411,13,1.0,0.8910256410256411,17,0.0028490028490028387,0.1452991452991453,0.0,-0.001028806584362261,0.16831683168316833,17
7562,2018,Peru,Miguel Ángel Trauco Saavedra,55,46,101,13,29,11,,False,14,117,0.6428571428571429,14,1.0,0.8901098901098901,101,13,21,0.6153846153846154,13,1.0,0.8717948717948718,40,0.04273504273504275,0.1794871794871795,0.0,0.020576131687242726,0.39603960396039606,21
7562,2018,Peru,Christian Guillermo Martín Ramos Garagay,33,32,65,11,9,0,,False,14,117,0.6428571428571429,14,1.0,0.8901098901098901,101,13,19,0.6282051282051282,13,1.0,0.8846153846153846,9,0.022792022792022883,0.1623931623931624,0.0,0.006172839506172818,0.0891089108910891,19
7562,2018,Peru,André Martín Carrillo Díaz,19,25,44,10,2,15,,False,14,117,0.6428571428571429,14,1.0,0.8901098901098901,101,13,16,0.6474358974358975,13,1.0,0.8910256410256411,17,-0.007122507122507097,0.13675213675213677,0.0,-0.001028806584362261,0.16831683168316833,16
7562,2018,Peru,Édison Michael Flores Peralta,15,27,42,12,3,10,,False,14,117,0.6428571428571429,14,1.0,0.8901098901098901,101,13,18,0.6346153846153846,13,1.0,0.8782051282051282,13,0.012820512820512947,0.15384615384615385,0.0,0.013374485596707772,0.12871287128712872,18
7562,2018,Peru,Pedro David Gallese Quiróz,18,7,25,9,12,0,,False,14,117,0.6428571428571429,14,1.0,0.8901098901098901,101,13,13,0.6666666666666666,13,1.0,0.8974358974358975,12,-0.0370370370370369,0.1111111111111111,0.0,-0.008230452674897215,0.1188118811881188,13
7562,2018,Peru,Christian Alberto Cueva Bravo,28,31,59,11,2,20,,False,14,117,0.6428571428571429,14,1.0,0.8901098901098901,101,13,20,0.6217948717948718,13,1.0,0.8846153846153846,22,0.03276353276353282,0.17094017094017094,0.0,0.006172839506172818,0.21782178217821782,20
7562,2018,Peru,Pedro Jesús Aquino Sánchez,23,22,45,12,5,2,,False,14,117,0.6428571428571429,14,1.0,0.8901098901098901,101,13,22,0.6089743589743589,13,1.0,0.8782051282051282,7,0.05270655270655286,0.18803418803418803,0.0,0.013374485596707772,0.06930693069306931,22
7562,2018,Peru,Christopher Paolo César Hurtado Huertas,16,18,34,10,1,5,,False,14,117,0.6428571428571429,14,1.0,0.8901098901098901,101,13,17,0.6410256410256411,13,1.0,0.8910256410256411,6,0.0028490028490028387,0.1452991452991453,0.0,-0.001028806584362261,0.0594059405940594,17
7562,2018,Peru,Wilder José Cartagena Mendoza,3,3,6,4,1,0,,False,14,117,0.6428571428571429,14,1.0,0.8901098901098901,101,13,6,0.7115384615384616,13,1.0,0.9294871794871795,1,-0.10683760683760679,0.05128205128205128,0.0,-0.04423868312757211,0.009900990099009901,6
7562,2018,Australia,Josh Risdon,53,46,99,11,17,23,,False,14,109,0.5989010989010989,14,1.0,0.8626373626373627,180,13,18,0.5833333333333334,13,1.0,0.8525641025641025,40,0.02599388379204884,0.1651376146788991,0.0,0.011677282377919406,0.2222222222222222,18
7562,2018,Australia,Tom Rogić,21,24,45,9,9,15,,False,14,109,0.5989010989010989,14,1.0,0.8626373626373627,180,13,16,0.5961538461538461,13,1.0,0.8653846153846154,24,0.004587155963302736,0.14678899082568808,0.0,-0.003184713375796167,0.13333333333333333,16
7562,2018,Australia,Aaron Mooy,71,70,141,12,14,14,,False,14,109,0.5989010989010989,14,1.0,0.8626373626373627,180,13,22,0.5576923076923077,13,1.0,0.8461538461538461,28,0.06880733944954123,0.2018348623853211,0.0,0.01910828025477713,0.15555555555555556,22
7562,2018,Australia,Aziz Eraltay Behich,44,44,88,12,9,26,,False,14,109,0.5989010989010989,14,1.0,0.8626373626373627,180,13,18,0.5833333333333334,13,1.0,0.8461538461538461,35,0.02599388379204884,0.1651376146788991,0.0,0.01910828025477713,0.19444444444444445,18
7562,2018,Australia,Robbie Kruse,9,15,24,6,0,11,,False,14,109,0.5989010989010989,14,1.0,0.8626373626373627,180,13,9,0.6410256410256411,13,1.0,0.8846153846153846,11,-0.07033639143730899,0.08256880733944955,0.0,-0.025477707006369334,0.06111111111111111,9
7562,2018,Australia,Mark Milligan,78,69,147,13,42,13,,False,14,109,0.5989010989010989,14,1.0,0.8626373626373627,180,13,22,0.5576923076923077,13,1.0,0.8397435897435898,55,0.06880733944954123,0.2018348623853211,0.0,0.026539278131634852,0.3055555555555556,22
7562,2018,Australia,Trent Sainsbury,71,70,141,10,34,9,,False,14,109,0.5989010989010989,14,1.0,0.8626373626373627,180,13,17,0.5897435897435898,13,1.0,0.8589743589743589,43,0.015290519877675787,0.1559633027522936,0.0,0.004246284501061685,0.2388888888888889,17
7562,2018,Australia,Tomi Jurić,5,12,17,9,2,11,,False,14,109,0.5989010989010989,14,1.0,0.8626373626373627,180,13,12,0.6217948717948718,13,1.0,0.8653846153846154,13,-0.038226299694189655,0.11009174311926606,0.0,-0.003184713375796167,0.07222222222222222,12
7562,2018,Australia,Mile Jedinak,68,58,126,11,22,19,,False,14,109,0.5989010989010989,14,1.0,0.8626373626373627,180,13,20,0.5705128205128205,13,1.0,0.8525641025641025,41,0.047400611620795126,0.1834862385321101,0.0,0.011677282377919406,0.22777777777777777,20
7562,2018,Australia,Mathew Leckie,22,40,62,11,6,24,,False,14,109,0.5989010989010989,14,1.0,0.8626373626373627,180,13,20,0.5705128205128205,13,1.0,0.8525641025641025,30,0.047400611620795126,0.1834862385321101,0.0,0.011677282377919406,0.16666666666666666,20
7562,2018,Australia,Mathew Ryan,27,12,39,6,21,0,,False,14,109,0.5989010989010989,14,1.0,0.8626373626373627,180,13,11,0.6282051282051282,13,1.0,0.8846153846153846,21,-0.048929663608562705,0.10091743119266056,0.0,-0.025477707006369334,0.11666666666666667,11
7562,2018,Australia,Tim Cahill,6,10,16,9,1,6,,False,14,109,0.5989010989010989,14,1.0,0.8626373626373627,180,13,13,0.6153846153846154,13,1.0,0.8653846153846154,7,-0.027522935779816602,0.11926605504587157,0.0,-0.003184713375796167,0.03888888888888889,13
7562,2018,Australia,Daniel Arzani,10,13,23,8,1,6,,False,14,109,0.5989010989010989,14,1.0,0.8626373626373627,180,13,12,0.6217948717948718,13,1.0,0.8717948717948718,7,-0.038226299694189655,0.11009174311926606,0.0,-0.010615711252653889,0.03888888888888889,12
7562,2018,Australia,Jackson Irvine,4,6,10,5,2,3,,False,14,109,0.5989010989010989,14,1.0,0.8626373626373627,180,13,8,0.6474358974358975,13,1.0,0.8910256410256411,5,-0.08103975535168204,0.07339449541284404,0.0,-0.03290870488322719,0.027777777777777776,8
7563,2018,France,Antoine Griezmann,29,43,72,8,5,16,,False,14,117,0.6428571428571429,14,1.0,0.8791208791208791,176,13,15,0.6538461538461539,13,1.0,0.8910256410256411,21,-0.017094017094017033,0.1282051282051282,0.0,-0.013541666666666745,0.11931818181818182,15
7563,2018,France,Steven N'Kemboanza Mike Christopher Nzonzi,61,54,115,13,13,11,,False,14,117,0.6428571428571429,14,1.0,0.8791208791208791,176,13,23,0.6025641025641025,13,1.0,0.8589743589743589,24,0.0626780626780628,0.19658119658119658,0.0,0.022916666666666714,0.13636363636363635,23
7563,2018,France,Raphaël Varane,79,65,144,11,32,9,,False,14,117,0.6428571428571429,14,1.0,0.8791208791208791,176,13,19,0.6282051282051282,13,1.0,0.8717948717948718,41,0.022792022792022883,0.1623931623931624,0.0,0.008333333333333304,0.23295454545454544,19
7563,2018,France,Djibril Sidibé,83,80,163,12,25,29,,False,14,117,0.6428571428571429,14,1.0,0.8791208791208791,176,13,22,0.6089743589743589,13,1.0,0.8653846153846154,54,0.05270655270655286,0.18803418803418803,0.0,0.015624999999999944,0.3068181818181818,22
7563,2018,France,Presnel Kimpembe,68,57,125,9,29,4,,False,14,117,0.6428571428571429,14,1.0,0.8791208791208791,176,13,16,0.6474358974358975,13,1.0,0.8846153846153846,33,-0.007122507122507097,0.13675213675213677,0.0,-0.006249999999999978,0.1875,16
7563,2018,France,Lucas Hernández Pi,38,35,73,7,7,19,,False,14,117,0.6428571428571429,14,1.0,0.8791208791208791,176,13,13,0.6666666666666666,13,1.0,0.8974358974358975,26,-0.0370370370370369,0.1111111111111111,0.0,-0.020833333333333388,0.14772727272727273,13
7563,2018,France,Thomas Lemar,49,53,102,12,11,8,,False,14,117,0.6428571428571429,14,1.0,0.8791208791208791,176,13,23,0.6025641025641025,13,1.0,0.8653846153846154,19,0.0626780626780628,0.19658119658119658,0.0,0.015624999999999944,0.10795454545454546,23
7563,2018,France,N'Golo Kanté,70,68,138,13,19,10,,False,14,117,0.6428571428571429,14,1.0,0.8791208791208791,176,13,24,0.5961538461538461,13,1.0,0.8589743589743589,29,0.07264957264957274,0.20512820512820512,0.0,0.022916666666666714,0.16477272727272727,24
7563,2018,France,Ousmane Dembélé,36,47,83,10,9,27,,False,14,117,0.6428571428571429,14,1.0,0.8791208791208791,176,13,17,0.6410256410256411,13,1.0,0.8782051282051282,36,0.0028490028490028387,0.1452991452991453,0.0,0.001041666666666663,0.20454545454545456,17
7563,2018,France,Steve Mandanda,20,12,32,7,18,0,,False,14,117,0.6428571428571429,14,1.0,0.8791208791208791,176,13,11,0.6794871794871795,13,1.0,0.8974358974358975,18,-0.056980056980056946,0.09401709401709402,0.0,-0.020833333333333388,0.10227272727272728,11
7563,2018,France,Olivier Giroud,12,21,33,11,3,10,,False,14,117,0.6428571428571429,14,1.0,0.8791208791208791,176,13,15,0.6538461538461539,13,1.0,0.8717948717948718,13,-0.017094017094017033,0.1282051282051282,0.0,0.008333333333333304,0.07386363636363637,15
7563,2018,France,Benjamin Mendy,26,29,55,10,3,23,,False,14,117,0.6428571428571429,14,1.0,0.8791208791208791,176,13,14,0.6602564102564102,13,1.0,0.8782051282051282,26,-0.027065527065526968,0.11965811965811966,0.0,0.001041666666666663,0.14772727272727273,14
7563,2018,France,Nabil Fekir,12,15,27,9,2,5,,False,14,117,0.6428571428571429,14,1.0,0.8791208791208791,176,13,13,0.6666666666666666,13,1.0,0.8846153846153846,7,-0.0370370370370369,0.1111111111111111,0.0,-0.006249999999999978,0.03977272727272727,13
7563,2018,France,Kylian Mbappé Lottin,9,13,22,6,0,5,,False,14,117,0.6428571428571429,14,1.0,0.8791208791208791,176,13,9,0.6923076923076923,13,1.0,0.9038461538461539,5,-0.07692307692307682,0.07692307692307693,0.0,-0.02812500000000003,0.028409090909090908,9
7563,2018,Denmark,Kasper Schmeichel,10,15,25,9,10,0,,False,13,94,0.6025641025641025,13,1.0,0.8974358974358975,57,12,10,0.6363636363636364,12,1.0,0.9015151515151515,10,-0.05609284332688592,0.10638297872340426,0.0,-0.0045454545454544845,0.17543859649122806,10
7563,2018,Denmark,Andreas Evald Cornelius,8,20,28,9,1,18,,False,13,94,0.6025641025641025,13,1.0,0.8974358974358975,57,12,12,0.6212121212121212,12,1.0,0.9015151515151515,19,-0.03094777562862675,0.1276595744680851,0.0,-0.0045454545454544845,0.3333333333333333,12
7563,2018,Denmark,Martin Braithwaite Christensen,18,22,40,11,1,11,,False,13,94,0.6025641025641025,13,1.0,0.8974358974358975,57,12,16,0.5909090909090909,12,1.0,0.8863636363636364,12,0.01934235976789158,0.1702127659574468,0.0,0.012337662337662383,0.21052631578947367,16
7563,2018,Denmark,Henrik Dalsgaard,27,21,48,11,12,0,,False,13,94,0.6025641025641025,13,1.0,0.8974358974358975,57,12,17,0.5833333333333334,12,1.0,0.8863636363636364,12,0.03191489361702116,0.18085106382978725,0.0,0.012337662337662383,0.21052631578947367,17
7563,2018,Denmark,Christian Dannemann Eriksen,21,27,48,10,3,7,,False,13,94,0.6025641025641025,13,1.0,0.8974358974358975,57,12,18,0.5757575757575758,12,1.0,0.8939393939393939,10,0.044487427466150746,0.19148936170212766,0.0,0.0038961038961039494,0.17543859649122806,18
7563,2018,Denmark,Thomas Delaney,33,24,57,11,7,3,,False,13,94,0.6025641025641025,13,1.0,0.8974358974358975,57,12,19,0.5681818181818182,12,1.0,0.8863636363636364,10,0.05705996131528033,0.20212765957446807,0.0,0.012337662337662383,0.17543859649122806,19
7563,2018,Denmark,Pione Sisto Ifolo Emirmija,7,11,18,8,1,3,,False,13,94,0.6025641025641025,13,1.0,0.8974358974358975,57,12,10,0.6363636363636364,12,1.0,0.9090909090909091,4,-0.05609284332688592,0.10638297872340426,0.0,-0.012987012987012918,0.07017543859649122,10
7563,2018,Denmark,Jens Stryger Larsen,21,13,34,12,5,1,,False,13,94,0.6025641025641025,13,1.0,0.8974358974358975,57,12,20,0.5606060606060606,12,1.0,0.8787878787878788,6,0.0696324951644101,0.2127659574468085,0.0,0.020779220779220817,0.10526315789473684,20
7563,2018,Denmark,Mathias Jørgensen Jatta,26,24,50,10,6,0,,False,13,94,0.6025641025641025,13,1.0,0.8974358974358975,57,12,16,0.5909090909090909,12,1.0,0.8939393939393939,6,0.01934235976789158,0.1702127659574468,0.0,0.0038961038961039494,0.10526315789473684,16
7563,2018,Denmark,Simon Thorup Kjær,30,33,63,9,5,2,,False,13,94,0.6025641025641025,13,1.0,0.8974358974358975,57,12,16,0.5909090909090909,12,1.0,0.9015151515151515,7,0.01934235976789158,0.1702127659574468,0.0,-0.0045454545454544845,0.12280701754385964,16
7563,2018,Denmark,Andreas Christensen,23,12,35,11,4,4,,False,13,94,0.6025641025641025,13,1.0,0.8974358974358975,57,12,16,0.5909090909090909,12,1.0,0.8863636363636364,8,0.01934235976789158,0.1702127659574468,0.0,0.012337662337662383,0.14035087719298245,16
7563,2018,Denmark,Viktor Fischer,8,9,17,8,1,3,,False,13,94,0.6025641025641025,13,1.0,0.8974358974358975,57,12,12,0.6212121212121212,12,1.0,0.9090909090909091,4,-0.03094777562862675,0.1276595744680851,0.0,-0.012987012987012918,0.07017543859649122,12
7563,2018,Denmark,Kasper Dolberg,4,5,9,5,1,5,,False,13,94,0.6025641025641025,13,1.0,0.8974358974358975,57,12,6,0.6666666666666666,12,1.0,0.9318181818181818,6,-0.10638297872340426,0.06382978723404255,0.0,-0.03831168831168822,0.10526315789473684,6
7564,2018,Nigeria,John Michael Nchekwube Obinna,32,31,63,11,7,6,,False,14,88,0.4835164835164835,14,1.0,0.796703296703297,64,13,19,0.4423076923076923,13,1.0,0.7756410256410254,13,0.08522727272727276,0.2159090909090909,0.0,0.026436781609195995,0.203125,19
7564,2018,Nigeria,William Troost-Ekong,11,11,22,10,7,1,,False,14,88,0.4835164835164835,14,1.0,0.796703296703297,64,13,14,0.47435897435897434,13,1.0,0.7799145299145297,8,0.01893939393939399,0.1590909090909091,0.0,0.021072796934866515,0.125,14
7564,2018,Nigeria,Victor Moses,15,13,28,10,4,2,,False,14,88,0.4835164835164835,14,1.0,0.796703296703297,64,13,16,0.46153846153846156,13,1.0,0.7841880341880341,6,0.04545454545454541,0.18181818181818182,0.0,0.015708812260536893,0.09375,16
7564,2018,Nigeria,Onyinye Wilfred Ndidi,29,25,54,10,3,5,,False,14,88,0.4835164835164835,14,1.0,0.796703296703297,64,13,20,0.4358974358974359,13,1.0,0.7820512820512818,8,0.09848484848484848,0.22727272727272727,0.0,0.018390804597701774,0.125,20
7564,2018,Nigeria,Oghenekaro Etebo,21,18,39,8,5,5,,False,14,88,0.4835164835164835,14,1.0,0.796703296703297,64,13,14,0.47435897435897434,13,1.0,0.7948717948717947,10,0.01893939393939399,0.1590909090909091,0.0,0.0022988505747131923,0.15625,14
7564,2018,Nigeria,Brian Oladapo Idowu,33,26,59,11,16,5,,False,14,88,0.4835164835164835,14,1.0,0.796703296703297,64,13,18,0.44871794871794873,12,0.9230769230769231,0.7008547008547007,21,0.07196969696969695,0.20454545454545456,0.07692307692307687,0.12030651340996219,0.328125,18
7564,2018,Nigeria,Kenneth Josiah Omeruo,21,15,36,8,9,1,,False,14,88,0.4835164835164835,14,1.0,0.796703296703297,64,13,12,0.48717948717948717,13,1.0,0.7948717948717947,10,-0.007575757575757549,0.13636363636363635,0.0,0.0022988505747131923,0.15625,12
7564,2018,Nigeria,Francis Odinaka Uzoho,7,4,11,7,7,0,,False,14,88,0.4835164835164835,14,1.0,0.796703296703297,64,13,7,0.5192307692307693,13,1.0,0.8012820512820511,7,-0.07386363636363645,0.07954545454545454,0.0,-0.00574712643678103,0.109375,7
7564,2018,Nigeria,Ahmed Musa,15,26,41,10,3,20,,False,14,88,0.4835164835164835,14,1.0,0.796703296703297,64,13,16,0.46153846153846156,13,1.0,0.7820512820512819,23,0.04545454545454541,0.18181818181818182,0.0,0.018390804597701635,0.359375,16
7564,2018,Nigeria,Kelechi Promise Iheanacho,6,10,16,8,1,6,,False,14,88,0.4835164835164835,14,1.0,0.796703296703297,64,13,12,0.48717948717948717,13,1.0,0.7948717948717947,7,-0.007575757575757549,0.13636363636363635,0.0,0.0022988505747131923,0.109375,12
7564,2018,Nigeria,Leon Aderemi Balogun,13,16,29,8,2,3,,False,14,88,0.4835164835164835,14,1.0,0.796703296703297,64,13,14,0.47435897435897434,13,1.0,0.7948717948717947,5,0.01893939393939399,0.1590909090909091,0.0,0.0022988505747131923,0.078125,14
7564,2018,Nigeria,Odion Jude Ighalo,5,13,18,6,0,8,,False,14,88,0.4835164835164835,14,1.0,0.796703296703297,64,13,10,0.5,13,1.0,0.811965811965812,8,-0.03409090909090908,0.11363636363636363,0.0,-0.019157088122605012,0.125,10
7564,2018,Nigeria,Simeon Tochukwu Nwankwo,1,1,2,1,0,1,,True,14,88,0.4835164835164835,14,1.0,0.796703296703297,64,13,2,0.5512820512820513,13,1.0,0.8440170940170939,1,-0.14015151515151522,0.022727272727272728,0.0,-0.059386973180076116,0.015625,2
7564,2018,Nigeria,Alex Iwobi,1,1,2,2,0,1,,True,14,88,0.4835164835164835,14,1.0,0.796703296703297,64,13,2,0.5512820512820513,13,1.0,0.8354700854700857,1,-0.14015151515151522,0.022727272727272728,0.0,-0.04865900383141757,0.015625,2
7564,2018,Argentina,Gabriel Iván Mercado,44,39,83,12,4,9,,False,13,104,0.6666666666666666,13,1.0,0.8974358974358975,119,12,20,0.6363636363636364,12,1.0,0.8787878787878788,13,0.045454545454545414,0.19230769230769232,0.0,0.020779220779220817,0.1092436974789916,20
7564,2018,Argentina,Nicolás Hernán Otamendi,56,48,104,11,15,0,,False,13,104,0.6666666666666666,13,1.0,0.8974358974358975,119,12,21,0.6287878787878788,12,1.0,0.8863636363636364,15,0.05681818181818177,0.20192307692307693,0.0,0.012337662337662383,0.12605042016806722,21
7564,2018,Argentina,Faustino Marcos Alberto Rojo,47,39,86,11,14,2,,False,13,104,0.6666666666666666,13,1.0,0.8974358974358975,119,12,19,0.6439393939393939,12,1.0,0.8863636363636364,16,0.03409090909090906,0.18269230769230768,0.0,0.012337662337662383,0.13445378151260504,19
7564,2018,Argentina,Gonzalo Gerardo Higuaín,18,26,44,12,1,18,,False,13,104,0.6666666666666666,13,1.0,0.8974358974358975,119,12,17,0.6590909090909091,12,1.0,0.8787878787878788,19,0.011363636363636354,0.16346153846153846,0.0,0.020779220779220817,0.15966386554621848,17
7564,2018,Argentina,Enzo Nicolás Pérez,31,34,65,8,6,10,,False,13,104,0.6666666666666666,13,1.0,0.8974358974358975,119,12,14,0.6818181818181818,12,1.0,0.9090909090909091,16,-0.022727272727272707,0.1346153846153846,0.0,-0.012987012987012918,0.13445378151260504,14
7564,2018,Argentina,Lionel Andrés Messi Cuccittini,50,60,110,10,8,20,,False,13,104,0.6666666666666666,13,1.0,0.8974358974358975,119,12,20,0.6363636363636364,12,1.0,0.8939393939393939,28,0.045454545454545414,0.19230769230769232,0.0,0.0038961038961039494,0.23529411764705882,20
7564,2018,Argentina,Javier Alejandro Mascherano,72,63,135,11,25,8,,False,13,104,0.6666666666666666,13,1.0,0.8974358974358975,119,12,20,0.6363636363636364,12,1.0,0.8863636363636364,33,0.045454545454545414,0.19230769230769232,0.0,0.012337662337662383,0.2773109243697479,20
7564,2018,Argentina,Éver Maximiliano David Banega,78,78,156,11,27,13,,False,13,104,0.6666666666666666,13,1.0,0.8974358974358975,119,12,21,0.6287878787878788,12,1.0,0.8863636363636364,40,0.05681818181818177,0.20192307692307693,0.0,0.012337662337662383,0.33613445378151263,21
7564,2018,Argentina,Nicolás Alejandro Tagliafico,41,32,73,8,8,10,,False,13,104,0.6666666666666666,13,1.0,0.8974358974358975,119,12,13,0.6893939393939394,12,1.0,0.9090909090909091,18,-0.03409090909090923,0.125,0.0,-0.012987012987012918,0.15126050420168066,13
7564,2018,Argentina,Franco Armani,11,12,23,8,7,0,,False,13,104,0.6666666666666666,13,1.0,0.8974358974358975,119,12,12,0.696969696969697,12,1.0,0.9090909090909091,7,-0.04545454545454558,0.11538461538461539,0.0,-0.012987012987012918,0.058823529411764705,12
7564,2018,Argentina,Ángel Fabián Di María Hernández,13,24,37,10,2,15,,False,13,104,0.6666666666666666,13,1.0,0.8974358974358975,119,12,14,0.6818181818181818,12,1.0,0.8939393939393939,17,-0.022727272727272707,0.1346153846153846,0.0,0.0038961038961039494,0.14285714285714285,14
7564,2018,Argentina,Cristian David Pavón,12,15,27,6,1,9,,False,13,104,0.6666666666666666,13,1.0,0.8974358974358975,119,12,9,0.7196969696969697,12,1.0,0.9242424242424242,10,-0.07954545454545464,0.08653846153846154,0.0,-0.029870129870129786,0.08403361344537816,9
7564,2018,Argentina,Maximiliano Eduardo Meza,6,9,15,6,1,5,,False,13,104,0.6666666666666666,13,1.0,0.8974358974358975,119,12,8,0.7272727272727273,12,1.0,0.9242424242424242,6,-0.090909090909091,0.07692307692307693,0.0,-0.029870129870129786,0.05042016806722689,8
7565,2018,Brazil,Gabriel Fernando de Jesus,22,26,48,9,3,15,,False,14,120,0.6593406593406593,14,1.0,0.8681318681318682,123,13,15,0.6730769230769231,13,1.0,0.8717948717948718,18,-0.02083333333333343,0.125,0.0,-0.004219409282700407,0.14634146341463414,15
7565,2018,Brazil,Carlos Henrique Casimiro,59,54,113,12,13,5,,False,14,120,0.6593406593406593,14,1.0,0.8681318681318682,123,13,23,0.6217948717948718,13,1.0,0.8525641025641025,18,0.05694444444444441,0.19166666666666668,0.0,0.017932489451476855,0.14634146341463414,23
7565,2018,Brazil,José Paulo Bezzera Maciel Júnior,23,27,50,9,2,7,,False,14,120,0.6593406593406593,14,1.0,0.8681318681318682,123,13,18,0.6538461538461539,13,1.0,0.8717948717948718,9,0.008333333333333304,0.15,0.0,-0.004219409282700407,0.07317073170731707,18
7565,2018,Brazil,João Miranda de Souza Filho,46,35,81,11,18,1,,False,14,120,0.6593406593406593,14,1.0,0.8681318681318682,123,13,19,0.6474358974358975,13,1.0,0.856837606837607,19,0.01805555555555549,0.15833333333333333,0.0,0.013009845288326126,0.15447154471544716,19
7565,2018,Brazil,Philippe Coutinho Correia,51,56,107,11,9,10,,False,14,120,0.6593406593406593,14,1.0,0.8681318681318682,123,13,21,0.6346153846153846,13,1.0,0.8589743589743589,19,0.03750000000000003,0.175,0.0,0.010548523206751145,0.15447154471544716,21
7565,2018,Brazil,Marcelo Vieira da Silva Júnior,5,6,11,5,2,2,,False,14,120,0.6593406593406593,14,1.0,0.8681318681318682,123,13,6,0.7307692307692307,13,1.0,0.8974358974358975,4,-0.10833333333333328,0.05,0.0,-0.03375527426160338,0.032520325203252036,6
7565,2018,Brazil,Alisson Ramsés Becker,8,5,13,5,5,0,,False,14,120,0.6593406593406593,14,1.0,0.8681318681318682,123,13,7,0.7243589743589743,13,1.0,0.8974358974358975,5,-0.0986111111111111,0.058333333333333334,0.0,-0.03375527426160338,0.04065040650406504,7
7565,2018,Brazil,Neymar da Silva Santos Junior,69,86,155,12,8,37,,False,14,120,0.6593406593406593,14,1.0,0.8681318681318682,123,13,22,0.6282051282051282,13,1.0,0.8525641025641025,45,0.04722222222222222,0.18333333333333332,0.0,0.017932489451476855,0.36585365853658536,22
7565,2018,Brazil,Willian Borges da Silva,52,49,101,11,9,23,,False,14,120,0.6593406593406593,14,1.0,0.8681318681318682,123,13,20,0.6410256410256411,13,1.0,0.8589743589743589,32,0.02777777777777768,0.16666666666666666,0.0,0.010548523206751145,0.2601626016260163,20
7565,2018,Brazil,Thiago Emiliano da Silva,46,37,83,10,10,1,,False,14,120,0.6593406593406593,14,1.0,0.8681318681318682,123,13,19,0.6474358974358975,13,1.0,0.8653846153846154,11,0.01805555555555549,0.15833333333333333,0.0,0.003164556962025305,0.08943089430894309,19
7565,2018,Brazil,Fágner Conserva Lemos,51,51,102,11,15,4,,False,14,120,0.6593406593406593,14,1.0,0.8681318681318682,123,13,19,0.6474358974358975,13,1.0,0.8589743589743589,19,0.01805555555555549,0.15833333333333333,0.0,0.010548523206751145,0.15447154471544716,19
7565,2018,Brazil,Filipe Luís Kasmirski,73,70,143,12,17,8,,False,14,120,0.6593406593406593,14,1.0,0.8681318681318682,123,13,22,0.6282051282051282,13,1.0,0.8525641025641025,25,0.04722222222222222,0.18333333333333332,0.0,0.017932489451476855,0.2032520325203252,22
7565,2018,Brazil,Fernando Luiz Roza,27,29,56,9,6,4,,False,14,120,0.6593406593406593,14,1.0,0.8681318681318682,123,13,16,0.6666666666666666,13,1.0,0.8717948717948718,10,-0.011111111111111072,0.13333333333333333,0.0,-0.004219409282700407,0.08130081300813008,16
7565,2018,Brazil,Renato Soares de Oliveira Augusto,21,22,43,7,6,6,,False,14,120,0.6593406593406593,14,1.0,0.8681318681318682,123,13,13,0.6858974358974359,13,1.0,0.8846153846153846,12,-0.0402777777777778,0.10833333333333334,0.0,-0.01898734177215183,0.0975609756097561,13
7565,2018,Serbia,Nikola Milenković,39,24,63,10,17,0,,False,13,99,0.6346153846153846,13,1.0,0.8910256410256411,111,12,15,0.6363636363636364,12,1.0,0.8863636363636364,17,-0.0027548209366391567,0.15151515151515152,0.0,0.005232177894048469,0.15315315315315314,15
7565,2018,Serbia,Aleksandar Mitrović,10,29,39,10,2,19,,False,13,99,0.6346153846153846,13,1.0,0.8910256410256411,111,12,15,0.6363636363636364,12,1.0,0.8863636363636364,21,-0.0027548209366391567,0.15151515151515152,0.0,0.005232177894048469,0.1891891891891892,15
7565,2018,Serbia,Nemanja Matić,42,37,79,11,14,5,,False,13,99,0.6346153846153846,13,1.0,0.8910256410256411,111,12,21,0.5909090909090909,12,1.0,0.8787878787878788,19,0.06887052341597787,0.21212121212121213,0.0,0.013734466971877107,0.17117117117117117,21
7565,2018,Serbia,Aleksandar Kolarov,35,36,71,11,7,19,,False,13,99,0.6346153846153846,13,1.0,0.8910256410256411,111,12,18,0.6136363636363636,12,1.0,0.8787878787878788,26,0.03305785123966935,0.18181818181818182,0.0,0.013734466971877107,0.23423423423423423,18
7565,2018,Serbia,Sergej Milinković-Savić,39,41,80,11,10,12,,False,13,99,0.6346153846153846,13,1.0,0.8910256410256411,111,12,18,0.6136363636363636,12,1.0,0.8787878787878788,22,0.03305785123966935,0.18181818181818182,0.0,0.013734466971877107,0.1981981981981982,18
7565,2018,Serbia,Adem Ljajić,35,31,66,10,9,11,,False,13,99,0.6346153846153846,13,1.0,0.8910256410256411,111,12,19,0.6060606060606061,12,1.0,0.8863636363636364,20,0.04499540863177219,0.1919191919191919,0.0,0.005232177894048469,0.18018018018018017,19
7565,2018,Serbia,Dušan Tadić,24,29,53,10,7,19,,False,13,99,0.6346153846153846,13,1.0,0.8910256410256411,111,12,18,0.6136363636363636,12,1.0,0.8863636363636364,26,0.03305785123966935,0.18181818181818182,0.0,0.005232177894048469,0.23423423423423423,18
7565,2018,Serbia,Milos Veljkovic,41,34,75,10,13,2,,False,13,99,0.6346153846153846,13,1.0,0.8910256410256411,111,12,18,0.6136363636363636,12,1.0,0.8863636363636364,15,0.03305785123966935,0.18181818181818182,0.0,0.005232177894048469,0.13513513513513514,18
7565,2018,Serbia,Antonio Rukavina,32,23,55,12,15,6,,False,13,99,0.6346153846153846,13,1.0,0.8910256410256411,111,12,17,0.6212121212121212,12,1.0,0.8712121212121212,21,0.021120293847566515,0.1717171717171717,0.0,0.022236756049705746,0.1891891891891892,17
7565,2018,Serbia,Filip Kostić,16,21,37,8,4,11,,False,13,99,0.6346153846153846,13,1.0,0.8910256410256411,111,12,14,0.6439393939393939,12,1.0,0.9015151515151515,15,-0.014692378328741993,0.1414141414141414,0.0,-0.011772400261608806,0.13513513513513514,14
7565,2018,Serbia,Vladimir Stojković,8,14,22,6,6,0,,False,13,99,0.6346153846153846,13,1.0,0.8910256410256411,111,12,8,0.6893939393939394,12,1.0,0.9166666666666666,6,-0.08631772268135919,0.08080808080808081,0.0,-0.028776978417266084,0.05405405405405406,8
7565,2018,Serbia,Andrija Živković,10,9,19,6,4,5,,False,13,99,0.6346153846153846,13,1.0,0.8910256410256411,111,12,8,0.6893939393939394,12,1.0,0.9166666666666666,9,-0.08631772268135919,0.08080808080808081,0.0,-0.028776978417266084,0.08108108108108109,8
7565,2018,Serbia,Nemanja Radonjić,6,9,15,7,3,2,,False,13,99,0.6346153846153846,13,1.0,0.8910256410256411,111,12,9,0.6818181818181818,12,1.0,0.9090909090909091,5,-0.07438016528925617,0.09090909090909091,0.0,-0.020274689339437445,0.04504504504504504,9
7566,2018,Sweden,Emil Peter Forsberg,18,14,32,10,9,5,,False,14,78,0.42857142857142855,14,1.0,0.7802197802197806,59,13,17,0.391025641025641,13,1.0,0.7628205128205127,14,0.08760683760683756,0.21794871794871795,0.0,0.0223004694835687,0.23728813559322035,17
7566,2018,Sweden,Andreas Granqvist,21,12,33,10,8,1,,False,14,78,0.42857142857142855,14,1.0,0.7802197802197806,59,13,15,0.40384615384615385,12,0.9230769230769231,0.6901709401709402,9,0.05769230769230762,0.19230769230769232,0.07692307692307687,0.11541471048513341,0.15254237288135594,15
7566,2018,Sweden,Ola Toivonen,17,27,44,11,3,17,,False,14,78,0.42857142857142855,14,1.0,0.7802197802197806,59,13,18,0.38461538461538464,13,1.0,0.7564102564102563,20,0.10256410256410246,0.23076923076923078,0.0,0.03051643192488322,0.3389830508474576,18
7566,2018,Sweden,Sebastian Larsson,12,9,21,8,6,1,,False,14,78,0.42857142857142855,14,1.0,0.7802197802197806,59,13,11,0.42948717948717946,13,1.0,0.7777777777777777,7,-0.002136752136752129,0.14102564102564102,0.0,0.0031298904538346727,0.11864406779661017,11
7566,2018,Sweden,Marcus Berg,14,21,35,9,1,13,,False,14,78,0.42857142857142855,14,1.0,0.7802197802197806,59,13,14,0.41025641025641024,13,1.0,0.7692307692307692,14,0.042735042735042715,0.1794871794871795,0.0,0.014084507042254035,0.23728813559322035,14
7566,2018,Sweden,Ludwig Augustinsson,14,9,23,9,6,3,,False,14,78,0.42857142857142855,14,1.0,0.7802197802197806,59,13,12,0.4230769230769231,13,1.0,0.7670940170940169,9,0.012820512820512775,0.15384615384615385,0.0,0.016823161189359018,0.15254237288135594,12
7566,2018,Sweden,Robin Olsen,3,6,9,4,2,0,,False,14,78,0.42857142857142855,14,1.0,0.7802197802197806,59,13,5,0.46794871794871795,13,1.0,0.8012820512820512,2,-0.09188034188034194,0.0641025641025641,0.0,-0.026995305164318716,0.03389830508474576,5
7566,2018,Sweden,Victor Nilsson Lindelöf,8,6,14,6,6,0,,False,14,78,0.42857142857142855,14,1.0,0.7802197802197806,59,13,9,0.4423076923076923,13,1.0,0.7884615384615383,6,-0.03205128205128207,0.11538461538461539,0.0,-0.01056338028168953,0.1016949152542373,9
7566,2018,Sweden,Viktor Claesson,11,17,28,9,1,9,,False,14,78,0.42857142857142855,14,1.0,0.7802197802197806,59,13,15,0.40384615384615385,13,1.0,0.7692307692307692,10,0.05769230769230762,0.19230769230769232,0.0,0.014084507042254035,0.1694915254237288,15
7566,2018,Sweden,Mikael Lustig,13,7,20,8,9,4,,False,14,78,0.42857142857142855,14,1.0,0.7802197802197806,59,13,12,0.4230769230769231,13,1.0,0.7756410256410255,13,0.012820512820512775,0.15384615384615385,0.0,0.005868544600939513,0.22033898305084745,12
7566,2018,Sweden,Albin Ekdal,14,14,28,10,5,2,,False,14,78,0.42857142857142855,14,1.0,0.7802197802197806,59,13,16,0.3974358974358974,13,1.0,0.7628205128205128,7,0.07264957264957266,0.20512820512820512,0.0,0.022300469483568557,0.11864406779661017,16
7566,2018,Sweden,Gustav Svensson,4,1,5,4,1,0,,False,14,78,0.42857142857142855,14,1.0,0.7802197802197806,59,13,5,0.46794871794871795,13,1.0,0.8034188034188033,1,-0.09188034188034194,0.0641025641025641,0.0,-0.029733959311423554,0.01694915254237288,5
7566,2018,Sweden,Isaac Kiese Thelin,3,8,11,5,2,4,,False,14,78,0.42857142857142855,14,1.0,0.7802197802197806,59,13,6,0.46153846153846156,13,1.0,0.797008547008547,6,-0.07692307692307704,0.07692307692307693,0.0,-0.021517996870109034,0.1016949152542373,6
7566,2018,Sweden,Oscar Hiljemark,0,1,1,1,0,0,,True,14,78,0.42857142857142855,14,1.0,0.7802197802197806,59,13,1,0.4935897435897436,13,1.0,0.8269230769230769,0,-0.15170940170940184,0.01282051282051282,0.0,-0.05985915492957694,0.0,1
7566,2018,Mexico,Jesús Daniel Gallardo Vasconcelos,23,18,41,8,4,8,,False,14,117,0.6428571428571429,14,1.0,0.8846153846153846,124,13,15,0.6538461538461539,13,1.0,0.8974358974358975,12,-0.017094017094017033,0.1282051282051282,0.0,-0.01449275362318848,0.0967741935483871,15
7566,2018,Mexico,Javier Hernández Balcázar,13,20,33,11,4,11,,False,14,117,0.6428571428571429,14,1.0,0.8846153846153846,124,13,18,0.6346153846153846,13,1.0,0.8782051282051282,15,0.012820512820512947,0.15384615384615385,0.0,0.007246376811594178,0.12096774193548387,18
7566,2018,Mexico,Francisco Guillermo Ochoa Magaña,14,9,23,7,13,0,,False,14,117,0.6428571428571429,14,1.0,0.8846153846153846,124,13,11,0.6794871794871795,13,1.0,0.9038461538461539,13,-0.056980056980056946,0.09401709401709402,0.0,-0.021739130434782657,0.10483870967741936,11
7566,2018,Mexico,José Andrés Guardado Hernández,29,28,57,11,6,10,,False,14,117,0.6428571428571429,14,1.0,0.8846153846153846,124,13,20,0.6217948717948718,13,1.0,0.8782051282051282,16,0.03276353276353282,0.17094017094017094,0.0,0.007246376811594178,0.12903225806451613,20
7566,2018,Mexico,Miguel Arturo Layún Prado,34,35,69,11,7,24,,False,14,117,0.6428571428571429,14,1.0,0.8846153846153846,124,13,19,0.6282051282051282,13,1.0,0.8782051282051282,31,0.022792022792022883,0.1623931623931624,0.0,0.007246376811594178,0.25,19
7566,2018,Mexico,Edson Omar Álvarez Velázquez,53,50,103,11,24,11,,False,14,117,0.6428571428571429,14,1.0,0.8846153846153846,124,13,20,0.6217948717948718,13,1.0,0.8782051282051282,35,0.03276353276353282,0.17094017094017094,0.0,0.007246376811594178,0.28225806451612906,20
7566,2018,Mexico,Carlos Joel Salcedo Hernández,54,50,104,12,16,2,,False,14,117,0.6428571428571429,14,1.0,0.8846153846153846,124,13,21,0.6153846153846154,13,1.0,0.8717948717948718,18,0.04273504273504275,0.1794871794871795,0.0,0.014492753623188356,0.14516129032258066,21
7566,2018,Mexico,Héctor Alfredo Moreno Herrera,50,40,90,12,16,6,,False,14,117,0.6428571428571429,14,1.0,0.8846153846153846,124,13,20,0.6217948717948718,13,1.0,0.8717948717948718,22,0.03276353276353282,0.17094017094017094,0.0,0.014492753623188356,0.1774193548387097,20
7566,2018,Mexico,Héctor Miguel Herrera López,66,68,134,13,25,12,,False,14,117,0.6428571428571429,14,1.0,0.8846153846153846,124,13,24,0.5961538461538461,13,1.0,0.8653846153846154,37,0.07264957264957274,0.20512820512820512,0.0,0.021739130434782532,0.29838709677419356,24
7566,2018,Mexico,Hirving Rodrigo Lozano Bahena,18,28,46,10,2,21,,False,14,117,0.6428571428571429,14,1.0,0.8846153846153846,124,13,16,0.6474358974358975,13,1.0,0.8846153846153846,23,-0.007122507122507097,0.13675213675213677,0.0,0.0,0.18548387096774194,16
7566,2018,Mexico,Carlos Alberto Vela Garrido,27,29,56,12,5,6,,False,14,117,0.6428571428571429,14,1.0,0.8846153846153846,124,13,20,0.6217948717948718,13,1.0,0.8717948717948718,11,0.03276353276353282,0.17094017094017094,0.0,0.014492753623188356,0.08870967741935484,20
7566,2018,Mexico,Marco Jhonfai Fabián De La Mora,12,14,26,9,1,6,,False,14,117,0.6428571428571429,14,1.0,0.8846153846153846,124,13,14,0.6602564102564102,13,1.0,0.8910256410256411,7,-0.027065527065526968,0.11965811965811966,0.0,-0.007246376811594303,0.056451612903225805,14
7566,2018,Mexico,Jesús Manuel Corona Ruíz,8,12,20,8,1,6,,False,14,117,0.6428571428571429,14,1.0,0.8846153846153846,124,13,11,0.6794871794871795,13,1.0,0.8974358974358975,7,-0.056980056980056946,0.09401709401709402,0.0,-0.01449275362318848,0.056451612903225805,11
7566,2018,Mexico,Oribe Peralta Morones,3,3,6,5,0,1,,False,14,117,0.6428571428571429,14,1.0,0.8846153846153846,124,13,5,0.717948717948718,13,1.0,0.9166666666666666,1,-0.11680911680911674,0.042735042735042736,0.0,-0.036231884057971016,0.008064516129032258,5
7567,2018,Germany,Mesut Özil,81,91,172,12,27,25,,False,14,124,0.6813186813186813,14,1.0,0.8956043956043956,189,13,23,0.6474358974358975,13,1.0,0.8846153846153846,52,0.04973118279569891,0.18548387096774194,0.0,0.012269938650306829,0.2751322751322751,23
7567,2018,Germany,Toni Kroos,105,97,202,13,47,13,,False,14,124,0.6813186813186813,14,1.0,0.8956043956043956,189,13,23,0.6474358974358975,13,1.0,0.8782051282051282,60,0.04973118279569891,0.18548387096774194,0.0,0.01942740286298574,0.31746031746031744,23
7567,2018,Germany,Niklas Süle,78,75,153,12,36,10,,False,14,124,0.6813186813186813,14,1.0,0.8956043956043956,189,13,22,0.6538461538461539,13,1.0,0.8846153846153846,46,0.04032258064516131,0.1774193548387097,0.0,0.012269938650306829,0.24338624338624337,22
7567,2018,Germany,Manuel Neuer,28,23,51,9,16,0,,False,14,124,0.6813186813186813,14,1.0,0.8956043956043956,189,13,13,0.7115384615384616,13,1.0,0.9038461538461539,16,-0.04435483870967742,0.10483870967741936,0.0,-0.009202453987730029,0.08465608465608465,13
7567,2018,Germany,Sami Khedira,43,42,85,10,8,9,,False,14,124,0.6813186813186813,14,1.0,0.8956043956043956,189,13,17,0.6858974358974359,13,1.0,0.8974358974358975,17,-0.0067204301075268575,0.13709677419354838,0.0,-0.0020449897750511176,0.08994708994708994,17
7567,2018,Germany,Jonas Hector,46,46,92,11,7,16,,False,14,124,0.6813186813186813,14,1.0,0.8956043956043956,189,13,19,0.6730769230769231,13,1.0,0.8910256410256411,23,0.012096774193548343,0.1532258064516129,0.0,0.005112474437627794,0.12169312169312169,19
7567,2018,Germany,Joshua Kimmich,78,75,153,13,8,38,,False,14,124,0.6813186813186813,14,1.0,0.8956043956043956,189,13,23,0.6474358974358975,13,1.0,0.8782051282051282,46,0.04973118279569891,0.18548387096774194,0.0,0.01942740286298574,0.24338624338624337,23
7567,2018,Germany,Marco Reus,37,40,77,10,4,19,,False,14,124,0.6813186813186813,14,1.0,0.8956043956043956,189,13,16,0.6923076923076923,13,1.0,0.8974358974358975,23,-0.016129032258064457,0.12903225806451613,0.0,-0.0020449897750511176,0.12169312169312169,16
7567,2018,Germany,Mats Hummels,61,49,110,12,25,4,,False,14,124,0.6813186813186813,14,1.0,0.8956043956043956,189,13,23,0.6474358974358975,13,1.0,0.8846153846153846,29,0.04973118279569891,0.18548387096774194,0.0,0.012269938650306829,0.15343915343915343,23
7567,2018,Germany,Leon Goretzka,20,24,44,9,4,14,,False,14,124,0.6813186813186813,14,1.0,0.8956043956043956,189,13,16,0.6923076923076923,13,1.0,0.9038461538461539,18,-0.016129032258064457,0.12903225806451613,0.0,-0.009202453987730029,0.09523809523809523,16
7567,2018,Germany,Timo Werner,25,32,57,12,2,17,,False,14,124,0.6813186813186813,14,1.0,0.8956043956043956,189,13,21,0.6602564102564102,13,1.0,0.8846153846153846,19,0.030913978494623708,0.1693548387096774,0.0,0.012269938650306829,0.10052910052910052,21
7567,2018,Germany,Mario Gómez García,3,6,9,5,0,3,,False,14,124,0.6813186813186813,14,1.0,0.8956043956043956,189,13,6,0.7564102564102564,13,1.0,0.9294871794871795,3,-0.11021505376344079,0.04838709677419355,0.0,-0.03783231083844579,0.015873015873015872,6
7567,2018,Germany,Thomas Müller,13,18,31,8,1,12,,False,14,124,0.6813186813186813,14,1.0,0.8956043956043956,189,13,13,0.7115384615384616,13,1.0,0.9102564102564102,13,-0.04435483870967742,0.10483870967741936,0.0,-0.01635991820040894,0.06878306878306878,13
7567,2018,Germany,Julian Brandt,13,13,26,8,4,9,,False,14,124,0.6813186813186813,14,1.0,0.8956043956043956,189,13,13,0.7115384615384616,13,1.0,0.9102564102564102,13,-0.04435483870967742,0.10483870967741936,0.0,-0.01635991820040894,0.06878306878306878,13
7567,2018,South Korea,Yong Lee,21,18,39,11,8,4,,False,14,91,0.5,14,1.0,0.8076923076923077,62,13,15,0.48717948717948717,13,1.0,0.7884615384615384,12,0.02564102564102566,0.16483516483516483,0.0,0.02380952380952386,0.1935483870967742,15
7567,2018,South Korea,Jae-Sung Lee,30,32,62,11,8,13,,False,14,91,0.5,14,1.0,0.8076923076923077,62,13,21,0.44871794871794873,13,1.0,0.7884615384615384,21,0.10256410256410253,0.23076923076923078,0.0,0.02380952380952386,0.3387096774193548,21
7567,2018,South Korea,Young-Gwon Kim,14,12,26,6,7,2,,False,14,91,0.5,14,1.0,0.8076923076923077,62,13,11,0.5128205128205128,13,1.0,0.8205128205128205,9,-0.02564102564102555,0.12087912087912088,0.0,-0.015873015873015817,0.14516129032258066,11
7567,2018,South Korea,Woo-Young Jung,22,22,44,11,9,3,,False,14,91,0.5,14,1.0,0.8076923076923077,62,13,20,0.4551282051282051,13,1.0,0.7884615384615384,12,0.08974358974358976,0.21978021978021978,0.0,0.02380952380952386,0.1935483870967742,20
7567,2018,South Korea,Young-Sun Yun,12,8,20,8,3,1,,False,14,91,0.5,14,1.0,0.8076923076923077,62,13,13,0.5,13,1.0,0.8076923076923077,4,0.0,0.14285714285714285,0.0,0.0,0.06451612903225806,13
7567,2018,South Korea,Chul Hong,17,15,32,9,7,4,,False,14,91,0.5,14,1.0,0.8076923076923077,62,13,15,0.48717948717948717,13,1.0,0.8012820512820513,11,0.02564102564102566,0.16483516483516483,0.0,0.007936507936507908,0.1774193548387097,15
7567,2018,South Korea,Ja-Cheol Koo,6,7,13,6,0,3,,False,14,91,0.5,14,1.0,0.8076923076923077,62,13,11,0.5128205128205128,13,1.0,0.8205128205128205,3,-0.02564102564102555,0.12087912087912088,0.0,-0.015873015873015817,0.04838709677419355,11
7567,2018,South Korea,Hyeon-Woo Jo,13,4,17,8,10,0,,False,14,91,0.5,14,1.0,0.8076923076923077,62,13,11,0.5128205128205128,13,1.0,0.8055555555555555,10,-0.02564102564102555,0.12087912087912088,0.0,0.0026455026455027733,0.16129032258064516,11
7567,2018,South Korea,Hyun-Soo Jang,14,11,25,8,4,2,,False,14,91,0.5,14,1.0,0.8076923076923077,62,13,14,0.4935897435897436,13,1.0,0.8076923076923077,6,0.012820512820512775,0.15384615384615385,0.0,0.0,0.0967741935483871,14
7567,2018,South Korea,Heung-Min Son,15,28,43,12,4,18,,False,14,91,0.5,14,1.0,0.8076923076923077,62,13,19,0.46153846153846156,13,1.0,0.782051282051282,22,0.07692307692307687,0.2087912087912088,0.0,0.03174603174603177,0.3548387096774194,19
7567,2018,South Korea,Seon-Min Moon,9,12,21,7,0,5,,False,14,91,0.5,14,1.0,0.8076923076923077,62,13,11,0.5128205128205128,13,1.0,0.8141025641025641,5,-0.02564102564102555,0.12087912087912088,0.0,-0.007936507936507908,0.08064516129032258,11
7567,2018,South Korea,Hee-Chan Hwang,3,4,7,5,0,1,,False,14,91,0.5,14,1.0,0.8076923076923077,62,13,7,0.5384615384615384,13,1.0,0.8269230769230769,1,-0.07692307692307687,0.07692307692307693,0.0,-0.023809523809523725,0.016129032258064516,7
7567,2018,South Korea,Se-Jong Ju,5,7,12,5,2,4,,False,14,91,0.5,14,1.0,0.8076923076923077,62,13,8,0.532051282051282,13,1.0,0.8269230769230769,6,-0.0641025641025641,0.08791208791208792,0.0,-0.023809523809523725,0.0967741935483871,8
7567,2018,South Korea,Yo-Han Go,3,4,7,5,0,2,,False,14,91,0.5,14,1.0,0.8076923076923077,62,13,6,0.5448717948717948,13,1.0,0.8269230769230769,2,-0.08974358974358965,0.06593406593406594,0.0,-0.023809523809523725,0.03225806451612903,6
7568,2018,Switzerland,Mario Gavranović,7,11,18,6,1,7,,False,14,110,0.6043956043956044,14,1.0,0.8626373626373627,147,13,8,0.6538461538461539,13,1.0,0.8846153846153846,8,-0.0818181818181819,0.07272727272727272,0.0,-0.025477707006369334,0.05442176870748299,8
7568,2018,Switzerland,Granit Xhaka,100,88,188,13,29,17,,False,14,110,0.6043956043956044,14,1.0,0.8626373626373627,147,13,25,0.5448717948717948,13,1.0,0.8397435897435898,46,0.09848484848484851,0.22727272727272727,0.0,0.026539278131634852,0.3129251700680272,25
7568,2018,Switzerland,Xherdan Shaqiri,26,34,60,11,7,16,,False,14,110,0.6043956043956044,14,1.0,0.8626373626373627,147,13,18,0.5897435897435898,13,1.0,0.8525641025641025,23,0.02424242424242416,0.16363636363636364,0.0,0.011677282377919406,0.1564625850340136,18
7568,2018,Switzerland,Stephan Lichtsteiner,41,37,78,12,9,18,,False,14,110,0.6043956043956044,14,1.0,0.8626373626373627,147,13,18,0.5897435897435898,13,1.0,0.8461538461538461,27,0.02424242424242416,0.16363636363636364,0.0,0.01910828025477713,0.1836734693877551,18
7568,2018,Switzerland,Fabian Lukas Schär,73,74,147,11,24,2,,False,14,110,0.6043956043956044,14,1.0,0.8626373626373627,147,13,20,0.5769230769230769,13,1.0,0.8525641025641025,26,0.04545454545454548,0.18181818181818182,0.0,0.011677282377919406,0.17687074829931973,20
7568,2018,Switzerland,Manuel Obafemi Akanji,72,63,135,10,30,5,,False,14,110,0.6043956043956044,14,1.0,0.8626373626373627,147,13,18,0.5897435897435898,13,1.0,0.8589743589743589,35,0.02424242424242416,0.16363636363636364,0.0,0.004246284501061685,0.23809523809523808,18
7568,2018,Switzerland,Valon Behrami,43,35,78,9,8,2,,False,14,110,0.6043956043956044,14,1.0,0.8626373626373627,147,13,18,0.5897435897435898,13,1.0,0.8653846153846154,10,0.02424242424242416,0.16363636363636364,0.0,-0.003184713375796167,0.06802721088435375,18
7568,2018,Switzerland,Breel-Donald Embolo,21,31,52,12,3,24,,False,14,110,0.6043956043956044,14,1.0,0.8626373626373627,147,13,18,0.5897435897435898,13,1.0,0.8461538461538461,27,0.02424242424242416,0.16363636363636364,0.0,0.01910828025477713,0.1836734693877551,18
7568,2018,Switzerland,Yann Sommer,27,18,45,7,13,0,,False,14,110,0.6043956043956044,14,1.0,0.8626373626373627,147,13,11,0.6346153846153846,13,1.0,0.8782051282051282,13,-0.05000000000000001,0.1,0.0,-0.01804670912951161,0.08843537414965986,11
7568,2018,Switzerland,Ricardo Iván Rodríguez Araya,44,48,92,11,11,29,,False,14,110,0.6043956043956044,14,1.0,0.8626373626373627,147,13,20,0.5769230769230769,13,1.0,0.8525641025641025,40,0.04545454545454548,0.18181818181818182,0.0,0.011677282377919406,0.272108843537415,20
7568,2018,Switzerland,Blerim Džemaili,19,33,52,9,8,19,,False,14,110,0.6043956043956044,14,1.0,0.8626373626373627,147,13,16,0.6025641025641025,13,1.0,0.8653846153846154,27,0.00303030303030302,0.14545454545454545,0.0,-0.003184713375796167,0.1836734693877551,16
7568,2018,Switzerland,Denis Lemi Zakaria Lako Lado,20,18,38,10,2,4,,False,14,110,0.6043956043956044,14,1.0,0.8626373626373627,147,13,15,0.6089743589743589,13,1.0,0.8589743589743589,6,-0.007575757575757549,0.13636363636363635,0.0,0.004246284501061685,0.04081632653061224,15
7568,2018,Switzerland,Josip Drmic,4,8,12,7,1,4,,False,14,110,0.6043956043956044,14,1.0,0.8626373626373627,147,13,9,0.6474358974358975,13,1.0,0.8782051282051282,5,-0.07121212121212134,0.08181818181818182,0.0,-0.01804670912951161,0.034013605442176874,9
7568,2018,Switzerland,Michael Lang,5,4,9,4,1,0,,False,14,110,0.6043956043956044,14,1.0,0.8626373626373627,147,13,6,0.6666666666666666,13,1.0,0.8974358974358975,1,-0.10303030303030304,0.05454545454545454,0.0,-0.04033970276008491,0.006802721088435374,6
7568,2018,Costa Rica,Keylor Navas Gamboa,12,10,22,7,9,0,,False,14,95,0.521978021978022,14,1.0,0.7802197802197807,95,13,12,0.532051282051282,13,1.0,0.7841880341880338,9,-0.01929824561403502,0.12631578947368421,0.0,-0.005086071987479421,0.09473684210526316,12
7568,2018,Costa Rica,Celso Borges Mora,31,30,61,11,8,7,,False,14,95,0.521978021978022,14,1.0,0.7802197802197807,95,13,18,0.4935897435897436,13,1.0,0.7564102564102559,15,0.05438596491228072,0.18947368421052632,0.0,0.030516431924883784,0.15789473684210525,18
7568,2018,Costa Rica,Cristian Gamboa Luna,18,16,34,7,6,9,,False,14,95,0.521978021978022,14,1.0,0.7802197802197807,95,13,13,0.5256410256410257,13,1.0,0.786324786324786,15,-0.007017543859649098,0.1368421052631579,0.0,-0.007824726134584261,0.15789473684210525,13
7568,2018,Costa Rica,Bryan Ruiz González,31,30,61,9,9,11,,False,14,95,0.521978021978022,14,1.0,0.7802197802197807,95,13,17,0.5,13,1.0,0.7713675213675211,20,0.0421052631578948,0.17894736842105263,0.0,0.01134585289514962,0.21052631578947367,17
7568,2018,Costa Rica,Joel Nathaniel Campbell Samuels,18,31,49,11,5,21,,False,14,95,0.521978021978022,14,1.0,0.7802197802197807,95,13,21,0.47435897435897434,13,1.0,0.756410256410256,26,0.09122807017543869,0.22105263157894736,0.0,0.030516431924883642,0.2736842105263158,21
7568,2018,Costa Rica,David Alberto Guzmán Pérez,31,36,67,10,6,4,,False,14,95,0.521978021978022,14,1.0,0.7802197802197807,95,13,19,0.48717948717948717,13,1.0,0.7649572649572647,10,0.06666666666666675,0.2,0.0,0.019561815336464138,0.10526315789473684,19
7568,2018,Costa Rica,Bryan Oviedo,29,24,53,10,13,8,,False,14,95,0.521978021978022,14,1.0,0.7802197802197807,95,13,19,0.48717948717948717,13,1.0,0.7382478632478628,21,0.06666666666666675,0.2,0.0,0.053794992175274926,0.22105263157894736,19
7568,2018,Costa Rica,Giancarlo González Castro,30,23,53,9,11,3,,False,14,95,0.521978021978022,14,1.0,0.7802197802197807,95,13,17,0.5,13,1.0,0.7713675213675211,14,0.0421052631578948,0.17894736842105263,0.0,0.01134585289514962,0.14736842105263157,17
7568,2018,Costa Rica,Kendall Jamaal Waston Manley,37,27,64,10,13,4,,False,14,95,0.521978021978022,14,1.0,0.7802197802197807,95,13,17,0.5,13,1.0,0.7628205128205124,17,0.0421052631578948,0.17894736842105263,0.0,0.022300469483569122,0.17894736842105263,17
7568,2018,Costa Rica,Daniel Colindres Solera,14,29,43,7,3,22,,False,14,95,0.521978021978022,14,1.0,0.7802197802197807,95,13,11,0.5384615384615384,13,1.0,0.7841880341880338,25,-0.031578947368420936,0.11578947368421053,0.0,-0.005086071987479421,0.2631578947368421,11
7568,2018,Costa Rica,Johnny Acosta Zamora,23,17,40,8,11,4,,False,14,95,0.521978021978022,14,1.0,0.7802197802197807,95,13,14,0.5192307692307693,13,1.0,0.7799145299145297,15,0.005263157894736823,0.14736842105263157,0.0,0.0003912363067301166,0.15789473684210525,14
7568,2018,Costa Rica,Rodney Wallace,4,4,8,5,1,2,,False,14,95,0.521978021978022,14,1.0,0.7802197802197807,95,13,7,0.5641025641025641,13,1.0,0.7863247863247859,3,-0.08070175438596483,0.07368421052631578,0.0,-0.007824726134584119,0.031578947368421054,7
7568,2018,Costa Rica,Rándall Azofeifa Corrales,1,2,3,2,0,0,,False,14,95,0.521978021978022,14,1.0,0.7802197802197807,95,13,3,0.5897435897435898,13,1.0,0.8183760683760681,0,-0.12982456140350873,0.031578947368421054,0.0,-0.04890453834115715,0.0,3
7568,2018,Costa Rica,Ian Rey Smith Quiros,1,1,2,2,0,0,,True,14,95,0.521978021978022,14,1.0,0.7802197802197807,95,13,2,0.5961538461538461,13,1.0,0.8290598290598291,0,-0.14210526315789465,0.021052631578947368,0.0,-0.06259780907668178,0.0,2
7569,2018,Panama,Ricardo Guardia Avila,18,15,33,8,6,4,,False,14,89,0.489010989010989,14,1.0,0.8186813186813187,65,13,13,0.48717948717948717,13,1.0,0.8205128205128205,10,0.003745318352059912,0.14606741573033707,0.0,-0.002237136465324377,0.15384615384615385,13
7569,2018,Panama,Fidel Escobar Mendieta,15,14,29,9,10,1,,False,14,89,0.489010989010989,14,1.0,0.8186813186813187,65,13,14,0.4807692307692308,13,1.0,0.8141025641025641,11,0.016853932584269603,0.15730337078651685,0.0,0.005592841163310942,0.16923076923076924,14
7569,2018,Panama,Gabriel Enrique Gómez Girón,33,22,55,12,10,0,,False,14,89,0.489010989010989,14,1.0,0.8186813186813187,65,13,19,0.44871794871794873,13,1.0,0.7948717948717948,10,0.08239700374531829,0.21348314606741572,0.0,0.029082774049217035,0.15384615384615385,19
7569,2018,Panama,Román Aureliano Torres Morcillo,9,8,17,8,3,2,,False,14,89,0.489010989010989,14,1.0,0.8186813186813187,65,13,10,0.5064102564102564,13,1.0,0.8205128205128205,5,-0.03558052434456928,0.11235955056179775,0.0,-0.002237136465324377,0.07692307692307693,10
7569,2018,Panama,Jaime Manuel Penedo Cano,8,7,15,7,6,0,,False,14,89,0.489010989010989,14,1.0,0.8186813186813187,65,13,9,0.5128205128205128,13,1.0,0.8269230769230769,6,-0.04868913857677897,0.10112359550561797,0.0,-0.010067114093959696,0.09230769230769231,9
7569,2018,Panama,Edgar Yoel Bárcenas Herrera,23,28,51,10,2,17,,False,14,89,0.489010989010989,14,1.0,0.8186813186813187,65,13,17,0.46153846153846156,13,1.0,0.8076923076923077,19,0.05617977528089879,0.19101123595505617,0.0,0.013422818791946262,0.2923076923076923,17
7569,2018,Panama,Aníbal Cesis Godoy,22,27,49,11,4,13,,False,14,89,0.489010989010989,14,1.0,0.8186813186813187,65,13,20,0.4423076923076923,13,1.0,0.7991452991452991,17,0.0955056179775281,0.2247191011235955,0.0,0.023862788963460155,0.26153846153846155,20
7569,2018,Panama,Gabriel Arturo Torres Tejada,5,5,10,5,0,3,,False,14,89,0.489010989010989,14,1.0,0.8186813186813187,65,13,6,0.532051282051282,13,1.0,0.8397435897435898,3,-0.08801498127340827,0.06741573033707865,0.0,-0.02572706935123047,0.046153846153846156,6
7569,2018,Panama,Adolfo Abdiel Machado,17,16,33,11,7,1,,False,14,89,0.489010989010989,14,1.0,0.8186813186813187,65,13,16,0.46794871794871795,13,1.0,0.8012820512820513,8,0.0430711610486891,0.1797752808988764,0.0,0.02125279642058158,0.12307692307692308,16
7569,2018,Panama,José Luis Rodríguez Francis,12,22,34,9,3,13,,False,14,89,0.489010989010989,14,1.0,0.8186813186813187,65,13,16,0.46794871794871795,13,1.0,0.8141025641025641,16,0.0430711610486891,0.1797752808988764,0.0,0.005592841163310942,0.24615384615384617,16
7569,2018,Panama,Luis Carlos Ovalle Victoria,20,13,33,7,12,2,,False,14,89,0.489010989010989,14,1.0,0.8186813186813187,65,13,11,0.5,13,1.0,0.8269230769230769,14,-0.022471910112359585,0.12359550561797752,0.0,-0.010067114093959696,0.2153846153846154,11
7569,2018,Panama,Harold Oshkaly Cummings Segura,10,11,21,7,2,1,,False,14,89,0.489010989010989,14,1.0,0.8186813186813187,65,13,13,0.48717948717948717,13,1.0,0.8269230769230769,3,0.003745318352059912,0.14606741573033707,0.0,-0.010067114093959696,0.046153846153846156,13
7569,2018,Panama,Luis Carlos Tejada Hansell,8,11,19,8,0,5,,False,14,89,0.489010989010989,14,1.0,0.8186813186813187,65,13,10,0.5064102564102564,13,1.0,0.8205128205128205,5,-0.03558052434456928,0.11235955056179775,0.0,-0.002237136465324377,0.07692307692307693,10
7569,2018,Panama,Abdiel Arroyo Molinar,2,3,5,4,0,3,,False,14,89,0.489010989010989,14,1.0,0.8186813186813187,65,13,4,0.5448717948717948,13,1.0,0.8461538461538461,3,-0.11423220973782765,0.0449438202247191,0.0,-0.033557046979865786,0.046153846153846156,4
7569,2018,Tunisia,Hamdi Nagguez,44,42,86,10,9,16,,False,14,115,0.6318681318681318,14,1.0,0.8571428571428573,141,13,18,0.6217948717948718,13,1.0,0.8525641025641028,25,0.01594202898550719,0.1565217391304348,0.0,0.005341880341880322,0.1773049645390071,18
7569,2018,Tunisia,Ghilane Chalali,64,69,133,12,11,17,,False,14,115,0.6318681318681318,14,1.0,0.8571428571428573,141,13,21,0.6025641025641025,13,1.0,0.83974358974359,28,0.04637681159420291,0.1826086956521739,0.0,0.020299145299145224,0.19858156028368795,21
7569,2018,Tunisia,Yassine Meriah,92,83,175,12,38,2,,False,14,115,0.6318681318681318,14,1.0,0.8571428571428573,141,13,23,0.5897435897435898,13,1.0,0.83974358974359,40,0.06666666666666661,0.2,0.0,0.020299145299145224,0.28368794326241137,23
7569,2018,Tunisia,Ferjani Sassi,47,51,98,9,16,9,,False,14,115,0.6318681318681318,14,1.0,0.8571428571428573,141,13,18,0.6217948717948718,13,1.0,0.8611111111111114,25,0.01594202898550719,0.1565217391304348,0.0,-0.004629629629629742,0.1773049645390071,18
7569,2018,Tunisia,Rami Bedoui,72,59,131,10,27,5,,False,14,115,0.6318681318681318,14,1.0,0.8571428571428573,141,13,19,0.6153846153846154,13,1.0,0.854700854700855,32,0.02608695652173904,0.16521739130434782,0.0,0.0028490028490027086,0.22695035460992907,19
7569,2018,Tunisia,Aymen Mathlouthi,22,17,39,7,12,0,,False,14,115,0.6318681318681318,14,1.0,0.8571428571428573,141,13,10,0.6730769230769231,13,1.0,0.8739316239316242,12,-0.06521739130434795,0.08695652173913043,0.0,-0.019586894586894645,0.0851063829787234,10
7569,2018,Tunisia,Naïm Sliti,22,38,60,10,6,15,,False,14,115,0.6318681318681318,14,1.0,0.8571428571428573,141,13,17,0.6282051282051282,13,1.0,0.8525641025641028,21,0.005797101449275342,0.14782608695652175,0.0,0.005341880341880322,0.14893617021276595,17
7569,2018,Tunisia,Oussama Haddadi,35,22,57,10,4,8,,False,14,115,0.6318681318681318,14,1.0,0.8571428571428573,141,13,16,0.6346153846153846,13,1.0,0.8525641025641028,12,-0.004347826086956506,0.1391304347826087,0.0,0.005341880341880322,0.0851063829787234,16
7569,2018,Tunisia,Fakhreddine Ben Youssef,27,37,64,12,2,14,,False,14,115,0.6318681318681318,14,1.0,0.8571428571428573,141,13,20,0.6089743589743589,13,1.0,0.83974358974359,16,0.036231884057971064,0.17391304347826086,0.0,0.020299145299145224,0.11347517730496454,20
7569,2018,Tunisia,Ellyes Joris Skhiri,72,67,139,11,16,20,,False,14,115,0.6318681318681318,14,1.0,0.8571428571428573,141,13,20,0.6089743589743589,13,1.0,0.8461538461538464,36,0.036231884057971064,0.17391304347826086,0.0,0.012820512820512771,0.2553191489361702,20
7569,2018,Tunisia,Wahbi Khazri,28,38,66,11,0,22,,False,14,115,0.6318681318681318,14,1.0,0.8571428571428573,141,13,21,0.6025641025641025,13,1.0,0.8461538461538464,22,0.04637681159420291,0.1826086956521739,0.0,0.012820512820512771,0.15602836879432624,21
7569,2018,Tunisia,Anice Badri,17,17,34,10,0,9,,False,14,115,0.6318681318681318,14,1.0,0.8571428571428573,141,13,17,0.6282051282051282,12,0.9230769230769231,0.782051282051282,9,0.005797101449275342,0.14782608695652175,0.07692307692307687,0.0876068376068378,0.06382978723404255,17
7569,2018,Tunisia,Ahmed Khalil,5,6,11,7,0,4,,False,14,115,0.6318681318681318,14,1.0,0.8571428571428573,141,13,9,0.6794871794871795,13,1.0,0.871794871794872,4,-0.0753623188405798,0.0782608695652174,0.0,-0.017094017094017158,0.028368794326241134,9
7569,2018,Tunisia,Bassem Srarfi,0,1,1,1,0,0,,True,14,115,0.6318681318681318,14,1.0,0.8571428571428573,141,13,1,0.7307692307692307,13,1.0,0.9166666666666666,0,-0.15652173913043477,0.008695652173913044,0.0,-0.06944444444444418,0.0,1
7570,2018,England,Marcus Rashford,26,35,61,11,1,18,,False,13,110,0.7051282051282052,13,1.0,0.9102564102564102,115,12,19,0.6893939393939394,12,1.0,0.9015151515151515,19,0.022314049586776852,0.17272727272727273,0.0,0.009603072983354683,0.16521739130434782,19
7570,2018,England,John Stones,26,22,48,10,10,1,,False,13,110,0.7051282051282052,13,1.0,0.9102564102564102,115,12,18,0.696969696969697,12,1.0,0.9090909090909091,11,0.011570247933884299,0.16363636363636364,0.0,0.0012804097311139742,0.09565217391304348,18
7570,2018,England,Phil Jones,69,67,136,11,20,14,,False,13,110,0.7051282051282052,13,1.0,0.9102564102564102,115,12,20,0.6818181818181818,12,1.0,0.9015151515151515,34,0.03305785123966956,0.18181818181818182,0.0,0.009603072983354683,0.2956521739130435,20
7570,2018,England,Trent Alexander-Arnold,52,47,99,11,8,12,,False,13,110,0.7051282051282052,13,1.0,0.9102564102564102,115,12,18,0.696969696969697,12,1.0,0.9015151515151515,20,0.011570247933884299,0.16363636363636364,0.0,0.009603072983354683,0.17391304347826086,18
7570,2018,England,Gary Cahill,41,36,77,10,14,1,,False,13,110,0.7051282051282052,13,1.0,0.9102564102564102,115,12,18,0.696969696969697,12,1.0,0.9090909090909091,15,0.011570247933884299,0.16363636363636364,0.0,0.0012804097311139742,0.13043478260869565,18
7570,2018,England,Jordan Pickford,26,21,47,9,15,0,,False,13,110,0.7051282051282052,13,1.0,0.9102564102564102,115,12,15,0.7196969696969697,12,1.0,0.9166666666666666,15,-0.020661157024793358,0.13636363636363635,0.0,-0.007042253521126736,0.13043478260869565,15
7570,2018,England,Fabian Delph,34,37,71,10,7,14,,False,13,110,0.7051282051282052,13,1.0,0.9102564102564102,115,12,18,0.696969696969697,12,1.0,0.9090909090909091,21,0.011570247933884299,0.16363636363636364,0.0,0.0012804097311139742,0.1826086956521739,18
7570,2018,England,Jamie Vardy,7,12,19,9,1,8,,False,13,110,0.7051282051282052,13,1.0,0.9102564102564102,115,12,14,0.7272727272727273,12,1.0,0.9166666666666666,9,-0.03140495867768591,0.12727272727272726,0.0,-0.007042253521126736,0.0782608695652174,14
7570,2018,England,Eric Dier,54,55,109,11,13,12,,False,13,110,0.7051282051282052,13,1.0,0.9102564102564102,115,12,22,0.6666666666666666,12,1.0,0.9015151515151515,25,0.05454545454545466,0.2,0.0,0.009603072983354683,0.21739130434782608,22
7570,2018,England,Danny Rose,35,30,65,12,9,8,,False,13,110,0.7051282051282052,13,1.0,0.9102564102564102,115,12,21,0.6742424242424242,12,1.0,0.8939393939393939,17,0.04380165289256211,0.19090909090909092,0.0,0.017925736235595395,0.14782608695652175,21
7570,2018,England,Ruben Loftus-Cheek,32,44,76,12,6,26,,False,13,110,0.7051282051282052,13,1.0,0.9102564102564102,115,12,19,0.6893939393939394,12,1.0,0.8939393939393939,32,0.022314049586776852,0.17272727272727273,0.0,0.017925736235595395,0.2782608695652174,19
7570,2018,England,Harry Maguire,29,25,54,10,11,1,,False,13,110,0.7051282051282052,13,1.0,0.9102564102564102,115,12,16,0.7121212121212122,12,1.0,0.9090909090909091,12,-0.009917355371900805,0.14545454545454545,0.0,0.0012804097311139742,0.10434782608695652,16
7570,2018,England,Daniel Nii Tackie Mensah Welbeck,1,1,2,2,0,0,,True,13,110,0.7051282051282052,13,1.0,0.9102564102564102,115,12,2,0.8181818181818182,12,1.0,0.9696969696969697,0,-0.16033057851239668,0.01818181818181818,0.0,-0.06530089628681182,0.0,2
7570,2018,Belgium,Thomas Vermaelen,49,49,98,8,20,9,,False,13,101,0.6474358974358975,13,1.0,0.8717948717948718,133,12,15,0.6515151515151515,12,1.0,0.8787878787878788,29,-0.0063006300630062155,0.1485148514851485,0.0,-0.008021390374331534,0.21804511278195488,15
7570,2018,Belgium,Marouane Fellaini-Bakkioui,29,35,64,11,2,21,,False,13,101,0.6474358974358975,13,1.0,0.8717948717948718,133,12,19,0.6212121212121212,12,1.0,0.8560606060606061,23,0.04050405040504054,0.18811881188118812,0.0,0.01804812834224598,0.17293233082706766,19
7570,2018,Belgium,Thorgan Hazard,42,37,79,10,8,16,,False,13,101,0.6474358974358975,13,1.0,0.8717948717948718,133,12,17,0.6363636363636364,12,1.0,0.8636363636363636,24,0.017101710171017165,0.16831683168316833,0.0,0.009358288770053477,0.18045112781954886,17
7570,2018,Belgium,Mousa Sidi Yaya Dembélé,63,56,119,12,9,22,,False,13,101,0.6474358974358975,13,1.0,0.8717948717948718,133,12,22,0.5984848484848485,12,1.0,0.8484848484848485,31,0.07560756075607561,0.21782178217821782,0.0,0.026737967914438488,0.23308270676691728,22
7570,2018,Belgium,Adnan Januzaj,15,28,43,8,2,14,,False,13,101,0.6474358974358975,13,1.0,0.8717948717948718,133,12,14,0.6590909090909091,12,1.0,0.8787878787878788,16,-0.018001800180017905,0.13861386138613863,0.0,-0.008021390374331534,0.12030075187969924,14
7570,2018,Belgium,Leander Dendoncker,64,61,125,11,17,3,,False,13,101,0.6474358974358975,13,1.0,0.8717948717948718,133,12,20,0.6136363636363636,12,1.0,0.8560606060606061,20,0.05220522052205224,0.19801980198019803,0.0,0.01804812834224598,0.15037593984962405,20
7570,2018,Belgium,Nacer Chadli,43,37,80,9,10,17,,False,13,101,0.6474358974358975,13,1.0,0.8717948717948718,133,12,14,0.6590909090909091,12,1.0,0.8712121212121212,27,-0.018001800180017905,0.13861386138613863,0.0,0.0006684491978609717,0.20300751879699247,14
7570,2018,Belgium,Anga Dedryck Boyata,69,64,133,10,29,1,,False,13,101,0.6474358974358975,13,1.0,0.8717948717948718,133,12,18,0.6287878787878788,12,1.0,0.8636363636363636,30,0.028802880288028854,0.1782178217821782,0.0,0.009358288770053477,0.22556390977443608,18
7570,2018,Belgium,Thibaut Courtois,24,18,42,8,14,0,,False,13,101,0.6474358974358975,13,1.0,0.8717948717948718,133,12,13,0.6666666666666666,12,1.0,0.8787878787878788,14,-0.029702970297029598,0.12871287128712872,0.0,-0.008021390374331534,0.10526315789473684,13
7570,2018,Belgium,Youri Tielemans,54,62,116,11,18,14,,False,13,101,0.6474358974358975,13,1.0,0.8717948717948718,133,12,21,0.6060606060606061,12,1.0,0.8560606060606061,32,0.06390639063906392,0.2079207920792079,0.0,0.01804812834224598,0.24060150375939848,21
7570,2018,Belgium,Michy Batshuayi Tunga,16,20,36,8,0,14,,False,13,101,0.6474358974358975,13,1.0,0.8717948717948718,133,12,14,0.6590909090909091,12,1.0,0.8787878787878788,14,-0.018001800180017905,0.13861386138613863,0.0,-0.008021390374331534,0.10526315789473684,14
7570,2018,Belgium,Vincent Kompany,16,16,32,7,4,0,,False,13,101,0.6474358974358975,13,1.0,0.8717948717948718,133,12,11,0.6818181818181818,12,1.0,0.8863636363636364,4,-0.053105310531052975,0.10891089108910891,0.0,-0.01671122994652404,0.03007518796992481,11
7570,2018,Belgium,Dries Mertens,3,4,7,3,0,2,,False,13,101,0.6474358974358975,13,1.0,0.8717948717948718,133,12,4,0.7348484848484849,12,1.0,0.9166666666666666,2,-0.13501350135013498,0.039603960396039604,0.0,-0.05147058823529406,0.015037593984962405,4
7571,2018,Senegal,Sadio Mané,17,33,50,11,6,16,,False,14,81,0.44505494505494503,14,1.0,0.7637362637362639,80,13,19,0.3974358974358974,13,1.0,0.7350427350427348,22,0.10699588477366255,0.2345679012345679,0.0,0.037569944044764776,0.275,19
7571,2018,Senegal,Kalidou Koulibaly,29,34,63,10,16,1,,False,14,81,0.44505494505494503,14,1.0,0.7637362637362639,80,13,17,0.41025641025641024,13,1.0,0.724358974358974,17,0.07818930041152261,0.20987654320987653,0.0,0.0515587529976026,0.2125,17
7571,2018,Senegal,M'Baye Babacar Niang,12,20,32,10,1,14,,False,14,81,0.44505494505494503,14,1.0,0.7637362637362639,80,13,16,0.4166666666666667,13,1.0,0.7435897435897434,15,0.06378600823045258,0.19753086419753085,0.0,0.026378896882494486,0.1875,16
7571,2018,Senegal,Lamine Gassama,28,15,43,7,16,3,,False,14,81,0.44505494505494503,14,1.0,0.7637362637362639,80,13,13,0.4358974358974359,13,1.0,0.7628205128205127,19,0.020576131687242726,0.16049382716049382,0.0,0.0011990407673865228,0.2375,13
7571,2018,Senegal,Youssouf Sabaly,21,10,31,7,4,3,,False,14,81,0.44505494505494503,14,1.0,0.7637362637362639,80,13,11,0.44871794871794873,13,1.0,0.7628205128205127,7,-0.008230452674897215,0.13580246913580246,0.0,0.0011990407673865228,0.0875,11
7571,2018,Senegal,Salif Sané,32,30,62,10,12,1,,False,14,81,0.44505494505494503,14,1.0,0.7637362637362639,80,13,18,0.40384615384615385,13,1.0,0.7393162393162391,13,0.09259259259259252,0.2222222222222222,0.0,0.031974420463629555,0.1625,18
7571,2018,Senegal,Idrissa Gana Gueye,42,27,69,10,11,7,,False,14,81,0.44505494505494503,14,1.0,0.7637362637362639,80,13,18,0.40384615384615385,13,1.0,0.7435897435897434,18,0.09259259259259252,0.2222222222222222,0.0,0.026378896882494486,0.225,18
7571,2018,Senegal,Keita Baldé Diao,9,14,23,5,0,9,,False,14,81,0.44505494505494503,14,1.0,0.7637362637362639,80,13,10,0.4551282051282051,13,1.0,0.7777777777777777,9,-0.022633744855967124,0.12345679012345678,0.0,-0.01838529176658637,0.1125,10
7571,2018,Senegal,Khadim N'Diaye,6,8,14,5,4,0,,False,14,81,0.44505494505494503,14,1.0,0.7637362637362639,80,13,6,0.4807692307692308,13,1.0,0.7756410256410254,4,-0.080246913580247,0.07407407407407407,0.0,-0.01558752997601869,0.05,6
7571,2018,Senegal,Ismaïla Sarr,13,23,36,7,5,17,,False,14,81,0.44505494505494503,14,1.0,0.7637362637362639,80,13,11,0.44871794871794873,13,1.0,0.7628205128205127,22,-0.008230452674897215,0.13580246913580246,0.0,0.0011990407673865228,0.275,11
7571,2018,Senegal,Cheikhou Kouyaté,21,14,35,8,4,6,,False,14,81,0.44505494505494503,14,1.0,0.7637362637362639,80,13,14,0.42948717948717946,13,1.0,0.7564102564102563,10,0.03497942386831276,0.1728395061728395,0.0,0.009592326139089129,0.125,14
7571,2018,Senegal,Moussa Wagué,2,2,4,3,1,1,,False,14,81,0.44505494505494503,14,1.0,0.7637362637362639,80,13,3,0.5,13,1.0,0.7927350427350427,2,-0.12345679012345685,0.037037037037037035,0.0,-0.037969624300559265,0.025,3
7571,2018,Senegal,Diafra Sakho,1,3,4,3,0,1,,False,14,81,0.44505494505494503,14,1.0,0.7637362637362639,80,13,4,0.4935897435897436,13,1.0,0.7905982905982905,1,-0.10905349794238695,0.04938271604938271,0.0,-0.03517186250999158,0.0125,4
7571,2018,Senegal,Pape Moussa Konaté,1,1,2,2,0,1,,True,14,81,0.44505494505494503,14,1.0,0.7637362637362639,80,13,2,0.5064102564102564,13,1.0,0.7970085470085468,1,-0.13786008230452676,0.024691358024691357,0.0,-0.04356514788169419,0.0125,2
7571,2018,Colombia,David Ospina Ramírez,21,11,32,9,15,0,,False,14,98,0.5384615384615384,14,1.0,0.8186813186813187,123,13,14,0.5384615384615384,13,1.0,0.8141025641025641,15,0.0,0.14285714285714285,0.0,0.005592841163310942,0.12195121951219512,14
7571,2018,Colombia,Radamel Falcao García Zárate,13,23,36,10,1,14,,False,14,98,0.5384615384615384,14,1.0,0.8186813186813187,123,13,16,0.5256410256410257,13,1.0,0.8076923076923077,15,0.023809523809523725,0.16326530612244897,0.0,0.013422818791946262,0.12195121951219512,16
7571,2018,Colombia,Santiago Arias Naranjo,47,37,84,9,12,11,,False,14,98,0.5384615384615384,14,1.0,0.8186813186813187,123,13,16,0.5256410256410257,13,1.0,0.8141025641025641,23,0.023809523809523725,0.16326530612244897,0.0,0.005592841163310942,0.18699186991869918,16
7571,2018,Colombia,Yerry Fernando Mina González,52,44,96,9,22,4,,False,14,98,0.5384615384615384,14,1.0,0.8186813186813187,123,13,17,0.5192307692307693,13,1.0,0.8141025641025641,26,0.03571428571428559,0.17346938775510204,0.0,0.005592841163310942,0.21138211382113822,17
7571,2018,Colombia,Davinson Sánchez Mina,54,50,104,11,22,4,,False,14,98,0.5384615384615384,14,1.0,0.8186813186813187,123,13,20,0.5,13,1.0,0.8012820512820513,26,0.07142857142857138,0.20408163265306123,0.0,0.02125279642058158,0.21138211382113822,20
7571,2018,Colombia,Johan Andrés Mojica Palacio,24,27,51,10,9,13,,False,14,98,0.5384615384615384,14,1.0,0.8186813186813187,123,13,16,0.5256410256410257,13,1.0,0.8034188034188033,22,0.023809523809523725,0.16326530612244897,0.0,0.018642803877703278,0.17886178861788618,16
7571,2018,Colombia,Andrés Mateus Uribe Villa,30,32,62,10,11,15,,False,14,98,0.5384615384615384,14,1.0,0.8186813186813187,123,13,19,0.5064102564102564,13,1.0,0.8076923076923077,26,0.05952380952380952,0.19387755102040816,0.0,0.013422818791946262,0.21138211382113822,19
7571,2018,Colombia,Juan Guillermo Cuadrado Bello,29,43,72,10,4,29,,False,14,98,0.5384615384615384,14,1.0,0.8186813186813187,123,13,17,0.5192307692307693,13,1.0,0.8076923076923077,33,0.03571428571428559,0.17346938775510204,0.0,0.013422818791946262,0.2682926829268293,17
7571,2018,Colombia,Juan Fernando Quintero Paniagua,37,35,72,11,14,11,,False,14,98,0.5384615384615384,14,1.0,0.8186813186813187,123,13,20,0.5,13,1.0,0.8012820512820513,25,0.07142857142857138,0.20408163265306123,0.0,0.02125279642058158,0.2032520325203252,20
7571,2018,Colombia,Carlos Alberto Sánchez Moreno,30,26,56,8,8,4,,False,14,98,0.5384615384615384,14,1.0,0.8186813186813187,123,13,14,0.5384615384615384,13,1.0,0.8205128205128205,12,0.0,0.14285714285714285,0.0,-0.002237136465324377,0.0975609756097561,14
7571,2018,Colombia,James David Rodríguez Rubio,7,9,16,6,1,4,,False,14,98,0.5384615384615384,14,1.0,0.8186813186813187,123,13,9,0.5705128205128205,13,1.0,0.8333333333333334,5,-0.05952380952380952,0.09183673469387756,0.0,-0.01789709172259515,0.04065040650406504,9
7571,2018,Colombia,Luis Fernando Muriel Fruto,12,15,27,7,3,11,,False,14,98,0.5384615384615384,14,1.0,0.8186813186813187,123,13,12,0.5512820512820513,13,1.0,0.8269230769230769,14,-0.023809523809523933,0.12244897959183673,0.0,-0.010067114093959696,0.11382113821138211,12
7571,2018,Colombia,Jefferson Andrés Lerma Solís,2,3,5,3,1,0,,False,14,98,0.5384615384615384,14,1.0,0.8186813186813187,123,13,3,0.6089743589743589,13,1.0,0.8525641025641025,1,-0.1309523809523809,0.030612244897959183,0.0,-0.041387024608501105,0.008130081300813009,3
7571,2018,Colombia,Miguel Ángel Borja Hernández,0,3,3,3,0,3,,False,14,98,0.5384615384615384,14,1.0,0.8186813186813187,123,13,3,0.6089743589743589,13,1.0,0.8525641025641025,3,-0.1309523809523809,0.030612244897959183,0.0,-0.041387024608501105,0.024390243902439025,3
7572,2018,Poland,Piotr Zieliński,27,29,56,8,5,10,,False,13,102,0.6538461538461539,13,1.0,0.8717948717948718,118,12,14,0.6666666666666666,12,1.0,0.8787878787878788,15,-0.019607843137254832,0.13725490196078433,0.0,-0.008021390374331534,0.1271186440677966,14
7572,2018,Poland,Grzegorz Krychowiak,43,36,79,11,12,9,,False,13,102,0.6538461538461539,13,1.0,0.8717948717948718,118,12,22,0.6060606060606061,12,1.0,0.8560606060606061,21,0.0730837789661319,0.21568627450980393,0.0,0.01804812834224598,0.17796610169491525,22
7572,2018,Poland,Bartosz Bereszyński,50,34,84,10,12,15,,False,13,102,0.6538461538461539,13,1.0,0.8717948717948718,118,12,19,0.6287878787878788,12,1.0,0.8636363636363636,27,0.03832442067736187,0.18627450980392157,0.0,0.009358288770053477,0.2288135593220339,19
7572,2018,Poland,Kamil Glik,60,63,123,11,19,6,,False,13,102,0.6538461538461539,13,1.0,0.8717948717948718,118,12,19,0.6287878787878788,12,1.0,0.8560606060606061,25,0.03832442067736187,0.18627450980392157,0.0,0.01804812834224598,0.211864406779661,19
7572,2018,Poland,Jan Bednarek,65,63,128,10,23,4,,False,13,102,0.6538461538461539,13,1.0,0.8717948717948718,118,12,18,0.6363636363636364,12,1.0,0.8636363636363636,27,0.02673796791443853,0.17647058823529413,0.0,0.009358288770053477,0.2288135593220339,18
7572,2018,Poland,Kamil Grosicki,16,31,47,10,1,14,,False,13,102,0.6538461538461539,13,1.0,0.8717948717948718,118,12,16,0.6515151515151515,12,1.0,0.8636363636363636,15,0.0035650623885918496,0.1568627450980392,0.0,0.009358288770053477,0.1271186440677966,16
7572,2018,Poland,Robert Lewandowski,20,29,49,10,3,16,,False,13,102,0.6538461538461539,13,1.0,0.8717948717948718,118,12,17,0.6439393939393939,12,1.0,0.8636363636363636,19,0.01515151515151519,0.16666666666666666,0.0,0.009358288770053477,0.16101694915254236,17
7572,2018,Poland,Artur Jędrzejczyk,41,33,74,10,14,13,,False,13,102,0.6538461538461539,13,1.0,0.8717948717948718,118,12,18,0.6363636363636364,12,1.0,0.8636363636363636,27,0.02673796791443853,0.17647058823529413,0.0,0.009358288770053477,0.2288135593220339,18
7572,2018,Poland,Jacek Góralski,26,24,50,11,5,7,,False,13,102,0.6538461538461539,13,1.0,0.8717948717948718,118,12,18,0.6363636363636364,12,1.0,0.8560606060606061,12,0.02673796791443853,0.17647058823529413,0.0,0.01804812834224598,0.1016949152542373,18
7572,2018,Poland,Łukasz Fabiański,18,14,32,6,15,0,,False,13,102,0.6538461538461539,13,1.0,0.8717948717948718,118,12,11,0.6893939393939394,12,1.0,0.8939393939393939,15,-0.054367201426025025,0.10784313725490197,0.0,-0.025401069518716544,0.1271186440677966,11
7572,2018,Poland,Rafał Kurzawa,21,27,48,9,8,13,,False,13,102,0.6538461538461539,13,1.0,0.8717948717948718,118,12,16,0.6515151515151515,12,1.0,0.8712121212121212,21,0.0035650623885918496,0.1568627450980392,0.0,0.0006684491978609717,0.17796610169491525,16
7572,2018,Poland,Sławomir Peszko,9,9,18,5,1,6,,False,13,102,0.6538461538461539,13,1.0,0.8717948717948718,118,12,9,0.7045454545454546,12,1.0,0.9015151515151515,7,-0.0775401069518717,0.08823529411764706,0.0,-0.034090909090909054,0.059322033898305086,9
7572,2018,Poland,Łukasz Teodorczyk,4,8,12,5,0,5,,False,13,102,0.6538461538461539,13,1.0,0.8717948717948718,118,12,7,0.7196969696969697,12,1.0,0.9015151515151515,5,-0.10071301247771838,0.06862745098039216,0.0,-0.034090909090909054,0.0423728813559322,7
7572,2018,Japan,Yuto Nagatomo,41,31,72,10,11,11,,False,14,109,0.5989010989010989,14,1.0,0.8516483516483516,129,13,18,0.5833333333333334,13,1.0,0.8461538461538461,22,0.02599388379204884,0.1651376146788991,0.0,0.006451612903225784,0.17054263565891473,18
7572,2018,Japan,Shinji Okazaki,9,14,23,8,0,10,,False,14,109,0.5989010989010989,14,1.0,0.8516483516483516,129,13,13,0.6153846153846154,13,1.0,0.8589743589743589,10,-0.027522935779816602,0.11926605504587157,0.0,-0.008602150537634379,0.07751937984496124,13
7572,2018,Japan,Gaku Shibasaki,59,52,111,13,13,15,,False,14,109,0.5989010989010989,14,1.0,0.8516483516483516,129,13,23,0.5512820512820513,13,1.0,0.8269230769230769,28,0.07951070336391428,0.21100917431192662,0.0,0.029032258064516158,0.21705426356589147,23
7572,2018,Japan,Hiroki Sakai,38,33,71,10,14,8,,False,14,109,0.5989010989010989,14,1.0,0.8516483516483516,129,13,17,0.5897435897435898,13,1.0,0.8461538461538461,22,0.015290519877675787,0.1559633027522936,0.0,0.006451612903225784,0.17054263565891473,17
7572,2018,Japan,Tomoaki Makino,77,73,150,10,17,6,,False,14,109,0.5989010989010989,14,1.0,0.8516483516483516,129,13,17,0.5897435897435898,13,1.0,0.8461538461538461,23,0.015290519877675787,0.1559633027522936,0.0,0.006451612903225784,0.17829457364341086,17
7572,2018,Japan,Hotaru Yamaguchi,75,73,148,12,19,14,,False,14,109,0.5989010989010989,14,1.0,0.8516483516483516,129,13,23,0.5512820512820513,13,1.0,0.8333333333333334,33,0.07951070336391428,0.21100917431192662,0.0,0.021505376344085947,0.2558139534883721,23
7572,2018,Japan,Takashi Usami,23,34,57,9,8,13,,False,14,109,0.5989010989010989,14,1.0,0.8516483516483516,129,13,16,0.5961538461538461,13,1.0,0.8525641025641025,21,0.004587155963302736,0.14678899082568808,0.0,-0.0010752688172042974,0.16279069767441862,16
7572,2018,Japan,Maya Yoshida,78,69,147,11,20,7,,False,14,109,0.5989010989010989,14,1.0,0.8516483516483516,129,13,19,0.5769230769230769,13,1.0,0.8397435897435898,27,0.036697247706422076,0.1743119266055046,0.0,0.013978494623655864,0.20930232558139536,19
7572,2018,Japan,Yoshinori Muto,14,17,31,10,2,12,,False,14,109,0.5989010989010989,14,1.0,0.8516483516483516,129,13,14,0.6089743589743589,13,1.0,0.8461538461538461,14,-0.016819571865443365,0.12844036697247707,0.0,0.006451612903225784,0.10852713178294573,14
7572,2018,Japan,Gotoku Sakai,14,23,37,8,3,12,,False,14,109,0.5989010989010989,14,1.0,0.8516483516483516,129,13,12,0.6217948717948718,13,1.0,0.8589743589743589,15,-0.038226299694189655,0.11009174311926606,0.0,-0.008602150537634379,0.11627906976744186,12
7572,2018,Japan,Eiji Kawashima,14,9,23,7,11,0,,False,14,109,0.5989010989010989,14,1.0,0.8516483516483516,129,13,11,0.6282051282051282,13,1.0,0.8653846153846154,11,-0.048929663608562705,0.10091743119266056,0.0,-0.01612903225806459,0.08527131782945736,11
7572,2018,Japan,Yūya Ōsako,7,16,23,8,3,13,,False,14,109,0.5989010989010989,14,1.0,0.8516483516483516,129,13,12,0.6217948717948718,13,1.0,0.8589743589743589,16,-0.038226299694189655,0.11009174311926606,0.0,-0.008602150537634379,0.12403100775193798,12
7572,2018,Japan,Takashi Inui,29,33,62,7,2,8,,False,14,109,0.5989010989010989,14,1.0,0.8516483516483516,129,13,14,0.6089743589743589,13,1.0,0.8653846153846154,10,-0.016819571865443365,0.12844036697247707,0.0,-0.01612903225806459,0.07751937984496124,14
7572,2018,Japan,Makoto Hasebe,13,14,27,5,6,0,,False,14,109,0.5989010989010989,14,1.0,0.8516483516483516,129,13,9,0.6410256410256411,13,1.0,0.8782051282051282,6,-0.07033639143730899,0.08256880733944955,0.0,-0.03118279569892475,0.046511627906976744,9
7576,2018,Spain,Diego da Silva Costa,17,21,38,10,2,13,,False,14,126,0.6923076923076923,14,1.0,0.8956043956043956,158,13,17,0.6987179487179487,13,1.0,0.8974358974358975,15,-0.009259259259259226,0.1349206349206349,0.0,-0.0020449897750511176,0.0949367088607595,17
7576,2018,Spain,Sergio Busquets i Burgos,66,64,130,12,10,11,,False,14,126,0.6923076923076923,14,1.0,0.8956043956043956,158,13,22,0.6666666666666666,13,1.0,0.8846153846153846,21,0.03703703703703707,0.1746031746031746,0.0,0.012269938650306829,0.13291139240506328,22
7576,2018,Spain,Sergio Ramos García,112,100,212,12,49,5,,False,14,126,0.6923076923076923,14,1.0,0.8956043956043956,158,13,22,0.6666666666666666,13,1.0,0.8846153846153846,54,0.03703703703703707,0.1746031746031746,0.0,0.012269938650306829,0.34177215189873417,22
7576,2018,Spain,Jordi Alba Ramos,75,77,152,12,10,30,,False,14,126,0.6923076923076923,14,1.0,0.8956043956043956,158,13,21,0.6730769230769231,13,1.0,0.8846153846153846,40,0.02777777777777768,0.16666666666666666,0.0,0.012269938650306829,0.25316455696202533,21
7576,2018,Spain,Gerard Piqué Bernabéu,66,58,124,13,23,2,,False,14,126,0.6923076923076923,14,1.0,0.8956043956043956,158,13,24,0.6538461538461539,13,1.0,0.8782051282051282,25,0.05555555555555552,0.19047619047619047,0.0,0.01942740286298574,0.15822784810126583,24
7576,2018,Spain,Andrés Iniesta Luján,61,67,128,9,15,12,,False,14,126,0.6923076923076923,14,1.0,0.8956043956043956,158,13,17,0.6987179487179487,13,1.0,0.9038461538461539,27,-0.009259259259259226,0.1349206349206349,0.0,-0.009202453987730029,0.17088607594936708,17
7576,2018,Spain,Francisco Román Alarcón Suárez,88,99,187,12,12,30,,False,14,126,0.6923076923076923,14,1.0,0.8956043956043956,158,13,22,0.6666666666666666,13,1.0,0.8846153846153846,42,0.03703703703703707,0.1746031746031746,0.0,0.012269938650306829,0.26582278481012656,22
7576,2018,Spain,José Ignacio Fernández Iglesias,57,49,106,13,4,18,,False,14,126,0.6923076923076923,14,1.0,0.8956043956043956,158,13,19,0.6858974358974359,13,1.0,0.8782051282051282,22,0.009259259259259226,0.15079365079365079,0.0,0.01942740286298574,0.13924050632911392,19
7576,2018,Spain,Jorge Resurrección Merodio,75,79,154,10,8,9,,False,14,126,0.6923076923076923,14,1.0,0.8956043956043956,158,13,20,0.6794871794871795,13,1.0,0.8974358974358975,17,0.01851851851851845,0.15873015873015872,0.0,-0.0020449897750511176,0.10759493670886076,20
7576,2018,Spain,David de Gea Quintana,12,9,21,7,10,0,,False,14,126,0.6923076923076923,14,1.0,0.8956043956043956,158,13,11,0.7371794871794872,13,1.0,0.9166666666666666,10,-0.06481481481481491,0.0873015873015873,0.0,-0.02351738241308785,0.06329113924050633,11
7576,2018,Spain,David Josué Jiménez Silva,50,50,100,11,9,15,,False,14,126,0.6923076923076923,14,1.0,0.8956043956043956,158,13,21,0.6730769230769231,13,1.0,0.8910256410256411,24,0.02777777777777768,0.16666666666666666,0.0,0.005112474437627794,0.1518987341772152,21
7576,2018,Spain,Thiago Alcântara do Nascimento,26,31,57,11,3,6,,False,14,126,0.6923076923076923,14,1.0,0.8956043956043956,158,13,20,0.6794871794871795,13,1.0,0.8910256410256411,9,0.01851851851851845,0.15873015873015872,0.0,0.005112474437627794,0.056962025316455694,20
7576,2018,Spain,Iago Aspas Juncal,5,7,12,8,1,4,,False,14,126,0.6923076923076923,14,1.0,0.8956043956043956,158,13,11,0.7371794871794872,13,1.0,0.9102564102564102,5,-0.06481481481481491,0.0873015873015873,0.0,-0.01635991820040894,0.03164556962025317,11
7576,2018,Spain,Lucas Vázquez Iglesias,4,3,7,4,2,3,,False,14,126,0.6923076923076923,14,1.0,0.8956043956043956,158,13,5,0.7756410256410257,13,1.0,0.9358974358974359,5,-0.12037037037037043,0.03968253968253968,0.0,-0.044989775051124704,0.03164556962025317,5
7576,2018,Portugal,Raphaël Adelino José Guerreiro,46,46,92,12,15,25,,False,14,104,0.5714285714285714,14,1.0,0.8406593406593407,107,13,20,0.5384615384615384,13,1.0,0.8205128205128205,40,0.05769230769230768,0.19230769230769232,0.0,0.023965141612200484,0.37383177570093457,20
7576,2018,Portugal,Bruno Miguel Borges Fernandes,15,18,33,7,3,9,,False,14,104,0.5714285714285714,14,1.0,0.8406593406593407,107,13,13,0.5833333333333334,13,1.0,0.8525641025641025,12,-0.020833333333333454,0.125,0.0,-0.014161220043572934,0.11214953271028037,13
7576,2018,Portugal,William Silva de Carvalho,45,43,88,11,9,2,,False,14,104,0.5714285714285714,14,1.0,0.8406593406593407,107,13,21,0.532051282051282,13,1.0,0.8269230769230769,11,0.06891025641025636,0.20192307692307693,0.0,0.016339869281045825,0.102803738317757,21
7576,2018,Portugal,Bernardo Mota Veiga de Carvalho e Silva,16,16,32,7,3,8,,False,14,104,0.5714285714285714,14,1.0,0.8406593406593407,107,13,10,0.6025641025641025,13,1.0,0.8525641025641025,11,-0.05448717948717949,0.09615384615384616,0.0,-0.014161220043572934,0.102803738317757,10
7576,2018,Portugal,Cristiano Ronaldo dos Santos Aveiro,32,38,70,12,11,23,,False,14,104,0.5714285714285714,14,1.0,0.8406593406593407,107,13,21,0.532051282051282,13,1.0,0.8183760683760684,34,0.06891025641025636,0.20192307692307693,0.0,0.0265068990559187,0.3177570093457944,21
7576,2018,Portugal,Cédric Ricardo Alves Soares,28,27,55,10,8,5,,False,14,104,0.5714285714285714,14,1.0,0.8406593406593407,107,13,17,0.5576923076923077,13,1.0,0.8333333333333334,13,0.024038461538461453,0.16346153846153846,0.0,0.008714596949891037,0.12149532710280374,17
7576,2018,Portugal,João Filipe Iria Santos Moutinho,39,33,72,11,12,6,,False,14,104,0.5714285714285714,14,1.0,0.8406593406593407,107,13,21,0.532051282051282,13,1.0,0.8269230769230769,18,0.06891025641025636,0.20192307692307693,0.0,0.016339869281045825,0.16822429906542055,21
7576,2018,Portugal,Kléper Laveran Lima Ferreira,24,23,47,10,16,3,,False,14,104,0.5714285714285714,14,1.0,0.8406593406593407,107,13,15,0.5705128205128205,13,1.0,0.8333333333333334,19,0.0016025641025640969,0.14423076923076922,0.0,0.008714596949891037,0.17757009345794392,15
7576,2018,Portugal,Gonçalo Manuel Ganchinho Guedes,15,22,37,11,3,14,,False,14,104,0.5714285714285714,14,1.0,0.8406593406593407,107,13,18,0.5512820512820513,13,1.0,0.8269230769230769,17,0.03525641025641013,0.17307692307692307,0.0,0.016339869281045825,0.1588785046728972,18
7576,2018,Portugal,José Miguel da Rocha Fonte,28,21,49,10,9,2,,False,14,104,0.5714285714285714,14,1.0,0.8406593406593407,107,13,18,0.5512820512820513,13,1.0,0.8333333333333334,11,0.03525641025641013,0.17307692307692307,0.0,0.008714596949891037,0.102803738317757,18
7576,2018,Portugal,Rui Pedro dos Santos Patrício,16,11,27,8,15,0,,False,14,104,0.5714285714285714,14,1.0,0.8406593406593407,107,13,11,0.5961538461538461,13,1.0,0.8461538461538461,15,-0.04326923076923081,0.10576923076923077,0.0,-0.006535947712418277,0.14018691588785046,11
7576,2018,Portugal,João Mário Naval da Costa Eduardo,6,8,14,7,2,2,,False,14,104,0.5714285714285714,14,1.0,0.8406593406593407,107,13,10,0.6025641025641025,13,1.0,0.8525641025641025,4,-0.05448717948717949,0.09615384615384616,0.0,-0.014161220043572934,0.037383177570093455,10
7576,2018,Portugal,Ricardo Andrade Quaresma Bernardo,6,8,14,4,0,5,,False,14,104,0.5714285714285714,14,1.0,0.8406593406593407,107,13,8,0.6153846153846154,13,1.0,0.8717948717948718,5,-0.07692307692307704,0.07692307692307693,0.0,-0.037037037037037035,0.04672897196261682,8
7576,2018,Portugal,André Miguel Valente Silva,2,4,6,4,1,3,,False,14,104,0.5714285714285714,14,1.0,0.8406593406593407,107,13,5,0.6346153846153846,13,1.0,0.8717948717948718,4,-0.11057692307692307,0.04807692307692308,0.0,-0.037037037037037035,0.037383177570093455,5
7577,2018,Morocco,Ayoub El Kaabi,4,9,13,8,1,9,,False,14,105,0.5769230769230769,14,1.0,0.8351648351648352,115,13,11,0.6025641025641025,13,1.0,0.8397435897435898,10,-0.04444444444444448,0.10476190476190476,0.0,-0.005482456140350858,0.08695652173913043,11
7577,2018,Morocco,Romain Saïss,58,49,107,11,22,3,,False,14,105,0.5769230769230769,14,1.0,0.8351648351648352,115,13,21,0.5384615384615384,13,1.0,0.8205128205128205,25,0.06666666666666662,0.2,0.0,0.017543859649122875,0.21739130434782608,21
7577,2018,Morocco,Medhi Amine El Mouttaqi Benatia,76,67,143,13,27,2,,False,14,105,0.5769230769230769,14,1.0,0.8351648351648352,115,13,23,0.5256410256410257,13,1.0,0.8076923076923077,29,0.08888888888888877,0.21904761904761905,0.0,0.032894736842105275,0.25217391304347825,23
7577,2018,Morocco,Mbark Boussoufa,36,41,77,9,8,15,,False,14,105,0.5769230769230769,14,1.0,0.8351648351648352,115,13,18,0.5576923076923077,13,1.0,0.8333333333333334,23,0.033333333333333215,0.17142857142857143,0.0,0.002192982456140343,0.2,18
7577,2018,Morocco,Younès Belhanda,42,40,82,11,8,19,,False,14,105,0.5769230769230769,14,1.0,0.8351648351648352,115,13,20,0.5448717948717948,13,1.0,0.8205128205128205,27,0.05555555555555555,0.19047619047619047,0.0,0.017543859649122875,0.23478260869565218,20
7577,2018,Morocco,Amine Harit,22,38,60,10,3,18,,False,14,105,0.5769230769230769,14,1.0,0.8351648351648352,115,13,17,0.5641025641025641,13,1.0,0.8269230769230769,21,0.022222222222222147,0.1619047619047619,0.0,0.009868421052631677,0.1826086956521739,17
7577,2018,Morocco,Achraf Hakimi Mouh,32,30,62,8,7,12,,False,14,105,0.5769230769230769,14,1.0,0.8351648351648352,115,13,15,0.5769230769230769,13,1.0,0.8397435897435898,19,0.0,0.14285714285714285,0.0,-0.005482456140350858,0.16521739130434782,15
7577,2018,Morocco,Munir Mohand Mohamedi,11,7,18,7,7,0,,False,14,105,0.5769230769230769,14,1.0,0.8351648351648352,115,13,10,0.6089743589743589,13,1.0,0.8461538461538461,7,-0.05555555555555555,0.09523809523809523,0.0,-0.013157894736842058,0.06086956521739131,10
7577,2018,Morocco,Karim El Ahmadi Al Aroos,38,30,68,11,10,6,,False,14,105,0.5769230769230769,14,1.0,0.8351648351648352,115,13,19,0.5512820512820513,13,1.0,0.8205128205128205,16,0.044444444444444293,0.18095238095238095,0.0,0.017543859649122875,0.1391304347826087,19
7577,2018,Morocco,Nordin Amrabat,28,28,56,9,6,11,,False,14,105,0.5769230769230769,14,1.0,0.8351648351648352,115,13,16,0.5705128205128205,13,1.0,0.8333333333333334,17,0.011111111111111073,0.1523809523809524,0.0,0.002192982456140343,0.14782608695652175,16
7577,2018,Morocco,Hakim Ziyech,39,47,86,13,13,16,,False,14,105,0.5769230769230769,14,1.0,0.8351648351648352,115,13,23,0.5256410256410257,13,1.0,0.8076923076923077,29,0.08888888888888877,0.21904761904761905,0.0,0.032894736842105275,0.25217391304347825,23
7577,2018,Morocco,Sofyan Amrabat,4,3,7,5,1,1,,False,14,105,0.5769230769230769,14,1.0,0.8351648351648352,115,13,7,0.6282051282051282,13,1.0,0.8589743589743589,2,-0.08888888888888896,0.06666666666666667,0.0,-0.02850877192982446,0.017391304347826087,7
7577,2018,Morocco,Aziz Bouhaddouz,1,3,4,3,0,3,,False,14,105,0.5769230769230769,14,1.0,0.8351648351648352,115,13,4,0.6474358974358975,13,1.0,0.8717948717948718,3,-0.12222222222222237,0.0380952380952381,0.0,-0.043859649122806994,0.02608695652173913,4
7577,2018,Morocco,Manuel Marouan da Costa Trinidade,6,5,11,4,2,0,,False,14,105,0.5769230769230769,14,1.0,0.8351648351648352,115,13,6,0.6346153846153846,13,1.0,0.8653846153846154,2,-0.10000000000000003,0.05714285714285714,0.0,-0.03618421052631579,0.017391304347826087,6
7577,2018,Iran,Alireza Safar Beiranvand,8,3,11,4,6,0,,False,14,74,0.4065934065934066,14,1.0,0.7509157509157511,53,13,6,0.4358974358974359,13,1.0,0.769230769230769,6,-0.07207207207207209,0.08108108108108109,0.0,-0.024390243902438487,0.11320754716981132,6
7577,2018,Iran,Sardar Azmoun,12,25,37,12,3,17,,False,14,74,0.4065934065934066,14,1.0,0.7509157509157511,53,13,17,0.36538461538461536,13,1.0,0.7029914529914526,20,0.1013513513513514,0.22972972972972974,0.0,0.0638211382113829,0.37735849056603776,17
7577,2018,Iran,Ehsan Hajsafi,14,15,29,8,6,4,,False,14,74,0.4065934065934066,14,1.0,0.7509157509157511,53,13,14,0.38461538461538464,13,1.0,0.7414529914529913,10,0.054054054054054,0.1891891891891892,0.0,0.012601626016260706,0.18867924528301888,14
7577,2018,Iran,Karim Ansarifard,9,17,26,8,2,10,,False,14,74,0.4065934065934066,14,1.0,0.7509157509157511,53,13,12,0.3974358974358974,13,1.0,0.7414529914529913,12,0.02252252252252258,0.16216216216216217,0.0,0.012601626016260706,0.22641509433962265,12
7577,2018,Iran,Masoud Shojaei Soleimani,8,10,18,6,1,2,,False,14,74,0.4065934065934066,14,1.0,0.7509157509157511,53,13,11,0.40384615384615385,13,1.0,0.754273504273504,3,0.006756756756756733,0.14864864864864866,0.0,-0.004471544715446546,0.05660377358490566,11
7577,2018,Iran,Roozbeh Cheshmi,11,10,21,8,4,0,,False,14,74,0.4065934065934066,14,1.0,0.7509157509157511,53,13,13,0.391025641025641,13,1.0,0.7414529914529913,4,0.038288288288288286,0.17567567567567569,0.0,0.012601626016260706,0.07547169811320754,13
7577,2018,Iran,Vahid Amiri,15,11,26,8,4,6,,False,14,74,0.4065934065934066,14,1.0,0.7509157509157511,53,13,14,0.38461538461538464,13,1.0,0.7307692307692304,10,0.054054054054054,0.1891891891891892,0.0,0.02682926829268371,0.18867924528301888,14
7577,2018,Iran,Morteza Pouraliganji,14,15,29,8,5,1,,False,14,74,0.4065934065934066,14,1.0,0.7509157509157511,53,13,14,0.38461538461538464,13,1.0,0.7435897435897434,6,0.054054054054054,0.1891891891891892,0.0,0.009756097560976163,0.11320754716981132,14
7577,2018,Iran,Ramin Rezaeian,21,10,31,8,9,1,,False,14,74,0.4065934065934066,14,1.0,0.7509157509157511,53,13,12,0.3974358974358974,13,1.0,0.7414529914529913,10,0.02252252252252258,0.16216216216216217,0.0,0.012601626016260706,0.18867924528301888,12
7577,2018,Iran,Alireza Jahanbakhsh,9,13,22,7,2,8,,False,14,74,0.4065934065934066,14,1.0,0.7509157509157511,53,13,11,0.40384615384615385,13,1.0,0.7499999999999998,10,0.006756756756756733,0.14864864864864866,0.0,0.001219512195122538,0.18867924528301888,11
7577,2018,Iran,Omid Ebrahimi,18,10,28,9,9,0,,False,14,74,0.4065934065934066,14,1.0,0.7509157509157511,53,13,15,0.3782051282051282,13,1.0,0.7350427350427348,9,0.06981981981981984,0.20270270270270271,0.0,0.02113821138211448,0.16981132075471697,15
7577,2018,Iran,Mehdi Taremi,2,3,5,4,1,2,,False,14,74,0.4065934065934066,14,1.0,0.7509157509157511,53,13,4,0.44871794871794873,13,1.0,0.7649572649572647,3,-0.10360360360360364,0.05405405405405406,0.0,-0.018699186991869256,0.05660377358490566,4
7577,2018,Iran,Seyed Majid Hosseini,2,0,2,2,1,0,,True,14,74,0.4065934065934066,14,1.0,0.7509157509157511,53,13,2,0.46153846153846156,13,1.0,0.7820512820512818,1,-0.1351351351351352,0.02702702702702703,0.0,-0.04146341463414574,0.018867924528301886,2
7577,2018,Iran,Saman Ghoddos,1,2,3,2,0,2,,False,14,74,0.4065934065934066,14,1.0,0.7509157509157511,53,13,3,0.4551282051282051,13,1.0,0.7884615384615384,2,-0.11936936936936936,0.04054054054054054,0.0,-0.04999999999999966,0.03773584905660377,3
7578,2018,Uruguay,Edinson Roberto Cavani Gómez,26,35,61,12,6,21,,False,14,119,0.6538461538461539,14,1.0,0.8736263736263736,146,13,19,0.6410256410256411,13,1.0,0.8589743589743589,27,0.019607843137254832,0.15966386554621848,0.0,0.016771488469601744,0.18493150684931506,19
7578,2018,Uruguay,José María Giménez de Vargas,52,50,102,9,16,5,,False,14,119,0.6538461538461539,14,1.0,0.8736263736263736,146,13,15,0.6666666666666666,13,1.0,0.8782051282051282,21,-0.019607843137254832,0.12605042016806722,0.0,-0.005241090146750505,0.14383561643835616,15
7578,2018,Uruguay,Matías Vecino Falero,74,63,137,12,22,14,,False,14,119,0.6538461538461539,14,1.0,0.8736263736263736,146,13,21,0.6282051282051282,13,1.0,0.8589743589743589,36,0.03921568627450983,0.17647058823529413,0.0,0.016771488469601744,0.2465753424657534,21
7578,2018,Uruguay,Diego Roberto Godín Leal,53,48,101,12,24,4,,False,14,119,0.6538461538461539,14,1.0,0.8736263736263736,146,13,20,0.6346153846153846,13,1.0,0.8589743589743589,28,0.02941176470588242,0.16806722689075632,0.0,0.016771488469601744,0.1917808219178082,20
7578,2018,Uruguay,Rodrigo Bentancur Colmán,80,76,156,13,23,19,,False,14,119,0.6538461538461539,14,1.0,0.8736263736263736,146,13,24,0.6089743589743589,13,1.0,0.8504273504273505,42,0.06862745098039225,0.20168067226890757,0.0,0.026554856743535894,0.2876712328767123,24
7578,2018,Uruguay,Giorgian Daniel De Arrascaeta Benedetti,21,23,44,8,3,14,,False,14,119,0.6538461538461539,14,1.0,0.8736263736263736,146,13,15,0.6666666666666666,13,1.0,0.8846153846153846,17,-0.019607843137254832,0.12605042016806722,0.0,-0.012578616352201213,0.11643835616438356,15
7578,2018,Uruguay,José Martín Cáceres Silva,38,35,73,10,13,8,,False,14,119,0.6538461538461539,14,1.0,0.8736263736263736,146,13,20,0.6346153846153846,13,1.0,0.8717948717948718,21,0.02941176470588242,0.16806722689075632,0.0,0.0020964360587002024,0.14383561643835616,20
7578,2018,Uruguay,Guillermo Varela Olivera,62,53,115,12,10,14,,False,14,119,0.6538461538461539,14,1.0,0.8736263736263736,146,13,23,0.6153846153846154,13,1.0,0.8589743589743589,24,0.05882352941176466,0.19327731092436976,0.0,0.016771488469601744,0.1643835616438356,23
7578,2018,Uruguay,Nahitan Michel Nández Acosta,25,31,56,8,4,16,,False,14,119,0.6538461538461539,14,1.0,0.8736263736263736,146,13,14,0.6730769230769231,13,1.0,0.8846153846153846,20,-0.02941176470588242,0.11764705882352941,0.0,-0.012578616352201213,0.136986301369863,14
7578,2018,Uruguay,Luis Alberto Suárez Díaz,21,38,59,10,4,18,,False,14,119,0.6538461538461539,14,1.0,0.8736263736263736,146,13,18,0.6474358974358975,13,1.0,0.8717948717948718,22,0.009803921568627416,0.15126050420168066,0.0,0.0020964360587002024,0.1506849315068493,18
7578,2018,Uruguay,Néstor Fernando Muslera Micol,16,12,28,8,13,0,,False,14,119,0.6538461538461539,14,1.0,0.8736263736263736,146,13,12,0.6858974358974359,13,1.0,0.8846153846153846,13,-0.04901960784313725,0.10084033613445378,0.0,-0.012578616352201213,0.08904109589041095,12
7578,2018,Uruguay,Cristian Gabriel Rodríguez Barrotti,19,22,41,9,3,7,,False,14,119,0.6538461538461539,14,1.0,0.8736263736263736,146,13,15,0.6666666666666666,13,1.0,0.8782051282051282,10,-0.019607843137254832,0.12605042016806722,0.0,-0.005241090146750505,0.0684931506849315,15
7578,2018,Uruguay,Carlos Andrés Sánchez Arcosa,23,22,45,10,4,6,,False,14,119,0.6538461538461539,14,1.0,0.8736263736263736,146,13,17,0.6538461538461539,13,1.0,0.8717948717948718,10,0.0,0.14285714285714285,0.0,0.0020964360587002024,0.0684931506849315,17
7578,2018,Uruguay,Lucas Torreira Di Pascua,3,5,8,3,1,0,,False,14,119,0.6538461538461539,14,1.0,0.8736263736263736,146,13,5,0.7307692307692307,13,1.0,0.9166666666666666,1,-0.11764705882352933,0.04201680672268908,0.0,-0.049266247379454876,0.00684931506849315,5
7578,2018,Egypt,Mohamed Abdul Shafy Sayed Abouezeid,47,39,86,10,14,2,,False,14,106,0.5824175824175825,14,1.0,0.8406593406593407,97,13,19,0.5576923076923077,13,1.0,0.8333333333333334,16,0.042452830188679284,0.1792452830188679,0.0,0.008714596949891037,0.16494845360824742,19
7578,2018,Egypt,Ahmed Elsayed Ali Elsayed Hegazy,30,31,61,10,13,2,,False,14,106,0.5824175824175825,14,1.0,0.8406593406593407,97,13,18,0.5641025641025641,13,1.0,0.8333333333333334,15,0.03144654088050322,0.16981132075471697,0.0,0.008714596949891037,0.15463917525773196,18
7578,2018,Egypt,Mohamed Naser Elsayed Elneny,41,38,79,10,11,3,,False,14,106,0.5824175824175825,14,1.0,0.8406593406593407,97,13,19,0.5576923076923077,13,1.0,0.8333333333333334,14,0.042452830188679284,0.1792452830188679,0.0,0.008714596949891037,0.14432989690721648,19
7578,2018,Egypt,Abdalla Mahmoud El Said Bekhit,42,54,96,13,11,24,,False,14,106,0.5824175824175825,14,1.0,0.8406593406593407,97,13,23,0.532051282051282,13,1.0,0.8141025641025641,35,0.08647798742138371,0.2169811320754717,0.0,0.03159041394335514,0.36082474226804123,23
7578,2018,Egypt,Amr Medhat Warda,16,26,42,10,4,12,,False,14,106,0.5824175824175825,14,1.0,0.8406593406593407,97,13,17,0.5705128205128205,13,1.0,0.8333333333333334,16,0.02044025157232716,0.16037735849056603,0.0,0.008714596949891037,0.16494845360824742,17
7578,2018,Egypt,Mahmoud Ibrahim Hassan,33,36,69,10,4,18,,False,14,106,0.5824175824175825,14,1.0,0.8406593406593407,97,13,16,0.5769230769230769,13,1.0,0.8333333333333334,22,0.0094339622641511,0.1509433962264151,0.0,0.008714596949891037,0.2268041237113402,16
7578,2018,Egypt,Ali Gabr,14,17,31,8,7,1,,False,14,106,0.5824175824175825,14,1.0,0.8406593406593407,97,13,14,0.5897435897435898,13,1.0,0.8461538461538461,8,-0.012578616352201212,0.1320754716981132,0.0,-0.006535947712418277,0.08247422680412371,14
7578,2018,Egypt,Tarek Hamed,27,23,50,9,4,3,,False,14,106,0.5824175824175825,14,1.0,0.8406593406593407,97,13,16,0.5769230769230769,13,1.0,0.8397435897435898,7,0.0094339622641511,0.1509433962264151,0.0,0.0010893246187363796,0.07216494845360824,16
7578,2018,Egypt,Marwan Mohsen,8,16,24,8,1,15,,False,14,106,0.5824175824175825,14,1.0,0.8406593406593407,97,13,12,0.6025641025641025,13,1.0,0.8461538461538461,16,-0.034591194968553333,0.11320754716981132,0.0,-0.006535947712418277,0.16494845360824742,12
7578,2018,Egypt,Ahmed Fathy Abdel Meneim Ibrahim,42,25,67,9,15,7,,False,14,106,0.5824175824175825,14,1.0,0.8406593406593407,97,13,17,0.5705128205128205,13,1.0,0.8397435897435898,22,0.02044025157232716,0.16037735849056603,0.0,0.0010893246187363796,0.2268041237113402,17
7578,2018,Egypt,Mohamed El Sayed Mohamed El Shenawy Gomaa,8,4,12,6,7,0,,False,14,106,0.5824175824175825,14,1.0,0.8406593406593407,97,13,8,0.6282051282051282,13,1.0,0.8589743589743589,7,-0.07861635220125776,0.07547169811320754,0.0,-0.02178649237472759,0.07216494845360824,8
7578,2018,Egypt,Sam Morsy,24,19,43,12,6,3,,False,14,106,0.5824175824175825,14,1.0,0.8406593406593407,97,13,19,0.5576923076923077,13,1.0,0.8205128205128205,9,0.042452830188679284,0.1792452830188679,0.0,0.023965141612200484,0.09278350515463918,19
7578,2018,Egypt,Mahmoud Abdul Monem Abdelhamid Soliman,9,13,22,6,0,7,,False,14,106,0.5824175824175825,14,1.0,0.8406593406593407,97,13,9,0.6217948717948718,13,1.0,0.8589743589743589,7,-0.0676100628930817,0.08490566037735849,0.0,-0.02178649237472759,0.07216494845360824,9
7578,2018,Egypt,Ramadan Sobhi Ramadan Ahmed,3,3,6,3,0,0,,False,14,106,0.5824175824175825,14,1.0,0.8406593406593407,97,13,5,0.6474358974358975,13,1.0,0.8782051282051282,0,-0.11163522012578614,0.04716981132075472,0.0,-0.0446623093681917,0.0,5
7579,2018,Portugal,Gonçalo Manuel Ganchinho Guedes,23,33,56,7,4,18,,False,14,116,0.6373626373626373,14,1.0,0.8681318681318682,156,13,14,0.6538461538461539,13,1.0,0.8846153846153846,22,-0.025862068965517324,0.1206896551724138,0.0,-0.01898734177215183,0.14102564102564102,14
7579,2018,Portugal,Adrien Sebastian Perruchet Silva,50,48,98,10,13,5,,False,14,116,0.6373626373626373,14,1.0,0.8681318681318682,156,13,19,0.6217948717948718,13,1.0,0.8653846153846154,18,0.024425287356321754,0.16379310344827586,0.0,0.003164556962025305,0.11538461538461539,19
7579,2018,Portugal,Raphaël Adelino José Guerreiro,65,63,128,12,20,25,,False,14,116,0.6373626373626373,14,1.0,0.8681318681318682,156,13,22,0.6025641025641025,13,1.0,0.8525641025641025,45,0.05459770114942527,0.1896551724137931,0.0,0.017932489451476855,0.28846153846153844,22
7579,2018,Portugal,João Mário Naval da Costa Eduardo,57,53,110,10,14,17,,False,14,116,0.6373626373626373,14,1.0,0.8681318681318682,156,13,19,0.6217948717948718,13,1.0,0.8653846153846154,31,0.024425287356321754,0.16379310344827586,0.0,0.003164556962025305,0.1987179487179487,19
7579,2018,Portugal,José Miguel da Rocha Fonte,30,17,47,11,13,3,,False,14,116,0.6373626373626373,14,1.0,0.8681318681318682,156,13,17,0.6346153846153846,13,1.0,0.8589743589743589,16,0.004310344827586192,0.14655172413793102,0.0,0.010548523206751145,0.10256410256410256,17
7579,2018,Portugal,Kléper Laveran Lima Ferreira,31,20,51,11,16,2,,False,14,116,0.6373626373626373,14,1.0,0.8681318681318682,156,13,16,0.6410256410256411,13,1.0,0.8589743589743589,18,-0.0057471264367817635,0.13793103448275862,0.0,0.010548523206751145,0.11538461538461539,16
7579,2018,Portugal,Cristiano Ronaldo dos Santos Aveiro,21,36,57,10,4,23,,False,14,116,0.6373626373626373,14,1.0,0.8681318681318682,156,13,18,0.6282051282051282,13,1.0,0.8653846153846154,27,0.014367816091953972,0.15517241379310345,0.0,0.003164556962025305,0.17307692307692307,18
7579,2018,Portugal,Bernardo Mota Veiga de Carvalho e Silva,69,76,145,13,16,28,,False,14,116,0.6373626373626373,14,1.0,0.8681318681318682,156,13,25,0.5833333333333334,13,1.0,0.8440170940170941,44,0.08477011494252862,0.21551724137931033,0.0,0.02777777777777768,0.28205128205128205,25
7579,2018,Portugal,William Silva de Carvalho,63,55,118,11,25,3,,False,14,116,0.6373626373626373,14,1.0,0.8681318681318682,156,13,21,0.6089743589743589,13,1.0,0.8589743589743589,28,0.04454022988505749,0.1810344827586207,0.0,0.010548523206751145,0.1794871794871795,21
7579,2018,Portugal,Ricardo Domingos Barbosa Pereira,46,47,93,12,17,12,,False,14,116,0.6373626373626373,14,1.0,0.8681318681318682,156,13,20,0.6153846153846154,13,1.0,0.8525641025641025,29,0.03448275862068954,0.1724137931034483,0.0,0.017932489451476855,0.1858974358974359,20
7579,2018,Portugal,Rui Pedro dos Santos Patrício,9,5,14,7,6,0,,False,14,116,0.6373626373626373,14,1.0,0.8681318681318682,156,13,9,0.6858974358974359,13,1.0,0.8846153846153846,6,-0.07614942528735641,0.07758620689655173,0.0,-0.01898734177215183,0.038461538461538464,9
7579,2018,Portugal,Ricardo Andrade Quaresma Bernardo,12,21,33,8,2,16,,False,14,116,0.6373626373626373,14,1.0,0.8681318681318682,156,13,15,0.6474358974358975,13,1.0,0.8782051282051282,18,-0.015804597701149545,0.12931034482758622,0.0,-0.01160337552742612,0.11538461538461539,15
7579,2018,Portugal,Manuel Henrique Tavares Fernandes,8,10,18,9,5,3,,False,14,116,0.6373626373626373,14,1.0,0.8681318681318682,156,13,13,0.6602564102564102,13,1.0,0.8717948717948718,8,-0.035919540229885104,0.11206896551724138,0.0,-0.004219409282700407,0.05128205128205128,13
7579,2018,Portugal,André Miguel Valente Silva,2,2,4,3,1,1,,False,14,116,0.6373626373626373,14,1.0,0.8681318681318682,156,13,4,0.717948717948718,13,1.0,0.9102564102564102,2,-0.1264367816091955,0.034482758620689655,0.0,-0.04852320675105481,0.01282051282051282,4
7579,2018,Uruguay,Rodrigo Bentancur Colmán,9,8,17,9,1,4,,False,14,94,0.5164835164835165,14,1.0,0.8626373626373627,75,13,11,0.532051282051282,13,1.0,0.8653846153846154,5,-0.030141843971631097,0.11702127659574468,0.0,-0.003184713375796167,0.06666666666666667,11
7579,2018,Uruguay,Edinson Roberto Cavani Gómez,10,13,23,10,3,8,,False,14,94,0.5164835164835165,14,1.0,0.8626373626373627,75,13,14,0.5128205128205128,13,1.0,0.8589743589743589,11,0.007092198581560473,0.14893617021276595,0.0,0.004246284501061685,0.14666666666666667,14
7579,2018,Uruguay,José Martín Cáceres Silva,16,15,31,8,8,1,,False,14,94,0.5164835164835165,14,1.0,0.8626373626373627,75,13,12,0.5256410256410257,13,1.0,0.8717948717948718,9,-0.017730496453900645,0.1276595744680851,0.0,-0.010615711252653889,0.12,12
7579,2018,Uruguay,Nahitan Michel Nández Acosta,14,15,29,8,7,6,,False,14,94,0.5164835164835165,14,1.0,0.8626373626373627,75,13,11,0.532051282051282,13,1.0,0.8717948717948718,13,-0.030141843971631097,0.11702127659574468,0.0,-0.010615711252653889,0.17333333333333334,11
7579,2018,Uruguay,Luis Alberto Suárez Díaz,18,36,54,13,3,25,,False,14,94,0.5164835164835165,14,1.0,0.8626373626373627,75,13,20,0.47435897435897434,13,1.0,0.8397435897435898,28,0.0815602836879434,0.2127659574468085,0.0,0.026539278131634852,0.37333333333333335,20
7579,2018,Uruguay,Diego Roberto Godín Leal,25,16,41,12,12,3,,False,14,94,0.5164835164835165,14,1.0,0.8626373626373627,75,13,16,0.5,13,1.0,0.8461538461538461,15,0.03191489361702138,0.1702127659574468,0.0,0.01910828025477713,0.2,16
7579,2018,Uruguay,Néstor Fernando Muslera Micol,17,11,28,7,14,0,,False,14,94,0.5164835164835165,14,1.0,0.8626373626373627,75,13,10,0.5384615384615384,13,1.0,0.8782051282051282,14,-0.04255319148936155,0.10638297872340426,0.0,-0.01804670912951161,0.18666666666666668,10
7579,2018,Uruguay,José María Giménez de Vargas,13,10,23,10,6,1,,False,14,94,0.5164835164835165,14,1.0,0.8626373626373627,75,13,14,0.5128205128205128,13,1.0,0.8589743589743589,7,0.007092198581560473,0.14893617021276595,0.0,0.004246284501061685,0.09333333333333334,14
7579,2018,Uruguay,Lucas Torreira Di Pascua,19,14,33,11,5,4,,False,14,94,0.5164835164835165,14,1.0,0.8626373626373627,75,13,19,0.4807692307692308,13,1.0,0.8525641025641025,9,0.06914893617021284,0.20212765957446807,0.0,0.011677282377919406,0.12,19
7579,2018,Uruguay,Diego Sebastián Laxalt Suárez,12,11,23,10,6,4,,False,14,94,0.5164835164835165,14,1.0,0.8626373626373627,75,13,15,0.5064102564102564,13,1.0,0.8589743589743589,10,0.019503546099290923,0.1595744680851064,0.0,0.004246284501061685,0.13333333333333333,15
7579,2018,Uruguay,Matías Vecino Falero,16,15,31,11,5,6,,False,14,94,0.5164835164835165,14,1.0,0.8626373626373627,75,13,16,0.5,13,1.0,0.8525641025641025,11,0.03191489361702138,0.1702127659574468,0.0,0.011677282377919406,0.14666666666666667,16
7579,2018,Uruguay,Cristian Gabriel Rodríguez Barrotti,12,12,24,8,3,8,,False,14,94,0.5164835164835165,14,1.0,0.8626373626373627,75,13,12,0.5256410256410257,13,1.0,0.8717948717948718,11,-0.017730496453900645,0.1276595744680851,0.0,-0.010615711252653889,0.14666666666666667,12
7579,2018,Uruguay,Cristhian Ricardo Stuani Curbelo,3,8,11,7,0,3,,False,14,94,0.5164835164835165,14,1.0,0.8626373626373627,75,13,8,0.5512820512820513,13,1.0,0.8782051282051282,3,-0.06737588652482267,0.0851063829787234,0.0,-0.01804670912951161,0.04,8
7579,2018,Uruguay,Carlos Andrés Sánchez Arcosa,6,6,12,8,2,2,,False,14,94,0.5164835164835165,14,1.0,0.8626373626373627,75,13,10,0.5384615384615384,13,1.0,0.8717948717948718,4,-0.04255319148936155,0.10638297872340426,0.0,-0.010615711252653889,0.05333333333333334,10
7580,2018,France,Antoine Griezmann,13,19,32,10,3,8,,False,14,88,0.4835164835164835,14,1.0,0.8021978021978023,82,13,15,0.46794871794871795,13,1.0,0.7884615384615383,11,0.032196969696969696,0.17045454545454544,0.0,0.01712328767123323,0.13414634146341464,15
7580,2018,France,Raphaël Varane,33,28,61,9,15,2,,False,14,88,0.4835164835164835,14,1.0,0.8021978021978023,82,13,14,0.47435897435897434,13,1.0,0.7948717948717948,17,0.01893939393939399,0.1590909090909091,0.0,0.009132420091324443,0.2073170731707317,14
7580,2018,France,Paul Pogba,34,38,72,12,15,5,,False,14,88,0.4835164835164835,14,1.0,0.8021978021978023,82,13,19,0.4423076923076923,13,1.0,0.7649572649572646,20,0.08522727272727276,0.2159090909090909,0.0,0.04642313546423201,0.24390243902439024,19
7580,2018,France,Kylian Mbappé Lottin,18,31,49,7,3,17,,False,14,88,0.4835164835164835,14,1.0,0.8021978021978023,82,13,13,0.4807692307692308,13,1.0,0.8076923076923076,20,0.005681818181818162,0.14772727272727273,0.0,-0.0068493150684928485,0.24390243902439024,13
7580,2018,France,Benjamin Pavard,25,22,47,9,3,9,,False,14,88,0.4835164835164835,14,1.0,0.8021978021978023,82,13,15,0.46794871794871795,13,1.0,0.7820512820512817,12,0.032196969696969696,0.17045454545454544,0.0,0.02511415525114215,0.14634146341463414,15
7580,2018,France,Hugo Lloris,17,10,27,7,15,0,,False,14,88,0.4835164835164835,14,1.0,0.8021978021978023,82,13,11,0.4935897435897436,13,1.0,0.8076923076923076,15,-0.020833333333333374,0.125,0.0,-0.0068493150684928485,0.18292682926829268,11
7580,2018,France,Samuel Yves Umtiti,40,29,69,9,14,3,,False,14,88,0.4835164835164835,14,1.0,0.8021978021978023,82,13,15,0.46794871794871795,13,1.0,0.7970085470085468,17,0.032196969696969696,0.17045454545454544,0.0,0.0064687975646883665,0.2073170731707317,15
7580,2018,France,N'Golo Kanté,48,42,90,11,8,9,,False,14,88,0.4835164835164835,14,1.0,0.8021978021978023,82,13,20,0.4358974358974359,13,1.0,0.7820512820512818,17,0.09848484848484848,0.22727272727272727,0.0,0.025114155251142013,0.2073170731707317,20
7580,2018,France,Blaise Matuidi,24,22,46,8,4,6,,False,14,88,0.4835164835164835,14,1.0,0.8021978021978023,82,13,15,0.46794871794871795,13,1.0,0.8034188034188033,10,0.032196969696969696,0.17045454545454544,0.0,-0.0015220700152204177,0.12195121951219512,15
7580,2018,France,Olivier Giroud,9,19,28,11,1,15,,False,14,88,0.4835164835164835,14,1.0,0.8021978021978023,82,13,14,0.47435897435897434,13,1.0,0.7820512820512818,16,0.01893939393939399,0.1590909090909091,0.0,0.025114155251142013,0.1951219512195122,14
7580,2018,France,Lucas Hernández Pi,14,14,28,8,1,6,,False,14,88,0.4835164835164835,14,1.0,0.8021978021978023,82,13,13,0.4807692307692308,13,1.0,0.8012820512820511,7,0.005681818181818162,0.14772727272727273,0.0,0.001141552511415936,0.08536585365853659,13
7580,2018,France,Corentin Tolisso,6,6,12,6,0,0,,False,14,88,0.4835164835164835,14,1.0,0.8021978021978023,82,13,7,0.5192307692307693,13,1.0,0.8162393162393161,0,-0.07386363636363645,0.07954545454545454,0.0,-0.01750380517503771,0.0,7
7580,2018,France,Nabil Fekir,1,2,3,3,0,2,,False,14,88,0.4835164835164835,14,1.0,0.8021978021978023,82,13,3,0.5448717948717948,13,1.0,0.8333333333333335,2,-0.12689393939393928,0.03409090909090909,0.0,-0.038812785388127845,0.024390243902439025,3
7580,2018,France,Florian Thauvin,1,1,2,2,0,0,,True,14,88,0.4835164835164835,14,1.0,0.8021978021978023,82,13,2,0.5512820512820513,13,1.0,0.8461538461538461,0,-0.14015151515151522,0.022727272727272728,0.0,-0.054794520547945,0.0,2
7580,2018,Argentina,Faustino Marcos Alberto Rojo,25,19,44,7,6,0,,False,14,117,0.6428571428571429,14,1.0,0.8791208791208791,125,13,12,0.6730769230769231,13,1.0,0.8974358974358975,6,-0.04700854700854701,0.10256410256410256,0.0,-0.020833333333333388,0.048,12
7580,2018,Argentina,Nicolás Alejandro Tagliafico,25,18,43,11,6,6,,False,14,117,0.6428571428571429,14,1.0,0.8791208791208791,125,13,18,0.6346153846153846,13,1.0,0.8717948717948718,12,0.012820512820512947,0.15384615384615385,0.0,0.008333333333333304,0.096,18
7580,2018,Argentina,Nicolás Hernán Otamendi,65,59,124,12,25,2,,False,14,117,0.6428571428571429,14,1.0,0.8791208791208791,125,13,22,0.6089743589743589,13,1.0,0.8653846153846154,27,0.05270655270655286,0.18803418803418803,0.0,0.015624999999999944,0.216,22
7580,2018,Argentina,Gabriel Iván Mercado,74,69,143,12,16,20,,False,14,117,0.6428571428571429,14,1.0,0.8791208791208791,125,13,20,0.6217948717948718,13,1.0,0.8653846153846154,36,0.03276353276353282,0.17094017094017094,0.0,0.015624999999999944,0.288,20
7580,2018,Argentina,Cristian David Pavón,21,32,53,9,1,22,,False,14,117,0.6428571428571429,14,1.0,0.8791208791208791,125,13,17,0.6410256410256411,13,1.0,0.8846153846153846,23,0.0028490028490028387,0.1452991452991453,0.0,-0.006249999999999978,0.184,17
7580,2018,Argentina,Lionel Andrés Messi Cuccittini,31,40,71,9,11,7,,False,14,117,0.6428571428571429,14,1.0,0.8791208791208791,125,13,17,0.6410256410256411,13,1.0,0.8846153846153846,18,0.0028490028490028387,0.1452991452991453,0.0,-0.006249999999999978,0.144,17
7580,2018,Argentina,Javier Alejandro Mascherano,51,45,96,12,18,9,,False,14,117,0.6428571428571429,14,1.0,0.8791208791208791,125,13,24,0.5961538461538461,13,1.0,0.8653846153846154,27,0.07264957264957274,0.20512820512820512,0.0,0.015624999999999944,0.216,24
7580,2018,Argentina,Franco Armani,15,13,28,8,9,0,,False,14,117,0.6428571428571429,14,1.0,0.8791208791208791,125,13,14,0.6602564102564102,13,1.0,0.8910256410256411,9,-0.027065527065526968,0.11965811965811966,0.0,-0.013541666666666745,0.072,14
7580,2018,Argentina,Enzo Nicolás Pérez,36,34,70,9,9,14,,False,14,117,0.6428571428571429,14,1.0,0.8791208791208791,125,13,15,0.6538461538461539,13,1.0,0.8846153846153846,23,-0.017094017094017033,0.1282051282051282,0.0,-0.006249999999999978,0.184,15
7580,2018,Argentina,Ángel Fabián Di María Hernández,14,26,40,11,1,14,,False,14,117,0.6428571428571429,14,1.0,0.8791208791208791,125,13,15,0.6538461538461539,13,1.0,0.8717948717948718,15,-0.017094017094017033,0.1282051282051282,0.0,0.008333333333333304,0.12,15
7580,2018,Argentina,Éver Maximiliano David Banega,54,52,106,13,16,14,,False,14,117,0.6428571428571429,14,1.0,0.8791208791208791,125,13,23,0.6025641025641025,13,1.0,0.8589743589743589,30,0.0626780626780628,0.19658119658119658,0.0,0.022916666666666714,0.24,23
7580,2018,Argentina,Federico Julián Fazio,21,19,40,10,7,1,,False,14,117,0.6428571428571429,14,1.0,0.8791208791208791,125,13,17,0.6410256410256411,13,1.0,0.8782051282051282,8,0.0028490028490028387,0.1452991452991453,0.0,0.001041666666666663,0.064,17
7580,2018,Argentina,Sergio Leonel Agüero del Castillo,6,9,15,6,0,7,,False,14,117,0.6428571428571429,14,1.0,0.8791208791208791,125,13,7,0.7051282051282052,13,1.0,0.9038461538461539,7,-0.09686609686609686,0.05982905982905983,0.0,-0.02812500000000003,0.056,7
7580,2018,Argentina,Maximiliano Eduardo Meza,10,13,23,9,0,9,,False,14,117,0.6428571428571429,14,1.0,0.8791208791208791,125,13,13,0.6666666666666666,13,1.0,0.8846153846153846,9,-0.0370370370370369,0.1111111111111111,0.0,-0.006249999999999978,0.072,13
7581,2018,Denmark,Christian Dannemann Eriksen,39,49,88,13,5,25,,False,15,138,0.6571428571428571,15,1.0,0.8952380952380953,144,14,26,0.6153846153846154,14,1.0,0.8846153846153846,30,0.06354515050167218,0.18840579710144928,0.0,0.01186579378068748,0.20833333333333334,26
7581,2018,Denmark,Mathias Jørgensen Jatta,58,55,113,14,27,2,,False,15,138,0.6571428571428571,15,1.0,0.8952380952380953,144,14,24,0.6263736263736264,14,1.0,0.8791208791208791,29,0.04682274247491639,0.17391304347826086,0.0,0.018003273322422318,0.2013888888888889,24
7581,2018,Denmark,Thomas Delaney,51,44,95,12,13,14,,False,15,138,0.6571428571428571,15,1.0,0.8952380952380953,144,14,22,0.6373626373626373,14,1.0,0.8901098901098901,27,0.0301003344481606,0.15942028985507245,0.0,0.005728314238952641,0.1875,22
7581,2018,Denmark,Andreas Christensen,19,19,38,9,5,4,,False,15,138,0.6571428571428571,15,1.0,0.8952380952380953,144,14,15,0.6758241758241759,14,1.0,0.9065934065934066,9,-0.028428093645485018,0.10869565217391304,0.0,-0.012684124386252,0.0625,15
7581,2018,Denmark,Henrik Dalsgaard,38,24,62,12,10,7,,False,15,138,0.6571428571428571,15,1.0,0.8952380952380953,144,14,21,0.6428571428571429,14,1.0,0.8901098901098901,17,0.021739130434782532,0.15217391304347827,0.0,0.005728314238952641,0.11805555555555555,21
7581,2018,Denmark,Martin Braithwaite Christensen,14,19,33,10,2,12,,False,15,138,0.6571428571428571,15,1.0,0.8952380952380953,144,14,15,0.6758241758241759,14,1.0,0.9010989010989011,14,-0.028428093645485018,0.10869565217391304,0.0,-0.006546644844517161,0.09722222222222222,15
7581,2018,Denmark,Jonas Knudsen,30,23,53,13,11,13,,False,15,138,0.6571428571428571,15,1.0,0.8952380952380953,144,14,19,0.6538461538461539,14,1.0,0.8846153846153846,24,0.005016722408026738,0.13768115942028986,0.0,0.01186579378068748,0.16666666666666666,19
7581,2018,Denmark,Simon Thorup Kjær,69,65,134,11,27,4,,False,15,138,0.6571428571428571,15,1.0,0.8952380952380953,144,14,20,0.6483516483516484,14,1.0,0.8956043956043956,31,0.013377926421404635,0.14492753623188406,0.0,-0.00040916530278232256,0.2152777777777778,20
7581,2018,Denmark,Kasper Schmeichel,29,20,49,11,24,0,,False,15,138,0.6571428571428571,15,1.0,0.8952380952380953,144,14,16,0.6703296703296703,14,1.0,0.8956043956043956,24,-0.02006688963210695,0.11594202898550725,0.0,-0.00040916530278232256,0.16666666666666666,16
7581,2018,Denmark,Andreas Evald Cornelius,7,14,21,10,0,10,,False,15,138,0.6571428571428571,15,1.0,0.8952380952380953,144,14,15,0.6758241758241759,14,1.0,0.9010989010989011,10,-0.028428093645485018,0.10869565217391304,0.0,-0.006546644844517161,0.06944444444444445,15
7581,2018,Denmark,Yussuf Yurary Poulsen,24,40,64,11,4,27,,False,15,138,0.6571428571428571,15,1.0,0.8952380952380953,144,14,19,0.6538461538461539,14,1.0,0.8956043956043956,31,0.005016722408026738,0.13768115942028986,0.0,-0.00040916530278232256,0.2152777777777778,19
7581,2018,Denmark,Lasse Schöne,41,36,77,13,11,7,,False,15,138,0.6571428571428571,15,1.0,0.8952380952380953,144,14,23,0.6318681318681318,14,1.0,0.8846153846153846,18,0.03846153846153849,0.16666666666666666,0.0,0.01186579378068748,0.125,23
7581,2018,Denmark,Nicolai Jørgensen,11,19,30,12,0,15,,False,15,138,0.6571428571428571,15,1.0,0.8952380952380953,144,14,17,0.6648351648351648,14,1.0,0.8901098901098901,15,-0.011705685618729056,0.12318840579710146,0.0,0.005728314238952641,0.10416666666666667,17
7581,2018,Denmark,Michael Krohn-Dehli,11,11,22,9,3,1,,False,15,138,0.6571428571428571,15,1.0,0.8952380952380953,144,14,15,0.6758241758241759,14,1.0,0.9065934065934066,4,-0.028428093645485018,0.10869565217391304,0.0,-0.012684124386252,0.027777777777777776,15
7581,2018,Denmark,Pione Sisto Ifolo Emirmija,4,7,11,6,2,3,,False,15,138,0.6571428571428571,15,1.0,0.8952380952380953,144,14,9,0.7087912087912088,14,1.0,0.9230769230769231,5,-0.07859531772575257,0.06521739130434782,0.0,-0.031096563011456642,0.034722222222222224,9
7581,2018,Croatia,Ivan Strinić,37,32,69,9,6,19,,False,15,115,0.5476190476190477,15,1.0,0.8285714285714286,152,14,15,0.5494505494505495,14,1.0,0.8296703296703297,25,-0.0033444816053511584,0.13043478260869565,0.0,-0.0013262599469495973,0.16447368421052633,15
7581,2018,Croatia,Ivan Rakitić,69,76,145,12,18,18,,False,15,115,0.5476190476190477,15,1.0,0.8285714285714286,152,14,23,0.5054945054945055,14,1.0,0.8131868131868132,36,0.07692307692307705,0.2,0.0,0.018567639257294495,0.23684210526315788,23
7581,2018,Croatia,Ivan Perišić,15,22,37,9,5,12,,False,15,115,0.5476190476190477,15,1.0,0.8285714285714286,152,14,15,0.5494505494505495,14,1.0,0.8296703296703297,17,-0.0033444816053511584,0.13043478260869565,0.0,-0.0013262599469495973,0.1118421052631579,15
7581,2018,Croatia,Mario Mandžukić,19,24,43,10,3,10,,False,15,115,0.5476190476190477,15,1.0,0.8285714285714286,152,14,16,0.5439560439560439,14,1.0,0.8241758241758241,13,0.00668896321070252,0.1391304347826087,0.0,0.005305039787798524,0.08552631578947369,16
7581,2018,Croatia,Šime Vrsaljko,45,38,83,9,11,19,,False,15,115,0.5476190476190477,15,1.0,0.8285714285714286,152,14,16,0.5439560439560439,14,1.0,0.8296703296703297,30,0.00668896321070252,0.1391304347826087,0.0,-0.0013262599469495973,0.19736842105263158,16
7581,2018,Croatia,Danijel Subašić,22,16,38,9,12,0,,False,15,115,0.5476190476190477,15,1.0,0.8285714285714286,152,14,12,0.5659340659340659,14,1.0,0.8296703296703297,12,-0.033444816053511586,0.10434782608695652,0.0,-0.0013262599469495973,0.07894736842105263,12
7581,2018,Croatia,Dejan Lovren,56,48,104,9,13,4,,False,15,115,0.5476190476190477,15,1.0,0.8285714285714286,152,14,16,0.5439560439560439,14,1.0,0.8296703296703297,17,0.00668896321070252,0.1391304347826087,0.0,-0.0013262599469495973,0.1118421052631579,16
7581,2018,Croatia,Domagoj Vida,63,53,116,10,28,1,,False,15,115,0.5476190476190477,15,1.0,0.8285714285714286,152,14,17,0.5384615384615384,14,1.0,0.8241758241758241,29,0.016722408026755994,0.14782608695652175,0.0,0.005305039787798524,0.19078947368421054,17
7581,2018,Croatia,Ante Rebić,14,24,38,9,4,13,,False,15,115,0.5476190476190477,15,1.0,0.8285714285714286,152,14,13,0.5604395604395604,14,1.0,0.8296703296703297,17,-0.02341137123745811,0.11304347826086956,0.0,-0.0013262599469495973,0.1118421052631579,13
7581,2018,Croatia,Luka Modrić,69,76,145,14,26,22,,False,15,115,0.5476190476190477,15,1.0,0.8285714285714286,152,14,25,0.4945054945054945,14,1.0,0.8003663003663005,48,0.09698996655518399,0.21739130434782608,0.0,0.03404067197170633,0.3157894736842105,25
7581,2018,Croatia,Marcelo Brozović,43,43,86,10,10,9,,False,15,115,0.5476190476190477,15,1.0,0.8285714285714286,152,14,16,0.5439560439560439,14,1.0,0.8241758241758241,19,0.00668896321070252,0.1391304347826087,0.0,0.005305039787798524,0.125,16
7581,2018,Croatia,Mateo Kovačić,23,25,48,8,5,4,,False,15,115,0.5476190476190477,15,1.0,0.8285714285714286,152,14,15,0.5494505494505495,14,1.0,0.8351648351648352,9,-0.0033444816053511584,0.13043478260869565,0.0,-0.007957559681697583,0.05921052631578947,15
7581,2018,Croatia,Josip Pivarić,26,22,48,8,8,12,,False,15,115,0.5476190476190477,15,1.0,0.8285714285714286,152,14,15,0.5494505494505495,14,1.0,0.8351648351648352,20,-0.0033444816053511584,0.13043478260869565,0.0,-0.007957559681697583,0.13157894736842105,15
7581,2018,Croatia,Andrej Kramarić,12,15,27,8,2,7,,False,15,115,0.5476190476190477,15,1.0,0.8285714285714286,152,14,11,0.5714285714285714,14,1.0,0.8351648351648352,9,-0.04347826086956506,0.09565217391304348,0.0,-0.007957559681697583,0.05921052631578947,11
7581,2018,Croatia,Milan Badelj,4,3,7,4,1,2,,False,15,115,0.5476190476190477,15,1.0,0.8285714285714286,152,14,5,0.6043956043956044,14,1.0,0.8571428571428571,3,-0.10367892976588611,0.043478260869565216,0.0,-0.03448275862068953,0.019736842105263157,5
7582,2018,Spain,Jorge Resurrección Merodio,145,141,286,13,36,12,,False,15,134,0.638095238095238,15,1.0,0.861904761904762,267,14,25,0.5989010989010989,14,1.0,0.8461538461538461,48,0.06142365097588974,0.1865671641791045,0.0,0.018274543136421652,0.1797752808988764,25
7582,2018,Spain,Sergio Ramos García,168,154,322,12,77,5,,False,15,134,0.638095238095238,15,1.0,0.861904761904762,267,14,23,0.6098901098901099,14,1.0,0.8516483516483516,82,0.04420206659012614,0.17164179104477612,0.0,0.0118997025074374,0.30711610486891383,23
7582,2018,Spain,Gerard Piqué Bernabéu,121,114,235,12,43,3,,False,15,134,0.638095238095238,15,1.0,0.861904761904762,267,14,24,0.6043956043956044,14,1.0,0.8516483516483516,46,0.052812858783008024,0.1791044776119403,0.0,0.0118997025074374,0.17228464419475656,24
7582,2018,Spain,Jordi Alba Ramos,154,137,291,11,27,49,,False,15,134,0.638095238095238,15,1.0,0.861904761904762,267,14,21,0.6208791208791209,14,1.0,0.8571428571428571,76,0.026980482204362707,0.15671641791044777,0.0,0.005524861878453148,0.2846441947565543,21
7582,2018,Spain,David Josué Jiménez Silva,26,32,58,8,2,17,,False,15,134,0.638095238095238,15,1.0,0.861904761904762,267,14,15,0.6538461538461539,14,1.0,0.8736263736263736,19,-0.02468427095292776,0.11194029850746269,0.0,-0.013599660008499739,0.07116104868913857,15
7582,2018,Spain,Sergio Busquets i Burgos,73,65,138,11,17,15,,False,15,134,0.638095238095238,15,1.0,0.861904761904762,267,14,18,0.6373626373626373,14,1.0,0.8571428571428571,32,0.001148105625717562,0.13432835820895522,0.0,0.005524861878453148,0.1198501872659176,18
7582,2018,Spain,Francisco Román Alarcón Suárez,136,163,299,14,23,68,,False,15,134,0.638095238095238,15,1.0,0.861904761904762,267,14,27,0.5879120879120879,14,1.0,0.8406593406593407,91,0.07864523536165317,0.20149253731343283,0.0,0.024649383765405906,0.3408239700374532,27
7582,2018,Spain,José Ignacio Fernández Iglesias,46,41,87,10,10,25,,False,15,134,0.638095238095238,15,1.0,0.861904761904762,267,14,16,0.6483516483516484,14,1.0,0.8626373626373627,35,-0.016073478760046042,0.11940298507462686,0.0,-0.0008499787505312337,0.13108614232209737,16
7582,2018,Spain,Marco Asensio Willemsen,43,44,87,12,4,21,,False,15,134,0.638095238095238,15,1.0,0.861904761904762,267,14,20,0.6263736263736264,14,1.0,0.8516483516483516,25,0.01836969001148099,0.14925373134328357,0.0,0.0118997025074374,0.09363295880149813,20
7582,2018,Spain,Diego da Silva Costa,8,18,26,7,1,12,,False,15,134,0.638095238095238,15,1.0,0.861904761904762,267,14,12,0.6703296703296703,14,1.0,0.8791208791208791,13,-0.0505166475315729,0.08955223880597014,0.0,-0.019974500637483992,0.04868913857677903,12
7582,2018,Spain,David de Gea Quintana,13,11,24,8,8,0,,False,15,134,0.638095238095238,15,1.0,0.861904761904762,267,14,12,0.6703296703296703,14,1.0,0.8736263736263736,8,-0.0505166475315729,0.08955223880597014,0.0,-0.013599660008499739,0.0299625468164794,12
7582,2018,Spain,Andrés Iniesta Luján,41,49,90,12,9,8,,False,15,134,0.638095238095238,15,1.0,0.861904761904762,267,14,22,0.6153846153846154,14,1.0,0.8516483516483516,17,0.035591274397244424,0.16417910447761194,0.0,0.0118997025074374,0.06367041198501873,22
7582,2018,Spain,Daniel Carvajal Ramos,37,34,71,8,9,20,,False,15,134,0.638095238095238,15,1.0,0.861904761904762,267,14,14,0.6593406593406593,14,1.0,0.8736263736263736,29,-0.033295063145809475,0.1044776119402985,0.0,-0.013599660008499739,0.10861423220973783,14
7582,2018,Spain,Iago Aspas Juncal,11,15,26,9,1,7,,False,15,134,0.638095238095238,15,1.0,0.861904761904762,267,14,12,0.6703296703296703,14,1.0,0.8681318681318682,8,-0.0505166475315729,0.08955223880597014,0.0,-0.007224819379515486,0.0299625468164794,12
7582,2018,Spain,Rodrigo Moreno Machado,4,8,12,5,0,5,,False,15,134,0.638095238095238,15,1.0,0.861904761904762,267,14,7,0.6978021978021978,14,1.0,0.8901098901098901,5,-0.09357060849598166,0.05223880597014925,0.0,-0.032724181895452495,0.018726591760299626,7
7582,2018,Russia,Ilya Kutepov,25,20,45,12,9,2,,False,15,96,0.45714285714285713,15,1.0,0.7984126984126984,73,14,18,0.42857142857142855,14,1.0,0.771062271062271,11,0.06250000000000003,0.1875,0.0,0.034256002446857337,0.1506849315068493,18
7582,2018,Russia,Aleksandr Samedov,17,19,36,7,4,5,,False,15,96,0.45714285714285713,15,1.0,0.7984126984126984,73,14,13,0.45604395604395603,14,1.0,0.8058608058608058,9,0.0024038461538461453,0.13541666666666666,0.0,-0.009328643523474504,0.1232876712328767,13
7582,2018,Russia,Mário Figueira Fernandes,44,39,83,11,17,10,,False,15,96,0.45714285714285713,15,1.0,0.7984126984126984,73,14,19,0.4230769230769231,14,1.0,0.783882783882784,27,0.07451923076923075,0.19791666666666666,0.0,0.01819850129989275,0.3698630136986301,19
7582,2018,Russia,Artem Dzyuba,10,21,31,10,1,20,,False,15,96,0.45714285714285713,15,1.0,0.7984126984126984,73,14,14,0.45054945054945056,14,1.0,0.7893772893772895,21,0.014423076923076872,0.14583333333333334,0.0,0.0113167150940509,0.2876712328767123,14
7582,2018,Russia,Daler Kuzyaev,18,15,33,9,4,3,,False,15,96,0.45714285714285713,15,1.0,0.7984126984126984,73,14,17,0.4340659340659341,14,1.0,0.7948717948717948,7,0.050480769230769176,0.17708333333333334,0.0,0.0044349288882091905,0.0958904109589041,17
7582,2018,Russia,Aleksandr Golovin,23,22,45,11,4,8,,False,15,96,0.45714285714285713,15,1.0,0.7984126984126984,73,14,19,0.4230769230769231,14,1.0,0.783882783882784,12,0.07451923076923075,0.19791666666666666,0.0,0.01819850129989275,0.1643835616438356,19
7582,2018,Russia,Yuri Zhirkov,9,6,15,6,3,3,,False,15,96,0.45714285714285713,15,1.0,0.7984126984126984,73,14,9,0.47802197802197804,14,1.0,0.8131868131868132,6,-0.045673076923077004,0.09375,0.0,-0.01850435846459711,0.0821917808219178,9
7582,2018,Russia,Fedor Kudryashov,14,6,20,11,6,0,,False,15,96,0.45714285714285713,15,1.0,0.7984126984126984,73,14,16,0.43956043956043955,14,1.0,0.7838827838827839,6,0.03846153846153845,0.16666666666666666,0.0,0.018198501299892887,0.0821917808219178,16
7582,2018,Russia,Sergei Ignashevich,16,9,25,11,14,0,,False,15,96,0.45714285714285713,15,1.0,0.7984126984126984,73,14,15,0.44505494505494503,14,1.0,0.7838827838827839,14,0.02644230769230772,0.15625,0.0,0.018198501299892887,0.1917808219178082,15
7582,2018,Russia,Roman Zobnin,20,27,47,12,2,4,,False,15,96,0.45714285714285713,15,1.0,0.7984126984126984,73,14,19,0.4230769230769231,14,1.0,0.7765567765567766,6,0.07451923076923075,0.19791666666666666,0.0,0.02737421624101535,0.0821917808219178,19
7582,2018,Russia,Igor Akinfeev,4,6,10,7,4,0,,False,15,96,0.45714285714285713,15,1.0,0.7984126984126984,73,14,8,0.4835164835164835,14,1.0,0.8058608058608058,4,-0.05769230769230773,0.08333333333333333,0.0,-0.009328643523474504,0.0547945205479452,8
7582,2018,Russia,Vladimir Granat,1,1,2,2,1,0,,True,15,96,0.45714285714285713,15,1.0,0.7984126984126984,73,14,2,0.5164835164835165,14,1.0,0.8351648351648352,1,-0.12980769230769246,0.020833333333333332,0.0,-0.04603150328796464,0.0136986301369863,2
7582,2018,Russia,Fyodor Smolov,9,18,27,9,0,14,,False,15,96,0.45714285714285713,15,1.0,0.7984126984126984,73,14,14,0.45054945054945056,14,1.0,0.7930402930402931,14,0.014423076923076872,0.14583333333333334,0.0,0.006728857623489667,0.1917808219178082,14
7582,2018,Russia,Denis Cheryshev,3,3,6,4,3,2,,False,15,96,0.45714285714285713,15,1.0,0.7984126984126984,73,14,4,0.5054945054945055,14,1.0,0.8223443223443223,5,-0.10576923076923075,0.041666666666666664,0.0,-0.029974002141000187,0.0684931506849315,4
7582,2018,Russia,Aleksandr Erokhin,2,3,5,4,1,2,,False,15,96,0.45714285714285713,15,1.0,0.7984126984126984,73,14,5,0.5,14,1.0,0.8223443223443223,3,-0.09375000000000003,0.052083333333333336,0.0,-0.029974002141000187,0.0410958904109589,5
7583,2018,Mexico,Javier Hernández Balcázar,6,6,12,7,4,4,,False,14,113,0.6208791208791209,14,1.0,0.8846153846153846,114,13,10,0.6602564102564102,13,1.0,0.9038461538461539,8,-0.06342182890855452,0.08849557522123894,0.0,-0.021739130434782657,0.07017543859649122,10
7583,2018,Mexico,Rafael Márquez Álvarez,12,12,24,9,3,1,,False,14,113,0.6208791208791209,14,1.0,0.8846153846153846,114,13,13,0.6410256410256411,13,1.0,0.8910256410256411,4,-0.032448377581121006,0.11504424778761062,0.0,-0.007246376811594303,0.03508771929824561,13
7583,2018,Mexico,Carlos Joel Salcedo Hernández,58,54,112,13,21,4,,False,14,113,0.6208791208791209,14,1.0,0.8846153846153846,114,13,21,0.5897435897435898,13,1.0,0.8653846153846154,25,0.05014749262536873,0.18584070796460178,0.0,0.021739130434782532,0.21929824561403508,21
7583,2018,Mexico,Hugo Ayala Castro,41,38,79,12,13,1,,False,14,113,0.6208791208791209,14,1.0,0.8846153846153846,114,13,20,0.5961538461538461,13,1.0,0.8717948717948718,14,0.039823008849557556,0.17699115044247787,0.0,0.014492753623188356,0.12280701754385964,20
7583,2018,Mexico,Jesús Daniel Gallardo Vasconcelos,45,39,84,12,15,13,,False,14,113,0.6208791208791209,14,1.0,0.8846153846153846,114,13,21,0.5897435897435898,13,1.0,0.8717948717948718,28,0.05014749262536873,0.18584070796460178,0.0,0.014492753623188356,0.24561403508771928,21
7583,2018,Mexico,José Andrés Guardado Hernández,37,29,66,11,11,8,,False,14,113,0.6208791208791209,14,1.0,0.8846153846153846,114,13,19,0.6025641025641025,13,1.0,0.8782051282051282,19,0.029498525073746385,0.168141592920354,0.0,0.007246376811594178,0.16666666666666666,19
7583,2018,Mexico,Héctor Miguel Herrera López,37,34,71,12,12,9,,False,14,113,0.6208791208791209,14,1.0,0.8846153846153846,114,13,20,0.5961538461538461,13,1.0,0.8717948717948718,21,0.039823008849557556,0.17699115044247787,0.0,0.014492753623188356,0.18421052631578946,20
7583,2018,Mexico,Carlos Alberto Vela Garrido,26,33,59,11,6,20,,False,14,113,0.6208791208791209,14,1.0,0.8846153846153846,114,13,19,0.6025641025641025,13,1.0,0.8782051282051282,26,0.029498525073746385,0.168141592920354,0.0,0.007246376811594178,0.22807017543859648,19
7583,2018,Mexico,Hirving Rodrigo Lozano Bahena,20,37,57,13,4,28,,False,14,113,0.6208791208791209,14,1.0,0.8846153846153846,114,13,23,0.5769230769230769,13,1.0,0.8653846153846154,32,0.07079646017699126,0.20353982300884957,0.0,0.021739130434782532,0.2807017543859649,23
7583,2018,Mexico,Edson Omar Álvarez Velázquez,21,16,37,9,6,5,,False,14,113,0.6208791208791209,14,1.0,0.8846153846153846,114,13,13,0.6410256410256411,13,1.0,0.8910256410256411,11,-0.032448377581121006,0.11504424778761062,0.0,-0.007246376811594303,0.09649122807017543,13
7583,2018,Mexico,Francisco Guillermo Ochoa Magaña,10,6,16,7,8,0,,False,14,113,0.6208791208791209,14,1.0,0.8846153846153846,114,13,9,0.6666666666666666,13,1.0,0.9038461538461539,8,-0.0737463126843657,0.07964601769911504,0.0,-0.021739130434782657,0.07017543859649122,9
7583,2018,Mexico,Miguel Arturo Layún Prado,16,18,34,8,5,7,,False,14,113,0.6208791208791209,14,1.0,0.8846153846153846,114,13,13,0.6410256410256411,13,1.0,0.8974358974358975,12,-0.032448377581121006,0.11504424778761062,0.0,-0.01449275362318848,0.10526315789473684,13
7583,2018,Mexico,Jonathan dos Santos Ramírez,21,22,43,9,5,8,,False,14,113,0.6208791208791209,14,1.0,0.8846153846153846,114,13,15,0.6282051282051282,13,1.0,0.8910256410256411,13,-0.011799410029498483,0.13274336283185842,0.0,-0.007246376811594303,0.11403508771929824,15
7583,2018,Mexico,Raúl Alonso Jiménez Rodríguez,3,9,12,7,1,6,,False,14,113,0.6208791208791209,14,1.0,0.8846153846153846,114,13,10,0.6602564102564102,13,1.0,0.9038461538461539,7,-0.06342182890855452,0.08849557522123894,0.0,-0.021739130434782657,0.06140350877192982,10
7583,2018,Brazil,João Miranda de Souza Filho,33,30,63,9,13,0,,False,14,100,0.5494505494505495,14,1.0,0.8406593406593407,90,13,17,0.532051282051282,13,1.0,0.8397435897435898,13,0.03166666666666675,0.17,0.0,0.0010893246187363796,0.14444444444444443,17
7583,2018,Brazil,Filipe Luís Kasmirski,40,29,69,10,14,5,,False,14,100,0.5494505494505495,14,1.0,0.8406593406593407,90,13,15,0.5448717948717948,13,1.0,0.8333333333333334,19,0.008333333333333505,0.15,0.0,0.008714596949891037,0.2111111111111111,15
7583,2018,Brazil,Philippe Coutinho Correia,26,33,59,9,7,14,,False,14,100,0.5494505494505495,14,1.0,0.8406593406593407,90,13,15,0.5448717948717948,13,1.0,0.8397435897435898,21,0.008333333333333505,0.15,0.0,0.0010893246187363796,0.23333333333333334,15
7583,2018,Brazil,Carlos Henrique Casimiro,44,34,78,11,13,5,,False,14,100,0.5494505494505495,14,1.0,0.8406593406593407,90,13,20,0.5128205128205128,13,1.0,0.8269230769230769,18,0.06666666666666683,0.2,0.0,0.016339869281045825,0.2,20
7583,2018,Brazil,Neymar da Silva Santos Junior,23,45,68,11,3,20,,False,14,100,0.5494505494505495,14,1.0,0.8406593406593407,90,13,19,0.5192307692307693,13,1.0,0.8269230769230769,23,0.055,0.19,0.0,0.016339869281045825,0.25555555555555554,19
7583,2018,Brazil,Willian Borges da Silva,33,44,77,10,3,15,,False,14,100,0.5494505494505495,14,1.0,0.8406593406593407,90,13,18,0.5256410256410257,13,1.0,0.8333333333333334,18,0.043333333333333376,0.18,0.0,0.008714596949891037,0.2,18
7583,2018,Brazil,Fágner Conserva Lemos,29,22,51,11,8,11,,False,14,100,0.5494505494505495,14,1.0,0.8406593406593407,90,13,17,0.532051282051282,13,1.0,0.8226495726495727,19,0.03166666666666675,0.17,0.0,0.02142338416848213,0.2111111111111111,17
7583,2018,Brazil,Thiago Emiliano da Silva,38,34,72,10,14,2,,False,14,100,0.5494505494505495,14,1.0,0.8406593406593407,90,13,16,0.5384615384615384,13,1.0,0.8333333333333334,16,0.02000000000000013,0.16,0.0,0.008714596949891037,0.17777777777777778,16
7583,2018,Brazil,José Paulo Bezzera Maciel Júnior,25,22,47,9,4,3,,False,14,100,0.5494505494505495,14,1.0,0.8406593406593407,90,13,17,0.532051282051282,13,1.0,0.8397435897435898,7,0.03166666666666675,0.17,0.0,0.0010893246187363796,0.07777777777777778,17
7583,2018,Brazil,Alisson Ramsés Becker,14,6,20,9,6,0,,False,14,100,0.5494505494505495,14,1.0,0.8406593406593407,90,13,13,0.5576923076923077,13,1.0,0.8354700854700855,6,-0.014999999999999946,0.13,0.0,0.0061728395061728175,0.06666666666666667,13
7583,2018,Brazil,Gabriel Fernando de Jesus,15,22,37,11,0,11,,False,14,100,0.5494505494505495,14,1.0,0.8406593406593407,90,13,17,0.532051282051282,13,1.0,0.8269230769230769,11,0.03166666666666675,0.17,0.0,0.016339869281045825,0.12222222222222222,17
7583,2018,Brazil,Fernando Luiz Roza,4,1,5,5,2,0,,False,14,100,0.5494505494505495,14,1.0,0.8406593406593407,90,13,5,0.6089743589743589,13,1.0,0.8653846153846154,2,-0.10833333333333314,0.05,0.0,-0.02941176470588238,0.022222222222222223,5
7583,2018,Brazil,Roberto Firmino Barbosa de Oliveira,3,6,9,6,1,3,,False,14,100,0.5494505494505495,14,1.0,0.8406593406593407,90,13,7,0.5961538461538461,13,1.0,0.8589743589743589,4,-0.0849999999999999,0.07,0.0,-0.02178649237472759,0.044444444444444446,7
7583,2018,Brazil,Marcos Aoás Corrêa,3,2,5,3,2,1,,False,14,100,0.5494505494505495,14,1.0,0.8406593406593407,90,13,4,0.6153846153846154,13,1.0,0.8782051282051282,3,-0.11999999999999997,0.04,0.0,-0.0446623093681917,0.03333333333333333,4
7584,2018,Belgium,Romelu Lukaku Menama,15,25,40,11,1,14,,False,13,110,0.7051282051282052,13,1.0,0.9102564102564102,143,12,17,0.7045454545454546,12,1.0,0.9015151515151515,15,0.0008264462809917469,0.15454545454545454,0.0,0.009603072983354683,0.1048951048951049,17
7584,2018,Belgium,Axel Witsel,60,50,110,12,15,14,,False,13,110,0.7051282051282052,13,1.0,0.9102564102564102,143,12,22,0.6666666666666666,12,1.0,0.8939393939393939,29,0.05454545454545466,0.2,0.0,0.017925736235595395,0.20279720279720279,22
7584,2018,Belgium,Jan Vertonghen,63,56,119,11,22,8,,False,13,110,0.7051282051282052,13,1.0,0.9102564102564102,143,12,20,0.6818181818181818,12,1.0,0.9015151515151515,30,0.03305785123966956,0.18181818181818182,0.0,0.009603072983354683,0.2097902097902098,20
7584,2018,Belgium,Vincent Kompany,76,72,148,11,26,3,,False,13,110,0.7051282051282052,13,1.0,0.9102564102564102,143,12,18,0.696969696969697,12,1.0,0.9015151515151515,29,0.011570247933884299,0.16363636363636364,0.0,0.009603072983354683,0.20279720279720279,18
7584,2018,Belgium,Toby Alderweireld,68,69,137,11,21,2,,False,13,110,0.7051282051282052,13,1.0,0.9102564102564102,143,12,18,0.696969696969697,12,1.0,0.9015151515151515,23,0.011570247933884299,0.16363636363636364,0.0,0.009603072983354683,0.16083916083916083,18
7584,2018,Belgium,Thibaut Courtois,19,11,30,7,9,0,,False,13,110,0.7051282051282052,13,1.0,0.9102564102564102,143,12,11,0.75,12,1.0,0.9318181818181818,9,-0.06363636363636356,0.1,0.0,-0.023687580025608154,0.06293706293706294,11
7584,2018,Belgium,Kevin De Bruyne,54,52,106,12,14,13,,False,13,110,0.7051282051282052,13,1.0,0.9102564102564102,143,12,22,0.6666666666666666,12,1.0,0.8939393939393939,27,0.05454545454545466,0.2,0.0,0.017925736235595395,0.1888111888111888,22
7584,2018,Belgium,Yannick Ferreira Carrasco,26,28,54,9,5,15,,False,13,110,0.7051282051282052,13,1.0,0.9102564102564102,143,12,15,0.7196969696969697,12,1.0,0.9166666666666666,20,-0.020661157024793358,0.13636363636363635,0.0,-0.007042253521126736,0.13986013986013987,15
7584,2018,Belgium,Thomas Meunier,57,51,108,11,13,26,,False,13,110,0.7051282051282052,13,1.0,0.9102564102564102,143,12,20,0.6818181818181818,12,1.0,0.9015151515151515,39,0.03305785123966956,0.18181818181818182,0.0,0.009603072983354683,0.2727272727272727,20
7584,2018,Belgium,Dries Mertens,20,26,46,8,5,10,,False,13,110,0.7051282051282052,13,1.0,0.9102564102564102,143,12,16,0.7121212121212122,12,1.0,0.9242424242424242,15,-0.009917355371900805,0.14545454545454545,0.0,-0.015364916773367446,0.1048951048951049,16
7584,2018,Belgium,Eden Hazard,45,60,105,11,10,25,,False,13,110,0.7051282051282052,13,1.0,0.9102564102564102,143,12,21,0.6742424242424242,12,1.0,0.9015151515151515,35,0.04380165289256211,0.19090909090909092,0.0,0.009603072983354683,0.24475524475524477,21
7584,2018,Belgium,Nacer Chadli,10,11,21,8,1,8,,False,13,110,0.7051282051282052,13,1.0,0.9102564102564102,143,12,11,0.75,12,1.0,0.9242424242424242,9,-0.06363636363636356,0.1,0.0,-0.015364916773367446,0.06293706293706294,11
7584,2018,Belgium,Marouane Fellaini-Bakkioui,11,13,24,6,1,5,,False,13,110,0.7051282051282052,13,1.0,0.9102564102564102,143,12,9,0.7651515151515151,12,1.0,0.9393939393939394,6,-0.08512396694214866,0.08181818181818182,0.0,-0.03201024327784899,0.04195804195804196,9
7584,2018,Japan,Hiroki Sakai,29,34,63,10,5,14,,False,13,99,0.6346153846153846,13,1.0,0.8717948717948718,99,12,18,0.6136363636363636,12,1.0,0.8636363636363636,19,0.03305785123966935,0.18181818181818182,0.0,0.009358288770053477,0.1919191919191919,18
7584,2018,Japan,Gaku Shibasaki,41,40,81,9,10,7,,False,13,99,0.6346153846153846,13,1.0,0.8717948717948718,99,12,18,0.6136363636363636,12,1.0,0.8712121212121212,17,0.03305785123966935,0.18181818181818182,0.0,0.0006684491978609717,0.1717171717171717,18
7584,2018,Japan,Yūya Ōsako,15,22,37,10,1,18,,False,13,99,0.6346153846153846,13,1.0,0.8717948717948718,99,12,16,0.6287878787878788,12,1.0,0.8636363636363636,19,0.00918273645546368,0.16161616161616163,0.0,0.009358288770053477,0.1919191919191919,16
7584,2018,Japan,Makoto Hasebe,43,40,83,12,9,3,,False,13,99,0.6346153846153846,13,1.0,0.8717948717948718,99,12,23,0.5757575757575758,12,1.0,0.8484848484848485,12,0.09274563820018354,0.23232323232323232,0.0,0.026737967914438488,0.12121212121212122,23
7584,2018,Japan,Yuto Nagatomo,41,40,81,10,5,16,,False,13,99,0.6346153846153846,13,1.0,0.8717948717948718,99,12,15,0.6363636363636364,12,1.0,0.8636363636363636,21,-0.0027548209366391567,0.15151515151515152,0.0,0.009358288770053477,0.21212121212121213,15
7584,2018,Japan,Gen Shōji,33,32,65,9,14,2,,False,13,99,0.6346153846153846,13,1.0,0.8717948717948718,99,12,17,0.6212121212121212,12,1.0,0.8712121212121212,16,0.021120293847566515,0.1717171717171717,0.0,0.0006684491978609717,0.16161616161616163,17
7584,2018,Japan,Shinji Kagawa,51,45,96,11,15,13,,False,13,99,0.6346153846153846,13,1.0,0.8717948717948718,99,12,21,0.5909090909090909,12,1.0,0.8560606060606061,28,0.06887052341597787,0.21212121212121213,0.0,0.01804812834224598,0.2828282828282828,21
7584,2018,Japan,Maya Yoshida,39,28,67,12,17,1,,False,13,99,0.6346153846153846,13,1.0,0.8717948717948718,99,12,18,0.6136363636363636,12,1.0,0.8484848484848485,18,0.03305785123966935,0.18181818181818182,0.0,0.026737967914438488,0.18181818181818182,18
7584,2018,Japan,Genki Haraguchi,21,19,40,7,5,4,,False,13,99,0.6346153846153846,13,1.0,0.8717948717948718,99,12,12,0.6590909090909091,12,1.0,0.8863636363636364,9,-0.038567493112947666,0.12121212121212122,0.0,-0.01671122994652404,0.09090909090909091,12
7584,2018,Japan,Takashi Inui,27,41,68,9,6,17,,False,13,99,0.6346153846153846,13,1.0,0.8717948717948718,99,12,16,0.6287878787878788,12,1.0,0.8712121212121212,23,0.00918273645546368,0.16161616161616163,0.0,0.0006684491978609717,0.23232323232323232,16
7584,2018,Japan,Eiji Kawashima,15,12,27,7,11,0,,False,13,99,0.6346153846153846,13,1.0,0.8717948717948718,99,12,11,0.6666666666666666,12,1.0,0.8863636363636364,11,-0.050505050505050504,0.1111111111111111,0.0,-0.01671122994652404,0.1111111111111111,11
7584,2018,Japan,Hotaru Yamaguchi,5,5,10,5,1,0,,False,13,99,0.6346153846153846,13,1.0,0.8717948717948718,99,12,7,0.696969696969697,12,1.0,0.9015151515151515,1,-0.09825528007346203,0.0707070707070707,0.0,-0.034090909090909054,0.010101010101010102,7
7584,2018,Japan,Keisuke Honda,3,5,8,5,0,4,,False,13,99,0.6346153846153846,13,1.0,0.8717948717948718,99,12,6,0.7045454545454546,12,1.0,0.9015151515151515,4,-0.11019283746556487,0.06060606060606061,0.0,-0.034090909090909054,0.04040404040404041,6
7585,2018,Colombia,Radamel Falcao García Zárate,26,39,65,13,3,30,,False,15,125,0.5952380952380952,15,1.0,0.8412698412698414,141,14,22,0.5659340659340659,14,1.0,0.8223443223443223,33,0.049230769230769245,0.176,0.0,0.022496371552975507,0.23404255319148937,22
7585,2018,Colombia,Juan Fernando Quintero Paniagua,29,41,70,10,11,10,,False,15,125,0.5952380952380952,15,1.0,0.8412698412698414,141,14,19,0.5824175824175825,14,1.0,0.8388278388278387,21,0.02153846153846146,0.152,0.0,0.002902757619739005,0.14893617021276595,19
7585,2018,Colombia,Carlos Alberto Sánchez Moreno,32,25,57,9,15,7,,False,15,125,0.5952380952380952,15,1.0,0.8412698412698414,141,14,17,0.5934065934065934,14,1.0,0.8443223443223443,22,0.003076923076923066,0.136,0.0,-0.0036284470246732946,0.15602836879432624,17
7585,2018,Colombia,Santiago Arias Naranjo,38,31,69,11,9,15,,False,15,125,0.5952380952380952,15,1.0,0.8412698412698414,141,14,17,0.5934065934065934,14,1.0,0.8333333333333333,24,0.003076923076923066,0.136,0.0,0.009433962264151172,0.1702127659574468,17
7585,2018,Colombia,Juan Guillermo Cuadrado Bello,48,52,100,13,10,24,,False,15,125,0.5952380952380952,15,1.0,0.8412698412698414,141,14,23,0.5604395604395604,14,1.0,0.8205128205128206,34,0.05846153846153844,0.184,0.0,0.024673439767779432,0.24113475177304963,23
7585,2018,Colombia,Yerry Fernando Mina González,54,42,96,12,16,0,,False,15,125,0.5952380952380952,15,1.0,0.8412698412698414,141,14,23,0.5604395604395604,14,1.0,0.8278388278388278,16,0.05846153846153844,0.184,0.0,0.01596516690856334,0.11347517730496454,23
7585,2018,Colombia,Davinson Sánchez Mina,54,47,101,12,30,5,,False,15,125,0.5952380952380952,15,1.0,0.8412698412698414,141,14,21,0.5714285714285714,14,1.0,0.8278388278388278,35,0.04000000000000004,0.168,0.0,0.01596516690856334,0.24822695035460993,21
7585,2018,Colombia,Jefferson Andrés Lerma Solís,23,27,50,10,5,11,,False,15,125,0.5952380952380952,15,1.0,0.8412698412698414,141,14,18,0.5879120879120879,14,1.0,0.8388278388278387,16,0.012307692307692264,0.144,0.0,0.002902757619739005,0.11347517730496454,18
7585,2018,Colombia,Johan Andrés Mojica Palacio,45,42,87,11,11,13,,False,15,125,0.5952380952380952,15,1.0,0.8412698412698414,141,14,21,0.5714285714285714,14,1.0,0.8333333333333333,24,0.04000000000000004,0.168,0.0,0.009433962264151172,0.1702127659574468,21
7585,2018,Colombia,Wílmar Enrique Barrios Terán,41,37,78,12,14,0,,False,15,125,0.5952380952380952,15,1.0,0.8412698412698414,141,14,22,0.5659340659340659,14,1.0,0.8278388278388278,14,0.049230769230769245,0.176,0.0,0.01596516690856334,0.09929078014184398,22
7585,2018,Colombia,David Ospina Ramírez,7,5,12,6,6,0,,False,15,125,0.5952380952380952,15,1.0,0.8412698412698414,141,14,8,0.6428571428571429,14,1.0,0.8626373626373627,6,-0.08000000000000008,0.064,0.0,-0.025399129172713985,0.0425531914893617,8
7585,2018,Colombia,Carlos Arturo Bacca Ahumada,7,15,22,7,0,13,,False,15,125,0.5952380952380952,15,1.0,0.8412698412698414,141,14,11,0.6263736263736264,14,1.0,0.8553113553113554,13,-0.05230769230769231,0.088,0.0,-0.016690856313497763,0.09219858156028368,11
7585,2018,Colombia,Andrés Mateus Uribe Villa,16,14,30,9,7,4,,False,15,125,0.5952380952380952,15,1.0,0.8412698412698414,141,14,15,0.6043956043956044,14,1.0,0.8443223443223443,11,-0.01538461538461533,0.12,0.0,-0.0036284470246732946,0.07801418439716312,15
7585,2018,Colombia,Luis Fernando Muriel Fruto,8,11,19,7,3,9,,False,15,125,0.5952380952380952,15,1.0,0.8412698412698414,141,14,11,0.6263736263736264,14,1.0,0.8553113553113554,12,-0.05230769230769231,0.088,0.0,-0.016690856313497763,0.0851063829787234,11
7585,2018,Colombia,Cristian Eduardo Zapata Valencia,1,1,2,2,1,0,,True,15,125,0.5952380952380952,15,1.0,0.8412698412698414,141,14,2,0.6758241758241759,14,1.0,0.8846153846153846,1,-0.13538461538461546,0.016,0.0,-0.051523947750362654,0.0070921985815602835,2
7585,2018,England,Harry Maguire,67,60,127,14,33,9,,False,15,131,0.6238095238095238,15,1.0,0.861904761904762,162,14,27,0.5714285714285714,14,1.0,0.8406593406593407,42,0.08396946564885502,0.20610687022900764,0.0,0.024649383765405906,0.25925925925925924,27
7585,2018,England,Bamidele Alli,35,36,71,9,7,17,,False,15,131,0.6238095238095238,15,1.0,0.861904761904762,162,14,17,0.6263736263736264,14,1.0,0.8681318681318682,24,-0.004110393423370508,0.1297709923664122,0.0,-0.007224819379515486,0.14814814814814814,17
7585,2018,England,Jesse Lingard,39,41,80,11,9,24,,False,15,131,0.6238095238095238,15,1.0,0.861904761904762,162,14,20,0.6098901098901099,14,1.0,0.8571428571428571,33,0.022313564298297044,0.15267175572519084,0.0,0.005524861878453148,0.2037037037037037,20
7585,2018,England,Harry Kane,25,39,64,12,10,25,,False,15,131,0.6238095238095238,15,1.0,0.861904761904762,162,14,20,0.6098901098901099,14,1.0,0.8516483516483516,35,0.022313564298297044,0.15267175572519084,0.0,0.0118997025074374,0.21604938271604937,20
7585,2018,England,Jordan Pickford,31,22,53,9,20,0,,False,15,131,0.6238095238095238,15,1.0,0.861904761904762,162,14,14,0.6428571428571429,14,1.0,0.8681318681318682,20,-0.030534351145038236,0.10687022900763359,0.0,-0.007224819379515486,0.12345679012345678,14
7585,2018,England,John Stones,76,72,148,13,32,5,,False,15,131,0.6238095238095238,15,1.0,0.861904761904762,162,14,24,0.5879120879120879,14,1.0,0.8461538461538461,37,0.05754550792718729,0.183206106870229,0.0,0.018274543136421652,0.22839506172839505,24
7585,2018,England,Jordan Brian Henderson,35,35,70,13,5,18,,False,15,131,0.6238095238095238,15,1.0,0.861904761904762,162,14,22,0.5989010989010989,14,1.0,0.8461538461538461,23,0.039929536112742255,0.16793893129770993,0.0,0.018274543136421652,0.1419753086419753,22
7585,2018,England,Kyle Walker,57,49,106,11,20,4,,False,15,131,0.6238095238095238,15,1.0,0.861904761904762,162,14,21,0.6043956043956044,14,1.0,0.8571428571428571,24,0.031121550205519738,0.16030534351145037,0.0,0.005524861878453148,0.14814814814814814,21
7585,2018,England,Ashley Young,29,25,54,10,11,6,,False,15,131,0.6238095238095238,15,1.0,0.861904761904762,162,14,19,0.6153846153846154,14,1.0,0.8626373626373627,17,0.013505578391074526,0.1450381679389313,0.0,-0.0008499787505312337,0.10493827160493827,19
7585,2018,England,Kieran Trippier,35,31,66,12,6,14,,False,15,131,0.6238095238095238,15,1.0,0.861904761904762,162,14,21,0.6043956043956044,14,1.0,0.8516483516483516,20,0.031121550205519738,0.16030534351145037,0.0,0.0118997025074374,0.12345679012345678,21
7585,2018,England,Raheem Sterling,18,33,51,10,3,21,,False,15,131,0.6238095238095238,15,1.0,0.861904761904762,162,14,19,0.6153846153846154,14,1.0,0.8626373626373627,24,0.013505578391074526,0.1450381679389313,0.0,-0.0008499787505312337,0.14814814814814814,19
7585,2018,England,Eric Dier,18,15,33,9,4,6,,False,15,131,0.6238095238095238,15,1.0,0.861904761904762,162,14,15,0.6373626373626373,14,1.0,0.8681318681318682,10,-0.021726365237815543,0.11450381679389313,0.0,-0.007224819379515486,0.06172839506172839,15
7585,2018,England,Jamie Vardy,1,9,10,7,0,8,,False,15,131,0.6238095238095238,15,1.0,0.861904761904762,162,14,8,0.6758241758241759,14,1.0,0.8791208791208791,8,-0.08338226658837351,0.061068702290076333,0.0,-0.019974500637483992,0.04938271604938271,8
7585,2018,England,Danny Rose,7,6,13,6,2,3,,False,15,131,0.6238095238095238,15,1.0,0.861904761904762,162,14,8,0.6758241758241759,14,1.0,0.8846153846153846,5,-0.08338226658837351,0.061068702290076333,0.0,-0.02634934126646824,0.030864197530864196,8
7585,2018,England,Marcus Rashford,4,4,8,6,0,2,,False,15,131,0.6238095238095238,15,1.0,0.861904761904762,162,14,7,0.6813186813186813,14,1.0,0.8846153846153846,2,-0.09219025249559604,0.05343511450381679,0.0,-0.02634934126646824,0.012345679012345678,7
7586,2018,Sweden,Emil Peter Forsberg,19,24,43,7,7,9,,False,14,84,0.46153846153846156,14,1.0,0.7967032967032966,77,13,13,0.4551282051282051,13,1.0,0.8012820512820513,16,0.01388888888888896,0.15476190476190477,0.0,-0.005747126436781729,0.2077922077922078,13
7586,2018,Sweden,Andreas Granqvist,20,19,39,9,8,5,,False,14,84,0.46153846153846156,14,1.0,0.7967032967032966,77,13,15,0.4423076923076923,13,1.0,0.7884615384615384,13,0.041666666666666755,0.17857142857142858,0.0,0.01034482758620686,0.16883116883116883,15
7586,2018,Sweden,Victor Nilsson Lindelöf,22,15,37,6,6,1,,False,14,84,0.46153846153846156,14,1.0,0.7967032967032966,77,13,11,0.46794871794871795,13,1.0,0.8076923076923077,7,-0.01388888888888884,0.13095238095238096,0.0,-0.013793103448275954,0.09090909090909091,11
7586,2018,Sweden,Ola Toivonen,13,22,35,9,3,12,,False,14,84,0.46153846153846156,14,1.0,0.7967032967032966,77,13,13,0.4551282051282051,13,1.0,0.7884615384615384,15,0.01388888888888896,0.15476190476190477,0.0,0.01034482758620686,0.19480519480519481,13
7586,2018,Sweden,Marcus Berg,14,24,38,10,3,18,,False,14,84,0.46153846153846156,14,1.0,0.7967032967032966,77,13,15,0.4423076923076923,13,1.0,0.782051282051282,21,0.041666666666666755,0.17857142857142858,0.0,0.018390804597701087,0.2727272727272727,15
7586,2018,Sweden,Mikael Lustig,18,21,39,8,7,6,,False,14,84,0.46153846153846156,14,1.0,0.7967032967032966,77,13,15,0.4423076923076923,13,1.0,0.7948717948717948,13,0.041666666666666755,0.17857142857142858,0.0,0.002298850574712636,0.16883116883116883,15
7586,2018,Sweden,Ludwig Augustinsson,13,13,26,6,6,8,,False,14,84,0.46153846153846156,14,1.0,0.7967032967032966,77,13,10,0.47435897435897434,13,1.0,0.8076923076923077,14,-0.02777777777777768,0.11904761904761904,0.0,-0.013793103448275954,0.18181818181818182,10
7586,2018,Sweden,Gustav Svensson,15,11,26,10,5,2,,False,14,84,0.46153846153846156,14,1.0,0.7967032967032966,77,13,14,0.44871794871794873,13,1.0,0.782051282051282,7,0.027777777777777797,0.16666666666666666,0.0,0.018390804597701087,0.09090909090909091,14
7586,2018,Sweden,Robin Olsen,12,9,21,8,12,0,,False,14,84,0.46153846153846156,14,1.0,0.7967032967032966,77,13,11,0.46794871794871795,13,1.0,0.7948717948717948,12,-0.01388888888888884,0.13095238095238096,0.0,0.002298850574712636,0.15584415584415584,11
7586,2018,Sweden,Viktor Claesson,23,15,38,11,6,7,,False,14,84,0.46153846153846156,14,1.0,0.7967032967032966,77,13,17,0.42948717948717946,13,1.0,0.7756410256410257,13,0.06944444444444456,0.20238095238095238,0.0,0.02643678160919531,0.16883116883116883,17
7586,2018,Sweden,Albin Ekdal,25,21,46,13,12,4,,False,14,84,0.46153846153846156,14,1.0,0.7967032967032966,77,13,21,0.40384615384615385,13,1.0,0.7564102564102563,16,0.12500000000000003,0.25,0.0,0.050574712643678264,0.2077922077922078,21
7586,2018,Sweden,Emil Krafth,3,2,5,3,1,0,,False,14,84,0.46153846153846156,14,1.0,0.7967032967032966,77,13,4,0.5128205128205128,13,1.0,0.8269230769230769,1,-0.11111111111111095,0.047619047619047616,0.0,-0.03793103448275863,0.012987012987012988,4
7586,2018,Sweden,Martin Olsson,3,3,6,4,0,3,,False,14,84,0.46153846153846156,14,1.0,0.7967032967032966,77,13,5,0.5064102564102564,13,1.0,0.8205128205128205,3,-0.09722222222222211,0.05952380952380952,0.0,-0.029885057471264402,0.03896103896103896,5
7586,2018,Sweden,Isaac Kiese Thelin,2,3,5,4,1,2,,False,14,84,0.46153846153846156,14,1.0,0.7967032967032966,77,13,4,0.5128205128205128,13,1.0,0.8205128205128205,3,-0.11111111111111095,0.047619047619047616,0.0,-0.029885057471264402,0.03896103896103896,4
7586,2018,Switzerland,Blerim Džemaili,17,17,34,9,3,8,,False,13,102,0.6538461538461539,13,1.0,0.8974358974358975,145,12,16,0.6515151515151515,12,1.0,0.9015151515151515,11,0.0035650623885918496,0.1568627450980392,0.0,-0.0045454545454544845,0.07586206896551724,16
7586,2018,Switzerland,Josip Drmic,11,17,28,9,1,14,,False,13,102,0.6538461538461539,13,1.0,0.8974358974358975,145,12,14,0.6666666666666666,12,1.0,0.9015151515151515,15,-0.019607843137254832,0.13725490196078433,0.0,-0.0045454545454544845,0.10344827586206896,14
7586,2018,Switzerland,Xherdan Shaqiri,45,55,100,12,9,29,,False,13,102,0.6538461538461539,13,1.0,0.8974358974358975,145,12,20,0.6212121212121212,12,1.0,0.8787878787878788,38,0.04991087344028521,0.19607843137254902,0.0,0.020779220779220817,0.2620689655172414,20
7586,2018,Switzerland,Granit Xhaka,83,81,164,12,35,13,,False,13,102,0.6538461538461539,13,1.0,0.8974358974358975,145,12,22,0.6060606060606061,12,1.0,0.8787878787878788,48,0.0730837789661319,0.21568627450980393,0.0,0.020779220779220817,0.3310344827586207,22
7586,2018,Switzerland,Manuel Obafemi Akanji,77,71,148,12,28,4,,False,13,102,0.6538461538461539,13,1.0,0.8974358974358975,145,12,20,0.6212121212121212,12,1.0,0.8787878787878788,32,0.04991087344028521,0.19607843137254902,0.0,0.020779220779220817,0.2206896551724138,20
7586,2018,Switzerland,Ricardo Iván Rodríguez Araya,49,50,99,11,12,29,,False,13,102,0.6538461538461539,13,1.0,0.8974358974358975,145,12,21,0.6136363636363636,12,1.0,0.8863636363636364,41,0.06149732620320855,0.20588235294117646,0.0,0.012337662337662383,0.2827586206896552,21
7586,2018,Switzerland,Valon Behrami,71,64,135,12,14,3,,False,13,102,0.6538461538461539,13,1.0,0.8974358974358975,145,12,20,0.6212121212121212,12,1.0,0.8787878787878788,17,0.04991087344028521,0.19607843137254902,0.0,0.020779220779220817,0.11724137931034483,20
7586,2018,Switzerland,Johan Danon Djourou-Gbadjere,61,58,119,9,21,6,,False,13,102,0.6538461538461539,13,1.0,0.8974358974358975,145,12,15,0.6590909090909091,12,1.0,0.9015151515151515,27,-0.008021390374331491,0.14705882352941177,0.0,-0.0045454545454544845,0.18620689655172415,15
7586,2018,Switzerland,Michael Lang,46,46,92,9,7,18,,False,13,102,0.6538461538461539,13,1.0,0.8974358974358975,145,12,16,0.6515151515151515,12,1.0,0.9015151515151515,25,0.0035650623885918496,0.1568627450980392,0.0,-0.0045454545454544845,0.1724137931034483,16
7586,2018,Switzerland,Yann Sommer,23,12,35,8,12,0,,False,13,102,0.6538461538461539,13,1.0,0.8974358974358975,145,12,12,0.6818181818181818,12,1.0,0.9090909090909091,12,-0.04278074866310151,0.11764705882352941,0.0,-0.012987012987012918,0.08275862068965517,12
7586,2018,Switzerland,Steven Zuber,19,24,43,8,2,13,,False,13,102,0.6538461538461539,13,1.0,0.8974358974358975,145,12,13,0.6742424242424242,12,1.0,0.9090909090909091,15,-0.031194295900178172,0.12745098039215685,0.0,-0.012987012987012918,0.10344827586206896,13
7586,2018,Switzerland,Breel-Donald Embolo,4,9,13,6,1,6,,False,13,102,0.6538461538461539,13,1.0,0.8974358974358975,145,12,7,0.7196969696969697,12,1.0,0.9242424242424242,7,-0.10071301247771838,0.06862745098039216,0.0,-0.029870129870129786,0.04827586206896552,7
7586,2018,Switzerland,Haris Seferović,4,6,10,7,0,2,,False,13,102,0.6538461538461539,13,1.0,0.8974358974358975,145,12,8,0.7121212121212122,12,1.0,0.9166666666666666,2,-0.08912655971479505,0.0784313725490196,0.0,-0.021428571428571352,0.013793103448275862,8
8649,2018,Uruguay,Luis Alberto Suárez Díaz,15,20,35,10,3,17,,False,14,96,0.5274725274725275,14,1.0,0.8351648351648352,82,13,15,0.5192307692307693,13,1.0,0.8269230769230769,20,0.015624999999999944,0.15625,0.0,0.009868421052631677,0.24390243902439024,15
8649,2018,Uruguay,Lucas Torreira Di Pascua,29,19,48,10,7,3,,False,14,96,0.5274725274725275,14,1.0,0.8351648351648352,82,13,17,0.5064102564102564,13,1.0,0.8269230769230769,10,0.03993055555555562,0.17708333333333334,0.0,0.009868421052631677,0.12195121951219512,17
8649,2018,Uruguay,Diego Roberto Godín Leal,24,15,39,11,13,0,,False,14,96,0.5274725274725275,14,1.0,0.8351648351648352,82,13,18,0.5,13,1.0,0.8205128205128205,13,0.052083333333333356,0.1875,0.0,0.017543859649122875,0.15853658536585366,18
8649,2018,Uruguay,Cristhian Ricardo Stuani Curbelo,3,17,20,8,0,11,,False,14,96,0.5274725274725275,14,1.0,0.8351648351648352,82,13,10,0.5512820512820513,13,1.0,0.8397435897435898,11,-0.04513888888888894,0.10416666666666667,0.0,-0.005482456140350858,0.13414634146341464,10
8649,2018,Uruguay,Nahitan Michel Nández Acosta,21,23,44,10,11,11,,False,14,96,0.5274725274725275,14,1.0,0.8351648351648352,82,13,16,0.5128205128205128,13,1.0,0.8269230769230769,22,0.027777777777777887,0.16666666666666666,0.0,0.009868421052631677,0.2682926829268293,16
8649,2018,Uruguay,Rodrigo Bentancur Colmán,15,18,33,9,7,5,,False,14,96,0.5274725274725275,14,1.0,0.8351648351648352,82,13,16,0.5128205128205128,13,1.0,0.8333333333333334,12,0.027777777777777887,0.16666666666666666,0.0,0.002192982456140343,0.14634146341463414,16
8649,2018,Uruguay,Néstor Fernando Muslera Micol,8,5,13,5,3,0,,False,14,96,0.5274725274725275,14,1.0,0.8351648351648352,82,13,7,0.5705128205128205,13,1.0,0.8589743589743589,3,-0.08159722222222214,0.07291666666666667,0.0,-0.02850877192982446,0.036585365853658534,7
8649,2018,Uruguay,José María Giménez de Vargas,19,25,44,9,10,3,,False,14,96,0.5274725274725275,14,1.0,0.8351648351648352,82,13,14,0.5256410256410257,13,1.0,0.8311965811965811,13,0.00347222222222221,0.14583333333333334,0.0,0.0047514619883042095,0.15853658536585366,14
8649,2018,Uruguay,José Martín Cáceres Silva,29,26,55,11,11,12,,False,14,96,0.5274725274725275,14,1.0,0.8351648351648352,82,13,20,0.48717948717948717,13,1.0,0.8205128205128205,23,0.07638888888888894,0.20833333333333334,0.0,0.017543859649122875,0.2804878048780488,20
8649,2018,Uruguay,Diego Sebastián Laxalt Suárez,15,12,27,10,3,4,,False,14,96,0.5274725274725275,14,1.0,0.8351648351648352,82,13,16,0.5128205128205128,13,1.0,0.8269230769230769,7,0.027777777777777887,0.16666666666666666,0.0,0.009868421052631677,0.08536585365853659,16
8649,2018,Uruguay,Matías Vecino Falero,17,15,32,12,6,4,,False,14,96,0.5274725274725275,14,1.0,0.8351648351648352,82,13,19,0.4935897435897436,13,1.0,0.8119658119658119,10,0.06423611111111109,0.19791666666666666,0.0,0.027777777777777943,0.12195121951219512,19
8649,2018,Uruguay,Cristian Gabriel Rodríguez Barrotti,10,10,20,6,5,4,,False,14,96,0.5274725274725275,14,1.0,0.8351648351648352,82,13,9,0.5576923076923077,13,1.0,0.8525641025641025,9,-0.05729166666666667,0.09375,0.0,-0.02083333333333326,0.10975609756097561,9
8649,2018,Uruguay,Maximiliano Gómez González,2,3,5,4,1,2,,False,14,96,0.5274725274725275,14,1.0,0.8351648351648352,82,13,4,0.5897435897435898,13,1.0,0.8653846153846154,3,-0.11805555555555555,0.041666666666666664,0.0,-0.03618421052631579,0.036585365853658534,4
8649,2018,Uruguay,Jonathan Matías Urretaviscaya da Luz,10,9,19,7,2,6,,False,14,96,0.5274725274725275,14,1.0,0.8351648351648352,82,13,11,0.5448717948717948,13,1.0,0.8461538461538461,8,-0.032986111111110994,0.11458333333333333,0.0,-0.013157894736842058,0.0975609756097561,11
8649,2018,France,Benjamin Pavard,72,69,141,10,17,19,,False,14,99,0.5439560439560439,14,1.0,0.8296703296703297,115,13,18,0.5192307692307693,13,1.0,0.8205128205128205,36,0.045454545454545296,0.18181818181818182,0.0,0.011037527593819079,0.3130434782608696,18
8649,2018,France,Raphaël Varane,30,21,51,12,13,2,,False,14,99,0.5439560439560439,14,1.0,0.8296703296703297,115,13,18,0.5192307692307693,13,1.0,0.8076923076923077,15,0.045454545454545296,0.18181818181818182,0.0,0.0264900662251656,0.13043478260869565,18
8649,2018,France,Kylian Mbappé Lottin,25,37,62,7,3,15,,False,14,99,0.5439560439560439,14,1.0,0.8296703296703297,115,13,12,0.5576923076923077,13,1.0,0.8397435897435898,18,-0.02525252525252537,0.12121212121212122,0.0,-0.01214128035320084,0.1565217391304348,12
8649,2018,France,Antoine Griezmann,48,55,103,10,6,17,,False,14,99,0.5439560439560439,14,1.0,0.8296703296703297,115,13,18,0.5192307692307693,13,1.0,0.8205128205128205,23,0.045454545454545296,0.18181818181818182,0.0,0.011037527593819079,0.2,18
8649,2018,France,N'Golo Kanté,46,35,81,11,13,3,,False,14,99,0.5439560439560439,14,1.0,0.8296703296703297,115,13,19,0.5128205128205128,13,1.0,0.8141025641025641,16,0.05723905723905724,0.1919191919191919,0.0,0.01876379690949234,0.1391304347826087,19
8649,2018,France,Olivier Giroud,24,33,57,10,3,24,,False,14,99,0.5439560439560439,14,1.0,0.8296703296703297,115,13,17,0.5256410256410257,13,1.0,0.8205128205128205,27,0.03367003367003355,0.1717171717171717,0.0,0.011037527593819079,0.23478260869565218,17
8649,2018,France,Samuel Yves Umtiti,19,17,36,9,7,0,,False,14,99,0.5439560439560439,14,1.0,0.8296703296703297,115,13,15,0.5384615384615384,13,1.0,0.8269230769230769,7,0.010101010101010065,0.15151515151515152,0.0,0.0033112582781458172,0.06086956521739131,15
8649,2018,France,Lucas Hernández Pi,50,43,93,10,9,12,,False,14,99,0.5439560439560439,14,1.0,0.8296703296703297,115,13,16,0.532051282051282,13,1.0,0.8205128205128205,21,0.02188552188552181,0.16161616161616163,0.0,0.011037527593819079,0.1826086956521739,16
8649,2018,France,Corentin Tolisso,42,41,83,8,5,8,,False,14,99,0.5439560439560439,14,1.0,0.8296703296703297,115,13,15,0.5384615384615384,13,1.0,0.8333333333333334,13,0.010101010101010065,0.15151515151515152,0.0,-0.004415011037527578,0.11304347826086956,15
8649,2018,France,Paul Pogba,59,69,128,13,21,12,,False,14,99,0.5439560439560439,14,1.0,0.8296703296703297,115,13,23,0.48717948717948717,12,0.9230769230769231,0.7243589743589743,33,0.10437710437710432,0.23232323232323232,0.07692307692307687,0.1269315673289184,0.28695652173913044,23
8649,2018,France,Hugo Lloris,15,11,26,6,14,0,,False,14,99,0.5439560439560439,14,1.0,0.8296703296703297,115,13,8,0.5833333333333334,13,1.0,0.8461538461538461,14,-0.07239057239057255,0.08080808080808081,0.0,-0.0198675496688741,0.12173913043478261,8
8649,2018,France,Steven N'Kemboanza Mike Christopher Nzonzi,12,10,22,8,4,0,,False,14,99,0.5439560439560439,14,1.0,0.8296703296703297,115,13,12,0.5576923076923077,13,1.0,0.8333333333333334,4,-0.02525252525252537,0.12121212121212122,0.0,-0.004415011037527578,0.034782608695652174,12
8649,2018,France,Ousmane Dembélé,2,3,5,5,0,2,,False,14,99,0.5439560439560439,14,1.0,0.8296703296703297,115,13,5,0.6025641025641025,13,1.0,0.8525641025641025,2,-0.10774410774410778,0.050505050505050504,0.0,-0.027593818984547363,0.017391304347826087,5
8649,2018,France,Nabil Fekir,1,1,2,1,0,1,,True,14,99,0.5439560439560439,14,1.0,0.8296703296703297,115,13,2,0.6217948717948718,13,1.0,0.8782051282051282,1,-0.14309764309764322,0.020202020202020204,0.0,-0.05849889624724054,0.008695652173913044,2
8650,2018,Brazil,Neymar da Silva Santos Junior,51,62,113,12,13,30,,False,14,114,0.6263736263736264,14,1.0,0.8736263736263736,133,13,21,0.5961538461538461,13,1.0,0.8589743589743589,43,0.048245614035087724,0.18421052631578946,0.0,0.016771488469601744,0.3233082706766917,21
8650,2018,Brazil,Fernando Luiz Roza,57,37,94,12,15,3,,False,14,114,0.6263736263736264,14,1.0,0.8736263736263736,133,13,20,0.6025641025641025,13,1.0,0.8589743589743589,18,0.03801169590643279,0.17543859649122806,0.0,0.016771488469601744,0.13533834586466165,20
8650,2018,Brazil,Philippe Coutinho Correia,66,77,143,12,19,17,,False,14,114,0.6263736263736264,14,1.0,0.8736263736263736,133,13,21,0.5961538461538461,13,1.0,0.8589743589743589,36,0.048245614035087724,0.18421052631578946,0.0,0.016771488469601744,0.2706766917293233,21
8650,2018,Brazil,Marcelo Vieira da Silva Júnior,66,62,128,12,22,27,,False,14,114,0.6263736263736264,14,1.0,0.8736263736263736,133,13,21,0.5961538461538461,13,1.0,0.8589743589743589,49,0.048245614035087724,0.18421052631578946,0.0,0.016771488469601744,0.3684210526315789,21
8650,2018,Brazil,João Miranda de Souza Filho,39,28,67,9,12,1,,False,14,114,0.6263736263736264,14,1.0,0.8736263736263736,133,13,15,0.6346153846153846,13,1.0,0.8782051282051282,13,-0.01315789473684206,0.13157894736842105,0.0,-0.005241090146750505,0.09774436090225563,15
8650,2018,Brazil,Thiago Emiliano da Silva,53,45,98,13,25,2,,False,14,114,0.6263736263736264,14,1.0,0.8736263736263736,133,13,23,0.5833333333333334,13,1.0,0.8525641025641025,27,0.06871345029239759,0.20175438596491227,0.0,0.024109014675052453,0.20300751879699247,23
8650,2018,Brazil,Fágner Conserva Lemos,35,28,63,11,11,6,,False,14,114,0.6263736263736264,14,1.0,0.8736263736263736,133,13,17,0.6217948717948718,13,1.0,0.8653846153846154,17,0.007309941520467811,0.14912280701754385,0.0,0.00943396226415091,0.12781954887218044,17
8650,2018,Brazil,Alisson Ramsés Becker,6,5,11,4,3,0,,False,14,114,0.6263736263736264,14,1.0,0.8736263736263736,133,13,6,0.6923076923076923,13,1.0,0.9102564102564102,3,-0.10526315789473682,0.05263157894736842,0.0,-0.04192872117400417,0.022556390977443608,6
8650,2018,Brazil,José Paulo Bezzera Maciel Júnior,29,32,61,9,2,5,,False,14,114,0.6263736263736264,14,1.0,0.8736263736263736,133,13,17,0.6217948717948718,13,1.0,0.8782051282051282,7,0.007309941520467811,0.14912280701754385,0.0,-0.005241090146750505,0.05263157894736842,17
8650,2018,Brazil,Willian Borges da Silva,15,18,33,8,2,8,,False,14,114,0.6263736263736264,14,1.0,0.8736263736263736,133,13,13,0.6474358974358975,13,1.0,0.8846153846153846,10,-0.03362573099415211,0.11403508771929824,0.0,-0.012578616352201213,0.07518796992481203,13
8650,2018,Brazil,Gabriel Fernando de Jesus,7,11,18,7,1,6,,False,14,114,0.6263736263736264,14,1.0,0.8736263736263736,133,13,11,0.6602564102564102,13,1.0,0.8910256410256411,7,-0.05409356725146197,0.09649122807017543,0.0,-0.019916142557652047,0.05263157894736842,11
8650,2018,Brazil,Roberto Firmino Barbosa de Oliveira,13,23,36,11,2,13,,False,14,114,0.6263736263736264,14,1.0,0.8736263736263736,133,13,18,0.6153846153846154,13,1.0,0.8653846153846154,15,0.017543859649122744,0.15789473684210525,0.0,0.00943396226415091,0.11278195488721804,18
8650,2018,Brazil,Douglas Costa de Souza,15,21,36,8,4,12,,False,14,114,0.6263736263736264,14,1.0,0.8736263736263736,133,13,14,0.6410256410256411,13,1.0,0.8846153846153846,16,-0.023391812865497172,0.12280701754385964,0.0,-0.012578616352201213,0.12030075187969924,14
8650,2018,Brazil,Renato Soares de Oliveira Augusto,7,10,17,8,2,3,,False,14,114,0.6263736263736264,14,1.0,0.8736263736263736,133,13,11,0.6602564102564102,13,1.0,0.8846153846153846,5,-0.05409356725146197,0.09649122807017543,0.0,-0.012578616352201213,0.03759398496240601,11
8650,2018,Belgium,Jan Vertonghen,40,35,75,10,10,2,,False,13,93,0.5961538461538461,13,1.0,0.8418803418803419,99,12,19,0.5606060606060606,12,1.0,0.8282828282828282,12,0.05962854349951132,0.20430107526881722,0.0,0.016151361329026438,0.12121212121212122,19
8650,2018,Belgium,Vincent Kompany,41,38,79,11,15,0,,False,13,93,0.5961538461538461,13,1.0,0.8418803418803419,99,12,18,0.5681818181818182,12,1.0,0.8207070707070706,15,0.046920821114369404,0.1935483870967742,0.0,0.0251499769266268,0.15151515151515152,18
8650,2018,Belgium,Toby Alderweireld,25,23,48,8,10,1,,False,13,93,0.5961538461538461,13,1.0,0.8418803418803419,99,12,14,0.5984848484848485,12,1.0,0.8434343434343433,11,-0.003910068426197512,0.15053763440860216,0.0,-0.0018458698661742842,0.1111111111111111,14
8650,2018,Belgium,Romelu Lukaku Menama,9,19,28,10,2,17,,False,13,93,0.5961538461538461,13,1.0,0.8418803418803419,99,12,13,0.6060606060606061,12,1.0,0.8282828282828282,19,-0.016617790811339243,0.13978494623655913,0.0,0.016151361329026438,0.1919191919191919,13
8650,2018,Belgium,Thomas Meunier,22,19,41,8,10,11,,False,13,93,0.5961538461538461,13,1.0,0.8418803418803419,99,12,15,0.5909090909090909,12,1.0,0.8434343434343433,21,0.008797653958944216,0.16129032258064516,0.0,-0.0018458698661742842,0.21212121212121213,15
8650,2018,Belgium,Marouane Fellaini-Bakkioui,28,28,56,10,9,13,,False,13,93,0.5961538461538461,13,1.0,0.8418803418803419,99,12,17,0.5757575757575758,12,1.0,0.8282828282828282,22,0.034213098729227676,0.1827956989247312,0.0,0.016151361329026438,0.2222222222222222,17
8650,2018,Belgium,Axel Witsel,33,32,65,10,3,6,,False,13,93,0.5961538461538461,13,1.0,0.8418803418803419,99,12,19,0.5606060606060606,11,0.9166666666666666,0.75,9,0.05962854349951132,0.20430107526881722,0.08333333333333337,0.10913705583756346,0.09090909090909091,19
8650,2018,Belgium,Thibaut Courtois,17,15,32,10,12,0,,False,13,93,0.5961538461538461,13,1.0,0.8418803418803419,99,12,16,0.5833333333333334,12,1.0,0.8308080808080808,12,0.021505376344085947,0.17204301075268819,0.0,0.013151822796492896,0.12121212121212122,16
8650,2018,Belgium,Eden Hazard,29,44,73,9,8,25,,False,13,93,0.5961538461538461,13,1.0,0.8418803418803419,99,12,16,0.5833333333333334,12,1.0,0.8358585858585857,33,0.021505376344085947,0.17204301075268819,0.0,0.007152745731426077,0.3333333333333333,16
8650,2018,Belgium,Kevin De Bruyne,33,27,60,10,13,13,,False,13,93,0.5961538461538461,13,1.0,0.8418803418803419,99,12,18,0.5681818181818182,12,1.0,0.8282828282828282,26,0.046920821114369404,0.1935483870967742,0.0,0.016151361329026438,0.26262626262626265,18
8650,2018,Belgium,Nacer Chadli,27,24,51,8,5,11,,False,13,93,0.5961538461538461,13,1.0,0.8418803418803419,99,12,14,0.5984848484848485,12,1.0,0.8434343434343433,16,-0.003910068426197512,0.15053763440860216,0.0,-0.0018458698661742842,0.16161616161616163,14
8650,2018,Belgium,Thomas Vermaelen,5,5,10,3,2,0,,False,13,93,0.5961538461538461,13,1.0,0.8418803418803419,99,12,5,0.6666666666666666,12,1.0,0.8838383838383838,2,-0.11827956989247307,0.053763440860215055,0.0,-0.04983848638670963,0.020202020202020204,5
8650,2018,Belgium,Youri Tielemans,1,1,2,1,0,0,,True,13,93,0.5961538461538461,13,1.0,0.8418803418803419,99,12,2,0.6893939393939394,12,1.0,0.9015151515151515,0,-0.15640273704789845,0.021505376344086023,0.0,-0.0708352561144439,0.0,2
8651,2018,Sweden,Viktor Claesson,30,27,57,11,8,14,,False,14,100,0.5494505494505495,14,1.0,0.8461538461538461,112,13,18,0.5256410256410257,13,1.0,0.8333333333333334,22,0.043333333333333376,0.18,0.0,0.015151515151515098,0.19642857142857142,18
8651,2018,Sweden,Emil Krafth,34,36,70,9,11,14,,False,14,100,0.5494505494505495,14,1.0,0.8461538461538461,112,13,16,0.5384615384615384,13,1.0,0.8461538461538461,25,0.02000000000000013,0.16,0.0,0.0,0.22321428571428573,16
8651,2018,Sweden,Andreas Granqvist,29,24,53,10,10,2,,False,14,100,0.5494505494505495,14,1.0,0.8461538461538461,112,13,18,0.5256410256410257,13,1.0,0.8397435897435898,12,0.043333333333333376,0.18,0.0,0.007575757575757549,0.10714285714285714,18
8651,2018,Sweden,Ludwig Augustinsson,36,36,72,11,17,9,,False,14,100,0.5494505494505495,14,1.0,0.8461538461538461,112,13,19,0.5192307692307693,13,1.0,0.8333333333333334,26,0.055,0.19,0.0,0.015151515151515098,0.23214285714285715,19
8651,2018,Sweden,Albin Ekdal,25,22,47,10,4,8,,False,14,100,0.5494505494505495,14,1.0,0.8461538461538461,112,13,16,0.5384615384615384,13,1.0,0.8397435897435898,12,0.02000000000000013,0.16,0.0,0.007575757575757549,0.10714285714285714,16
8651,2018,Sweden,Sebastian Larsson,31,29,60,13,14,11,,False,14,100,0.5494505494505495,14,1.0,0.8461538461538461,112,13,21,0.5064102564102564,13,1.0,0.8205128205128205,25,0.07833333333333345,0.21,0.0,0.030303030303030328,0.22321428571428573,21
8651,2018,Sweden,Marcus Berg,11,17,28,9,1,11,,False,14,100,0.5494505494505495,14,1.0,0.8461538461538461,112,13,14,0.5512820512820513,13,1.0,0.8461538461538461,12,-0.0033333333333333214,0.14,0.0,0.0,0.10714285714285714,14
8651,2018,Sweden,Robin Olsen,20,13,33,10,19,0,,False,14,100,0.5494505494505495,14,1.0,0.8461538461538461,112,13,15,0.5448717948717948,13,1.0,0.8397435897435898,19,0.008333333333333505,0.15,0.0,0.007575757575757549,0.16964285714285715,15
8651,2018,Sweden,Ola Toivonen,11,20,31,8,1,18,,False,14,100,0.5494505494505495,14,1.0,0.8461538461538461,112,13,13,0.5576923076923077,13,1.0,0.8525641025641025,19,-0.014999999999999946,0.13,0.0,-0.007575757575757549,0.16964285714285715,13
8651,2018,Sweden,Victor Nilsson Lindelöf,39,30,69,9,22,4,,False,14,100,0.5494505494505495,14,1.0,0.8461538461538461,112,13,16,0.5384615384615384,13,1.0,0.8461538461538461,26,0.02000000000000013,0.16,0.0,0.0,0.23214285714285715,16
8651,2018,Sweden,Emil Peter Forsberg,13,18,31,9,3,8,,False,14,100,0.5494505494505495,14,1.0,0.8461538461538461,112,13,14,0.5512820512820513,13,1.0,0.8461538461538461,11,-0.0033333333333333214,0.14,0.0,0.0,0.09821428571428571,14
8651,2018,Sweden,John Guidetti,3,7,10,5,0,5,,False,14,100,0.5494505494505495,14,1.0,0.8461538461538461,112,13,5,0.6089743589743589,13,1.0,0.8717948717948718,5,-0.10833333333333314,0.05,0.0,-0.030303030303030328,0.044642857142857144,5
8651,2018,Sweden,Martin Olsson,6,8,14,6,1,4,,False,14,100,0.5494505494505495,14,1.0,0.8461538461538461,112,13,9,0.5833333333333334,13,1.0,0.8653846153846154,5,-0.06166666666666665,0.09,0.0,-0.022727272727272776,0.044642857142857144,9
8651,2018,Sweden,Pontus Jansson,3,4,7,6,1,4,,False,14,100,0.5494505494505495,14,1.0,0.8461538461538461,112,13,6,0.6025641025641025,13,1.0,0.8653846153846154,5,-0.09666666666666651,0.06,0.0,-0.022727272727272776,0.044642857142857144,6
8651,2018,England,Kieran Trippier,50,48,98,9,7,24,,False,14,107,0.5879120879120879,14,1.0,0.8315018315018315,113,13,16,0.5833333333333334,13,1.0,0.8290598290598291,31,0.007788161993769443,0.14953271028037382,0.0,0.0029368575624082126,0.2743362831858407,16
8651,2018,England,Kyle Walker,60,53,113,11,19,1,,False,14,107,0.5879120879120879,14,1.0,0.8315018315018315,113,13,21,0.5512820512820513,13,1.0,0.8162393162393161,20,0.06230529595015573,0.19626168224299065,0.0,0.018355359765051597,0.17699115044247787,21
8651,2018,England,Harry Maguire,41,32,73,10,16,2,,False,14,107,0.5879120879120879,14,1.0,0.8315018315018315,113,13,17,0.5769230769230769,13,1.0,0.8226495726495725,18,0.018691588785046852,0.1588785046728972,0.0,0.010646108663730038,0.1592920353982301,17
8651,2018,England,John Stones,50,45,95,11,12,1,,False,14,107,0.5879120879120879,14,1.0,0.8315018315018315,113,13,19,0.5641025641025641,13,1.0,0.8162393162393161,13,0.04049844236760129,0.17757009345794392,0.0,0.018355359765051597,0.11504424778761062,19
8651,2018,England,Harry Kane,16,26,42,11,5,15,,False,14,107,0.5879120879120879,14,1.0,0.8315018315018315,113,13,17,0.5769230769230769,13,1.0,0.8162393162393161,20,0.018691588785046852,0.1588785046728972,0.0,0.018355359765051597,0.17699115044247787,17
8651,2018,England,Jesse Lingard,45,47,92,11,5,10,,False,14,107,0.5879120879120879,14,1.0,0.8315018315018315,113,13,22,0.5448717948717948,12,0.9230769230769231,0.7435897435897436,15,0.07320872274143314,0.205607476635514,0.07692307692307687,0.10572687224669605,0.13274336283185842,22
8651,2018,England,Ashley Young,49,43,92,11,9,21,,False,14,107,0.5879120879120879,14,1.0,0.8315018315018315,113,13,21,0.5512820512820513,13,1.0,0.8162393162393161,30,0.06230529595015573,0.19626168224299065,0.0,0.018355359765051597,0.26548672566371684,21
8651,2018,England,Bamidele Alli,22,29,51,9,6,10,,False,14,107,0.5879120879120879,14,1.0,0.8315018315018315,113,13,16,0.5833333333333334,13,1.0,0.8290598290598291,16,0.007788161993769443,0.14953271028037382,0.0,0.0029368575624082126,0.1415929203539823,16
8651,2018,England,Jordan Brian Henderson,44,42,86,11,18,11,,False,14,107,0.5879120879120879,14,1.0,0.8315018315018315,113,13,22,0.5448717948717948,13,1.0,0.8162393162393161,29,0.07320872274143314,0.205607476635514,0.0,0.018355359765051597,0.25663716814159293,22
8651,2018,England,Jordan Pickford,20,18,38,7,14,0,,False,14,107,0.5879120879120879,14,1.0,0.8315018315018315,113,13,11,0.6153846153846154,13,1.0,0.8440170940170939,14,-0.04672897196261684,0.102803738317757,0.0,-0.015051395007341956,0.12389380530973451,11
8651,2018,England,Raheem Sterling,20,33,53,10,1,17,,False,14,107,0.5879120879120879,14,1.0,0.8315018315018315,113,13,17,0.5769230769230769,13,1.0,0.8226495726495725,18,0.018691588785046852,0.1588785046728972,0.0,0.010646108663730038,0.1592920353982301,17
8651,2018,England,Fabian Delph,6,6,12,6,0,1,,False,14,107,0.5879120879120879,14,1.0,0.8315018315018315,113,13,8,0.6346153846153846,13,1.0,0.8504273504273504,1,-0.0794392523364485,0.07476635514018691,0.0,-0.022760646108663646,0.008849557522123894,8
8651,2018,England,Eric Dier,2,3,5,4,1,0,,False,14,107,0.5879120879120879,14,1.0,0.8315018315018315,113,13,5,0.6538461538461539,13,1.0,0.8611111111111112,1,-0.11214953271028034,0.04672897196261682,0.0,-0.03560939794419971,0.008849557522123894,5
8651,2018,England,Marcus Rashford,1,1,2,1,0,0,,True,14,107,0.5879120879120879,14,1.0,0.8315018315018315,113,13,2,0.6730769230769231,13,1.0,0.8846153846153846,0,-0.1448598130841122,0.018691588785046728,0.0,-0.06387665198237875,0.0,2
8652,2018,Croatia,Mario Mandžukić,24,35,59,13,1,17,,False,15,144,0.6857142857142857,15,1.0,0.8904761904761904,182,14,22,0.6703296703296703,14,1.0,0.8791208791208791,18,0.02243589743589752,0.1527777777777778,0.0,0.012751953928424473,0.0989010989010989,22
8652,2018,Croatia,Ivan Rakitić,76,63,139,14,24,13,,False,15,144,0.6857142857142857,15,1.0,0.8904761904761904,182,14,26,0.6483516483516484,14,1.0,0.8736263736263736,37,0.05448717948717945,0.18055555555555555,0.0,0.0189222542163718,0.2032967032967033,26
8652,2018,Croatia,Luka Modrić,90,88,178,14,35,23,,False,15,144,0.6857142857142857,15,1.0,0.8904761904761904,182,14,25,0.6538461538461539,14,1.0,0.8736263736263736,58,0.04647435897435897,0.1736111111111111,0.0,0.0189222542163718,0.31868131868131866,25
8652,2018,Croatia,Domagoj Vida,63,60,123,12,23,3,,False,15,144,0.6857142857142857,15,1.0,0.8904761904761904,182,14,19,0.6868131868131868,14,1.0,0.8846153846153846,26,-0.0016025641025640969,0.13194444444444445,0.0,0.006581653640477147,0.14285714285714285,19
8652,2018,Croatia,Ivan Strinić,44,36,80,10,10,20,,False,15,144,0.6857142857142857,15,1.0,0.8904761904761904,182,14,18,0.6923076923076923,14,1.0,0.8956043956043956,30,-0.009615384615384581,0.125,0.0,-0.005758946935417628,0.16483516483516483,18
8652,2018,Croatia,Danijel Subašić,23,24,47,12,16,0,,False,15,144,0.6857142857142857,15,1.0,0.8904761904761904,182,14,18,0.6923076923076923,14,1.0,0.8846153846153846,16,-0.009615384615384581,0.125,0.0,0.006581653640477147,0.08791208791208792,18
8652,2018,Croatia,Dejan Lovren,77,68,145,12,28,5,,False,15,144,0.6857142857142857,15,1.0,0.8904761904761904,182,14,23,0.6648351648351648,14,1.0,0.8846153846153846,33,0.030448717948718004,0.1597222222222222,0.0,0.006581653640477147,0.1813186813186813,23
8652,2018,Croatia,Šime Vrsaljko,58,57,115,12,13,27,,False,15,144,0.6857142857142857,15,1.0,0.8904761904761904,182,14,23,0.6648351648351648,14,1.0,0.8846153846153846,40,0.030448717948718004,0.1597222222222222,0.0,0.006581653640477147,0.21978021978021978,23
8652,2018,Croatia,Ivan Perišić,15,22,37,9,1,14,,False,15,144,0.6857142857142857,15,1.0,0.8904761904761904,182,14,14,0.7142857142857143,14,1.0,0.9010989010989011,15,-0.04166666666666668,0.09722222222222222,0.0,-0.011929247223364954,0.08241758241758242,14
8652,2018,Croatia,Andrej Kramarić,25,34,59,10,3,14,,False,15,144,0.6857142857142857,15,1.0,0.8904761904761904,182,14,17,0.6978021978021978,14,1.0,0.8956043956043956,17,-0.017628205128205066,0.11805555555555555,0.0,-0.005758946935417628,0.09340659340659341,17
8652,2018,Croatia,Ante Rebić,9,29,38,10,1,16,,False,15,144,0.6857142857142857,15,1.0,0.8904761904761904,182,14,17,0.6978021978021978,14,1.0,0.8956043956043956,17,-0.017628205128205066,0.11805555555555555,0.0,-0.005758946935417628,0.09340659340659341,17
8652,2018,Croatia,Marcelo Brozović,50,43,93,12,13,9,,False,15,144,0.6857142857142857,15,1.0,0.8904761904761904,182,14,24,0.6593406593406593,14,1.0,0.8846153846153846,22,0.038461538461538484,0.16666666666666666,0.0,0.006581653640477147,0.12087912087912088,24
8652,2018,Croatia,Josip Pivarić,34,29,63,10,9,14,,False,15,144,0.6857142857142857,15,1.0,0.8904761904761904,182,14,18,0.6923076923076923,14,1.0,0.8956043956043956,23,-0.009615384615384581,0.125,0.0,-0.005758946935417628,0.12637362637362637,18
8652,2018,Croatia,Mateo Kovačić,8,12,20,7,3,7,,False,15,144,0.6857142857142857,15,1.0,0.8904761904761904,182,14,13,0.7197802197802198,14,1.0,0.9120879120879121,10,-0.04967948717948716,0.09027777777777778,0.0,-0.024269847799259604,0.054945054945054944,13
8652,2018,Croatia,Vedran Ćorluka,11,7,18,7,2,0,,False,15,144,0.6857142857142857,15,1.0,0.8904761904761904,182,14,11,0.7307692307692307,14,1.0,0.9120879120879121,2,-0.06570512820512814,0.0763888888888889,0.0,-0.024269847799259604,0.01098901098901099,11
8652,2018,Russia,Daler Kuzyaev,25,23,48,12,9,5,,False,15,119,0.5666666666666667,15,1.0,0.8714285714285714,94,14,21,0.5384615384615384,14,1.0,0.8626373626373627,14,0.049773755656108615,0.17647058823529413,0.0,0.010088272383354314,0.14893617021276595,21
8652,2018,Russia,Aleksandr Golovin,16,20,36,11,3,11,,False,15,119,0.5666666666666667,15,1.0,0.8714285714285714,94,14,18,0.554945054945055,14,1.0,0.8681318681318682,14,0.020685197155785318,0.15126050420168066,0.0,0.003783102143757868,0.14893617021276595,18
8652,2018,Russia,Aleksandr Samedov,5,13,18,8,0,5,,False,15,119,0.5666666666666667,15,1.0,0.8714285714285714,94,14,12,0.5879120879120879,14,1.0,0.8846153846153846,5,-0.03749191984486108,0.10084033613445378,0.0,-0.015132408575031472,0.05319148936170213,12
8652,2018,Russia,Mário Figueira Fernandes,38,31,69,12,11,14,,False,15,119,0.5666666666666667,15,1.0,0.8714285714285714,94,14,20,0.5439560439560439,14,1.0,0.8626373626373627,25,0.04007756948933425,0.16806722689075632,0.0,0.010088272383354314,0.26595744680851063,20
8652,2018,Russia,Artem Dzyuba,12,18,30,9,4,15,,False,15,119,0.5666666666666667,15,1.0,0.8714285714285714,94,14,11,0.5934065934065934,14,1.0,0.8791208791208791,19,-0.04718810601163545,0.09243697478991597,0.0,-0.008827238335435025,0.20212765957446807,11
8652,2018,Russia,Roman Zobnin,27,23,50,14,4,6,,False,15,119,0.5666666666666667,15,1.0,0.8714285714285714,94,14,25,0.5164835164835165,14,1.0,0.8516483516483516,10,0.08855850032320609,0.21008403361344538,0.0,0.022698612862547336,0.10638297872340426,25
8652,2018,Russia,Denis Cheryshev,8,14,22,7,3,6,,False,15,119,0.5666666666666667,15,1.0,0.8714285714285714,94,14,11,0.5934065934065934,14,1.0,0.8901098901098901,9,-0.04718810601163545,0.09243697478991597,0.0,-0.02143757881462792,0.09574468085106383,11
8652,2018,Russia,Fedor Kudryashov,29,19,48,12,14,10,,False,15,119,0.5666666666666667,15,1.0,0.8714285714285714,94,14,20,0.5439560439560439,14,1.0,0.8626373626373627,24,0.04007756948933425,0.16806722689075632,0.0,0.010088272383354314,0.2553191489361702,20
8652,2018,Russia,Sergei Ignashevich,33,23,56,12,19,0,,False,15,119,0.5666666666666667,15,1.0,0.8714285714285714,94,14,17,0.5604395604395604,14,1.0,0.8626373626373627,19,0.01098901098901095,0.14285714285714285,0.0,0.010088272383354314,0.20212765957446807,17
8652,2018,Russia,Ilya Kutepov,28,24,52,12,11,3,,False,15,119,0.5666666666666667,15,1.0,0.8714285714285714,94,14,18,0.554945054945055,14,1.0,0.8626373626373627,14,0.020685197155785318,0.15126050420168066,0.0,0.010088272383354314,0.14893617021276595,18
8652,2018,Russia,Igor Akinfeev,10,12,22,11,9,0,,False,15,119,0.5666666666666667,15,1.0,0.8714285714285714,94,14,15,0.5714285714285714,14,1.0,0.8681318681318682,9,-0.008403361344537785,0.12605042016806722,0.0,0.003783102143757868,0.09574468085106383,15
8652,2018,Russia,Aleksandr Erokhin,6,13,19,9,1,5,,False,15,119,0.5666666666666667,15,1.0,0.8714285714285714,94,14,12,0.5879120879120879,14,1.0,0.8791208791208791,6,-0.03749191984486108,0.10084033613445378,0.0,-0.008827238335435025,0.06382978723404255,12
8652,2018,Russia,Fyodor Smolov,10,13,23,10,1,6,,False,15,119,0.5666666666666667,15,1.0,0.8714285714285714,94,14,15,0.5714285714285714,14,1.0,0.8736263736263736,7,-0.008403361344537785,0.12605042016806722,0.0,-0.0025220680958385785,0.07446808510638298,15
8652,2018,Russia,Yury Gazinskiy,13,12,25,9,3,4,,False,15,119,0.5666666666666667,15,1.0,0.8714285714285714,94,14,13,0.5824175824175825,14,1.0,0.8791208791208791,7,-0.02779573367808672,0.1092436974789916,0.0,-0.008827238335435025,0.07446808510638298,13
8652,2018,Russia,Alan Dzagoev,6,8,14,8,2,4,,False,15,119,0.5666666666666667,15,1.0,0.8714285714285714,94,14,10,0.5989010989010989,14,1.0,0.8846153846153846,6,-0.05688429217840982,0.08403361344537816,0.0,-0.015132408575031472,0.06382978723404255,10
8655,2018,France,Antoine Griezmann,33,31,64,9,7,12,,False,13,85,0.5448717948717948,13,1.0,0.8226495726495725,91,12,18,0.5075757575757576,12,1.0,0.813131313131313,19,0.0684491978609625,0.21176470588235294,0.0,0.011570247933884234,0.2087912087912088,18
8655,2018,France,Raphaël Varane,35,29,64,9,17,1,,False,13,85,0.5448717948717948,13,1.0,0.8226495726495725,91,12,16,0.5227272727272727,12,1.0,0.813131313131313,18,0.040641711229946476,0.18823529411764706,0.0,0.011570247933884234,0.1978021978021978,16
8655,2018,France,Benjamin Pavard,45,37,82,9,16,14,,False,13,85,0.5448717948717948,13,1.0,0.8226495726495725,91,12,15,0.5303030303030303,12,1.0,0.813131313131313,30,0.026737967914438467,0.17647058823529413,0.0,0.011570247933884234,0.32967032967032966,15
8655,2018,France,Kylian Mbappé Lottin,23,38,61,9,5,22,,False,13,85,0.5448717948717948,13,1.0,0.8226495726495725,91,12,16,0.5227272727272727,12,1.0,0.813131313131313,27,0.040641711229946476,0.18823529411764706,0.0,0.011570247933884234,0.2967032967032967,16
8655,2018,France,Blaise Matuidi,21,23,44,8,3,10,,False,13,85,0.5448717948717948,13,1.0,0.8226495726495725,91,12,15,0.5303030303030303,12,1.0,0.8207070707070706,13,0.026737967914438467,0.17647058823529413,0.0,0.002361275088547759,0.14285714285714285,15
8655,2018,France,Samuel Yves Umtiti,28,23,51,9,11,0,,False,13,85,0.5448717948717948,13,1.0,0.8226495726495725,91,12,14,0.5378787878787878,12,1.0,0.813131313131313,11,0.012834224598930456,0.16470588235294117,0.0,0.011570247933884234,0.12087912087912088,14
8655,2018,France,Lucas Hernández Pi,25,24,49,9,8,8,,False,13,85,0.5448717948717948,13,1.0,0.8226495726495725,91,12,15,0.5303030303030303,12,1.0,0.813131313131313,16,0.026737967914438467,0.17647058823529413,0.0,0.011570247933884234,0.17582417582417584,15
8655,2018,France,Paul Pogba,29,31,60,10,9,7,,False,13,85,0.5448717948717948,13,1.0,0.8226495726495725,91,12,17,0.5151515151515151,12,1.0,0.8055555555555554,16,0.05454545454545449,0.2,0.0,0.020779220779220845,0.17582417582417584,17
8655,2018,France,N'Golo Kanté,41,32,73,11,7,3,,False,13,85,0.5448717948717948,13,1.0,0.8226495726495725,91,12,19,0.5,11,0.9166666666666666,0.7171717171717171,10,0.0823529411764705,0.2235294117647059,0.08333333333333337,0.1282172373081463,0.10989010989010989,19
8655,2018,France,Hugo Lloris,7,6,13,4,5,0,,False,13,85,0.5448717948717948,13,1.0,0.8226495726495725,91,12,5,0.6060606060606061,12,1.0,0.8560606060606061,5,-0.11229946524064184,0.058823529411764705,0.0,-0.04061393152302264,0.054945054945054944,5
8655,2018,France,Olivier Giroud,11,24,35,10,2,13,,False,13,85,0.5448717948717948,13,1.0,0.8226495726495725,91,12,14,0.5378787878787878,12,1.0,0.8055555555555554,15,0.012834224598930456,0.16470588235294117,0.0,0.020779220779220845,0.16483516483516483,14
8655,2018,France,Steven N'Kemboanza Mike Christopher Nzonzi,1,0,1,1,0,0,,True,13,85,0.5448717948717948,13,1.0,0.8226495726495725,91,12,1,0.6363636363636364,12,1.0,0.8762626262626262,0,-0.16791443850267387,0.011764705882352941,0.0,-0.06517119244391982,0.0,1
8655,2018,France,Corentin Tolisso,2,3,5,4,1,1,,False,13,85,0.5448717948717948,13,1.0,0.8226495726495725,91,12,5,0.6060606060606061,12,1.0,0.8535353535353535,2,-0.11229946524064184,0.058823529411764705,0.0,-0.03754427390791039,0.02197802197802198,5
8655,2018,Belgium,Axel Witsel,57,47,104,11,12,11,,False,13,103,0.6602564102564102,13,1.0,0.8846153846153846,151,12,21,0.6212121212121212,12,1.0,0.8712121212121212,23,0.05913503971756397,0.20388349514563106,0.0,0.01515151515151511,0.152317880794702,21
8655,2018,Belgium,Jan Vertonghen,49,42,91,11,11,2,,False,13,103,0.6602564102564102,13,1.0,0.8846153846153846,151,12,18,0.6439393939393939,12,1.0,0.8712121212121212,13,0.024713150926743165,0.17475728155339806,0.0,0.01515151515151511,0.08609271523178808,18
8655,2018,Belgium,Eden Hazard,47,59,106,11,18,18,,False,13,103,0.6602564102564102,13,1.0,0.8846153846153846,151,12,22,0.6136363636363636,12,1.0,0.8712121212121212,36,0.07060900264783757,0.21359223300970873,0.0,0.01515151515151511,0.23841059602649006,22
8655,2018,Belgium,Kevin De Bruyne,41,52,93,11,13,15,,False,13,103,0.6602564102564102,13,1.0,0.8846153846153846,151,12,19,0.6363636363636364,12,1.0,0.8712121212121212,28,0.03618711385701676,0.18446601941747573,0.0,0.01515151515151511,0.18543046357615894,19
8655,2018,Belgium,Nacer Chadli,65,68,133,10,4,49,,False,13,103,0.6602564102564102,13,1.0,0.8846153846153846,151,12,15,0.6666666666666666,12,1.0,0.8787878787878788,53,-0.009708737864077636,0.14563106796116504,0.0,0.006587615283267422,0.3509933774834437,15
8655,2018,Belgium,Toby Alderweireld,105,99,204,10,39,9,,False,13,103,0.6602564102564102,13,1.0,0.8846153846153846,151,12,19,0.6363636363636364,12,1.0,0.8787878787878788,48,0.03618711385701676,0.18446601941747573,0.0,0.006587615283267422,0.31788079470198677,19
8655,2018,Belgium,Mousa Sidi Yaya Dembélé,25,25,50,9,7,7,,False,13,103,0.6602564102564102,13,1.0,0.8846153846153846,151,12,15,0.6666666666666666,12,1.0,0.8863636363636364,14,-0.009708737864077636,0.14563106796116504,0.0,-0.0019762845849802643,0.09271523178807947,15
8655,2018,Belgium,Marouane Fellaini-Bakkioui,26,25,51,9,2,10,,False,13,103,0.6602564102564102,13,1.0,0.8846153846153846,151,12,16,0.6590909090909091,12,1.0,0.8863636363636364,12,0.0017652250661959643,0.1553398058252427,0.0,-0.0019762845849802643,0.07947019867549669,16
8655,2018,Belgium,Vincent Kompany,91,87,178,12,37,2,,False,13,103,0.6602564102564102,13,1.0,0.8846153846153846,151,12,21,0.6212121212121212,12,1.0,0.8636363636363636,39,0.05913503971756397,0.20388349514563106,0.0,0.023715415019762796,0.2582781456953642,21
8655,2018,Belgium,Thibaut Courtois,11,7,18,5,6,0,,False,13,103,0.6602564102564102,13,1.0,0.8846153846153846,151,12,8,0.7196969696969697,12,1.0,0.9166666666666666,6,-0.09002647837599301,0.07766990291262135,0.0,-0.036231884057971016,0.039735099337748346,8
8655,2018,Belgium,Romelu Lukaku Menama,16,17,33,9,1,15,,False,13,103,0.6602564102564102,13,1.0,0.8846153846153846,151,12,13,0.6818181818181818,12,1.0,0.8863636363636364,16,-0.032656663724624835,0.1262135922330097,0.0,-0.0019762845849802643,0.10596026490066225,13
8655,2018,Belgium,Dries Mertens,13,18,31,8,1,10,,False,13,103,0.6602564102564102,13,1.0,0.8846153846153846,151,12,13,0.6818181818181818,12,1.0,0.8939393939393939,11,-0.032656663724624835,0.1262135922330097,0.0,-0.010540184453227951,0.0728476821192053,13
8655,2018,Belgium,Yannick Ferreira Carrasco,3,3,6,4,0,3,,False,13,103,0.6602564102564102,13,1.0,0.8846153846153846,151,12,6,0.7348484848484849,12,1.0,0.9242424242424242,3,-0.1129744042365402,0.05825242718446602,0.0,-0.0447957839262187,0.019867549668874173,6
8656,2018,England,Bamidele Alli,35,37,72,13,9,16,,False,15,122,0.580952380952381,15,1.0,0.8349206349206353,126,14,24,0.5384615384615384,14,1.0,0.8150183150183152,25,0.07313997477931916,0.19672131147540983,0.0,0.023837379350687506,0.1984126984126984,24
8656,2018,England,John Stones,46,43,89,12,15,5,,False,15,122,0.580952380952381,15,1.0,0.8349206349206353,126,14,22,0.5494505494505495,14,1.0,0.8205128205128207,20,0.05422446406052963,0.18032786885245902,0.0,0.017256507750804527,0.15873015873015872,22
8656,2018,England,Kyle Walker,55,46,101,12,23,5,,False,15,122,0.580952380952381,15,1.0,0.8349206349206353,126,14,20,0.5604395604395604,14,1.0,0.8205128205128207,28,0.03530895334174029,0.16393442622950818,0.0,0.017256507750804527,0.2222222222222222,20
8656,2018,England,Jesse Lingard,34,41,75,13,5,14,,False,15,122,0.580952380952381,15,1.0,0.8349206349206353,126,14,24,0.5384615384615384,14,1.0,0.8150183150183152,19,0.07313997477931916,0.19672131147540983,0.0,0.023837379350687506,0.15079365079365079,24
8656,2018,England,Kieran Trippier,39,32,71,10,9,18,,False,15,122,0.580952380952381,15,1.0,0.8349206349206353,126,14,17,0.5769230769230769,14,1.0,0.8315018315018317,27,0.006935687263556282,0.13934426229508196,0.0,0.004094764551038565,0.21428571428571427,17
8656,2018,England,Jordan Pickford,27,26,53,10,22,0,,False,15,122,0.580952380952381,15,1.0,0.8349206349206353,126,14,17,0.5769230769230769,14,1.0,0.8315018315018317,22,0.006935687263556282,0.13934426229508196,0.0,0.004094764551038565,0.1746031746031746,17
8656,2018,England,Harry Maguire,46,41,87,12,18,4,,False,15,122,0.580952380952381,15,1.0,0.8349206349206353,126,14,22,0.5494505494505495,14,1.0,0.8205128205128207,22,0.05422446406052963,0.18032786885245902,0.0,0.017256507750804527,0.1746031746031746,22
8656,2018,England,Ashley Young,21,15,36,8,3,7,,False,15,122,0.580952380952381,15,1.0,0.8349206349206353,126,14,14,0.5934065934065934,14,1.0,0.8443223443223445,10,-0.021437578814627916,0.11475409836065574,0.0,-0.011260602515355189,0.07936507936507936,14
8656,2018,England,Raheem Sterling,8,14,22,5,1,7,,False,15,122,0.580952380952381,15,1.0,0.8349206349206353,126,14,8,0.6263736263736264,14,1.0,0.8608058608058611,8,-0.07818411097099612,0.06557377049180328,0.0,-0.031003217315004262,0.06349206349206349,8
8656,2018,England,Jordan Brian Henderson,36,36,72,11,11,8,,False,15,122,0.580952380952381,15,1.0,0.8349206349206353,126,14,20,0.5604395604395604,14,1.0,0.8278388278388281,19,0.03530895334174029,0.16393442622950818,0.0,0.008482012284293752,0.15079365079365079,20
8656,2018,England,Harry Kane,17,29,46,12,3,20,,False,15,122,0.580952380952381,15,1.0,0.8349206349206353,126,14,17,0.5769230769230769,14,1.0,0.8223443223443226,23,0.006935687263556282,0.13934426229508196,0.0,0.015062883884176733,0.18253968253968253,17
8656,2018,England,Marcus Rashford,9,18,27,10,0,10,,False,15,122,0.580952380952381,15,1.0,0.8349206349206353,126,14,14,0.5934065934065934,14,1.0,0.8315018315018317,10,-0.021437578814627916,0.11475409836065574,0.0,0.004094764551038565,0.07936507936507936,14
8656,2018,England,Danny Rose,11,7,18,6,1,6,,False,15,122,0.580952380952381,15,1.0,0.8349206349206353,126,14,9,0.6208791208791209,14,1.0,0.8553113553113554,7,-0.06872635561160145,0.07377049180327869,0.0,-0.024422345715121016,0.05555555555555555,9
8656,2018,England,Eric Dier,19,17,36,9,6,5,,False,15,122,0.580952380952381,15,1.0,0.8349206349206353,126,14,15,0.5879120879120879,13,0.9285714285714286,0.7747252747252747,11,-0.011979823455233247,0.12295081967213115,0.0714285714285714,0.07209710441649643,0.0873015873015873,15
8656,2018,England,Jamie Vardy,0,1,1,1,0,1,,True,15,122,0.580952380952381,15,1.0,0.8349206349206353,126,14,1,0.6648351648351648,14,1.0,0.8901098901098901,1,-0.144388398486759,0.00819672131147541,0.0,-0.06610119918104657,0.007936507936507936,1
8656,2018,Croatia,Ivan Rakitić,63,66,129,11,26,26,,False,14,107,0.5879120879120879,14,1.0,0.8296703296703297,184,13,22,0.5448717948717948,13,1.0,0.8141025641025641,52,0.07320872274143314,0.205607476635514,0.0,0.01876379690949234,0.2826086956521739,22
8656,2018,Croatia,Marcelo Brozović,73,70,143,13,33,11,,False,14,107,0.5879120879120879,14,1.0,0.8296703296703297,184,13,25,0.5256410256410257,13,1.0,0.7991452991452991,44,0.1059190031152648,0.2336448598130841,0.0,0.03679175864606342,0.2391304347826087,25
8656,2018,Croatia,Dejan Lovren,47,33,80,9,21,3,,False,14,107,0.5879120879120879,14,1.0,0.8296703296703297,184,13,16,0.5833333333333334,13,1.0,0.8269230769230769,24,0.007788161993769443,0.14953271028037382,0.0,0.0033112582781458172,0.13043478260869565,16
8656,2018,Croatia,Domagoj Vida,38,25,63,9,19,2,,False,14,107,0.5879120879120879,14,1.0,0.8296703296703297,184,13,15,0.5897435897435898,13,1.0,0.8269230769230769,21,-0.003115264797507777,0.14018691588785046,0.0,0.0033112582781458172,0.11413043478260869,15
8656,2018,Croatia,Ivan Strinić,48,50,98,9,9,22,,False,14,107,0.5879120879120879,14,1.0,0.8296703296703297,184,13,16,0.5833333333333334,13,1.0,0.8269230769230769,31,0.007788161993769443,0.14953271028037382,0.0,0.0033112582781458172,0.16847826086956522,16
8656,2018,Croatia,Mario Mandžukić,15,24,39,9,5,21,,False,14,107,0.5879120879120879,14,1.0,0.8296703296703297,184,13,16,0.5833333333333334,13,1.0,0.8269230769230769,26,0.007788161993769443,0.14953271028037382,0.0,0.0033112582781458172,0.14130434782608695,16
8656,2018,Croatia,Ivan Perišić,26,38,64,10,8,23,,False,14,107,0.5879120879120879,14,1.0,0.8296703296703297,184,13,18,0.5705128205128205,13,1.0,0.8205128205128205,31,0.02959501557632407,0.16822429906542055,0.0,0.011037527593819079,0.16847826086956522,18
8656,2018,Croatia,Šime Vrsaljko,54,63,117,10,15,33,,False,14,107,0.5879120879120879,14,1.0,0.8296703296703297,184,13,16,0.5833333333333334,13,1.0,0.8205128205128205,48,0.007788161993769443,0.14953271028037382,0.0,0.011037527593819079,0.2608695652173913,16
8656,2018,Croatia,Luka Modrić,64,61,125,11,21,17,,False,14,107,0.5879120879120879,14,1.0,0.8296703296703297,184,13,21,0.5512820512820513,13,1.0,0.8141025641025641,38,0.06230529595015573,0.19626168224299065,0.0,0.01876379690949234,0.20652173913043478,21
8656,2018,Croatia,Ante Rebić,10,25,35,6,0,13,,False,14,107,0.5879120879120879,14,1.0,0.8296703296703297,184,13,11,0.6153846153846154,13,1.0,0.8461538461538461,13,-0.04672897196261684,0.102803738317757,0.0,-0.0198675496688741,0.07065217391304347,11
8656,2018,Croatia,Danijel Subašić,29,11,40,7,23,0,,False,14,107,0.5879120879120879,14,1.0,0.8296703296703297,184,13,12,0.6089743589743589,13,1.0,0.8397435897435898,23,-0.035825545171339436,0.11214953271028037,0.0,-0.01214128035320084,0.125,12
8656,2018,Croatia,Josip Pivarić,11,11,22,5,1,6,,False,14,107,0.5879120879120879,14,1.0,0.8296703296703297,184,13,9,0.6282051282051282,13,1.0,0.8525641025641025,7,-0.06853582554517128,0.08411214953271028,0.0,-0.027593818984547363,0.03804347826086957,9
8656,2018,Croatia,Andrej Kramarić,13,13,26,8,2,6,,False,14,107,0.5879120879120879,14,1.0,0.8296703296703297,184,13,14,0.5961538461538461,13,1.0,0.8333333333333334,8,-0.014018691588784996,0.1308411214953271,0.0,-0.004415011037527578,0.043478260869565216,14
8656,2018,Croatia,Vedran Ćorluka,1,2,3,3,1,1,,False,14,107,0.5879120879120879,14,1.0,0.8296703296703297,184,13,3,0.6666666666666666,13,1.0,0.8653846153846154,2,-0.1339563862928348,0.028037383177570093,0.0,-0.04304635761589402,0.010869565217391304,3
8657,2018,Belgium,Romelu Lukaku Menama,8,15,23,9,2,14,,False,14,113,0.6208791208791209,14,1.0,0.8736263736263736,124,13,14,0.6346153846153846,13,1.0,0.8782051282051282,16,-0.022123893805309654,0.12389380530973451,0.0,-0.005241090146750505,0.12903225806451613,14
8657,2018,Belgium,Axel Witsel,50,46,96,13,14,9,,False,14,113,0.6208791208791209,14,1.0,0.8736263736263736,124,13,21,0.5897435897435898,13,1.0,0.8525641025641025,23,0.05014749262536873,0.18584070796460178,0.0,0.024109014675052453,0.18548387096774194,21
8657,2018,Belgium,Jan Vertonghen,42,34,76,12,11,7,,False,14,113,0.6208791208791209,14,1.0,0.8736263736263736,124,13,21,0.5897435897435898,13,1.0,0.8589743589743589,18,0.05014749262536873,0.18584070796460178,0.0,0.016771488469601744,0.14516129032258066,21
8657,2018,Belgium,Vincent Kompany,34,32,66,12,15,2,,False,14,113,0.6208791208791209,14,1.0,0.8736263736263736,124,13,20,0.5961538461538461,13,1.0,0.8589743589743589,17,0.039823008849557556,0.17699115044247787,0.0,0.016771488469601744,0.13709677419354838,20
8657,2018,Belgium,Toby Alderweireld,55,52,107,9,18,7,,False,14,113,0.6208791208791209,14,1.0,0.8736263736263736,124,13,16,0.6217948717948718,13,1.0,0.8782051282051282,25,-0.0014749262536873104,0.1415929203539823,0.0,-0.005241090146750505,0.20161290322580644,16
8657,2018,Belgium,Thomas Meunier,29,28,57,9,4,16,,False,14,113,0.6208791208791209,14,1.0,0.8736263736263736,124,13,14,0.6346153846153846,13,1.0,0.8782051282051282,20,-0.022123893805309654,0.12389380530973451,0.0,-0.005241090146750505,0.16129032258064516,14
8657,2018,Belgium,Youri Tielemans,41,42,83,10,8,6,,False,14,113,0.6208791208791209,14,1.0,0.8736263736263736,124,13,18,0.6089743589743589,13,1.0,0.8717948717948718,14,0.019174041297935214,0.1592920353982301,0.0,0.0020964360587002024,0.11290322580645161,18
8657,2018,Belgium,Thibaut Courtois,22,15,37,9,14,0,,False,14,113,0.6208791208791209,14,1.0,0.8736263736263736,124,13,13,0.6410256410256411,13,1.0,0.8782051282051282,14,-0.032448377581121006,0.11504424778761062,0.0,-0.005241090146750505,0.11290322580645161,13
8657,2018,Belgium,Eden Hazard,43,60,103,12,8,25,,False,14,113,0.6208791208791209,14,1.0,0.8736263736263736,124,13,21,0.5897435897435898,13,1.0,0.8589743589743589,33,0.05014749262536873,0.18584070796460178,0.0,0.016771488469601744,0.2661290322580645,21
8657,2018,Belgium,Nacer Chadli,11,10,21,8,3,7,,False,14,113,0.6208791208791209,14,1.0,0.8736263736263736,124,13,12,0.6474358974358975,13,1.0,0.8846153846153846,10,-0.04277286135693218,0.10619469026548672,0.0,-0.012578616352201213,0.08064516129032258,12
8657,2018,Belgium,Kevin De Bruyne,54,60,114,12,15,23,,False,14,113,0.6208791208791209,14,1.0,0.8736263736263736,124,13,23,0.5769230769230769,13,1.0,0.8589743589743589,38,0.07079646017699126,0.20353982300884957,0.0,0.016771488469601744,0.3064516129032258,23
8657,2018,Belgium,Thomas Vermaelen,15,13,28,8,10,2,,False,14,113,0.6208791208791209,14,1.0,0.8736263736263736,124,13,12,0.6474358974358975,13,1.0,0.8846153846153846,12,-0.04277286135693218,0.10619469026548672,0.0,-0.012578616352201213,0.0967741935483871,12
8657,2018,Belgium,Dries Mertens,13,13,26,7,1,6,,False,14,113,0.6208791208791209,14,1.0,0.8736263736263736,124,13,12,0.6474358974358975,13,1.0,0.8910256410256411,7,-0.04277286135693218,0.10619469026548672,0.0,-0.019916142557652047,0.056451612903225805,12
8657,2018,Belgium,Mousa Sidi Yaya Dembélé,10,7,17,6,1,0,,False,14,113,0.6208791208791209,14,1.0,0.8736263736263736,124,13,9,0.6666666666666666,13,1.0,0.8974358974358975,1,-0.0737463126843657,0.07964601769911504,0.0,-0.027253668763102756,0.008064516129032258,9
8657,2018,England,Ruben Loftus-Cheek,42,53,95,11,5,23,,False,14,128,0.7032967032967034,14,1.0,0.8901098901098901,133,13,20,0.6923076923076923,13,1.0,0.8846153846153846,28,0.0156250000000001,0.15625,0.0,0.006172839506172818,0.21052631578947367,20
8657,2018,England,Raheem Sterling,23,33,56,9,3,13,,False,14,128,0.7032967032967034,14,1.0,0.8901098901098901,133,13,16,0.717948717948718,13,1.0,0.8974358974358975,16,-0.02083333333333326,0.125,0.0,-0.008230452674897215,0.12030075187969924,16
8657,2018,England,Danny Rose,24,19,43,9,2,5,,False,14,128,0.7032967032967034,14,1.0,0.8901098901098901,133,13,13,0.7371794871794872,13,1.0,0.8974358974358975,7,-0.048177083333333315,0.1015625,0.0,-0.008230452674897215,0.05263157894736842,13
8657,2018,England,Fabian Delph,74,71,145,13,10,15,,False,14,128,0.7032967032967034,14,1.0,0.8901098901098901,133,13,24,0.6666666666666666,13,1.0,0.8717948717948718,25,0.05208333333333346,0.1875,0.0,0.020576131687242726,0.18796992481203006,24
8657,2018,England,Eric Dier,79,81,160,13,24,10,,False,14,128,0.7032967032967034,14,1.0,0.8901098901098901,133,13,24,0.6666666666666666,13,1.0,0.8717948717948718,34,0.05208333333333346,0.1875,0.0,0.020576131687242726,0.2556390977443609,24
8657,2018,England,Phil Jones,64,57,121,11,10,5,,False,14,128,0.7032967032967034,14,1.0,0.8901098901098901,133,13,20,0.6923076923076923,13,1.0,0.8846153846153846,15,0.0156250000000001,0.15625,0.0,0.006172839506172818,0.11278195488721804,20
8657,2018,England,John Stones,84,71,155,11,29,6,,False,14,128,0.7032967032967034,14,1.0,0.8901098901098901,133,13,22,0.6794871794871795,13,1.0,0.8846153846153846,35,0.0338541666666667,0.171875,0.0,0.006172839506172818,0.2631578947368421,22
8657,2018,England,Harry Maguire,58,57,115,13,15,7,,False,14,128,0.7032967032967034,14,1.0,0.8901098901098901,133,13,22,0.6794871794871795,13,1.0,0.8717948717948718,22,0.0338541666666667,0.171875,0.0,0.020576131687242726,0.16541353383458646,22
8657,2018,England,Kieran Trippier,80,75,155,11,18,25,,False,14,128,0.7032967032967034,14,1.0,0.8901098901098901,133,13,21,0.6858974358974359,13,1.0,0.8846153846153846,43,0.0247395833333334,0.1640625,0.0,0.006172839506172818,0.3233082706766917,21
8657,2018,England,Jordan Pickford,13,13,26,7,6,0,,False,14,128,0.7032967032967034,14,1.0,0.8901098901098901,133,13,11,0.75,13,1.0,0.9102564102564102,6,-0.06640624999999992,0.0859375,0.0,-0.022633744855967124,0.045112781954887216,11
8657,2018,England,Harry Kane,18,21,39,10,3,6,,False,14,128,0.7032967032967034,14,1.0,0.8901098901098901,133,13,19,0.6987179487179487,13,1.0,0.8910256410256411,9,0.0065104166666668005,0.1484375,0.0,-0.001028806584362261,0.06766917293233082,19
8657,2018,England,Jesse Lingard,34,35,69,10,4,5,,False,14,128,0.7032967032967034,14,1.0,0.8901098901098901,133,13,19,0.6987179487179487,13,1.0,0.8910256410256411,9,0.0065104166666668005,0.1484375,0.0,-0.001028806584362261,0.06766917293233082,19
8657,2018,England,Marcus Rashford,21,27,48,9,2,11,,False,14,128,0.7032967032967034,14,1.0,0.8901098901098901,133,13,17,0.7115384615384616,13,1.0,0.8974358974358975,13,-0.011718749999999957,0.1328125,0.0,-0.008230452674897215,0.09774436090225563,17
8657,2018,England,Bamidele Alli,5,6,11,5,2,2,,False,14,128,0.7032967032967034,14,1.0,0.8901098901098901,133,13,8,0.7692307692307693,13,1.0,0.9230769230769231,4,-0.09374999999999997,0.0625,0.0,-0.03703703703703716,0.03007518796992481,8
8658,2018,Croatia,Mario Mandžukić,21,24,45,10,4,17,,False,13,98,0.6282051282051282,13,1.0,0.8717948717948718,140,12,16,0.6212121212121212,12,1.0,0.8636363636363636,21,0.01113172541743968,0.16326530612244897,0.0,0.009358288770053477,0.15,16
8658,2018,Croatia,Marcelo Brozović,87,72,159,10,25,12,,False,13,98,0.6282051282051282,13,1.0,0.8717948717948718,140,12,19,0.5984848484848485,12,1.0,0.8636363636363636,37,0.04730983302411868,0.19387755102040816,0.0,0.009358288770053477,0.2642857142857143,19
8658,2018,Croatia,Luka Modrić,66,57,123,11,25,12,,False,13,98,0.6282051282051282,13,1.0,0.8717948717948718,140,12,18,0.6060606060606061,12,1.0,0.8560606060606061,37,0.03525046382189235,0.1836734693877551,0.0,0.01804812834224598,0.2642857142857143,18
8658,2018,Croatia,Šime Vrsaljko,58,53,111,11,10,19,,False,13,98,0.6282051282051282,13,1.0,0.8717948717948718,140,12,19,0.5984848484848485,12,1.0,0.8560606060606061,29,0.04730983302411868,0.19387755102040816,0.0,0.01804812834224598,0.20714285714285716,19
8658,2018,Croatia,Danijel Subašić,8,7,15,5,8,0,,False,13,98,0.6282051282051282,13,1.0,0.8717948717948718,140,12,7,0.6893939393939394,12,1.0,0.9015151515151515,8,-0.0974025974025975,0.07142857142857142,0.0,-0.034090909090909054,0.05714285714285714,7
8658,2018,Croatia,Ivan Perišić,18,36,54,10,4,24,,False,13,98,0.6282051282051282,13,1.0,0.8717948717948718,140,12,17,0.6136363636363636,12,1.0,0.8636363636363636,28,0.023191094619666015,0.17346938775510204,0.0,0.009358288770053477,0.2,17
8658,2018,Croatia,Ivan Rakitić,53,59,112,11,20,19,,False,13,98,0.6282051282051282,13,1.0,0.8717948717948718,140,12,21,0.5833333333333334,12,1.0,0.8560606060606061,39,0.07142857142857136,0.21428571428571427,0.0,0.01804812834224598,0.2785714285714286,21
8658,2018,Croatia,Ivan Strinić,20,23,43,8,5,10,,False,13,98,0.6282051282051282,13,1.0,0.8717948717948718,140,12,13,0.6439393939393939,12,1.0,0.8787878787878788,15,-0.025046382189239325,0.1326530612244898,0.0,-0.008021390374331534,0.10714285714285714,13
8658,2018,Croatia,Domagoj Vida,42,35,77,12,15,5,,False,13,98,0.6282051282051282,13,1.0,0.8717948717948718,140,12,21,0.5833333333333334,12,1.0,0.8484848484848485,20,0.07142857142857136,0.21428571428571427,0.0,0.026737967914438488,0.14285714285714285,21
8658,2018,Croatia,Dejan Lovren,55,50,105,8,17,5,,False,13,98,0.6282051282051282,13,1.0,0.8717948717948718,140,12,15,0.6287878787878788,12,1.0,0.8787878787878788,22,-0.0009276437847866547,0.15306122448979592,0.0,-0.008021390374331534,0.15714285714285714,15
8658,2018,Croatia,Ante Rebić,8,19,27,8,4,10,,False,13,98,0.6282051282051282,13,1.0,0.8717948717948718,140,12,13,0.6439393939393939,12,1.0,0.8787878787878788,14,-0.025046382189239325,0.1326530612244898,0.0,-0.008021390374331534,0.1,13
8658,2018,Croatia,Andrej Kramarić,10,9,19,8,3,4,,False,13,98,0.6282051282051282,13,1.0,0.8717948717948718,140,12,11,0.6590909090909091,12,1.0,0.8787878787878788,7,-0.04916512059369199,0.11224489795918367,0.0,-0.008021390374331534,0.05,11
8658,2018,Croatia,Marko Pjaca,2,4,6,4,0,3,,False,13,98,0.6282051282051282,13,1.0,0.8717948717948718,140,12,6,0.696969696969697,12,1.0,0.9090909090909091,3,-0.10946196660482384,0.061224489795918366,0.0,-0.04278074866310155,0.02142857142857143,6
8658,2018,France,Benjamin Pavard,17,14,31,8,5,3,,False,14,96,0.5274725274725275,14,1.0,0.8241758241758241,68,13,13,0.532051282051282,13,1.0,0.8269230769230769,8,-0.008680555555555525,0.13541666666666666,0.0,-0.003333333333333322,0.11764705882352941,13
8658,2018,France,N''Golo Kanté,7,11,18,7,0,3,,False,14,96,0.5274725274725275,14,1.0,0.8241758241758241,68,13,10,0.5512820512820513,13,1.0,0.8333333333333334,3,-0.04513888888888894,0.10416666666666667,0.0,-0.011111111111111207,0.04411764705882353,10
8658,2018,France,Antoine Griezmann,18,27,45,12,2,14,,False,14,96,0.5274725274725275,14,1.0,0.8241758241758241,68,13,20,0.48717948717948717,13,1.0,0.7991452991452991,16,0.07638888888888894,0.20833333333333334,0.0,0.030370370370370398,0.23529411764705882,20
8658,2018,France,Kylian Mbappé Lottin,8,16,24,6,1,11,,False,14,96,0.5274725274725275,14,1.0,0.8241758241758241,68,13,10,0.5512820512820513,13,1.0,0.8397435897435898,12,-0.04513888888888894,0.10416666666666667,0.0,-0.01888888888888896,0.17647058823529413,10
8658,2018,France,Raphaël Varane,18,14,32,10,7,1,,False,14,96,0.5274725274725275,14,1.0,0.8241758241758241,68,13,17,0.5064102564102564,13,1.0,0.8141025641025641,8,0.03993055555555562,0.17708333333333334,0.0,0.01222222222222218,0.11764705882352941,17
8658,2018,France,Hugo Lloris,16,5,21,9,16,0,,False,14,96,0.5274725274725275,14,1.0,0.8241758241758241,68,13,12,0.5384615384615384,13,1.0,0.8205128205128205,16,-0.02083333333333326,0.125,0.0,0.004444444444444429,0.23529411764705882,12
8658,2018,France,Samuel Yves Umtiti,17,15,32,9,8,1,,False,14,96,0.5274725274725275,14,1.0,0.8241758241758241,68,13,16,0.5128205128205128,13,1.0,0.8205128205128205,9,0.027777777777777887,0.16666666666666666,0.0,0.004444444444444429,0.1323529411764706,16
8658,2018,France,Blaise Matuidi,18,15,33,7,3,4,,False,14,96,0.5274725274725275,14,1.0,0.8241758241758241,68,13,14,0.5256410256410257,13,1.0,0.8333333333333334,7,0.00347222222222221,0.14583333333333334,0.0,-0.011111111111111207,0.10294117647058823,14
8658,2018,France,Olivier Giroud,14,21,35,11,0,16,,False,14,96,0.5274725274725275,14,1.0,0.8241758241758241,68,13,17,0.5064102564102564,13,1.0,0.8076923076923077,16,0.03993055555555562,0.17708333333333334,0.0,0.01999999999999993,0.23529411764705882,17
8658,2018,France,Paul Pogba,29,27,56,12,11,7,,False,14,96,0.5274725274725275,14,1.0,0.8241758241758241,68,13,20,0.48717948717948717,13,1.0,0.8012820512820513,18,0.07638888888888894,0.20833333333333334,0.0,0.02777777777777768,0.2647058823529412,20
8658,2018,France,Lucas Hernández Pi,22,14,36,10,10,3,,False,14,96,0.5274725274725275,14,1.0,0.8241758241758241,68,13,17,0.5064102564102564,13,1.0,0.8119658119658119,13,0.03993055555555562,0.17708333333333334,0.0,0.014814814814814897,0.19117647058823528,17
8658,2018,France,Steven N''Kemboanza Mike Christopher Nzonzi,14,15,29,10,4,1,,False,14,96,0.5274725274725275,14,1.0,0.8241758241758241,68,13,17,0.5064102564102564,13,1.0,0.8141025641025641,5,0.03993055555555562,0.17708333333333334,0.0,0.01222222222222218,0.07352941176470588,17
8658,2018,France,Corentin Tolisso,3,3,6,3,1,1,,False,14,96,0.5274725274725275,14,1.0,0.8241758241758241,68,13,4,0.5897435897435898,13,1.0,0.8589743589743589,2,-0.11805555555555555,0.041666666666666664,0.0,-0.04222222222222221,0.029411764705882353,4
8658,2018,France,Nabil Fekir,1,5,6,4,0,3,,False,14,96,0.5274725274725275,14,1.0,0.8241758241758241,68,13,5,0.5833333333333334,13,1.0,0.8525641025641025,3,-0.10590277777777782,0.052083333333333336,0.0,-0.03444444444444446,0.04411764705882353,5
